x	y
-0.188135516192993	0.357979437337402
-0.187465719413699	0.360838590867638
-0.206512434647412	0.377124364013187
-0.101976593198378	0.191646427232308
-0.194306706672445	0.411351120099798
0.37398731404915	0.86900316142964
0.25870078207596	0.43977792820163
-0.664924205469124	2.27680335138709
-0.294664678421254	0.615431571956484
0.0943443170084881	0.17505033555998
0.07052734621309	0.0912111688947305
-0.153963546296866	0.21827095103892
-0.141837810524785	0.299448588454585
-0.365047586261246	0.786830240773433
-0.0619875642050546	0.110493834329237
-0.443492486718924	0.910596824627793
0.55124041337022	1.36583218869405
-0.0961364078511069	0.217967960103695
0.497517222199534	1.89262430694968
-0.0404295292196286	0.0755423856454561
0.0411187745447059	0.0744008337762138
-0.193259804339726	0.472601969951334
0.337329288116502	1.32043882227391
0.0206402026351876	0.0380622952997974
-0.120493935624566	0.261867734255431
-0.0309892323628857	0.0589526338068527
-0.270045013503317	0.657149584843329
-0.0784198652446928	0.173862037931074
0.271120463357505	0.663591952849659
-0.20031823305388	0.516189938627426
-0.00984652803179309	0.0167193350356776
0.259004408641576	0.552446616540414
-0.238600636654078	0.602177238585143
0.0809656413123836	0.169040909498043
0.202850306204001	0.459508401292567
-0.067321797868414	0.104573031756585
0.0445167883192601	0.0737007650338465
0.0147508566839302	0.022805511920368
0.192531678859879	0.467902867168893
-0.414389891196993	1.28559182590331
0.0906795181148498	0.206186397877084
-0.0219873942727976	0.0359899391945949
-0.212561687161551	0.469432059947433
-0.0138917572942346	0.0304078930328875
-0.0364543151782252	0.0571512642776393
-0.0999059993999738	0.148868379088195
-0.0888599554429145	0.15188574946951
0.327840600017421	1.00159855444222
0.0317132387139107	0.0593411585185627
0.223312623689916	0.592361541801906
-0.00739709724032816	0.0120704230852136
-0.0968829779050723	0.17096166056809
-0.158061052694432	0.552846496597919
-0.0446131970765128	0.122258969820583
-0.119323507778125	0.134192440583755
-0.348074048253446	0.517504486089622
0.186629049306226	0.229439861390479
-0.354360144693567	0.414183017326746
0.197508886003338	0.407264843950459
-0.175476157200389	0.395008199699762
0.0594382760696091	0.100640304087278
-0.0289635333610606	0.0473767721505368
-0.0850086341451735	0.132159848040042
0.000354025822163298	0.00039973502643852
-0.092263930120663	0.229899232421326
-0.15091412194077	0.321231061575875
-0.273805935988497	1.17769644522796
-0.0671346626567323	0.187353257675588
-0.0891316162055018	0.113534219493539
-1.05708608360829	2.53568149696378
-0.380835055907717	0.643274016931471
0.0716670343812345	0.0683589834842103
-0.0679341143437128	0.109839101318223
-0.482839840517334	1.42153014662399
0.0232214224913262	0.0346298971418792
-0.0041931864503902	0.00680637869140174
-0.214155365998868	0.390987065072502
-0.560910579606752	1.25181125544004
-0.0671911187857984	0.216173467304345
-0.0429076705971383	0.125261195190704
-0.207456779365529	0.83720143620514
-0.261209759568288	1.09274461038538
-0.0738984611991622	0.166909424689085
-0.212516303617539	0.756247783209388
-0.296816192746442	1.12951646221185
-0.120694350306642	0.270090525803381
0.0324944673045469	0.0430226589610408
-0.272824478653552	0.529759904186699
-0.46453878199514	0.99864495496714
-0.0897062010286774	0.100883256818329
0.0135427709978695	0.0213831351391186
-0.0675666257316052	0.129392092265968
-0.281531986824339	0.698348826882695
-0.119300680723555	0.25870068612242
0.394701506609236	1.03941960060605
-0.348314240528067	0.810314836553767
-0.141374752063837	0.444685271280932
-0.0954948789890315	0.234991804979709
-0.0471968888701137	0.094052926078678
0.0925790064175478	0.256077052737654
0.0391376381875084	0.0942429502660927
0.20421535043327	0.534256392068012
-0.0549235706573861	0.0693817279090273
0.136632592157943	0.171734922151872
-0.0926162712320227	0.121962452419283
-0.25282149047775	0.397991869507866
-0.523403516747507	1.18756669330683
-0.114666377132965	0.135388121250688
-0.355471048851599	0.915421638233634
-0.061809503215281	0.116136693410281
-0.133717771648306	0.239667790737316
0.0808817027842261	0.1561174463434
-0.0724857602824509	0.114798488000213
-0.135747047855443	0.236918826020734
-0.108134849414253	0.311398119942115
-0.219792161515861	0.620192122668069
-0.0232574074403	0.0375170333541322
-0.256707194558238	0.896823631618455
-0.044804319457113	0.107419377781072
-0.0853485316175311	0.16919758283149
0.0236100273235571	0.0257235528921458
-0.128874722062029	0.13166192791728
0.138150998098852	0.173913598532225
0.0173053278447066	0.0195395912253372
0.118393922119918	0.150662883406355
0.084259293648977	0.0960519624070385
0.293653282215415	0.563097354864414
-0.0809436764634756	0.142391288373544
-0.0779639255849616	0.13302367305789
0.0820438466157748	0.16307234519402
0.0458565447703266	0.0604009660231737
-0.0755145633599502	0.12018678266714
-0.129008220880982	0.193830343717154
-0.179215041735081	0.747096814957701
-0.362299113246428	1.94770474590031
-0.200864472158086	0.569400588318458
-0.153728277884964	0.553110641963209
0.070809510788927	0.201126254724335
0.168797813619939	0.40554130111967
0.183691161383803	0.225224836645302
0.43022022337191	0.712520986939883
-0.00314256082829754	0.00366738938515875
-0.105500541100021	0.133698643761736
0.130554115783194	0.184880470457893
0.00106907981057271	0.0011091410743542
-0.068154689008963	0.111122449046654
0.110707371202699	0.217183002014154
-0.118907471587126	0.224601632384061
0.0867394713255349	0.180644047791328
-0.0361911222397979	0.0581317003993412
-0.330205000619936	0.647406436098119
-0.0467042901031686	0.0646696089434624
-0.125136244970063	0.295636896759019
-0.136308297968626	0.49480130380818
-0.116560561391562	0.391301110343949
0.0517380538053751	0.111122968259443
-0.0286059837675084	0.0395924334122105
-0.2161295353168	0.296933563748939
-0.488871562700413	0.981227082578835
0.131258068272547	0.208883898024446
-0.0620409850859118	0.0936794015473626
-0.0185959591327626	0.0217243029978284
-0.380274275791442	1.15903420044206
0.273013493775957	0.898544572707979
-0.212502758708602	0.473100401469765
0.136468403083717	0.361987395701802
0.0335081680988901	0.0594420193308219
0.08155818835663	0.139133490232205
-0.552962313935921	1.66496627139749
0.0633017419181317	0.107851135183181
0.00351798753580484	0.00589952950955993
-0.0223428364635703	0.0723146858492557
-0.137490721233779	0.598311088156548
-0.0352086898989172	0.0885264866131543
0.0665954203842474	0.205308607074441
-0.150411464931575	0.562552063493687
0.249439785605538	0.995926719798002
-0.225532307898707	0.540284244157839
0.0703651724389387	0.10806341840551
0.147719210522522	0.288141645211245
0.35167623758836	0.976543017694609
-0.290697382453402	0.74857048752498
-0.0221278693889677	0.0329302030333815
0.0352898902161885	0.0698438938179349
0.337014764337548	1.40682717539004
0.0140639753022086	0.0280623390001096
-0.0402286743128457	0.0968580995400755
0.312548990880154	1.16357734916814
-0.111350577582502	0.242970116100413
-0.124491602150956	0.290598278422495
-0.227443970005309	0.632713035617694
-0.190719922572594	0.529663131791316
-0.0641834155225605	0.163376424505899
-0.173425410686824	0.547099334464167
-0.148493546476216	0.457435947050777
-0.181439604895564	0.752054335376148
-0.111616196374971	0.446241124949885
-0.0891399741461512	0.313133288732498
-0.00202320353424946	0.0056822536279863
-0.0270374838693075	0.0777323991924211
-0.126356104862909	0.43799620709887
0.16807835037464	0.598615354843901
-0.162032148677955	0.604066505825545
-0.0708331748975279	0.182070593463715
-0.172815317308508	0.390265772426613
-0.377732380434996	1.53601354698403
0.0134917047780246	0.0296927182091773
-0.195880966120007	0.621728138926074
-0.00523551444045313	0.0107880704206704
-0.221266946726475	0.719873205138419
-0.418859778959243	2.41671629057956
-0.0249737530151782	0.0650699468581479
0.0119579175318067	0.0278406638938349
0.020411855100265	0.048504765977555
0.094100953201351	0.244168943109624
-0.0355837904413516	0.0920177433376094
0.012745292329591	0.0303203175074401
-0.0497176279077657	0.142759826439419
-0.135145918299629	0.4526359792084
-0.253622935284426	1.02812619101079
-0.225802351730824	0.824642623039959
-0.284205664363276	1.09467927476558
-0.0903777120083078	0.251228131848071
-0.0172376500734338	0.0441436565967876
-0.237124564545781	1.178633884261
-0.305689247094309	1.22029833564564
0.044407375475635	0.102971265517091
0.0032915871485504	0.00823293565757661
-0.0265642241421827	0.0756555493538174
0.067261776743276	0.174426112731246
-0.0282479524714838	0.0708978020888834
-0.0831279629691735	0.251594732576466
-0.0327600070610912	0.0880298906480739
0.109053226201175	0.349934597963137
0.0126534422189216	0.0286212429009233
-0.0623341091603838	0.177621209254057
0.12174858270672	0.487207470005817
0.0394184929400045	0.109577087026636
-0.0604672178772892	0.17581598268696
-0.250632066983491	0.949465126326249
-0.149676913740535	0.518035439346381
0.00458184929550654	0.010096767767248
0.0789935047384114	0.221391517060351
-0.0477934457980993	0.10535032781203
-0.0530979423907034	0.114445422042226
0.044982279182905	0.0972609393383268
-0.114209751238252	0.304310774040797
-0.235367420645459	0.432237223704968
-0.0730144327729936	0.16017317526407
-0.557998584973383	2.19778211908627
-0.0702339767480162	0.171046740535319
-0.123303114667584	0.294225973926281
-0.0943943433903288	0.333725512539037
-0.242761505512466	0.640349467820111
0.0128676225080542	0.0182698683373604
-0.00549820703224791	0.0115079738311674
-0.0107575158558088	0.0333047976923497
0.224218817515097	1.21415505503917
0.0246845791740145	0.0712406747036945
0.0233629706896099	0.0703589134546191
-0.157439077640441	0.631089576753757
0.0229432955160152	0.070588851061964
-0.122483876866885	0.293901475064089
-0.368325091150417	1.26001922760686
-0.226987263845591	0.949793519607143
-0.154100792841779	0.441150252918439
0.014592590574654	0.0381069935130276
0.211929679661211	0.858197834441809
-0.210402696980538	0.761841533505209
-0.527140367408833	3.04698462693224
0.0424224669526348	0.10723470322093
-0.0115663536987145	0.0270464572574767
-0.151170007038622	0.560662086428663
-0.0271607175547085	0.0731027790923717
0.018755805357274	0.0472748658313696
-0.143984215297856	0.403904774634235
0.147988169437289	0.493674440972125
-0.0535922347182637	0.147936903842818
-0.035575653095991	0.0904506047775779
-0.239510265637902	0.847141665837675
-0.029045071859678	0.0710741216844919
-0.14490417433206	0.508028248596523
0.00511058700164434	0.0137792255781246
0.120799791011716	0.405992198042747
0.120280662241462	0.406211657676503
-0.0994052538489795	0.263253575382527
-0.0622267518305254	0.155832497578864
-0.102667273015494	0.299852319392272
-0.196757322583279	0.820247006873425
-0.0595507371139268	0.182593514951278
-0.342113776049356	2.18228440064348
0.0633125813323059	0.20655366359391
0.00274710022300284	0.0059776695227301
-0.135773709623756	0.580831403096368
-0.0215172007165041	0.0696971159025319
-0.0189605702360475	0.0509493092072724
0.396649858652108	1.29932454597473
0.208847390297447	0.403847458987323
0.00454244239214704	0.00804484624889351
0.00468478520853993	0.00809991503683466
0.272308359552923	0.786750938752562
0.101040041006142	0.170900244126634
-0.0620430838777502	0.159070350349008
0.133950877673762	0.491938221101868
-0.149972029315617	0.466045195146889
0.157536304330476	0.591699383509794
-0.0704578629391977	0.170994218719416
-0.20408820778967	0.546847518429842
-0.0220974284770096	0.0468577641370148
-0.055976891544404	0.160316009292477
-0.0925172825971137	0.29663981234336
-0.153894476224512	0.759105616218668
-0.134723173846524	0.519431438640169
-0.0792180112327568	0.198162147616054
0.00316960933422216	0.00853273668642551
-0.225985543702995	1.27418951525596
-0.0569727751522835	0.148117032352856
0.0438603106806848	0.0643983308858979
0.312518949679034	0.45730968015007
-0.0992701518684129	0.171094954187727
-0.0992648311252395	0.151289992876411
0.344297038869515	0.880016590961631
-0.66779295110091	1.61079657442964
0.264225581583174	0.884656591803461
-0.260310158045187	0.932385462466536
0.049150041115436	0.109681786368271
0.132388459490238	0.375240976760891
0.13958100619345	0.341122002950324
0.114336671932403	0.218521948451026
-0.195411148989679	0.650013113525025
0.201310862611102	0.727487233698261
0.0878828058118417	0.270282314762757
-0.0999990424922469	0.381102708927913
-0.0392572580893106	0.120417798415188
-0.0622922794137339	0.158690485976441
0.110537634179717	0.418457437894267
-0.0737599029292644	0.226332768302708
0.0110893976521682	0.0261804479402753
-0.270730530040792	0.681111699225361
0.133791387579895	0.192432235097576
-0.262079789846999	0.588794886190862
-0.259661476354871	0.548025850184762
0.379516575358133	1.14260954520469
-0.0258847257298048	0.0356918041037298
0.079293040226512	0.175729702487992
-0.140168819416814	0.39799529035931
-0.105492173513993	0.258427936210027
-0.059650531266947	0.138977241290999
-0.10056467148344	0.205884777591917
0.0789196419053254	0.138626841298879
0.0554349251936332	0.152452890580191
-0.0565479472479138	0.168382446239536
0.190771242673392	0.949593531107044
-0.0866837028321187	0.269355957586076
-0.10247379744674	0.403080875542539
-0.12693465854415	0.523871752196226
-0.0185094274844115	0.0423648903281392
-0.0182815574509007	0.0537744501095953
-0.087575847625315	0.318343162835137
0.161575191533783	0.562244305543177
-0.0206410243521194	0.031209762407404
0.212525278360405	0.291114963064074
-0.25782056350607	0.555601670938903
0.031525923555296	0.0499847850383036
-0.272836353949109	0.638628610258099
-0.0924579878276032	0.129834264761534
-0.0283827723927429	0.0589252663338687
0.104299212880454	0.300376421780221
-0.0144621882937901	0.0303052199448027
-0.160815041326867	0.477747525602601
-0.0998832702269948	0.222897092745305
0.0633081670484764	0.118705958367093
-0.0682075632932152	0.186159593162172
-0.0908151778968795	0.275562307189901
-0.158610049252349	0.522042211194373
-0.0541025807585496	0.132041869315679
0.0384166022706122	0.0955511300890991
-0.154143540273592	0.465353154461501
-0.0621394528293917	0.174545160140165
-0.0998701872742479	0.315256496003042
-0.0301963734105291	0.0796590733058125
-0.165135541009302	0.594332452683077
-0.225985994240145	0.922281944210449
-0.137357463817279	0.337876441308903
-0.231394774930105	0.813817414059333
0.0816042360269364	0.217278001497677
-0.177463671241884	0.561903747052127
-0.118607581589996	0.319813857379787
-0.1376774131584	0.406056694233299
0.150614420761913	0.480049104356478
-0.196337484935157	0.782721311097642
-0.102619513903796	0.289933386829909
0.152550036942843	0.458527711394726
0.0901750933397707	0.211576295281201
-0.0189658230891645	0.0443895411970848
-0.203690967805807	0.664696532723174
0.0232699007275156	0.0492694582680439
0.317009165196101	1.26112220484931
-0.0321378647362022	0.0650372200631837
-0.30811426086343	1.23503329439825
-0.0307831891740567	0.0860176927081397
-0.291165636305135	1.06827849125449
-0.101025876920653	0.2988489575488
0.0781512246446846	0.251608979712239
-0.14190932700645	0.453272018918197
0.21833394952636	0.816967787583566
-0.0744458436332374	0.226466074061069
-0.0428465248995415	0.112819043272599
0.314361701160632	1.44133921631985
-0.0546866484141254	0.125329008596983
0.124529892641994	0.363151981089155
-0.104475365053505	0.350046401004197
-0.0726809730460538	0.196337759893747
-0.151281914959899	0.481149346407974
0.151333017827289	0.429467922915068
-0.0464288999557298	0.123043547782845
-0.218561476254672	0.75697348118276
-0.283955748437785	1.02585130136315
-0.180015896626789	0.557255859704083
0.20006530502353	0.587442817875181
0.158837173219682	0.32793634963013
0.12125412733555	0.313338376371531
0.341931923093516	1.10944857441008
0.273992196755815	0.838668690457597
-0.219488740627909	0.693685967946991
-0.0246610421831254	0.0598609045744324
-0.0519320966527114	0.169014832740309
-0.177359652597122	0.410361847673919
-0.156798189003121	0.485539337527208
-0.0117733686363021	0.0364145228806953
-0.022291320298396	0.0637162308525575
-0.12455431540669	0.447364356346342
0.0471058930325357	0.14611413512892
0.123724643554998	0.415671120390354
0.0699198595094954	0.208480110801168
-0.250565856184034	0.799297385839641
0.109248673053311	0.277710016740681
0.00447048957863416	0.0119504094669891
0.0273606992680661	0.0618412837147547
-0.164466889301792	0.51822273324928
0.131262569103747	0.361088171781663
-0.233673557658939	0.682270668451086
-0.19450692983123	0.597884087097123
0.00697487144437992	0.0173000805837699
-0.0174240835959849	0.0430922305244455
-0.163212781588834	0.530284072746158
-0.0182382048646131	0.0414615368023712
-0.0523621569465609	0.129033540490172
-0.0575218799267832	0.142479263577616
0.0247323882822815	0.0553683473953957
-0.0566283717068183	0.127181546294087
-0.191276185680754	0.673535023109016
-0.310414226455762	1.31003365971297
-0.0995897581509931	0.312869173902736
0.0150338792204254	0.0361953168562467
-0.0885816133467349	0.226152442599606
-0.208902468092246	0.601849806800363
-0.303348056865295	1.2566061676673
0.0201584764892204	0.0458868834867468
-0.196444454831169	0.689606200898282
0.134593224022227	0.379318134652843
0.0573304962836229	0.155254107230359
0.0347108996383397	0.0904225476675395
-0.0670350739272269	0.189491011458446
0.206463968604276	0.811141674614409
0.431326351666965	2.31351568317797
0.386424870443	1.50945637385432
-0.105523455262332	0.209872699494801
-0.211816050217526	0.467245911904079
-0.0682785741347183	0.146559168343497
0.032986551044199	0.0629548119605485
-0.00413750335008126	0.00829545117615234
-0.0490937805231828	0.120034216179562
-0.212854357898183	0.797516071658633
-0.186045897517705	0.643779364523349
0.0159121985765842	0.0399398918485466
-0.266998230051546	0.969793587407967
-0.117301377363887	0.353896702773332
-0.115589963306819	0.363388267263132
0.0737839039088101	0.224640163322762
-0.0129627369833717	0.0280791138853899
-0.00201244969126747	0.0050169678161453
-0.116740279642598	0.36373137131449
0.0128356772778965	0.0233433500668169
0.0308991739634055	0.048956211651984
-0.186272251988876	0.536375935110092
0.126933636117464	0.344630440256655
0.100315953610472	0.25912082999612
-0.205892553098295	0.498254817246924
-0.000298383579632239	0.000647916465628781
-0.160829852815432	0.570175623520842
-0.197715245460392	0.678284346586878
-0.00101675321669315	0.00244964562076589
-0.221281098606775	0.701755407144372
0.473806456928969	1.63702683213757
-0.0922057772898707	0.207436429854468
0.00894508453998244	0.0204747544042132
0.0103953467358904	0.0239525423777713
0.19454658982177	0.760447808154298
-0.137229455146712	0.440787278473528
0.263366722386547	1.11858117458069
-0.0738982560557831	0.197667833267709
0.00524814542611127	0.011751344118107
0.0253435738117789	0.0570692611915736
-0.0539127507079651	0.118677057447504
-0.178604435578515	0.462022594418624
-0.253726444027603	0.8201389236279
-0.16357839566659	0.372527085852282
-0.0941359885855279	0.300531898808904
-0.128515332671367	0.448246736633466
-0.0614399172796114	0.126193726206669
0.284636315140504	1.04612794448727
0.063916618066425	0.201186913643127
-0.0423346975990661	0.116545724319361
0.0708707212529805	0.219325389681016
0.0549578937484038	0.170363195142634
-0.175387172622363	0.635838508106126
0.069665954443144	0.197421862898583
-0.00987537121204058	0.0196255132744164
0.00795629055971191	0.0159652525584187
-0.0122554121052007	0.0307270158462551
-0.0599034169675218	0.142339943581325
0.247174251781444	0.86902317744355
-0.341243179241585	1.22358216980638
-0.098539621301835	0.332667005512078
-0.115510975750546	0.344627934353906
0.0343987753749455	0.0679473674697782
-0.524828954119557	1.94730250960333
-0.0123920940551801	0.0251873600384353
0.224288196152568	0.713360893236741
-0.00050920266874422	0.00112785655526927
-0.140473410279952	0.490535024796392
-0.108257763104299	0.310232803289265
-0.203901801016658	0.81817653700286
-0.128196977354361	0.426754705485014
-0.103269595979938	0.332435335782953
0.0237236897423329	0.0672888872112772
0.00169963576861626	0.0041654242564092
0.098662351316559	0.264551887911169
-0.120240668643268	0.245822957981369
-0.118369373045402	0.346092818903271
-0.282227638045509	0.996232788243719
0.0720945363125216	0.192595584615613
-0.593843292792426	2.60926107182085
-0.0502279807309101	0.121925558420915
0.142025939241556	0.462662899791584
-0.164097650925589	0.556269911626521
-0.0579429286535108	0.163075183939574
-0.155701586463109	0.445175252447216
-0.228010028839497	0.600361907566778
0.0209233129999067	0.0553063166190594
-0.0308902140764126	0.0831868833191403
-0.235918044947438	0.958279858577721
-0.0105573421739505	0.0207196352006007
-0.195829209261907	0.520368832455959
0.163233300350381	0.484614376310628
-0.222014947434571	0.757470980465205
0.48855470212883	2.71329552929775
0.0352938373317864	0.0962887509100677
-0.175101736641777	0.577012305133309
-0.183289825709623	0.602933392827869
-0.25651569502291	1.1498986464498
-0.0921706095105623	0.287057691851835
-0.026220986644979	0.0682892382096963
0.213219533242959	0.915710775854254
-0.0618955677001338	0.186930262002673
-0.225530857416991	0.762128263268993
-0.0968721426248175	0.209333737623725
0.271890033277925	1.12229018709576
-0.14842435742792	0.48338440789004
0.0695474934209737	0.18952917053341
0.0336043584080544	0.078231814652038
-0.0960035398058836	0.262550126505561
-0.247079542942265	1.07882495001211
-0.0341451966869741	0.0859973434363189
0.136467650355847	0.449655839280148
0.120356567394173	0.384578516527917
-0.169272264007347	0.450413411154327
-0.204254473752511	0.76398756332165
-0.0472719047318883	0.130469102303545
0.220563834849083	0.786818900779808
-0.0233184414649651	0.0525367318500657
-0.0340871584189041	0.0886540266666047
-0.0602737344835075	0.163046056724213
-0.293296521394408	1.28603434608526
-0.0955102418392137	0.307213264519996
-0.169057667812913	0.570589401979992
-0.0472197394571549	0.121044399416674
-0.212961246237514	0.736522014459133
-0.124237662900648	0.371929340875468
-0.0543175242328942	0.142317646431475
0.156071700428931	0.510287590072291
0.0382320910757345	0.106261606997802
-0.196602269667139	0.768275766010116
-0.105715945360475	0.279897047515092
0.304618913089198	1.40327344833066
-0.0431974916094906	0.113074052139523
-0.0949778975338247	0.297056280519073
-0.214991497532146	0.754977314369649
-0.0222089260208384	0.051511578882713
-0.178692613601084	0.685494629411535
0.0438685268582431	0.118052148034457
-0.0255674681133803	0.0669505324901396
0.176012941433193	0.600144152479316
0.107525597115043	0.265750227022563
-0.297040268022964	1.34709244580215
-0.216684286145869	0.693281990339433
-0.153303903557979	0.387174614387806
-0.152888293126728	0.478815222042293
-0.0209207702633308	0.0537716569469834
0.215969850740545	0.828062325187319
0.260056033474567	0.987059761371686
0.164620180962639	0.551304412060801
0.0561775376157998	0.150467515273721
-0.0960127590666349	0.280696322839559
-0.172523910159565	0.554367072753095
-0.0850154133115164	0.212483284195167
-0.0909104948235753	0.236922809989586
-0.012729002510242	0.0306824671849305
0.251371861141515	1.04562368111198
0.10795666844966	0.349033106257183
-0.263643307729779	1.03595960600748
0.317246404979086	1.04882027085132
-0.00658798906150788	0.0149321182425625
-0.0771174371489296	0.212017880573041
0.197167264013305	0.695864362895604
0.0855349604440332	0.215675093227321
-0.38795501178726	1.92167151509612
0.370365454217504	2.11452480085597
0.0305167082054963	0.0774948685642922
0.213006592042972	0.814582612308722
-0.0628260992233315	0.15832970367836
0.233425894725566	0.6962863597762
-0.0182532704153682	0.0414190164904546
-0.111770364087794	0.33052959474338
0.174826910084954	0.545247902147295
-0.0427350981707718	0.0986517066331695
-0.0697495044628694	0.183250950691832
-0.0814818120918036	0.215008940819644
-0.0546216724322453	0.117563534393362
0.122168512008134	0.308179958069279
-0.0322580871149019	0.0607546082203036
-0.18415460028195	0.556789894645214
-0.0481872287238092	0.135503905789487
0.0826186435330551	0.217006240948959
0.0893602600227891	0.211398871505951
0.130678747954048	0.392299657430823
-0.092070181283888	0.255774086703665
-0.138147866013555	0.459262844344732
0.0836716682245543	0.212993830521531
0.00746208241800024	0.0161478556753689
0.12012937193842	0.381521066696576
0.209301817549591	0.75709564080767
0.261837864870144	1.08122862540811
0.00490346065549729	0.0108540651074981
0.224995409871588	0.674517014491796
-0.0713878244338584	0.183788528603546
0.0222420382159021	0.0505161334758011
-0.307367418672335	1.35499492579892
-0.0752152541014428	0.218872499417419
0.0000404564432688732	0.0000900167445697121
0.0197691691233023	0.0420583175929326
-0.0680134810302477	0.1713426064925
-0.0144868306192831	0.0321168250582765
0.147528353259834	0.431643968574921
-0.16268337075323	0.418645953879612
-0.223314131721956	0.941277524153105
-0.242633865551519	0.828004112734976
0.0915039682043936	0.231353857252139
-0.160280165226285	0.545910001898035
0.28073829259777	1.04297284773123
0.0445099918736527	0.117093394706115
-0.35086315864768	1.3692075835478
-0.0120371075569838	0.0292356745021475
-0.107886231952991	0.34830147016846
-0.127469845191487	0.384320052363534
0.125341487725805	0.402468218452936
0.20374446775835	0.724387059644888
0.184003685898763	0.54955224595587
-0.192676192595364	0.633625385928031
-0.110569009897064	0.325147806690247
-0.0864263948532125	0.23094783507815
0.123542312912093	0.413056012887724
0.0549972957139222	0.142383909669312
-0.0898242353438046	0.236625916513993
-0.292266521416526	1.40232419664742
-0.222174092854469	0.758259834520285
0.0393074175941808	0.0828730305327677
0.0111953913301314	0.0275139798221219
0.0711113320889211	0.193030127461271
0.0395148293674668	0.103577602397211
0.0212147680433254	0.0451090103860567
-0.152680771239828	0.522691000247412
0.0739843345017068	0.224747897912769
-0.143896335042759	0.493769106648293
-0.196246475634626	0.789638987824383
0.210972563164754	0.827777381664184
0.156009961362024	0.433048547184459
-0.056782249503256	0.179148964254873
-0.229991547049359	0.676830364545034
-0.0127844435866198	0.0269315042732683
-0.308803924582877	1.06135401557521
-0.0853034498507858	0.155419854820602
-0.169458167709622	0.347174888087947
-0.0973568310741838	0.168628602518798
-0.1849891382761	0.643254453308241
-0.264621615463879	0.921286540742825
0.0117966630288241	0.0332831144113302
-0.0544998042635104	0.178053670906096
0.16508293119078	0.673619891579358
-0.0230361235147487	0.0690520154692855
-0.110298300766575	0.368509169203887
-0.00719600919915593	0.0179449410362414
0.104877350551995	0.281884109230424
0.0317188133864884	0.0706797082845547
-0.0438274749678398	0.112559184599012
-0.0923601835415041	0.238204942347493
-0.0490659215769642	0.124987512354818
-0.133268345264723	0.373985082128111
-0.0400208559445277	0.0832374251120109
0.0950508149024945	0.180814582540926
-0.120493935624566	0.261867734255431
-0.199902502299618	0.482567917864723
-0.0867759200506962	0.120943788302608
-0.0103358638323575	0.0133581189312657
-0.18807240492247	0.275583788620676
-0.253707584199378	0.446198086259223
-0.162550881865357	0.332169982892038
0.150922004454457	0.441825366320676
-0.192780499684014	0.357435596768017
0.0382575843344956	0.084271561627767
0.22566548180075	1.11777167503175
0.104397700361639	0.425704317525406
-0.0156806105089153	0.0441524830797059
-0.213502499792446	1.05387110244884
-0.223454539751576	0.953151382754994
0.152388274106432	0.545796655722569
-0.042816498443391	0.0810313701932577
0.0112182411422587	0.0214281724193569
-0.0571552360254236	0.140738146396482
-0.248167771092391	0.706627918162629
0.0143307791305105	0.0339009321644166
-0.235269310637676	0.75837135989701
-0.12944159308651	0.467921475392131
-0.253675292380282	0.928267086035069
-0.0312266114167032	0.0735763533672236
-0.0444684206582856	0.10988442730286
-0.0941055693887063	0.241227490495279
-0.16671013589128	0.417934708805204
0.18894837289158	0.502405550882735
-0.103516703030178	0.206568118317699
0.0285941694997147	0.0528945449636044
-0.272043936476763	0.828760286053607
-0.237435036095664	0.773821283538215
-0.0323589186329555	0.0733432590983238
-0.14500730881274	0.418349502121536
-0.0711582628209031	0.171982936886921
-0.0638416400523196	0.181856859683788
0.0800950037040278	0.244725248942345
0.0705056642171269	0.201355065124046
-0.0167564382877626	0.0450532781590463
-0.0268220673024322	0.0734991491304274
-0.108779215676009	0.391934552297154
0.077952507930369	0.22025634856268
0.133377732788904	0.430491320193899
-0.0116331905778723	0.0292700307139054
0.0559032609245864	0.163474085400898
0.118351927758673	0.396642270432525
-0.118719396649379	0.381857151070609
-0.0647518444562776	0.161312511096844
-0.0654132370438048	0.185495571033922
-0.0390562014008937	0.0889287287125431
0.0591260664821811	0.122863501832576
0.0466262560592296	0.10632223582458
-0.194423786676832	0.547875078162223
0.0347409707158867	0.0526752490098821
0.172231997960186	0.407117184222607
-0.490418849750685	1.29474218596355
0.0781148751345806	0.153259306784442
0.0304793820846317	0.0712722040070361
-0.289479120579501	0.844061936234223
0.202629319431401	0.55021053431379
0.13167473595497	0.332093168888636
-0.00734528193568366	0.0183560718635048
-0.320304028617433	1.81528380362671
-0.00760632745785375	0.0210385052039763
-0.0654896356576848	0.213954712326465
0.345077835884951	1.86189994175681
-0.166817385247088	0.526706361052897
-0.0352520133573958	0.0707027968971337
-0.21011339706692	0.701649465495799
0.054368413991639	0.136657514637873
0.0886577939286209	0.243293880522386
-0.112322854624703	0.328188513851572
-0.132761282931905	0.34538097964062
-0.0546400663905307	0.161502678663155
-0.0377969713405944	0.100520605317937
0.0863374208728647	0.229500858162531
-0.122024338334785	0.292567687533335
-0.190600135825005	0.479055560040887
0.282875640473194	0.713951874914829
0.489251600743433	1.94527622736855
-0.253889337015227	0.664693813403573
-0.382629873603171	0.740459854818229
0.340002789733484	0.847894268962731
0.203081699231839	0.326515882613942
0.0862737819311342	0.128710901777009
-0.0342170571826581	0.0511320427295007
0.0488791129530334	0.0821290177694306
-0.0771971074434097	0.160066765708922
0.0352908983025801	0.0769314416304407
-0.05816137919572	0.0982123979962812
0.0500240858732574	0.0795344321852888
0.30549761693099	1.03875123988987
-0.11000380459032	0.373006816952166
-0.0729323108161321	0.254028909825663
-0.171336346106088	0.656651408774105
0.0600578999634825	0.199771393935532
-0.112459237139323	0.335668232402169
0.151304268035035	0.480482676758353
-0.34064357444775	1.04481649764339
0.355209963293383	1.1873285899657
0.15916137929753	0.468697889898865
0.00609254395516464	0.0108181057270089
0.195715665725182	0.632111483226891
-0.0913959732066648	0.206348678169475
-0.24339306741308	0.97957400653023
-0.272076723998393	1.14699825570168
0.00749380486574641	0.0156017618910992
-0.227794015173716	0.66249921417085
-0.228993028547467	0.667371488625742
-0.0738303714684096	0.148042505967009
-0.190162468165624	0.462660965027063
0.345142001896152	1.1167033023983
0.126288622919604	0.184782044427887
-0.187168452582789	0.339706573748126
-0.108504016783694	0.138057399917721
0.4213340585816	0.965271240540036
0.0753639587739847	0.116539807450515
0.153579792489783	0.304686599230558
-0.196607756546423	0.451074118232022
0.259662366301135	0.940303068501982
-0.266955208944947	0.598232299580053
0.0263609284399381	0.0388221843666854
0.150804592589551	0.370853146761235
0.109577592908131	0.380702620748908
-0.0707383249230504	0.244125261978592
-0.169457255560109	0.684466673923665
0.240330520748677	1.29015220972201
-0.130381721358709	0.454944738503658
-0.171083280261437	0.634519672900725
0.257625741308168	0.75132964286905
0.0506320013222943	0.102605376113781
0.0516968728645276	0.121084400125554
-0.278340645751551	0.890292338261166
-0.125544312299988	0.37206663226542
0.0291799756203724	0.0555652779153233
-0.319280088378097	1.42669111364757
0.146659548739237	0.442545180972159
0.0115983716399548	0.0251430217168612
-0.169138509816656	0.443904013875061
0.0808196653310669	0.195482976417984
0.0908816172275894	0.198658359102099
-0.0655109735306556	0.10349931020544
-0.159018491264658	0.325771130876506
0.272249344893556	0.517122533162733
0.146833399432138	0.248159242796245
-0.141575697347701	0.278124762269167
0.206865994478428	0.502252220339534
0.173168315950687	0.418057346983781
0.457965552785656	2.5918937061504
0.0924200336025213	0.185545634624841
-0.227496748057337	0.494056574980241
-0.401087859281715	1.73475274738457
-0.11239142447136	0.360973166745565
-0.09076763718741	0.285353179520862
0.216833919233853	0.945009777726585
-0.0820189432975553	0.247516839370856
0.0834275106539079	0.252908715793783
-0.285711786893531	1.26347660600184
0.0184634945470625	0.0378549044203619
-0.317453668464255	1.17452992840879
0.111035181870845	0.321912197630984
-0.0380651727332767	0.093216814450504
-0.114350148640431	0.359673697754306
-0.284101938666347	1.01329676729081
-0.134838571618294	0.441307531945939
0.0406746312043055	0.100629241355815
-0.0601928747777861	0.145572295168148
-0.250496046831774	0.738384972092861
-0.231761917122041	0.741028848147672
-0.17575553442315	0.495295663699833
0.192388441500274	0.390349649336346
-0.358974006636152	1.17751239181496
0.394414938566247	0.965269849692635
-0.524490789042746	1.49601510172545
-0.254405285312768	0.666567154219802
-0.219313282296106	0.586373358105972
-0.0627433549090717	0.130111457441571
-0.175305941969865	0.589175214858407
-0.0719112736463171	0.155579740244181
-0.0116161591019008	0.0215117417110337
-0.236744346431733	0.832843697110604
0.0907586994538079	0.281242580665017
0.122596761986751	0.42051686440288
0.0819631704448855	0.252891756697285
-0.175708403194849	0.690433028166891
-0.166313293407551	0.645337069793723
-0.0915564951328375	0.271719867594895
0.0541893765175966	0.130372834385668
0.197472666601198	0.691703038441381
0.102797444543201	0.300900824555809
0.217490680914119	0.757187864453424
0.0460788289696171	0.124977193850777
-0.203831280681435	0.683006697085656
-0.169363470523925	0.598063403628199
-0.111785601028646	0.350900071692967
0.206578049125781	0.782668089684323
-0.283991827288203	1.11158731958019
-0.261213143521463	0.965966631246209
-0.10293240755768	0.27884748287823
-0.405108687665927	1.662725735745
-0.220555535930103	0.508736760892634
0.111524385433426	0.241881393582729
-0.0417128261006517	0.0654743161454039
-0.0347928212677075	0.0639845672654184
0.0032178270777476	0.00633703666743706
0.542259182854698	3.0466620867986
-0.0339393932819842	0.081915537438552
0.387214808241629	1.71525002378024
0.00845850221938278	0.0166868712479639
-0.0515686710182594	0.135018070437062
-0.0792950470237345	0.236033837334421
-0.255513792735989	1.0673460805997
0.050042185131645	0.152446979559926
-0.0284113947030271	0.0801693892049775
-0.0551372243152105	0.155936548377829
0.154457837042903	0.52716798423519
-0.193871057344693	0.642943948113885
-0.104143236153431	0.301823927325173
0.201492191594124	0.765291786504153
0.0526738049939528	0.140606789978962
0.254002120894279	1.07993876251615
-0.0362035407941433	0.0821566770166264
-0.16772489955796	0.548737520657328
0.0862340330912696	0.296602490509076
0.0497689538860595	0.135373331943058
0.10727816982325	0.31074166855641
0.208729687961497	0.803233237651289
-0.0169886569536471	0.043581133759797
0.114385542203049	0.346889891298243
-0.0723133307916091	0.173715824008126
-0.0185682730461367	0.0383270513140683
-0.157857516811234	0.372169485620553
-0.175397745644443	0.512055990574327
-0.343965407350457	1.44848902401428
-0.126012372291777	0.366893567965255
0.299669940126462	1.18324548561728
0.0237600561397046	0.0578677869081409
-0.0421765222086989	0.113675541892517
0.0392792912536235	0.117039171363734
-0.178288580048772	0.565489904154685
-0.0354635156087725	0.0733561263669682
-0.0564658961731066	0.143357713367917
-0.0145133738698622	0.0340882002878654
0.00924940001352924	0.0218876117107811
-0.129833822416707	0.383206334297719
0.0358425459286946	0.0993336299801024
0.00441321171953799	0.0114956832703258
-0.0194360300799266	0.0472150088442547
0.0425140782032411	0.119539406952066
-0.294417268968672	1.3747403870015
0.225949257036482	0.694760566607761
-0.242570280000327	0.984159053191203
0.0344290302454311	0.0854068039235103
-0.038041015620407	0.102233510592098
0.225984959846493	0.963556110003704
0.196863087659	0.684802756659108
0.153628807547175	0.485659474661556
0.341996312465185	1.25724058754724
-0.0547399765871712	0.137282298047216
0.257694157030637	0.887819465422037
0.0660294875593986	0.124437663009216
0.352248842815018	1.00482468322694
0.0227201996524733	0.0352673516629574
-0.165320211417593	0.365077681207266
0.0626625943515738	0.124565066722761
0.0370756263247596	0.0748151907675045
-0.184719902431353	0.587065293504002
-0.0631323308036793	0.136326861905033
0.046386662401123	0.0956816792290954
-0.303241790162745	1.24957582772474
0.115361803613458	0.397646595459355
0.242019792340839	0.983104735890683
-0.150850841602407	0.534885961828238
0.0279486552217895	0.075869166616328
0.0771139544514781	0.220751190770208
0.204123455548679	0.742087942605727
0.0344859913499734	0.0782922351612924
-0.0600544649265746	0.143293197992018
-0.032192779240325	0.0791599537105218
-0.0211113777488294	0.0506324822456413
0.200074292057605	0.800937707561052
0.0749282103084651	0.176805661250124
-0.0293308288041103	0.0746183261875706
-0.131468261160172	0.41675501557629
0.277962915124306	0.968950978704793
0.150545765620944	0.428882348397763
0.160320179375201	0.407994474044207
-0.148171691399444	0.319417250090915
-0.249120976539276	0.652443151483067
-0.231535022456156	0.576330266025972
-0.0825391696355591	0.111499446715747
-0.267736151510308	0.543965199851842
-0.184048331498327	0.355952360024783
0.575079675616226	1.82723638696039
0.213132169483559	0.50958007795634
0.177607261492636	0.513935715253525
-0.137509029503373	0.250924556759829
-0.471161962488095	1.0595032111556
-0.166165884209106	0.418954767950345
0.00262665709131096	0.00631628763475915
0.0777681397340158	0.27201400717703
0.0702949394243337	0.18571468377852
0.033522315139016	0.0990248982613149
-0.0303547953707358	0.0769054798471872
0.0588748168740213	0.158367061283728
-0.294563989274274	0.796033610129126
-0.1065564950629	0.240828752459093
0.360723817166054	1.4408786291346
-0.102297717847482	0.219069364544958
-0.157778946571209	0.450852622214307
-0.277901497000143	0.895335266688943
-0.0214519222939279	0.0621411459168082
-0.264955635098657	0.992562300808173
-0.209350224564189	0.733001307813707
-0.0527731626119943	0.110144460107401
0.330587875203528	1.20458542305089
0.154466766513302	0.360621685797557
-0.0718323444262585	0.116879093991005
-0.125111182362598	0.274827557781293
-0.25251754881229	0.659612028435047
-0.0307009486335704	0.0480253835141101
0.136633631162428	0.284979483868116
-0.0199407421837986	0.0416948522496793
-0.61439189212622	1.71502184358558
0.346805708804212	0.717001929391137
-0.127133448268761	0.26130304620018
-0.168117680953747	0.597165029504047
-0.0821745240694889	0.276805497603265
0.153825790037894	0.533286356279764
-0.0506842319910075	0.145155169103178
0.219368558202483	0.863100260941209
0.0782490799137393	0.208249841345782
-0.258009389803633	0.679859208341773
-0.0921622578784668	0.172806665360104
-0.071708666166357	0.172837812623465
0.0507761434603465	0.0994270997548514
-0.00292920094174365	0.00632714638805406
-0.00536224456301725	0.0101952309479757
-0.112938323350555	0.38545942224883
-0.0696938075926906	0.221187322193566
-0.131596458196861	0.437882152467969
0.14069088519147	0.466221571670136
-0.0795564365087102	0.221037422333053
0.205960292255761	0.661291577071947
-0.0330486693047476	0.0688696879560681
-0.286849535090367	0.926069337059724
-0.40630300544756	1.23221184601804
-0.0918295322787543	0.185871718860884
-0.233146073314858	0.460141047538028
-0.0211131995287611	0.0337407712870615
-0.0634868034263862	0.11530775113533
-0.0107249698044432	0.019824236398967
-0.176786723869607	0.54126072238335
0.310604085223605	0.801408268915045
0.187208937120354	0.391442804574074
-0.332703068572375	1.23950031498609
-0.144296721145187	0.497275576490495
-0.0207525862811997	0.0587587056691174
-0.0755626031572389	0.213939371865583
-0.121297865241397	0.423587278416966
-0.11056766599245	0.310375054292865
0.373223988416976	1.70077602801157
0.0595925092198116	0.132647380502207
-0.325952773300555	1.01148752341069
0.0466613105764454	0.111341651834954
-0.140052818952338	0.357105819996948
-0.264902763694001	0.934151014500502
-0.056076348959127	0.118390984141257
0.0758691096353805	0.140106603255057
-0.0689374319060443	0.189161298314864
-0.0336184596388969	0.0946947699148535
0.247556683303681	1.19402551319733
-0.12370860663245	0.393675053960348
-0.128201640236165	0.426335314200098
-0.0324131129663857	0.0810329454218765
-0.146155343158883	0.402851738739171
-0.153972906500885	0.441416351935985
-0.0581892348801738	0.119355332207242
-0.4588175076207	1.66887309548249
-0.144676732190458	0.222967305919505
-0.464952029805884	1.20369202115828
-0.118844223218838	0.21009490956896
-0.359294795875589	1.27810027377156
-0.118434504832257	0.308914792257873
0.170236844511258	0.36617949432792
-0.061113445472732	0.104394394350453
0.193095210935575	0.545063641146293
-0.0192398764262444	0.0519221286294611
-0.0478816515186976	0.145999381754417
0.212755706552061	0.844616345055644
0.0406277900082685	0.113305402613533
0.0431805333217689	0.119937406709477
0.129121587862352	0.413314466847922
-0.0432808454379148	0.0902378799150747
0.431029551597588	1.48894589842654
-0.135113382951222	0.396356754780403
-0.509113607600454	2.14596247856731
0.236555641476181	0.755180453620534
0.0939929364860307	0.217284162219566
0.015803065424819	0.0349685820088725
-0.0790252974044439	0.217500086760072
-0.193048292957154	0.64561489702021
0.164148573378221	0.542922457931792
-0.164846276171428	0.494481469280362
-0.156783083448873	0.497785045448975
0.0431204705098472	0.0924641829844824
0.12789386377426	0.337986406788854
-0.0369548394144617	0.0755507773787015
0.00927724577529773	0.0166671048473883
-0.110109606321896	0.262039901017106
0.0210084800280719	0.0348101925906645
0.262672881329973	0.590025401993169
0.239785567230346	0.677092282916894
0.319079769723975	1.24580510040036
-0.0418778120938545	0.102045675586927
-0.0729781850252757	0.178813165148145
-0.234165428384293	0.93811672870132
0.0888953739383803	0.245060778721048
0.0344657916642214	0.0729503085225084
0.0584402621483743	0.117385272673737
0.29514818988515	0.904594950458949
0.0370753264360771	0.0782364092031894
0.0352906014112567	0.0751647934359019
0.174628275537301	0.486676198779631
-0.179777378094246	0.439467011016382
-0.0905949874386925	0.228210987373933
-0.00481603984400417	0.0099989206168941
-0.0167211785113755	0.0326307316175459
-0.138969192994755	0.379306295335985
-0.0227346944442998	0.0480771327928191
-0.0623565856860698	0.15428834759584
-0.175628762928312	0.618526439742327
0.131385844444856	0.397965659521571
-0.108533035250222	0.278240057424793
-0.150296363650324	0.46290368261459
-0.0130549633066665	0.0268253075169149
-0.0815299129567754	0.241003323418047
-0.0271255375498073	0.0683499383469807
0.0196059649483542	0.0472599297191767
-0.319368596544891	1.10932380915874
-0.287464528475731	0.728064764042104
-0.104092809097054	0.293955789735618
0.341168101730567	1.41635036643638
-0.162275322532059	0.579580246409661
0.00668179967583513	0.0112525733662953
-0.224833030489364	0.861560621357155
-0.0178313416860169	0.0447248610915486
0.121037089866126	0.316922661929597
-0.236400135033417	0.995399280321486
0.0315418437906625	0.0811990765800959
-0.0799841003766386	0.172244052962336
-0.321028373647811	1.54396023863922
0.0951698343335668	0.275038034922472
0.0245194429790905	0.060017361596855
0.158652819527619	0.54863123838273
0.494661535232492	3.00325519386029
0.0594599842404908	0.147670089773546
0.0193067459755064	0.0446648750497488
0.186601687040052	0.603563622583224
0.132255669687551	0.359110113707425
0.0755361620013462	0.193809353214255
-0.070674027298677	0.187585399287883
-0.0578061056933558	0.154135919948906
0.140277348023908	0.395791691493856
-0.0274775781612862	0.0679590457283834
0.167501101856182	0.538674250393114
0.12109139763587	0.375455419890715
-0.182410302386555	0.521375903102085
-0.172141789206409	0.579291949195114
0.148557197358088	0.489954194925294
-0.199324264753931	0.700855430407533
0.150036311279468	0.491508106511628
-0.128914706166293	0.38336788738368
0.04797654828936	0.0951149847278414
-0.19894475608483	0.643114344066093
-0.334617140585288	1.45512508913333
0.0957688037400128	0.270093925932726
0.130215834996819	0.415871871541036
-0.166149923398988	0.520943481064371
-0.292673725098014	1.06891463652732
-0.00603079094655872	0.0125211806808097
0.0382725795015625	0.0927915305827219
0.0394819305129251	0.0883616282125204
-0.0633762029983365	0.156331775009503
0.0830372207067368	0.246703047110635
-0.153270076924952	0.473074903142192
-0.248196563639615	0.777826619849507
0.0245528019415323	0.0588940765498797
-0.244000295183237	0.900698458516511
0.0892138583269764	0.257531216062054
0.275200246785983	0.977314463772997
-0.0182082368122249	0.0390492414157786
-0.0487259010256775	0.128037206776792
-0.098774839934173	0.276659029088924
-0.0882747726472873	0.246955646652974
0.0257087104022106	0.0634994036879561
-0.299132015855033	1.00185126869877
-0.224342936701834	0.737997856912308
0.225195015895729	0.855946531493454
-0.20881298233656	0.741822837614641
0.113188238269416	0.339949462410003
-0.224644528509619	0.900212961414071
-0.00197058417449603	0.00424127152447944
0.0854322692324548	0.238390536237102
-0.114535587694546	0.306254681118381
0.318199297641208	1.39663319818365
0.132959205318811	0.401064176041559
0.124209526240937	0.341831550508955
0.154945656019042	0.528054341177675
-0.0139938224869187	0.0326902451200221
0.00523460894907973	0.0125277990989286
-0.151249390885569	0.42110452445876
-0.146729790618863	0.455333404407553
-0.238274285375181	0.962455649803881
-0.000782207986589001	0.00177879336073283
0.0937511430016052	0.258134401143511
-0.183680888885953	0.678987892391362
-0.48731085642239	2.13791130965179
-0.0610289488957454	0.161712924988793
0.013910447277824	0.0310027687737154
-0.0307265156395381	0.0732441061960436
-0.0242056611809051	0.0619864311577117
-0.38596578397259	1.94046039824997
-0.144867118475595	0.461259381730364
0.0268846858198097	0.069986294674119
-0.318953535099053	1.40106716754732
-0.0248106333581561	0.0602420153736281
-0.286338326918157	0.992854901434812
-0.136780066090026	0.403184374088868
-0.0923528552728387	0.23617481987349
-0.285291426526238	1.17912207662793
0.0453893480222259	0.12101129373589
-0.104352684009385	0.31360895324672
0.161349376353736	0.495753006615991
-0.0345329287372355	0.0855423359564606
0.22945519516769	0.910959414082386
0.169206114274361	0.592462041215959
-0.0222027381914672	0.0525364553407117
-0.287168474245255	1.1375560582218
0.169607107380261	0.573823988398203
-0.11471978775871	0.34117574094707
-0.160745429239277	0.549359105962897
0.155598254085526	0.500486541684204
-0.269797255997018	0.89982746536271
-0.152662783505933	0.43864630291916
0.411413656378006	1.48834178542911
0.341926052883275	1.17387232796966
-0.0260539344128477	0.0564595286145134
0.460857199233557	2.15519383600531
0.0479471499399461	0.111941049015824
0.157599728437645	0.535923637730474
-0.197812453126213	0.68958256835592
-0.115848630483145	0.3514526245852
-0.264270215849455	0.93700273557817
-0.133786738567813	0.483905296509813
0.0111759799683167	0.0289488360407415
-0.0822753861286135	0.181145386611386
0.053702934073767	0.105726649240733
0.122068790137132	0.332990107031121
-0.0903401028957875	0.204571187250572
-0.0486999004214274	0.116001414122722
-0.124402160031139	0.274649427364509
0.241376537978061	1.04617453579228
0.0642164727277536	0.185384890664536
0.0782361374499475	0.185630900596785
0.00873141925331742	0.0202367610807396
0.163866801533839	0.50527660838268
0.168863941473892	0.479312349418829
0.140621500901757	0.501525669758808
-0.0740023971748546	0.205160131991983
0.0014397573261246	0.00319751909299469
-0.18909239927726	0.717519802542591
-0.197208585533457	0.709856072466177
0.0342212866241552	0.0890907367329207
-0.0103647548215134	0.0246653366946156
-0.109471665498221	0.335008648462793
-0.0828695125356154	0.238404224225477
0.0138123418901509	0.0344661919729694
0.0259939809367096	0.0686820450788336
-0.210207491378744	0.867622384857534
-0.0830730406563348	0.237559888938568
0.228486251272871	0.810350138759181
-0.00514899172685835	0.0107983288711138
0.107164692861898	0.306931066204384
0.230148882268121	0.840482926496664
0.160969059857978	0.584415110805049
-0.0949613412071709	0.262366915030999
-0.0247294977445056	0.0638276618429655
-0.0533872495381812	0.145029759275423
-0.226286874815611	0.756568106889469
0.0568839056487183	0.124762196267025
-0.0657414773487174	0.166195216484292
0.0248258317144478	0.0595955324123647
-0.0496234633755083	0.124767268172136
0.0682114545038413	0.190080624880147
0.0788617680540152	0.21547696048053
-0.053250602647993	0.130846990605242
-0.243784247907356	0.768253249982591
-0.010393279262792	0.0243240164703227
0.136373214195472	0.46561014649662
0.06465631906172	0.174931767703324
-0.0895099560788902	0.256160092447974
-0.0698955039750734	0.174622014190832
-0.11144030433946	0.270801714448111
-0.338229848412142	1.4992202902948
0.0012993070872984	0.00253368860369768
0.338162263369828	1.1844609590461
-0.041681178908129	0.0935373833184169
0.0135432216738646	0.0292588053061639
0.055336742353122	0.128449006810398
-0.0868010221767013	0.203016553002302
-0.172835895336465	0.604227951487039
-0.0291331070505178	0.0749904328570922
0.113190902472821	0.339932345173945
-0.132863197318535	0.451850648245044
-0.0770029069710648	0.212548923828489
0.216720260336322	0.648571608837642
-0.149978604857648	0.324359000902194
-0.315192065893803	0.943380338777649
-0.0749470235772381	0.160374887011294
-0.215129905304146	0.929514210575589
-0.340874711056434	1.17438035709632
-0.131004945114851	0.245483214398791
-0.46820640007373	2.04450481802671
-0.270000688117624	0.726539808866767
-0.265191729763795	1.05785141087549
0.187007401626654	0.778449471407049
-0.212914017233913	0.744074012735188
-0.0255769671579837	0.0656367750992655
-0.186582682040765	0.612454328997073
0.0480911591365107	0.0985748146613086
-0.261632003181246	1.00741693987178
-0.180273318448551	0.506727654912543
-0.247685280525323	0.843783228207246
-0.128768628191182	0.420406538169835
-0.10503968758853	0.351143895845437
-0.119806360412516	0.399985935703831
0.109594813789792	0.359004951515337
0.0625654512823074	0.165502187504634
-0.0479014754659493	0.0987954535739117
-0.138409711704486	0.477431654803827
0.141009023248811	0.383433281985411
0.317154390738525	1.33702466372862
0.340444127747855	1.51362105337195
0.0189325410892955	0.0435745307149699
0.271855169432853	1.19879593210637
-0.313640496387739	1.09544176206194
-0.281811601612384	0.823830999397912
-0.124427162750988	0.303492343034317
-0.19907152173415	0.554901989510879
-0.0471853104158117	0.110607764445506
-0.108646728632554	0.295209042614214
0.22722984337028	0.830456515478202
-0.0124705279438088	0.0272877356541876
-0.17025873365318	0.530395824553827
-0.0132500374909486	0.0250079621152803
-0.262026302430832	0.948213305332031
0.000569365213191803	0.00127779879307289
-0.125558078607992	0.374001874576467
0.127662906555143	0.377857149937327
-0.0421571026433625	0.100507622050653
-0.0103911290109488	0.0175765622560679
-0.151919235922126	0.3898578543426
-0.533176095487183	1.66050571919161
-0.247845638138883	0.610990936829044
-0.168513763393538	0.459292931737508
0.0599297330681633	0.157072313302449
-0.0462459313443683	0.103434168172387
-0.0949740032605768	0.255750505224516
-0.120211047853453	0.237690246914753
-0.314576171810334	0.630944932814921
-0.127658521740693	0.352116629881754
-0.215422785683703	0.804511783476647
0.0164518710287188	0.0363269046441436
-0.0675121465920881	0.177050188024681
-0.121939428874158	0.369612301268241
-0.269536440924025	0.990167621256339
-0.108538948523438	0.30725082621663
0.0399697913904876	0.113172929710969
-0.0241562973708439	0.0664791921455096
-0.122424962832684	0.269319064669779
-0.0712725267626036	0.218996676093109
-0.15271190888812	0.433758729571594
-0.247553396061127	0.62812462095445
0.0352292018077636	0.100793110566993
-0.0869666639776614	0.244524082619431
0.172687587641797	0.671596880410374
0.0517223294571021	0.144875155385357
-0.129458151261194	0.322759414128932
-0.257256031044973	1.13496728335338
-0.158258396607293	0.497188002343534
-0.0361020688013515	0.0569589802969724
-0.0420146756025415	0.0794003716995168
-0.180456245041638	0.503975356434224
-0.213654360883937	0.687807134563602
-0.25352679924667	0.985185255752226
-0.118720846580563	0.312846688090108
-0.0737200963895815	0.167473108877338
-0.152302879412127	0.478345884116584
-0.103353637044827	0.327673483890356
-0.246608879184195	1.06591770836119
-0.0557419400809936	0.150362942391063
-0.0679844261851265	0.193641984908333
0.103050809467775	0.295043957852554
0.00168527239589617	0.00405815340744417
0.155730605254641	0.551474759891165
0.152598953061539	0.47179149074912
-0.142167301326518	0.295322795502908
-0.104996592051451	0.189769128686179
0.111200854071572	0.165432617013786
-0.126830230058073	0.178152060383392
-0.025700454451693	0.0427467760799215
-0.0205367568150259	0.0333226590043498
-0.130030324716153	0.294814079132885
0.00256855364840116	0.0056230477564088
-0.141556832925749	0.275925991669178
0.0103952414290743	0.0141822473857559
0.176670939492799	0.473795098073083
0.0557159720968973	0.172177416170151
-0.0275496076069859	0.0880561649976418
-0.0389203170407423	0.11296447907927
-0.114184408168688	0.412212749481762
-0.0974330974760529	0.314929471500471
-0.153215966474008	0.535239037379163
-0.28226127902852	0.811960999981488
0.180424838406136	0.473655867855584
-0.296491603005893	1.15426192321315
0.174107523572037	0.479707038634298
0.0512504808653974	0.136707007347366
0.0380232002405502	0.0894482567190968
-0.166829210218703	0.438594029847539
-0.121545527440355	0.272469115008026
-0.189723787534729	0.652425099504497
-0.0793160690232757	0.2288748065949
-0.131429696828181	0.453635439650476
-0.0668663217499437	0.11084853120772
-0.278344590797267	0.476698344303158
0.465663854798044	1.1341089311385
0.11605490779489	0.231293957044542
0.147746632287554	0.302990776225476
0.0108996379120774	0.017759352791766
0.222872248610677	0.71247715684202
0.466719894443979	1.42342405222646
0.0997099620670287	0.162154673659905
-0.119480511418672	0.29520523293882
0.0527757024791586	0.151857544624562
-0.167142230634573	0.613707143670306
-0.0723634763776988	0.197567032580223
-0.0972066926052597	0.302268951852285
-0.00585237194043974	0.0137686297955106
0.273216274238114	1.0285966129771
0.112665833335592	0.269050253438299
0.127753905612385	0.342635892668412
-0.301661829653148	1.30953285690771
-0.358241719027432	1.33503860962462
-0.0445689045083325	0.109312444309935
0.10686743670273	0.272894921428692
-0.131907529906071	0.332830776444608
-0.110601918314854	0.221944379548744
-0.0475511052150483	0.129060344323595
-0.0223306210131899	0.0593800544163398
-0.121848496339168	0.516316370417795
-0.399513775291286	0.71857775090273
-0.185360796393949	0.405735849467322
-0.204707414836055	0.320963723662567
0.129133300508716	0.222385612626216
0.101484536027973	0.171814139666478
0.114985941364398	0.21443152614865
-0.226616133499294	0.579864441404969
-0.175334372738448	0.563301613318262
-0.275599589471526	0.633308189712301
0.180853857204255	0.328412802166381
0.344195050013232	1.17462675231246
0.00257312592205322	0.0069146572634213
0.0742401134805016	0.290404648816376
0.098943270626528	0.329626921018364
-0.0295575701515757	0.0927097814865797
-0.138998823206057	0.522342478014569
-0.049248689830812	0.14121706142343
0.13852057470113	0.349564828640253
0.0457792989498501	0.0968197668859542
-0.0228840995024187	0.0548093471011368
0.301188357568164	1.07370401525152
-0.110337565149782	0.355507942481482
-0.291999578175799	1.23598160977679
-0.0711913618475262	0.151978463284877
-0.843405832200738	1.59756919247927
-0.840876211373151	1.58932958335622
-0.290677016740371	0.958465109229737
-0.0382736009954267	0.065693410710789
0.00172666372558496	0.00443476804784837
-0.206165999810425	0.828322211685577
-0.191483969098085	0.496687853191431
-0.13763817461428	0.319058254044915
-0.0135025149821463	0.0169650455123057
0.0654338822514514	0.118950215129583
0.0174451815939086	0.0197019839533674
-0.0418432560095033	0.0580433021055346
-0.000744848895715461	0.00106759897009387
0.326554008342061	0.944078276588962
-0.0878237761799277	0.17005331621513
-0.00982244765107249	0.0216081372791233
0.322909536788071	0.828621940229235
0.243550961759616	0.438805507792151
-0.0701448095900509	0.154455454217251
0.0603080036350965	0.189015412854059
0.0211661329531896	0.0723823220867392
0.107859767146411	0.378723737923813
-0.0392678951250806	0.129168807777013
0.0191178740790611	0.0519054164805792
0.0138266920452513	0.0372605913908496
-0.0562631981154573	0.121517039001903
-0.248024522067465	0.798281902126714
-0.152013702680653	0.472633170844825
-0.103598989653874	0.259695883471961
-0.26773210607927	1.18699399867508
-0.032287431239016	0.0790353453007503
-0.110593238899017	0.306339333658367
-0.070875616322262	0.222127892981454
-0.0902511240667256	0.237977494487208
-0.168074696202435	0.309669861886986
-0.581693175854636	1.27274712013955
-0.642074603632571	1.4717821862279
-0.146864638702331	0.226987589739132
-0.0313329523916701	0.0909168446084782
0.0980406299223663	0.244094663561771
-0.0882518350783416	0.181164467434228
-0.105309598846348	0.382532096055595
-0.0700487221682981	0.15349678667637
-0.0783456961845991	0.125226164601572
-0.678395406746936	2.04562607205609
-0.0031712191608872	0.00524614641011939
0.245639998492281	0.666755218833098
0.258423188937921	0.799465877490696
-0.0199954330064874	0.0490861826296092
0.307311493458691	0.860998168333387
-0.0593355568584275	0.102868246354296
0.326768387017795	1.30784034401845
0.0868209496527213	0.317545413142289
0.176683257738217	0.967032303231219
0.0191734392042963	0.0564303118788633
0.0602724973021039	0.221950127879457
0.220018043796276	1.0702875488772
-0.158866504472298	0.681361081955498
0.301640474701616	1.06378139672732
0.284133053348654	0.9843460708378
-0.0234883755356344	0.0618482439101407
-0.179327536365785	0.573308850872797
0.13141401630595	0.485450853116838
0.151393929050372	0.488827063612481
-0.151905306974247	0.62821963806764
0.110376961612849	0.415370833949543
-0.0694745528094994	0.235060750506004
-0.121705456013186	0.37280133050131
-0.384761125908002	1.07477911309232
0.248399815074793	0.65612100338082
-0.0941009244165009	0.209901429933368
-0.329474668303189	1.13046764326488
-0.101274038860319	0.29631204575343
-0.0611633157047113	0.201068572770912
-0.0756975672009614	0.26862874933155
-0.199385932682735	0.900648148908423
-0.183309569766647	0.759038722278845
-0.149572408021987	0.635129999165772
-0.0611466077926201	0.127041093253129
0.184551100827438	0.562468540005492
-0.343026434917681	1.49764959411773
-0.107578063271392	0.320923975733902
0.24347323807103	1.04307030721485
-0.0393789381051691	0.112839622752362
-0.0187978843579478	0.0481089096279805
0.226393326568472	0.902985896928785
0.0985420126121402	0.348733459845634
0.0734162622289833	0.248567224309827
-0.0995326691643758	0.327052821006726
0.0534447083776998	0.16423380057668
-0.0676193737266823	0.232861608995656
-0.129167610296931	0.554945251873743
-0.0301418900015928	0.0799332170258708
0.111481730562677	0.398942515636355
0.120938713834518	0.458759251044408
-0.00725166872397565	0.0199116561866609
0.146074804372526	0.554181076314039
0.0472822233312747	0.142488319343444
0.0325708362853529	0.0818125943280662
-0.239742141697401	0.676409405157004
-0.134917731145664	0.427462468136436
0.149093396128838	0.498566460483376
0.0681762214576266	0.16021627950825
-0.0343071211352653	0.0979315105096932
0.000309805096452694	0.000831512280315333
0.0854145003115544	0.250551302465175
-0.0124003395733754	0.0295871424990403
-0.171204167377983	0.551037766130256
0.111238896059054	0.355039046174615
0.140623242292626	0.435560023637537
0.0727379882993982	0.235626455717109
-0.275991263211388	1.20381691137442
0.115938206315758	0.376854272595352
-0.0528306592465741	0.14332190768365
0.310370198983716	1.72832616557085
-0.207705360212049	1.04116201811544
-0.178223127498338	0.57420773331801
-0.106459285760072	0.293400010897055
-0.231760508189627	0.991356693324661
-0.0700930258570403	0.182770677483221
-0.177725526827833	0.527286917300987
0.0238200495129002	0.062439110231922
0.221279499690873	0.874914390514395
-0.0233358813301129	0.0638981366197028
0.34523233866361	1.66808726445058
0.0501406541800522	0.115205537068902
0.122256265406555	0.433390138443353
-0.0819966903466753	0.284812249998519
0.00563685251272852	0.015743353210028
-0.0588322818624889	0.122281330073646
-0.0364841286462357	0.0628132783665004
0.00525191537946618	0.0112713396249299
-0.0801016877889996	0.181542228521225
-0.046313843383495	0.116279059783204
0.0235891315505807	0.0411681071187091
0.115049729501833	0.394016694034885
0.156054230397049	0.623366920046617
0.00420683029237016	0.00977318728452411
0.0350737087010046	0.0982796472957848
-0.284596237225526	1.23171816007583
-0.260831438306695	0.771952171706874
-0.376882733501493	1.58538011263809
-0.110719764959102	0.187191683559387
-0.0573865200107378	0.077313472287271
-0.306597091571429	0.669360008316348
-0.0886374089844421	0.217813513969488
-0.199631099352645	0.66741840037928
-0.269315361504361	0.777456902369308
-0.064345784872335	0.202634532536018
0.0134786445175668	0.048948919946772
0.00845387336722698	0.0302967383583738
0.00315849644564673	0.0106041096313504
0.10860393054482	0.532775230663975
-0.068583801073706	0.293957065978257
0.0498601716440197	0.177501897471043
0.129021093869483	0.571769978628883
-0.280326470578612	1.2527888191199
-0.0241535684267556	0.060150574728853
0.044193533862196	0.0959213195453864
0.0575596058442501	0.186379336979284
0.00709070367931888	0.0228805520564178
-0.0502056201009614	0.109650269579186
-0.116441267917995	0.300213436526807
-0.274181486151149	1.53832380010694
-0.0752105600314879	0.251929881656683
0.082546324660154	0.302102354542709
0.337351034734025	2.53119322559242
0.0568404529024856	0.202524934998615
0.116401679766143	0.470488289799245
-0.0423175409465593	0.120686998728848
0.263654819689571	0.906264627581835
0.112802310574663	0.487182682664022
-0.00779090120233254	0.0263948297084393
0.217184496657816	1.05631298313077
0.207436200861408	0.456701924734547
0.363982399691923	0.670734969427986
0.284289183061542	0.799464276908927
0.0874280274240588	0.174018036641465
0.241862107108191	0.680797923028868
-0.393508195491202	0.799992238935371
-0.163571241178961	0.559768196019266
-0.0859808701245848	0.29687380267871
0.303026256705394	1.18073706514081
-0.022532288134373	0.0596580939210069
-0.162222898970631	0.43075075470413
0.160933242525667	0.426899598820412
-0.451430999062261	3.01394375280539
-0.132954507022358	0.296137364766752
0.160795934896712	0.391505116889628
0.0984115686955809	0.204715522830194
0.0260835687433645	0.0616931718739112
0.130242586822985	0.434660445345862
0.115430166477573	0.348411737418824
-0.159882449969664	0.65485400307742
-0.017703470236261	0.0570717197620206
-0.0260595867314917	0.0850024255020221
-0.251438743077315	1.43127333728247
-0.0610856767865789	0.220988365872763
0.283702391696608	2.02985373018223
-0.0377825845937935	0.123749363399967
0.140575145211457	0.656320147586069
-0.0851420544573922	0.273046631545278
0.139513625471403	0.5182463310837
-0.208175510746107	0.816390314737779
-0.091925971656505	0.322905019408679
-0.0585920015700031	0.194854408380324
0.00195169366886505	0.0044750112356057
0.0275766615562062	0.0659505933199342
-0.0865212592208237	0.180550517696022
-0.378252235678717	1.22236489736923
-0.00597645889195951	0.0158177070460433
-0.0498376955067505	0.14965985975496
-0.033898497211023	0.0966086879876319
0.0112181951174948	0.0299315922687295
-0.0282594355801628	0.0821149316734912
-0.033752062027197	0.103241770773204
0.0364374575636861	0.111961871189854
0.00585827598965859	0.0145671200726137
-0.185473170275873	0.695105061710073
0.177490246483315	0.781858129119522
0.217587624201637	1.05550136379567
0.0665798976624448	0.214515856698993
0.171974737762603	0.485188876177366
-0.0649453437620861	0.131230177845889
-0.0130799506713471	0.0263258974360257
-0.0596025857684016	0.136369559131061
0.34070382020473	1.39929655837443
0.0363606990147391	0.0709394421330905
0.0193850583019694	0.0465596687693778
0.00660011381365813	0.0175495917853309
-0.0215104416050027	0.0560697075159067
-0.00616478735279243	0.0153351010241526
0.00805280236808147	0.0196929363581759
0.157407514552274	0.468957726565422
-0.100123101787635	0.293412598791352
-0.0575916423859097	0.179655738802958
-0.133307236970547	0.533668993593459
0.0108670998618513	0.0311249602251961
-0.253972465580594	1.37923658451671
-0.0721913988094343	0.192355147046548
-0.0504267860681404	0.100083323432568
-0.0708483711289382	0.139329191312239
0.116338186543069	0.26259345231117
-0.158200759139638	0.492093572841961
-0.0133728321799912	0.035946101886853
-0.11635809637519	0.346121097808058
-0.239658689222307	1.13874800990519
-0.0822506297103051	0.319196641038453
-0.0901241581034892	0.332840861039978
-0.0108550993542725	0.0315376878549266
-0.0387126160857681	0.121416302019408
-0.0555894105059609	0.190279012848553
-0.0407378795410534	0.129417269702554
0.0693335205374875	0.259673815756536
-0.0558238304946026	0.173065128762062
-0.0600008242758313	0.19324764188644
0.126470544175324	0.432827212256699
0.110772563001204	0.395554787235395
0.225505032286832	1.13522243306384
-0.236333938340176	0.955890802255756
0.0341593941859648	0.0849642252491592
-0.136895601282556	0.359630176228485
0.120371420178211	0.275217841814994
-0.246147203086923	0.856987997488583
-0.0782804698712316	0.191686974815244
-0.0864759232167146	0.254026149030922
-0.11905030303418	0.39091815861181
-0.0820535231592628	0.285376524614521
-0.0416815164506041	0.124104484229693
-0.0996015663396214	0.374473275582905
-0.00299311743705456	0.00778483726523902
-0.0363117638012685	0.101952019714806
0.0313497328662305	0.093972250685688
-0.333821030981196	2.08359335314716
0.14973299736007	0.668776580518337
0.268269491216581	1.370465099696
-0.164301243655997	0.620970488622412
-0.189849553557502	0.879651203558979
0.0630524044930265	0.227297394255905
0.141431524621648	0.534277762993379
-0.02643185464199	0.057646798870425
-0.283327089248607	0.824325056605765
0.120669601984797	0.326865433231959
0.193979497887419	0.619729214643643
-0.0989273841253774	0.261268851269654
-0.238657105980167	0.718669509646944
-0.177711827093246	0.650035247622348
0.0437113763154458	0.128331281017348
-0.155201746990317	0.554065829036474
0.00012721426713928	0.00034126345520656
-0.00826780459048238	0.0198325701773082
-0.0199530992177322	0.0460498387298076
-0.0972633855298652	0.364449528973618
-0.110460076869482	0.437154475940937
-0.0669126588221623	0.241038989244711
-0.116198351668095	0.451019169111591
-0.116200671195827	0.490614887127515
0.0188091290132629	0.0600537425008864
-0.0273763246799107	0.0854351334103927
-0.209948770284754	0.970621219493412
-0.119286503876489	0.387639155866429
-0.114661749411577	0.278694794527474
-0.0461955212249432	0.0846399004729521
-0.154370974199135	0.527314254694394
0.254218180885577	0.776505936612598
-0.2531378238075	0.673854156171619
-0.024498748753816	0.0468676551447969
0.245205436234851	0.947306305119602
-0.0456540451936827	0.113887678591968
-0.135966646203815	0.412797043874522
-0.115155000852736	0.436507730925118
0.0631450890999136	0.246855087901785
-0.194172760949967	0.974832151874208
0.0663726062838062	0.222101411037525
-0.0293668484217062	0.0936429834313408
0.0403506560159159	0.133203632254049
-0.0324496774745979	0.0922208858650847
0.0338503860438802	0.109721485505822
-0.170094199615321	0.832273869710259
-0.054900839608665	0.182072246692143
-0.139148738171287	0.521871818013741
0.0238817834443017	0.0719903676369823
-0.104916502532524	0.419285682808142
0.00533647909990842	0.0132522707476822
-0.241833028647471	1.03941977185795
-0.122596626920502	0.309869389073895
0.0621580356843071	0.12996424664095
-0.0481578808718216	0.115369950921566
-0.088551549506592	0.237787246537931
-0.0557806943397181	0.170625652379559
-0.123355835501515	0.407937984235825
-0.0680903675679286	0.197045853507093
0.0461596953085354	0.136759946484296
0.0156101699581895	0.0449936657528884
-0.0728553887869715	0.241970418271296
-0.0619295065794856	0.201940930736816
-0.138377489526562	0.545673873676189
0.237499099536854	1.10427806903531
-0.0242250960588304	0.0777445020143474
0.041979782040719	0.141049697823687
-0.10000079580428	0.37703237932359
0.146291672320821	0.608770532147026
-0.0607958926277444	0.189756020600181
-0.056758770840595	0.186680557790499
-0.0290398032299188	0.0887043087853932
0.0691628305485051	0.229189554691558
0.191006244084739	0.627211938762466
0.092212875163079	0.201014224302748
0.092345686789665	0.242007251964282
-0.139623223549891	0.400065089054788
0.00804687068443725	0.0186843434190221
-0.0967383425274892	0.222287395599029
0.0307789598014102	0.0841298945066881
-0.0616600949641916	0.187622018874164
0.146047725155069	0.522778852381118
-0.218714512441063	1.01275350989764
-0.157515176823849	0.511608011043082
-0.127301555949881	0.345672338490004
-0.162167272000031	0.609299372581691
-0.105508192943128	0.305763525528367
-0.312274014916683	1.88350267417304
-0.157330687565769	0.729279065204787
-0.269484968644041	1.63622742582193
0.0353092444437537	0.101589984714314
-0.00657128792779544	0.0194996566745752
0.203646113683667	1.05009221193379
0.0799051157406201	0.278300666217626
-0.0727512681728358	0.242116808521283
-0.0325664881054286	0.092381575998921
-0.16460280554402	0.433363828019208
-0.017139004605038	0.031115929280623
-0.0985894511425629	0.20374943747691
-0.297049816242653	1.31896440401706
0.250861855656437	1.03465131085506
-0.202681252210377	0.54511378434112
0.19092449047901	0.479725315595821
-0.231609848946266	0.712198296032221
0.0270857788641781	0.0713474738647478
-0.114341224892776	0.341025336800801
0.146450910912028	0.441652756697295
0.218487268835576	1.05925364374517
0.0308647586200959	0.10081730729104
-0.0404949307732523	0.127449267316438
-0.286967004257393	1.47752945519783
0.104195041639186	0.38027196141865
0.183385379739672	0.840654711016278
-0.0716776061303932	0.222007454146385
0.0157732783851695	0.0462719395561074
-0.11293798947087	0.431272348735625
0.066397249939062	0.212105420884644
0.0873800255583819	0.263934480841652
0.0158023984235592	0.0437329432579903
-0.322277146019282	2.10585903641142
0.0196224048895821	0.0525013656337636
-0.0438734713617773	0.114690723657593
0.0595453354847621	0.136239336073403
-0.125141412688415	0.270792322364814
-0.195366973380935	0.587437593030946
-0.121511921846658	0.333741820839741
-0.0258830270542451	0.0613575214877308
-0.109439322433504	0.413786055135749
0.103495225903711	0.306988950062145
-0.0868403375093915	0.263688429966046
0.350943216011398	1.95471544739472
-0.107360647327684	0.403038433803481
-0.195676066759974	0.809893722444098
0.194945414420276	0.952971630027396
0.0309097316996081	0.0896435463771635
-0.131738544298855	0.459805352528418
-0.0218373144847835	0.0659493269388548
-0.068043577312744	0.240883810460379
-0.0484894148125126	0.165124712108225
-0.17372880109682	0.804262312817113
0.0677460546805885	0.200862241418396
0.0951982481261438	0.355083199339399
0.0463832022061025	0.145530015737455
-0.0433279631120754	0.130665199152542
-0.109593939706714	0.275500382517914
-0.13833978087038	0.287636146634544
-0.0138051096441436	0.03175677423927
-0.0864223859427921	0.219604435878077
0.270476342444258	1.09323263706424
-0.183450817826965	0.437235331818453
-0.327510114934389	1.53942701138231
0.0557114444753665	0.173485333539266
0.229389137105807	0.926077581524718
0.115172695071766	0.42576143030259
-0.0950383114648197	0.274931716012206
0.119736303839588	0.304921571705601
-0.397073189336438	2.93991159539303
0.0278246396020748	0.0930648571518069
0.140028782692559	0.608772375022587
-0.166357639858444	0.695941776643735
-0.0312687423460533	0.0957328467918385
-0.170126225901321	0.735589359736315
0.0751973694394537	0.197596985989068
-0.0179226620999117	0.0380538032088515
-0.0242475783649021	0.0488902628784955
-0.0202283488384129	0.0435774451033087
0.262810281441994	1.19192414250183
0.0309407203114696	0.0815508650723134
0.124060394558057	0.338373000054458
-0.141380852602781	0.379149908692659
0.0381675412091887	0.0814320087976595
0.0204692631217557	0.0539004770284463
-0.0759430515168416	0.213179084199909
0.00802215940215454	0.0185037795095118
-0.235591479466466	1.15733703311465
0.0566399825164019	0.192996794224507
-0.277427208375787	1.46457124866024
-0.110122898259768	0.378822835692005
-0.127773573988532	0.448169724920954
0.0568559795798869	0.180520527715663
0.0504173342953845	0.14091149268669
0.1638927260116	0.719852729351676
-0.184855301249341	0.811273555159131
-0.0145446200298468	0.0420043131657517
-0.168076322568396	0.681298968178059
0.263952692900089	1.48579363510062
0.252336972208858	1.3874352865584
0.00424523242691678	0.0109263631652928
-0.0808746685979993	0.262448750184654
-0.156025588994166	0.45685440775057
0.176777632925218	0.553257012189874
0.100398757791099	0.287086772658174
0.278261791123379	1.20919879356066
0.0551948523335181	0.144972398329846
-0.0539043558417669	0.163110804104591
0.0366829069590448	0.102729757921945
0.274998199676978	1.37175928154677
0.272270201783513	1.27686645685014
0.107648483262752	0.376810858992479
-0.082909135761518	0.269780999251937
0.0953406464516521	0.351011504801665
0.0574870350709798	0.175705385671907
-0.147825311341266	0.517721736941624
0.000101015701774288	0.000272517050639883
-0.103560833930579	0.378151506276708
0.187044747597689	0.902058666526389
-0.348828219903072	2.0040971431567
-0.171344135362056	0.714097043207431
0.177688965508037	0.809253908777777
0.173005268362814	0.767449561990796
-0.00656756671640971	0.0193490820925228
-0.103998838391446	0.302890743564762
0.0317329124517812	0.064301216663568
0.324226864011209	1.49939871446692
-0.164686415446392	0.532389448407645
-0.291128528683027	1.35489052637833
0.218997928034684	0.76451535853042
-0.0613657291107121	0.185223105299519
-0.123975414734259	0.447306336798157
-0.0553584823409637	0.159703485365753
0.11910805684435	0.449215946711594
-0.37181868409192	2.17763958787355
-0.0528192061361058	0.128528042589012
-0.263168265336922	1.67387487819826
-0.181833602795382	0.867404338208718
-0.13899308282812	0.586434746312684
-0.155229886614011	0.538419722262588
-0.012620345090444	0.0296245608164725
-0.0517084351775886	0.134190928378641
0.0508209803802909	0.122272475641487
-0.138217694980063	0.402391488944696
-0.0353685497053496	0.0930029677892982
0.0470250283394867	0.119701988846197
-0.0257061211430455	0.0593052680858982
0.0834422493877365	0.234441294943708
-0.0502487178593298	0.136367952520502
0.00534871193354439	0.0129518779823012
-0.0559979986043549	0.142488458496987
0.0839739171594653	0.254907129513661
0.1229353015286	0.467074714881145
0.0186679580394696	0.0542438260726984
0.0194334117642608	0.0474508940750602
-0.0372727257837461	0.0909900422493356
-0.212299675319828	0.883503822124884
-0.0480811523109753	0.129078980514614
-0.168925458682509	0.524943636116009
0.162709631829481	0.656310220852942
-0.0164966895323155	0.055906527037348
-0.0415153312329831	0.146302914455876
0.139018140632656	0.625246064630673
-0.111655047980797	0.41830759332025
-0.000174359222615311	0.000435099568213978
-0.103565219411378	0.434364747504028
-0.293932783441327	1.72362969736476
-0.012188977008229	0.0312572759445789
0.0255943448808756	0.0679451773587803
-0.0778565809880316	0.238605386217303
-0.194582615031213	0.824186500305656
0.435635682839479	2.96882582815069
-0.182859752385816	0.800186501237075
-0.143075915022181	0.531046369477578
0.0590808036083781	0.175581070355054
0.195419797737896	0.783536145349341
-0.121996592733589	0.443471006965657
-0.142129976219066	0.541729533671587
0.030763564056848	0.0784080497788224
-0.145410944910936	0.558679386070373
-0.0867322907944996	0.257936542797637
-0.0908691729664408	0.304535445325396
0.118097151622111	0.456552870534176
-0.0509642388569733	0.16281581731365
0.0953701997084542	0.363235250968857
-0.0588147935472605	0.210746719456057
-0.00255263511140688	0.00615955688056916
0.0218385551810994	0.0513384445575222
-0.0751625391358867	0.250465375821828
-0.238340204516696	1.23390717211282
-0.426785346098807	2.40590218515468
-0.224367880171245	1.02539924546638
0.15037353096322	0.600032620487409
-0.284664058740022	1.5683172220092
0.240445359794268	1.09178931098999
0.147411363615718	0.500388093162133
0.195202071764559	0.788242045644255
0.227926876034046	1.15120284949782
0.0249252783960084	0.0705513925377319
0.16137999671473	0.609245827217511
0.226943184300647	0.875977024667954
-0.176059932676859	0.87719468518211
-0.099436388799809	0.217596411703184
0.0370162763034534	0.0795620410376376
0.0655785140207719	0.14173098984598
0.0410112977623124	0.108862541313044
0.0451355977912162	0.130945051821238
-0.0513598277119606	0.121533607087896
-0.0832268923765449	0.203095499718563
0.0384571891137084	0.106985786555022
-0.127736589658888	0.452615235454125
-0.106479723162335	0.319474981858437
0.114430171378252	0.45593662724158
-0.0559386509236976	0.20255671232588
-0.0460146719990318	0.136701125402674
0.136609995355427	0.481233927000381
-0.101513090820649	0.333816424572261
0.0484098040441883	0.144571959603473
0.0879510542618294	0.282589207609523
0.192368876353562	0.958015131220464
0.122946767296539	0.492072357965798
0.104797924143619	0.414374358206878
0.0642958586464312	0.19287325496265
0.00155677243769917	0.00456464949622591
0.0561883295598446	0.208485626944716
0.0611696245428087	0.186253448056376
-0.0848569820339054	0.275109374533591
-0.157174127508186	0.45139678805541
-0.103750652394155	0.260139926008882
-0.143650641890423	0.444043233438075
-0.0347844585516282	0.0825378566522205
0.070108299038179	0.19816711716952
0.180166878852404	0.81201756910011
-0.11459870401501	0.379225160161189
0.115099959943785	0.387732053332717
-0.22243927122628	0.989136876526041
0.0196715330908581	0.0563982778896046
0.102312386542089	0.370168870120267
-0.0254630394355022	0.0770624553580637
-0.0234994334229118	0.0626054439008958
-0.132579136219197	0.48480217618484
-0.0736615311569419	0.243101628419196
-0.0442345205640667	0.14003028831656
0.116876112966527	0.478358972319861
-0.0889169104331612	0.331309661961674
-0.115475351061887	0.404507193337953
-0.162238665073567	0.766351693553132
0.0441312966438649	0.140921368679778
0.0330233938986937	0.102747127686182
-0.149401336688936	0.463752161317227
-0.209737926255624	0.634039583763486
-0.0337561387763805	0.0835444889410915
-0.15985805950041	0.53035755047384
-0.0118609794794531	0.0318398535948727
-0.316587850964882	1.24975113884701
-0.053328547021607	0.161868884428007
-0.0235210254826169	0.0700910278491695
-0.164411110125697	0.635430764409575
-0.0796043402643146	0.272941576369331
0.122358525427746	0.399827454209353
-0.226604294442973	0.789606738143422
-0.113429611143196	0.332268077393875
0.161026769037377	0.498656279588559
0.00202244351640378	0.00513290931873654
-0.023753471541638	0.0663811674488794
-0.0735616907446439	0.251081285316175
0.0644026629490186	0.204139193117774
-0.0174174998987115	0.0451075419444688
-0.0966933741752812	0.385900854165397
-0.090904810362106	0.344022705061585
0.00322323218710715	0.00793399139611939
-0.116677871933995	0.367744116442797
0.163479297202895	0.575311758340402
0.257561634820422	1.21482318421579
-0.138886957394714	0.497700100169719
0.0232905539207176	0.0707204496586969
-0.145442757929211	0.61967295706818
-0.141087891974717	0.634222253232968
-0.0954060937002047	0.351100139943868
0.069735542666027	0.264675357349518
0.0812089016661022	0.324330583770829
-0.0545619850234048	0.174354474227908
-0.0127095156439465	0.0360001027809754
0.242040745237222	0.935104993499798
0.0804151877014801	0.21460689472676
0.067031907498964	0.205010303922503
-0.00222656501797825	0.00547779151576463
0.107071271627606	0.355550077623523
0.283952659037086	1.8761006382165
0.110697178234104	0.402970793340161
0.201370402576074	0.899262507589019
-0.054949270770607	0.167642227810327
0.00789153083659342	0.0224662934531691
-0.167369779821224	0.674719645651034
-0.208117256315327	0.983851888662888
-0.00915721809866463	0.0242387192723742
0.125237201277701	0.41912147860344
-0.147291735554312	0.58071434661294
-0.153807178173776	0.66126434237803
0.251329242504949	1.41376950257284
0.191681300648881	0.930859253393288
-0.141628836654198	0.563976377295349
0.0925576823647894	0.349711906520567
-0.0204258526296053	0.0598429299616545
0.0702743475342949	0.261903645698367
0.293356893609278	1.32603560666969
-0.0377474585024988	0.0831713663362909
0.229421790101549	1.04370245345799
-0.0558860429630888	0.160432635781162
-0.00234923860471863	0.00646774037369807
0.142328226866422	0.469259021161245
-0.013921287168873	0.0407212833864907
0.0978260159076445	0.376045372866827
-0.0730754005032188	0.237551493742478
0.0410616720402949	0.134673600627524
0.118274698991199	0.443190093463378
0.0603760077748879	0.157122136304901
-0.0999869832058485	0.398428656168551
-0.0218508412897683	0.0597843411479403
-0.0958097659169526	0.273143601401937
-0.0548843817102454	0.172121119155501
-0.000263955243286294	0.00076970240985206
-0.124052994077889	0.43608320409926
-0.022793825112747	0.0608343345420929
-0.0764822995577161	0.263074234167595
0.0184952401149629	0.0460404449720093
0.114349407282301	0.271138402034922
-0.0611865543820658	0.0949247898361542
-0.499064043379703	1.35186963969884
0.062518953444979	0.097608299569554
0.416991806101887	1.03086121651949
-0.0238256938950601	0.0408182754869791
-0.178359329421045	0.488740550327102
0.0815252859801771	0.321660637332212
-0.00775757821433699	0.023894618891426
0.316571702898292	2.28436769617647
0.0423314030938035	0.113472286642443
-0.0618258830863933	0.136574421545716
0.0375280219401788	0.135424370157047
0.114983717743068	0.523539929819488
0.0605128984495695	0.234559076863616
0.13364915435023	0.674208075799727
-0.0409600561341672	0.148951429346039
-0.123706784451911	0.555605211750053
0.0577732434234286	0.207749662411588
-0.0894252748453161	0.305990677860823
-0.155084275170972	0.60408844658885
0.147827076653105	0.515567335269078
-0.0498333557630397	0.122502960857126
0.0916471838864424	0.274608208407167
0.211751273634005	0.732205531105942
-0.0878957268022277	0.164789897386945
-0.274989763228133	0.937433343966882
-0.0294990078299692	0.055942932211547
0.0102130704410256	0.0196615988250137
0.0372264316420402	0.0818239865395174
0.0366223600235752	0.0807195793056813
-0.180298176440525	0.672974230469397
0.163345557904621	0.744664990902691
0.0997988896468328	0.262215516262574
0.274795492682312	0.791790714865007
0.183823218430124	0.705745054810406
-0.138186254569138	0.701956785906055
-0.124027195576433	0.616036883091472
-0.162564343496123	0.756950907206439
-0.0513779072742187	0.195119610238917
-0.0849631242572978	0.333160061310318
-0.0514120853255782	0.188171181577336
-0.029273807033123	0.0666719866682456
-0.145131856127222	0.459049197457145
-0.0163980451842553	0.0457341100762155
-0.087523764687169	0.267012061518428
-0.0450719759983428	0.141099427316354
-0.140807273128338	0.521327685322069
-0.20881562936422	0.930133732770893
-0.0530714851555676	0.183545645627014
-0.0538917459370411	0.178463978845745
0.433337677304165	1.87691399679529
0.0481105070640328	0.108588300786283
0.145815936800193	0.439251672130325
0.146601490629025	0.442215862975546
-0.310878606209389	1.27490381682822
-0.137401031440719	0.535777155853512
0.0908693409962504	0.391596869174159
-0.0112956159262025	0.0379730211646209
-0.105291769598894	0.466145891485095
0.136146784698376	0.615515302557515
0.0590234514611421	0.210051137767685
0.00259645494000995	0.00825468570122085
0.239457046676731	1.4869722414744
-0.0948947251919156	0.345847816199275
0.149572052641729	0.559585144438456
0.0201576466643751	0.060582859250641
-0.0506839121853436	0.168183557400321
0.00680896511423082	0.0195532473687288
0.0968260603394861	0.379569407400636
-0.0172660460213671	0.0508239918063648
-0.0336402908309231	0.0972644051129591
-0.00630435748928389	0.0165272381367283
-0.0261903466712856	0.0808794789887752
0.109763326988614	0.388454460531566
-0.357129780056001	1.64092158355754
-0.104825262102526	0.351223470876113
-0.067016804009465	0.188902012510447
0.103131450026761	0.355991179355488
-0.159196000330098	0.617734763960975
-0.199818310508067	0.829641656746178
-0.0609790921221783	0.211623887009589
0.0128538368992903	0.0380970422113071
0.128087075306874	0.477947823069017
-0.0537134877872321	0.15702247751159
-0.0663615434447105	0.248674349482306
-0.0460243492796385	0.149222492285154
-0.181819413427233	0.733726153818139
-0.0138269509863703	0.0392333521161612
-0.15578028332698	0.697478270888233
-0.00460908289132954	0.0132068488319395
0.234606891630707	1.14812888537744
-0.185815647425109	0.791893196114807
0.125188151142491	0.536744017825061
0.0311466841225548	0.105982320057206
0.0423591508979006	0.141603962017561
-0.0886351432393503	0.325679764038422
0.0780218403685845	0.229901334034326
-0.51568614181406	0.658494042981999
-0.938611164144131	1.61852631466297
-0.463804378832205	0.977003132441522
-0.042331040028735	0.0698832842912211
-0.0560913502457329	0.0996236872041631
-0.0158321020968684	0.0204443853978982
0.667270254908778	1.73701332661744
-0.339273503912637	0.652150653603115
0.0771636682467714	0.120716518376118
-0.12888194645824	0.198598284829753
0.176175920343138	0.38232725549877
0.157935961885846	0.262092286504079
0.177812600445257	0.312010294040747
-0.405285071811659	0.807395350667216
-0.347753679102303	0.928473435280684
-0.159264661052264	0.356717377849889
-0.293177711009029	0.529361913321678
0.17058771550369	0.296616025559087
-0.0301246249201541	0.0338838718126296
-0.521838892220761	0.724342866876559
0.431407291339958	0.728080591191668
0.21820219966382	0.309936641109664
0.392936528744314	0.794323469413502
0.0590636540105673	0.097415475863498
0.371935661082909	0.843579753581448
0.434841012577803	1.12796265095355
-0.137085980959249	0.221975626917438
0.149898554414818	0.280456945477711
-0.0927064339471096	0.14130782409256
0.433732975177536	1.25902739364707
0.134487936896319	0.181419636420219
-0.359056821163229	0.743613102081389
-0.0560271509561306	0.0886023613316225
-0.260989569407915	0.50484412986558
0.0494508188559592	0.0785523300271838
-0.00960955094154737	0.0127863574841404
-0.104762248196097	0.151799971159494
0.0674553329050818	0.109933297711949
-0.455924788088621	1.52789869233601
-0.149625134610264	0.287221071108887
-0.246759738471619	0.317208000348345
0.251806673607086	0.307773217837887
-0.694941962514874	1.60606146257257
0.93957827618985	2.29814567501763
-0.0388026572913384	0.0519542610436743
-0.114591166815162	0.123088382674084
0.0579471167697041	0.0978868068441698
-0.345974693364451	1.02937684358142
0.320052176788993	0.63731441529456
0.173799634879884	0.378799309111603
-0.0631070110488251	0.097396500127357
-0.364979200654038	0.579350609320636
-0.0225169474251343	0.0384931885369809
0.290442963918086	0.601705814616291
0.0704299237895304	0.0779378051703141
0.301731375513598	0.390713412787435
-0.0647821142349746	0.0729432252732516
-0.340989139282724	0.592068604103662
0.169893248980485	0.307783539107531
-0.237487184115951	0.507232706319923
0.20462473787179	0.464775306830747
-0.0167484853460598	0.0300054061086981
-0.0591503947647746	0.109631336699814
0.0103639958424518	0.0186556551387097
0.209691050544042	0.463093771686337
0.103747638602612	0.211995755819366
0.0760738988325204	0.161138162005913
0.0925246920745221	0.15885965044059
-0.0284592066834145	0.0424593389318961
-0.0137426211174159	0.019306001843392
-0.210323045959592	0.434567810250061
-0.0659399901600925	0.11196800845809
-0.145378397358155	0.301375826601693
0.0368042817180007	0.0583110464327564
0.192886588069745	0.410042049117114
-0.285609248649753	0.557156723840727
0.0514245725991473	0.0846815065984273
-0.223957038250918	0.420234453288184
0.129097450163472	0.202817946552796
-0.312020754811948	0.641011417839031
0.0850012338595286	0.126593293487325
-0.418057614429739	0.831811918033832
-0.302473287897729	0.742560454847795
-0.358307111999607	0.856465218592063
0.0217835749658781	0.0353623067497625
-0.0650336141233285	0.103480318164349
-0.385649499978583	1.00001361912497
-0.212575196354784	0.488348067478337
0.00222777063969036	0.00329407939476964
0.216860825029295	0.375452151413444
-0.0848006955123774	0.138525295646961
-0.0351215027212942	0.0525554819539204
-0.2325423793618	0.547834835191967
-0.0866746816108868	0.135086179351372
-0.214144037521668	0.46447794496409
-0.289040770163107	0.81934705527721
0.0270365800028145	0.0474670670101052
0.400780769729868	1.361971174766
0.0339217767806857	0.0651871715842558
-0.167088714014896	0.370016394190029
-1.06006971079811	0.305985570921419
0.291272235289493	0.0569914165178306
-0.537361675404225	0.125602721829387
-0.537293443179004	0.125564811919511
0.2917340637439	0.0570664528087262
-0.536830965766895	0.125454433571689
-0.362011717661691	0.379584043704116
-0.414490293835904	0.371758608366544
-0.264785297733631	0.147382442810065
0.738015920384087	0.287692562990984
0.153923513093715	0.068358948788558
-0.193952986267737	0.0751488740138416
-0.798164959835492	0.371380497330597
0.0568282735210475	0.0286642323394112
-0.0946063875762511	0.0725858385643596
0.316944092521058	0.329640902349157
-0.108985042592217	0.0915251110463774
0.00221240511910358	0.00121023596038422
0.15546581604126	0.0690631548227461
-0.560869206876337	0.748465556598933
-0.297156386593331	0.315467235748219
-0.0456974354615406	0.0468620716913463
0.23011305175912	0.25918216533943
0.160577726979428	0.137605231742185
-0.0831412579475435	0.0703502393313146
0.386371192369508	0.431619330489773
0.259882769782733	0.180007621862851
-0.682237910015693	0.623076104772597
-0.879578651503233	0.773941539277291
-0.386485933427638	0.235345443783205
0.0180563792935897	0.00838144545359626
-0.0353091041352566	0.0190737704429021
0.0553363902905755	0.0193745837048732
-0.417454375315698	0.283696818083339
-1.05854672631136	0.305399279802751
-1.1606954066122	0.816522253950261
-0.163961619582099	0.134720066600183
-0.131013824721595	0.108565421383688
-0.186697336345261	0.255871946087902
-0.514101685645399	0.655681435002142
0.683762316790566	0.477909826382629
-0.272538247108777	0.214742082316993
0.947234826363775	0.954605538968936
-0.102700836581863	0.0622269455824374
0.0949492466048227	0.103894795101274
0.597614043633292	1.86772204262665
0.246883444625423	0.44660493510585
-0.0652173848587606	0.105843241125392
-0.10618362745663	0.13474407460048
0.296262461843386	0.381864476365952
-0.30664584851087	0.819628568644601
-0.056261204514535	0.0849003265584013
-0.0526610704838216	0.10044148123727
-0.121994609069229	0.231618360937694
0.0941377838455371	0.156324724361908
-0.56757427903587	1.41193537710748
-0.322708337503698	0.674550410385685
-0.175260916114132	0.263932977192485
-0.250779399997486	0.35971943789794
0.155297393380747	0.207975677267371
-0.739777303515129	1.0666131659504
-0.294948582314915	0.641322199739136
-0.108535874673286	0.209844639261269
-0.210155558149832	0.3472923938518
0.14935391692426	0.210258010399808
0.222622051173822	0.392556020952754
-0.599029663706869	1.58024460885159
-0.0735545416710595	0.111040462355453
-0.0416041858903194	0.0823904273095994
-0.214658504576633	0.976513281360055
-0.441615518757729	2.8174504685381
-0.0900129098352601	0.302785322445763
-0.192133566558594	0.61117207295118
0.11909802537793	0.264950099607025
-0.395619832885497	2.67821988848625
-0.0902041880703939	0.293970446690338
0.0330977997806025	0.0880479887367883
0.108497653915403	0.344416631390823
0.181193344698162	0.642427778116299
-0.0851052869846922	0.21569479635971
-0.0211007118606221	0.0515601239604691
-0.19909396017081	0.570052929736811
-0.0549677943461022	0.0874284340816062
-0.130950976108524	0.288821035730836
0.4174794187283	1.11291867519691
-0.302524125228055	0.759021586528137
-0.0747432287965976	0.0683371720348056
0.0491146788643642	0.0479006911439514
-0.538520753248917	0.866619381561485
-0.144925134369614	0.197126980203589
-0.095172873000944	0.124268662025147
-0.186534517314494	0.306093833741073
-0.0281059817660874	0.0385686124903173
-0.179908355895512	0.280349982472527
-0.125695624112727	0.171324496889586
-0.408062722447088	0.815221980897954
-0.155752013740648	0.234328921600357
0.343044790282783	0.68941489821113
-0.0918903842247701	0.112525173459134
-0.150841233459061	0.169352275794377
-0.071680492278729	0.0773012784139133
0.391274547963597	0.618787099478129
-0.140385942604554	0.186375336265916
-0.253605031548087	0.38609418170643
-0.274561794415992	0.365457521321498
-0.509391065870892	0.818630646816302
-0.82466440800302	1.47263656801655
-0.513134258296807	0.851853247660893
-0.138136567132046	0.162239439296714
-0.933184634078015	2.07677307590514
-0.21323732357898	1.15490246172877
-0.0582372392454152	0.19235111178942
-0.224711055241313	1.10336388343143
-0.0833019299283437	0.316769060934158
-0.0348968683922741	0.110485241210651
-0.0561818488131492	0.203906411294152
0.162637277538412	0.614544608580286
-0.067280165715697	0.201472939117024
-0.0320333458797794	0.0801478691614208
-0.00730307076660665	0.0208437033390144
-0.187581081590208	1.00497089859335
-0.0561451894005924	0.144065397007247
-0.149369538933804	0.497835074311985
-0.201659304927708	0.592057037600823
-0.144440640357124	0.343849837431729
0.306860030377665	1.04565822870868
-0.0610720494234144	0.133231419520473
0.0181265957237354	0.0362858507306444
-0.110681706128216	0.364938915874875
-0.117813568821041	0.440246240467904
-0.103461087394851	0.378131072895097
-0.0849942820740371	0.207260675386417
-0.169597693756917	0.465764354855702
-0.232619800623783	0.768986427868075
-0.0994711786931963	0.244539501603963
-0.211842429843784	0.588532019860535
-0.0152274956462721	0.0274615165269181
-0.0612418401956518	0.110798869927371
0.265368806243091	0.633572416399091
-0.222129947171946	0.462623752011957
-0.0190397815257338	0.0296239954919846
-0.229145139007854	0.460472267810239
0.109665459664255	0.201241316030328
0.0297827584786203	0.0471066349547433
-0.229122281115117	0.584266396113929
-0.268656929702672	0.894227897198691
-0.114181234351561	0.314449438537805
-0.157951742398584	0.436783017133264
-0.0185699261643252	0.0616589765618496
-0.108840775130236	0.439019633444499
0.0323411335672903	0.101874297482132
-0.088797057257718	0.329742802822381
0.055262852323291	0.183910611622573
0.0464297576734351	0.153540042430456
-0.00510528248255764	0.0158225772145756
-0.117822226612485	0.472589848859386
-0.111659197652453	0.507108234732687
0.030609397596196	0.117655133797522
-0.0466481247788438	0.179952990694756
-0.0767245476233469	0.339967251838038
-0.0694617008228629	0.294799176547539
0.0109978846954162	0.0400964835376421
-0.0785936678735574	0.361199938069348
-0.00292596952857594	0.00923918001005575
-0.151014403514954	0.475552478769212
-0.152043006573861	0.47076303081268
-0.365553245015165	1.11128877602632
0.195262735884883	0.379085949149246
0.0328852564485101	0.0492996563051783
-0.249612707905703	0.561482857097827
-0.219174801077472	0.581902643261352
-0.0236507812870538	0.0447708803746239
-0.0427382671666759	0.101074046966093
-0.222460439274213	0.732861541874122
-0.102970371663108	0.307470689854837
-0.0938687400211474	0.211871456115732
-0.0948210542769239	0.255293048586623
-0.166912953942884	0.560630403304703
-0.230309165764307	0.935016452789686
-0.179818542642948	0.695879762242406
-0.0218494407633511	0.0503426696174593
-0.383888863252244	1.12381333442868
-0.357626106693754	0.820188823974026
-0.331442121894949	0.589336311106756
-0.372570493312765	0.773611535199209
-0.190672228814565	0.393304999252223
-0.0463852777799336	0.0765654604246682
-0.085341325182564	0.171748455665268
-0.0327325589357931	0.0692788690602752
-0.0389337154348714	0.0819903625501622
-0.234655934366529	0.750011630231055
-0.0289744868415824	0.0592395174533958
-0.0826420724484321	0.409962976967546
0.00178550628940526	0.006488350761656
-0.0606484435778304	0.278335727490874
0.00488469472342969	0.0169748253799254
-0.0785179093594123	0.341495764038911
-0.0155805905542387	0.0361676639417459
-0.169755828849639	0.437548690690512
-0.165635311840554	0.43444119127727
-0.145703863043612	0.255691475272474
-0.250665747356988	0.451844417867322
-0.0697664347551908	0.211320731437454
-0.125473577321751	0.542458444739754
-0.0435773723913108	0.164015667585248
0.0110425288813358	0.0411479406647451
-0.119505626736931	0.58749853869081
0.0138731407056954	0.0440363031459631
-0.132023999583612	0.600874280230655
-0.074218265922992	0.115522683312071
-0.123618804931521	0.703589380968973
-0.0979867845539664	0.513159350913175
0.0615805647963744	0.282772420628363
-0.151389713395869	0.933514919350102
-0.0713500452326734	0.339603394592997
0.0965045096339544	0.465089711887159
-0.0582226571934321	0.248847253883812
-0.119654819253106	0.457202752631232
-0.0328274261345312	0.100129711504834
-0.0713374089645905	0.204129346978919
-0.126081356683253	0.617313587597123
-0.017551498264945	0.0663801678694903
-0.266362408532426	1.07601848538175
-0.133774399007402	0.457376554052393
-0.0777419091372048	0.258263837602277
-0.258481447263843	1.4826841420712
-0.0874671388370916	0.384019799711405
-0.0264085290870116	0.0984088586550237
-0.101357285253227	0.477603348576512
-0.228615751926375	1.52475634783209
0.106241438750556	0.471907173267722
0.0641113775988952	0.263603576670514
-0.0973034006996877	0.381147538909788
0.0455439853020521	0.195739350120824
0.01965932149901	0.0645213009272688
-0.26294533353888	0.775539555626359
-0.119743738418413	0.608693935350741
0.177831982514256	0.825097438523066
0.197916868831516	0.969292209259296
-0.0408665998292493	0.140713489986149
0.0970369761016903	0.394510953484598
-0.161840815756445	0.727161821246527
0.174177903055862	1.03440127526232
0.00741730000626704	0.0276327558636668
-0.0542649392101415	0.241095669156509
-0.0667002251156533	0.266457466970633
-0.189634861048078	1.06636529270511
0.105183159853291	0.496549632741048
-0.178341277476608	1.08645902907263
-0.0599554785760752	0.245376941764747
0.0209828294087719	0.0740825744765247
-0.148332460927998	0.705291246914852
0.187022091159224	1.0526598373329
-0.040902608760363	0.154757793842095
0.0190212237577688	0.0658290594267552
-0.114423704844256	0.561994447477999
-0.0297451934525857	0.117897996746632
-0.0884119818375309	0.30488122808648
-0.0411735540937416	0.166237434395619
-0.0356443538607698	0.147906683622652
0.131764516501359	0.737442577671538
0.0291672007622309	0.109518688390691
0.0439813750164235	0.181469265883913
0.0373144459644835	0.152653258180273
0.044330527126678	0.178285378145184
0.0858929109046319	0.416085591057888
-0.0654597456720189	0.295082257245728
-0.0842079221914886	0.402052365609152
-0.197373484269407	1.19435142212044
-0.252726509661467	1.62821641709785
-0.125557948958438	0.663659429116468
0.00152518724650722	0.00525430350290808
-0.0134187837614336	0.0477675912665445
-0.0554553802804795	0.222823578892595
0.194089804029256	1.17982060161213
-0.11252629876766	0.558587593028787
0.335831472302894	2.8999928968349
-0.139437549099139	0.744864226384827
0.041408847208711	0.148952060730643
0.0221640045144889	0.0722761965460806
-0.049300886527182	0.163867259780471
-0.237149057102961	0.996326563819088
-0.107737966824535	0.430035800280944
-0.142620297312525	0.862234194368997
-0.0301317727640583	0.122867255867755
0.0325712024174306	0.134341771099865
0.00357534701540212	0.0131352915403834
0.0572430946937754	0.259779324862726
0.0844786705953248	0.40719328572168
0.0456166830447285	0.182740536003381
-0.127915962384613	0.477861139369374
-0.0549192391710068	0.159673938124741
-0.16355801929334	0.509315736378174
-0.100523699387146	0.391923693453226
-0.0436509013299273	0.129956869734267
-0.170330220515192	0.815040807298485
-0.0878114770975967	0.358878501163059
0.0743368023441146	0.34840962975214
0.231290653259797	1.43949567827054
0.125201284236736	0.646388291592394
-0.0494248265165392	0.198958437364644
-0.0138030461707872	0.0475342906127737
-0.0359392927472622	0.129924892902079
-0.0375199479076086	0.10979100995781
0.0459417421031755	0.111150967244764
-0.111749414837285	0.56634872896944
0.000792715184499715	0.00202642904619706
0.0828746784214433	0.164981320581228
-0.280393814141169	0.481554856721312
-0.101819595726139	0.290757646463212
-0.123718336992573	0.692908874564227
0.00819368594547163	0.0305055711721335
-0.0324395295503774	0.133849191957157
0.108990445890065	0.594806668656441
0.158809487779597	1.00773985115055
0.0206488947926172	0.0739572255105801
0.148545227266965	0.71805320414377
-0.0737712978851201	0.185837136311225
-0.135891749986801	0.33523589407202
0.0920062971777229	0.179438780438577
-0.129383472569408	0.429633070868313
-0.083447151012738	0.311746508951922
-0.0543879979944113	0.136746749176872
-0.0929705235607705	0.272169490760768
0.20204110016875	0.955324444400885
0.045675987818517	0.155139317444431
-0.219327086988676	1.55558245884519
0.0350826919621629	0.113268868113502
0.0747987020337244	0.282229339220184
-0.066783352479832	0.249462386351758
-0.160701657608504	0.380900660621476
-0.0308987567516952	0.112541587755172
-0.0379591192048709	0.151341314730117
-0.12601778739699	0.365491480015717
0.367119548997732	0.754035065995545
0.178322228986706	0.213727581293773
-0.235196385694292	0.420623235536626
-0.108323067160463	0.195282612199096
-0.13253754660383	0.1927816466882
-0.88409241291458	1.52622002527204
-0.162796460989428	0.451349984129857
-0.0712668733136499	0.287509513644477
-0.0916036621168194	0.461770012912862
0.0441809844855681	0.188383601189376
-0.0259262956295144	0.103872575788681
-0.02733238112074	0.110480187621185
0.0624536831956253	0.288022663575249
0.0409223231448082	0.171443129395078
0.0203969413674802	0.076738518935935
-0.103062060329693	0.39392613337694
-0.0524731520188064	0.151952400382308
-0.169195972547551	0.578725526405634
-0.0353021352758043	0.0857606781706498
-0.104753026225385	0.40398816506842
0.116656515735046	0.543759291040578
-0.23429303108157	1.63978438903253
-0.0303923852297069	0.12269144337672
-0.0283432013246232	0.101183662401467
-0.0552234372605274	0.234841454311823
-0.176799910234751	1.08677102874423
-0.102481369443913	0.522197371778518
-0.180963060229761	0.897366911496661
0.129392181521398	0.319948986386767
-0.188393936101497	0.318180502439486
-0.155639313697571	0.422778256875454
-0.344838119235569	1.37988024570483
-0.133244305488451	0.34113550845384
-0.0331739845912447	0.0507792784250505
-0.0647659070209164	0.202603750896672
-0.0499213680990305	0.167734653024334
-0.0399703328303063	0.111445209879741
-0.123190271901339	0.699337207916244
-0.113411465529077	0.606346250580221
-0.105394213688854	0.500808195089565
-0.0399154857118746	0.14510502967822
-0.158353311714476	0.917894133272034
0.00979400535927303	0.0344043473403248
-0.0852342744306858	0.369968045535722
0.0114177510156637	0.0430130118862065
0.105574815099862	0.569498442429624
-0.0345142548814686	0.142872171367908
-0.127021989787192	0.719665164698464
-0.010518653894172	0.0386618450288051
-0.0391935130389131	0.154731378842793
0.00608942344087577	0.0222370822574242
0.0312352322908303	0.122867422611569
-0.101921671470892	0.453922422706426
0.253096351422667	1.8026846978005
0.202663432705033	1.40101391528541
-0.16181289018476	0.942513185805412
-0.123172613488727	0.523979891441782
-0.204716980405194	1.18206881077174
-0.0791806428821253	0.294443563399246
-0.10249814507898	0.461528802187333
-0.0792960588158754	0.34740329255115
-0.115012947220953	0.583186252988258
-0.0874638253935534	0.377066810953236
-0.092188138135716	0.427493682230805
-0.0649665310201706	0.27869188402038
-0.0922983810029681	0.32991395770534
0.126907907919718	0.532601959989759
-0.201062954444933	1.09227568017479
0.0280406533759496	0.094724294291789
0.10425526237637	0.519197904178737
-0.0968653817099895	0.498257173862386
0.0896060366541953	0.45449440008836
0.0966527274501463	0.499290079344254
-0.100429578956777	0.491926072292639
-0.0117321907496066	0.0404395169102636
-0.103702044934667	0.506269434821342
-0.037959844322574	0.1416117889981
0.164710777922336	0.88769697240494
-0.0535519200406512	0.213589314544303
-0.0296506536905655	0.104645071875867
-0.169970289850365	0.740192400765116
0.0174858029390513	0.0471164938487291
-0.0391319054079679	0.16051330001277
-0.046321225230991	0.196149326745154
-0.193526144471111	1.2527612772313
-0.119378008776825	0.542149208413199
-0.100659274016361	0.393890883769127
0.0974003751456931	0.413460563944452
-0.0349705755738698	0.124433705347799
-0.0241827372687895	0.0879500301052499
0.124877042352928	0.706784365735395
-0.00463404145223673	0.0170171585323389
-0.0128323338000744	0.048815737791104
-0.0851386741596319	0.420253187690586
-0.0361404829195118	0.147850793137517
0.0278498970259913	0.106620571682498
0.00600594584606196	0.0219980808481516
-0.0699447896937228	0.319984038460205
-0.0819296927300239	0.384782591512819
-0.163158723190478	0.947674243407862
-0.0251327331604492	0.0957181920239498
-0.0235704396634487	0.0886359863372051
0.0536466046672534	0.222657675862727
0.0369267386178044	0.141637354950171
-0.0176745067966917	0.0664462272606322
-0.29679282587779	2.03213260097525
-0.0338603040960912	0.140285094933903
0.0255975297347813	0.101130877852999
0.0119877254143944	0.0437535795319504
-0.0439410012946837	0.176698269093241
-0.107749215558283	0.572575900649517
-0.0610055239865478	0.278890060029438
-0.0229653491003782	0.091264188351541
-0.0327222345399371	0.127081414213156
-0.113039499388451	0.571374448311123
-0.0145699595785401	0.0491519787743947
-0.152400504449912	0.915613931964621
-0.123831412593713	0.695734577230668
-0.161594714584957	0.879167510342657
-0.123688903855324	0.526551918253923
-0.0328966735353146	0.107657091301153
-0.185743107254231	0.996480316455025
-0.196092124840633	1.18556251491485
-0.0329540400103625	0.131192399799466
-0.128503733701228	0.717077253614502
-0.123103655654689	0.659621497454457
-0.0139434906623767	0.0529037019900361
0.0505250846858364	0.221843459854043
-0.0794807160747185	0.388688257380787
-0.151582029852776	0.682389050235384
-0.110999289039753	0.595872978359599
-0.145517607459935	0.534330908981199
-0.181542092873559	1.09680395952534
0.139642854495188	0.650843753607791
-0.0298869550475642	0.104595031318072
0.0602203013495055	0.249904500175081
-0.0341281043606502	0.136062431927489
-0.170737928408214	1.00252933679274
0.333843460487772	2.61435901270186
-0.159257019446065	0.900760990358516
-0.0626026443836157	0.2619425852558
-0.0440817012035589	0.162594356214855
-0.0422080620615444	0.180539149273218
-0.0392410681580076	0.165225984951429
-0.0502898391308846	0.221103155308465
-0.106559698998441	0.568868786853136
-0.191497891888163	1.237590651188
-0.136707621819515	0.801977033628239
-0.0654513426636536	0.293655732442772
-0.0131274496259435	0.0480795112635182
-0.0474111374772037	0.197965151399864
-0.042519873410391	0.177045751283542
-0.0511287193643762	0.194735525407324
-0.125113440837721	0.401698955929684
-0.0185658672566537	0.0441700467049356
0.0128623302696285	0.0347257524563989
-0.143967288637116	0.535566883654282
-0.274428793728779	1.26707517527296
-0.0554434411	0.249564596880255
-0.0450914991582689	0.195315611374318
-0.0601831690147711	0.25901996516971
-0.0826527733367649	0.341686866034244
-0.0779455508998894	0.34237149326625
-0.106836400372696	0.374850640195886
0.0434662577183397	0.122848141998054
-0.106733364849441	0.392655603428295
0.014753751218834	0.0410750338589999
-0.0740358178463338	0.327046365702302
-0.0915851648540158	0.469069894564951
-0.11247152084584	0.617973017887109
-0.109448504132257	0.593117037282279
-0.0659355234433314	0.306847619711333
-0.055635622458173	0.249908677893148
-0.0342056173502543	0.120302118612609
-0.0182826915026625	0.0613838237069392
-0.0904611572048679	0.315483209063728
-0.111742370076106	0.357443793161627
-0.0379520586771165	0.111779445671777
-0.0788169653261562	0.278108390923293
-0.0260320264547186	0.104730920930424
-0.124881133141026	0.706394367831455
-0.101906420365019	0.539581142199381
0.118624904843284	0.6606990364666
-0.057075466176159	0.250833672240989
-0.0939429630460051	0.481813616612682
0.122544826032441	0.695394051338628
-0.0513081928559389	0.225969925190886
-0.140337561908721	0.822058493035709
-0.130328824859768	0.702372552442032
-0.203676769547694	0.697875423351907
-0.123242674301744	0.427625551996862
-0.0848759522416053	0.412862288274596
-0.0553852578444953	0.248707295920782
0.11757640105743	0.659148431308206
0.0450681799484866	0.195514033937263
-0.10424126658517	0.555825369651654
0.0183578522773729	0.0716672295254473
-0.0750158307449892	0.362580850973868
-0.112319455316953	0.611684561088898
-0.0523803895440581	0.21994176976292
0.00336545630582557	0.0112491339142261
-0.133420320939452	0.750489029417389
-0.0546791105172608	0.245346316952216
-0.0675440289231073	0.315872196158256
-0.11798522650798	0.603914160302498
0.11146080876647	0.567288374515071
0.182163633089111	1.00428031350515
-0.148590948054526	0.645761870600698
0.310018019513696	2.31642792534221
-0.123043458326514	0.591539323677517
-0.0817690860305608	0.366989368250944
-0.146651758326591	0.823738634948936
-0.035303389410825	0.147075567673036
-0.0552163411329226	0.23324791354885
0.0484786811031123	0.198701742239394
-0.0548829499828846	0.202554828581463
0.00715515265185054	0.021150419743079
-0.0284015572345449	0.0987107336665063
-0.168113332491221	0.903203567483109
-0.0501041501069258	0.2017439667765
-0.119077042560595	0.551172257237962
-0.137730927569134	0.764412191917624
-0.0275684820576532	0.0961326264806821
0.066597974595292	0.241804398510178
-0.0855667023941271	0.379868067547382
-0.0539457134174991	0.240885033604437
-0.0429335327443206	0.179514205118443
