x	y	clickSelects
-0.064933747607929	0.365157181167079	5
-0.112191406320363	0.258336233566236	5
-0.00982503347351599	0.765862208473441	5
-0.043633330526232	0.580657335518568	5
-0.037731967319959	0.645670815871307	5
-0.069627982191747	0.469668668255781	5
0.083741862849643	0.916420772550854	5
-0.028447772445433	0.638121997756347	5
0.072057382556034	0.750339096034548	5
-0.108524504440986	0.296613642652879	5
0.00385908828814702	0.532583323017231	5
-0.01395642580998	0.637206257514938	5
0.057171647565114	0.853626990834123	5
0.094289970831589	0.478405781342763	5
-0.107657316414847	0.222102898469043	5
0.104658703124759	0.826961792569589	5
-0.083125513530336	0.171357500941435	5
0.099216333511608	0.497076564740558	5
-0.052602088955894	0.191194452770845	5
-0.096761318063496	0.10140904774548	5
0.027521144683532	0.214116619166264	5
0.042358078654755	0.248483217389008	5
0.12182301552952	0.207276503848697	23
0.119446897716731	0.221404717103094	43
-0.012370957870023	0.415517806499073	43
-0.013311696730255	0.273988411906312	43
-0.113968182835911	0.126413007000148	23
-0.027343569994479	0.127340187767187	23
-0.021708939743669	0.203227792055146	23
0.078512102107259	0.0854230851530388	73
-0.113338798686444	0.127064018249679	23
-0.00219315609113399	0.35572470678152	2
0.119619990132929	0.236872537820107	2
-0.042927589771122	0.109938842804801	2
0.120098651114756	0.206137457593075	2
-0.015430147211318	0.143532156437334	2
0.123987544393608	0.208581357709206	24
0.113186207659759	0.152698297839411	2
0.107502086265972	0.132466221999589	2
-0.014248858411602	0.361267655410706	2
0.081613523975706	0.577917279553342	2
-0.042635399120439	0.110094732135464	2
0.12182301552952	0.207276503848697	2
0.119182308114273	0.189483235714214	2
0.123527429899439	0.285153257479302	2
0.052618006629185	0.269698167871894	2
-0.064230789517021	0.173094607120225	2
0.02719348201644	0.394462506121251	2
-0.063060683684457	1.2967399108233	5
-0.121543716422731	0.746184806507043	5
0.012042272195918	1.92925887791661	5
-0.089794511108323	0.34007998281473	5
-0.05563577207432	0.301751682512293	5
0.059391419892874	0.747654316977992	5
0.072469079648319	0.796977994856485	5
-0.00999945536879299	0.22326359527607	5
-0.084540302644988	0.169674068122884	5
0.052029896445201	0.399181203500023	5
-0.024843055795671	0.192892942695023	5
0.078733631843309	0.563042118627189	5
-0.080066594038752	0.22033192473373	5
-0.054588532516696	0.280006903069674	5
-0.023340571688869	0.442681550650485	5
0.025856432392644	0.532113167939364	5
-0.120974063095159	0.263951527202327	5
0.097439395898287	0.934122688872112	5
-0.047638465579607	0.528185023094619	23
-0.066176006843433	0.0897216433545527	23
-0.029966108775299	1.20454456885452	2
-0.095984278619785	0.262834609272445	2
-0.093191807007599	0.210332417267121	2
-0.049216775838795	0.231148457993692	2
-0.121834514017231	0.144399513801255	2
0.042281616769344	0.367815497827691	2
0.015532623585553	0.418081189550193	2
-0.045984402251241	0.336043173449408	2
0.120144139089597	0.252379740867899	2
-0.076383734057232	0.121872402819643	2
-0.069541749527713	0.220523649944067	2
-0.094127090237421	0.513197596065607	2
-0.123976901839407	0.154145190187068	2
0.085012223635698	0.415496615011812	2
0.07667944566786	0.373790401675755	2
0.076984903137203	0.364106495850614	2
-0.061015366896124	0.571384063586643	2
0.016114245474269	0.65275239925633	2
-0.01162613215289	0.371239083486959	2
0.047758508150186	0.38437077026862	2
-0.055136582612275	0.275172620275367	2
-0.111526143613075	0.831329439673438	5
0.061256736993118	0.775450122410032	5
-0.012446872323357	0.826616741845256	5
-0.083256811869456	0.476137869810053	5
0.026640650226881	0.601452610823628	5
-0.016809499428546	0.263412238411676	5
0.063668533143532	0.451476957056472	5
-0.106292036267576	0.184696338754885	5
-0.119626313944801	0.147221264310735	5
0.00547236174600202	0.432817163145733	5
0.024760827473577	0.449160785351882	5
-0.030967903546383	0.37606276308119	5
-0.010091473819556	0.465562459695449	5
-0.023266224591554	0.44292331897181	5
-0.075665581765425	0.230538080489476	5
0.067455967892625	0.33030873784261	43
0.088066875068258	0.429992493717437	43
0.04182978448013	0.456408636763552	43
-0.113501894372215	0.255367170413182	43
-0.118519274953218	0.41960184136994	23
-0.101001372214536	0.332994261585763	23
0.040290894370511	0.790140056071419	23
0.122248900306061	0.81634202007496	73
-0.120506083489263	0.283179027248245	2
-0.123324301898618	0.442647244796857	2
-0.091110398595728	0.309029152553666	2
-0.083228586560949	0.285688557299482	2
-0.104900254452843	0.214082191941211	2
-0.058713726906983	0.214014967824374	2
-0.079056588986373	0.199837417609347	2
-0.0309717297847	0.233463813022579	2
-0.045696755139813	0.332880688112722	2
-0.088767533885679	0.200658714329672	2
-0.097853961718122	0.125154765621979	2
-0.00223172545067399	0.239645754112725	2
-0.038956348300609	0.324499162914115	2
-0.111242851542383	0.145864283767316	2
0.077974097000094	0.375720039750481	2
-0.026794461407117	0.318644209297983	2
0.071185326347206	0.632838868846268	2
-0.00938345582105901	0.223918421531069	2
-0.116630291203728	0.164508955384936	2
-0.082735340087028	1.04231844213801	5
-0.108156721627741	0.823952217533484	5
-0.116932621081387	0.514440243075247	5
-0.123908822652833	0.450982347915574	5
-0.030514279452893	0.982306068508104	5
0.01987476074684	1.02173937885135	5
-0.078437485944799	0.445979130199016	5
-0.124220521093219	0.2441861252464	5
-0.075186950426708	0.330909421181922	5
0.084832032111784	0.904769539542201	5
0.045117785388253	0.560068824652798	5
-0.037133709916363	0.439128100688307	5
-0.009690368611247	0.633485437262535	5
-0.039427653632839	0.497816607655975	5
-0.007645011132311	0.723277377593868	5
-0.089110739852434	0.282553666759899	23
0.04455827664159	0.468921988218646	43
-0.023508362717117	0.405798282866337	43
0.031683163781215	0.921735974216396	43
0.097412106397646	1.61761377076014	23
-0.086569186201177	0.430061993970447	73
0.079572387017672	0.0856896875218007	73
-0.032706236373401	0.407071490146205	2
-0.060837996039091	0.396643313803221	2
0.070599720995561	0.638776918827812	2
-0.020434531161239	0.339554080595962	2
-0.081748786016909	0.291715997926789	2
-0.088920330366402	0.220128423399006	2
-0.010169441072065	0.474631252442809	2
0.118090989984007	0.250614874770819	2
-0.033830467483067	0.430327124432611	2
-0.038173285135628	0.816031837442085	2
-0.040841461232853	0.906851918553933	2
-0.083404903725688	0.637152235712771	2
0.056031095545381	0.543286407544813	2
-0.073805606266382	0.350408070811895	2
-0.028128423343433	0.237123408207147	2
0.024377378089411	0.588963467166029	2
-0.122645185974634	0.531364171016568	5
-0.112700491684811	0.381505215823114	5
-0.121753021802968	0.73303802225234	5
-0.080487497713828	0.687371014152309	5
-0.121875730061626	0.48237536597455	5
-0.101165505055906	0.623723873316006	5
-0.088269373618851	0.797945468225156	5
-0.116486297199344	0.483844920628458	5
-0.113604414569515	0.490952953272141	5
-0.11104503524611	0.652471300379018	5
0.044733761815609	1.5500117412446	5
-0.086163243956946	0.463013659802494	5
-0.081960179707995	0.510400498127591	5
-0.123957175929156	0.354663397653116	5
-0.112280934648983	0.422856381504379	5
0.039166207786597	1.08179683944734	5
-0.11785899550349	0.519798970364724	73
-0.035023777582814	0.299834047166579	73
-0.001982877792816	0.400967838155681	2
-0.089145167363624	0.160527401257279	2
-0.022421056067634	0.577290149186177	2
0.06630655562567	1.09096688578645	2
-0.104698811211353	0.267700048063247	2
0.00731359314683799	0.542303637047442	2
-0.039504607692974	0.634957816185147	2
0.00617185069577503	0.837545932568762	2
-0.116371992119507	0.255822489043962	2
-0.043623128699333	0.307480944966215	2
-0.071422086196344	0.279803225445956	2
-0.013972619124686	0.356700855479178	2
0.074077783814186	0.640509470215045	2
0.093306569890087	1.28701969046505	2
0.014702725059407	0.533618297836781	2
0.008217680692019	0.594615094127487	2
-0.062972026982615	0.349093666370811	2
0.000440173434679003	0.560494909261811	2
-0.116964596029899	0.282339108587883	2
0.017989365597983	1.12185414814353	2
-0.119129234211524	0.368200929000473	2
0.00915507139497102	0.547469227587242	2
0.021781339930253	0.907679227004589	2
-0.041274830703948	0.635488263587463	2
-0.035905468975455	1.43080774314683	5
-0.099763592042878	0.66104907396621	5
-0.068448630196983	0.905908816129015	5
-0.102869962621557	0.567412611545489	5
-0.000193068872582997	1.06968095640334	5
-0.098686814534316	0.509459721605038	5
-0.056022455637238	0.692072328026626	5
-0.011761632213089	0.837745418218451	5
-0.076432182372728	0.557243712454213	5
-0.045789301753726	0.799721250874136	5
-0.009613213607338	0.962029956122732	43
-0.011532177096933	0.883060533890481	23
0.016117741596172	1.13132907898968	23
-0.102086818192421	0.506191734434451	73
-0.04146185595495	0.851574715702988	73
0.016828601171441	0.475033867357036	73
-0.010534017612454	0.464539517638234	2
0.108816743568083	0.621035424823479	2
-0.065381228239313	0.437957720430142	2
-0.080676063733395	0.492903360512854	2
-0.119202077896392	0.335218743249846	2
-0.071426431952412	0.419666634665691	2
-0.116917430528827	0.38627811081397	2
0.042791321460357	1.04369969463165	2
-0.024180847248248	0.709402547264749	2
-0.078516776902226	0.483437962595833	2
-0.090995799346447	0.381370165976729	2
-0.123562168363591	0.227247960401837	2
-0.078602077719244	0.538781842499981	2
0.00989960507917398	0.713957102394514	2
-0.079198249558537	0.400122729313376	2
-0.032012769776864	0.973573894755255	2
-0.010918805882599	0.926187845202495	2
-0.11295613875549	0.360471615209264	2
-0.105474834587973	0.336807468054753	2
-0.06391219730278	0.429084403295129	2
-0.06491740228825	0.388960768283236	2
-0.014612471443667	0.47444303250574	2
-0.113282880468497	0.324878508386841	2
-0.032844559305698	0.68806141283859	2
-0.117315188096341	0.41797850529138	2
-0.081252567598815	0.567880412321192	2
-0.000869161094638998	0.457011683116216	2
-0.085371386998551	1.0529659282383	5
-0.100145145960699	0.718288495550518	5
-0.06596588809626	0.668819532142823	5
-0.034911692668986	0.981830757254101	5
0.069439365261462	1.00248996896426	5
-0.052730603520625	0.547638913558992	5
-0.000307319312119997	0.563216397343975	5
-0.10356449775907	0.327889382362481	5
0.025434332157127	0.664617156977484	5
0.116978435952958	1.14575073704757	5
-0.090309685159669	0.251086786707998	5
-0.096156658082485	0.526239835773945	73
-0.110499485983623	0.252649188166659	73
-0.114853922285541	0.0842193727048332	2
-0.116472456132145	0.2244454475215	2
-0.072624658492793	0.611427014232809	2
-0.000517128439559006	0.729120958607232	2
-0.104268982155495	0.326788811831448	2
0.079204103356275	0.556169299645004	2
-0.017700781334914	0.578817856322679	2
-0.015583908725145	0.655689452844187	2
0.122012948124842	0.283756288406744	2
-0.074188537192698	0.250849075046796	2
0.061199228622627	0.301080399371989	2
-0.08791279037931	0.221753738522787	2
0.032675774991467	0.846896055776882	2
0.033816413216204	0.500402830278219	2
0.010918549500771	0.334327736954817	2
-0.106269517573952	0.198523495506544	2
-0.057720419019597	0.55492377682923	2
-0.092601339101085	0.590960423721746	2
-0.090459875357247	0.324593653094999	2
-0.013980008552327	0.411774068231001	2
-0.100200684160017	0.90026093725706	5
-0.110045495996403	0.797690086385194	5
-0.05972992694364	1.22761856932328	5
-0.106787636937274	0.378602962528553	5
-0.066205102542032	0.402523519024447	5
-0.033751179179786	0.572208092263264	94
-0.073095353516431	0.335859437179185	5
-0.005642860109664	0.744856254968272	5
-0.077879686147373	0.432538371285614	5
-0.107885907094334	0.394573976843097	5
-0.042927587101078	0.854211019674767	5
0.028273683818357	0.746858683989144	5
-0.00355734934551299	0.445623822345848	5
-0.013642164369945	0.63832409446764	5
0.088059673142647	1.38931646403993	73
0.061596133382147	0.878157248637246	73
-0.059388971571299	0.403919809818548	2
-0.015336806127678	0.960020659442512	2
-0.07314100608398	0.461583504660286	2
-0.00123577488608301	0.623447647825208	2
-0.099851066371914	0.31143012056833	2
0.020363554137896	0.560317368704757	2
-0.070357975615252	0.381722413039544	2
-0.031405628564668	0.414330738410401	2
0.051681402296859	0.701567268958188	2
-0.07813050691211	0.403231397158889	2
-0.051979774099759	0.191884149412505	2
-0.025378284029296	0.246266508761896	2
-0.034650696960893	1.25679466912622	2
-0.104772924290958	0.387253018019019	2
-0.050910378705326	0.286398904055816	2
0.00588463723194399	1.03197798958434	2
-0.056730402440807	0.612806852872054	2
-0.089631810042258	0.459754795990637	2
0.100394719122556	0.761667458891551	2
-0.068458457047365	0.329970351982336	2
-0.077884664962958	0.337357501661645	2
-0.068840805709159	1.23200088412102	5
-0.110459003686447	0.827684126245332	5
-0.079159523757367	1.08797248921841	5
-0.062910538622255	0.629054977052667	5
-0.06176046856505	0.947589237532467	5
-0.116841592269795	0.453241096739695	5
-0.096227146042588	0.386922285963315	5
-0.102912393808942	0.174718818207091	5
-0.027705703763596	0.387497177195793	94
0.10546643994668	0.57617927923115	94
-0.101840519603652	0.454182342535303	5
0.017405009135748	1.31663796444875	5
-0.050163265776286	0.420723419118034	5
-0.09382187730662	0.401220375390044	5
-0.06240839991039	0.17502413802276	5
-0.084927828886326	0.690074734432701	23
-0.028644262383935	0.764573560545681	73
-0.086481648043128	0.485737252700102	73
0.049581191107448	0.387263814425896	23
-0.097700833701235	0.354395738173139	2
0.009887559110276	0.504593090004794	2
0.010465819937987	1.02254772982408	2
-0.118437144953119	0.607836763417668	2
-0.086820713940011	0.579831347926114	2
-0.105401305306444	0.228671150054956	71
-0.050243112250408	0.542892171332631	2
0.028832437050975	1.16359030642287	2
0.051455993062492	0.686956832748247	2
-0.062136250668605	0.139118873247877	2
-0.077566280565878	0.265152285437209	2
-0.049223689330529	0.15639258579452	2
-0.021661055305059	0.337564857891675	2
-0.097466413180079	0.796160199117568	2
0.00965860755461201	1.13582598412693	2
-0.021041600468965	0.602870780205269	2
0.041375522866323	0.63016464847484	2
-0.037971598918419	0.560891762926803	2
-0.080857948203579	0.25600944099399	42
-0.011073469816164	0.619567635694758	2
-0.07623124760329	0.563628221333474	2
-0.096594231184109	0.521470795235036	2
0.076197477096885	1.75607414878081	2
-0.021203206384767	0.657616558383749	2
-0.111083873119254	0.160927635801952	2
-0.112726264987017	0.19831930950891	2
0.07172535444005	0.95290481198755	2
-0.081766121000525	0.254368646313964	2
-0.036298699239339	1.34624652203384	5
-0.038296855728536	1.54855484099603	5
-0.077475816031101	0.681813309320894	5
-0.075072935834449	0.4714071935688	5
-0.031469755298385	0.440531690831601	5
0.023200554239072	0.568138609661919	94
-0.023135421963262	0.653857298390829	5
-0.047018192786853	0.778986098026249	5
-0.022876836220979	0.411627818985266	5
-0.006554446219324	0.474708438300906	37
0.062197278307251	0.448663271676411	37
-0.025605429650672	0.464531503289415	73
-0.068783513182239	0.346155415220465	2
-0.026874206686982	0.999945467523874	2
0.027263898912067	0.869076909338628	2
-0.122626161389869	0.386026622830155	2
-0.025909445645178	0.565335500221842	2
0.124032421013707	0.926531690247762	2
0.00700989849074801	0.321887711621254	71
-0.06440933890562	0.090638639218792	2
0.121776164236147	0.253701813738382	2
0.067776737566689	0.483517901676411	2
-0.073360711625154	0.725734774651443	2
0.033719185837173	1.20262911462814	2
-0.018652130124543	0.3479470844064	2
-0.084768549171933	0.394576734993005	2
-0.020075699138089	0.303666512469099	2
-0.072137778955028	0.335054485275873	2
0.069236633729062	0.74872223194145	2
0.057042315821703	1.36606672964617	2
-0.038324846102421	0.172910681232558	2
-0.06345531921997	0.203558990037771	2
-0.110346206279725	0.214763925301298	2
-0.109811746688995	0.251948398206877	2
-0.109138412811934	0.850370471794104	5
-0.068138259673741	1.1561937706444	5
-0.012944987288417	0.820210450485314	5
-0.030742207852086	0.594190779469644	5
-0.043791785880943	0.55196065214477	5
-0.051701289832097	0.28505529758969	5
-0.026393382751465	0.28346189576504	94
-0.100721051708196	0.357178002344356	5
-0.011208444504842	0.664726970464008	5
-0.084667238091914	0.40829844753577	5
0.00072978443854399	0.460865390041741	37
0.116936834183686	0.697248394660569	5
-0.07253845254856	0.188059434320244	5
0.01853705523495	0.8371214410307	5
-0.057694745794428	1.1212301838461	5
-0.06479453071907	0.489302528317779	73
-0.00652179504421199	0.842386149127055	73
-0.115701727368856	0.259439834748596	73
0.112725778297541	0.152489951674982	2
-0.05602849810093	0.469270636415549	2
-0.105723009847828	0.530573181485866	2
-0.00314002594618401	1.53555338882128	2
0.048705608192097	1.09218517511957	2
-0.026621460696551	0.394330928848771	2
-0.00633718263472399	0.342820006450589	2
0.024999869398123	0.837731876422936	2
-0.021031612483255	0.302066791981505	71
-0.090853916188703	0.406532587579162	2
-0.079572714234349	0.199139289848431	2
-0.076000926211439	0.183792687017572	2
-0.0847415143332	0.142143003231226	2
-0.03132911420431	0.270977918365997	2
0.00210866679376598	0.314176355832059	2
0.089481407693803	1.49280494721286	2
-0.105329175272245	0.314525413335067	2
0.013515393083039	0.344904158152348	2
-0.066164066994004	0.171023818981811	2
-0.097692774865002	0.231999932630382	2
-0.063489634366751	0.386290086808722	2
0.03523233341657	1.14316367692194	2
-0.038690777911658	0.467781204797624	2
0.016914336685057	0.356927639179081	2
-0.05819774017345	0.214698375264726	2
0.064765672110617	0.46957167237705	2
-0.074743176490447	0.253198059507502	2
-0.011469938958063	0.90235864004391	5
-0.043134368668361	0.980666511916634	5
-0.09842802119823	0.560566045706913	5
0.115570665749996	0.74024909088744	94
-0.065265114865518	0.517746519410844	94
0.08093226770157	0.560066935177143	94
-0.098460492541177	0.284196341026768	94
-0.041099658528499	0.375413390238378	5
-0.007028689415154	0.385544212234632	5
-0.088920330366402	0.220128423399006	5
-0.074129476836797	0.349616084822007	5
-0.027159803848168	0.712323797023814	5
0.119080268923684	0.18942000240109	2
-0.117573292364896	0.313987541125288	2
-0.0250366485602	0.429823259869206	2
-0.050165900323788	1.15030067785254	2
0.026590889868548	0.751889380767285	2
-0.094926566356161	0.418452042541358	2
-0.080729954697351	0.287957704564538	2
0.021255067721271	0.508892001999771	2
-0.073192794277522	0.296610190812613	2
-0.079983961290814	0.260641833253857	71
-0.107952465520415	0.246151520365136	71
0.008998772433779	0.331328918216878	2
-0.107358119645484	0.183109969510774	2
-0.008912030853473	0.622454552736703	2
-0.107782423685471	0.19608353862187	2
0.064852269944394	0.461771379743016	2
-0.112380875483894	0.14452342351779	2
0.111230619943029	1.77428878649792	2
-0.116537713454664	0.151102323998927	2
0.020355932018546	0.50660834070692	2
-0.092050121864557	0.88677009554573	5
-0.104870518918756	0.796004258859743	5
-0.104742408023148	0.608044491712676	5
-0.00753497587885901	1.45406229081815	5
-0.043165192177748	0.827177813230175	5
-0.108805190424314	0.464684379875197	5
-0.052513193302233	0.458893203394632	94
0.025016543949131	0.590810275057865	94
-0.00487786523268599	0.758117669733553	94
0.026403043078645	0.533601561569897	5
0.029406302964391	0.553403737452688	5
-0.070318623905807	0.795139660391427	5
-0.047783657342142	0.520916592192382	2
-0.082335006758194	0.649561792237623	2
-0.089658505148533	0.560127374020458	2
0.041073621582776	0.793300875289497	2
-0.118801437390701	0.208773995534854	2
0.029808877190208	0.703162871423567	2
-0.050164114572297	0.557179879317615	2
0.076984903137203	0.364106495850614	2
-0.121213180393427	0.158133844661438	2
0.034713327162637	0.33354162291807	2
-0.081560572867311	0.214648588285259	2
-0.109524767156889	0.520446796772753	2
0.00317138327872901	0.371134577795821	2
0.082006277239805	0.562482525433991	2
-0.035644185122541	0.484580753038059	95
0.084465840404139	1.08434382641228	95
0.098156129873032	1.2574680436974	2
-0.108655458915559	0.427641089410607	2
-0.064353552612554	0.609468817632189	2
-0.09791285129444	0.242727457468767	2
0.121384817208026	0.727696859169083	2
0.109924374174357	0.623728886131145	2
-0.039174948555843	0.466399909887116	2
-0.063641733365504	0.772584147763504	5
-0.081109435078628	1.0740749208382	5
-0.086029072564442	0.593104290781751	5
-0.043581440904771	0.892484119011469	5
0.104678168962859	1.45090740118502	94
0.103238726280173	1.45988389021193	94
-0.027431987415578	0.653358132741444	94
0.048779264145749	0.981273638157186	94
-0.00491408576508901	0.717042972855901	94
-0.025338180052843	0.754388451033949	5
-0.038486404168413	0.678252036730513	5
-0.06578958619032	0.455936054735845	5
-0.054179993866109	0.676991305600356	5
-0.108863527866508	0.515995531400507	5
-0.051340174162483	0.860010145580012	5
-0.109485137804863	0.510725590950766	5
0.124579771102618	1.86873040814754	5
-0.013226956220303	0.320224684824014	23
-0.00123880162720599	0.303275740092248	2
-0.00118836105874101	0.407890741040413	2
-0.120807770362923	0.380536239157699	2
-0.099718077295566	0.211815242658864	2
-0.067833039179627	0.70934626200772	2
-0.080986336727961	0.427582528763953	2
-0.121281325911765	0.263163945598533	2
0.109121723461528	0.886601901134244	2
0.071833872945608	1.04137146818897	2
0.048177834442258	0.745928370021969	2
-0.013668750193345	0.481594493392658	2
-0.07031325034345	0.384958576626664	2
0.089318848897745	0.450617393933527	2
0.092582541711524	0.465949128487659	2
-0.062424459464297	0.566716648166307	2
0.037124986891585	1.12072613411602	2
0.083340731052238	1.13996713196309	2
-0.113470965979759	0.384648452112349	2
0.054444402546279	1.16895516262663	2
-0.095730932579595	0.235585607667814	2
-0.057550428367671	0.487885041211547	2
0.013592013554456	2.03673963459994	5
-0.092042926246982	0.886121881104457	5
-0.090769425653904	0.987019862508629	5
-0.08137325991191	1.10899321674672	5
-0.102822186160094	0.51941527372444	94
-0.119035906573285	0.429684111750943	94
-0.097870706988383	0.495699863752685	94
-0.116493402769551	0.399491796036565	94
0.00212418780358598	0.932591536971077	94
-0.096586714193805	0.511530089836264	94
-0.089698089035215	0.515656428746077	94
-0.105182855347525	0.494507242408747	5
-0.00300979280335201	0.801294006906739	5
0.035046643027939	1.94214568771069	5
0.110518635609866	2.08842106094892	23
-0.055378673278962	0.21837883085216	2
0.038379975486147	0.234259655665203	2
-0.03387160480956	0.301798374358997	2
0.066898559523943	1.08075005819867	2
-0.105577085292877	0.325092542986123	2
0.034918337822845	0.801956690751398	2
-0.065248977132743	0.405181964812924	2
-0.095835277157133	0.420020306029022	2
-0.107446390733807	0.259330526095673	2
-0.039458097288373	0.349664722188342	2
-0.067248781626366	0.247496030395281	2
-0.058525264577863	0.31179951503326	2
-0.0626984750115	0.303544666647183	2
0.109699907880188	0.632470968448549	2
0.123869031450514	0.849813412722028	2
0.04691582517099	0.860431968657024	2
-0.017863383542645	0.952922609319955	2
-0.10962033295935	0.55275044521907	2
0.039536016829313	1.30273905289946	2
-0.097981039277561	0.35134853121085	2
0.082739224350874	0.896758828337833	2
-0.106734219841639	0.335160950816089	95
0.037798364339726	0.848865691070873	95
-0.074312071071481	0.381006859504062	2
-0.045344977364432	0.409983132314013	77
-0.053137602901648	0.460395702242232	77
-0.099342784562743	0.894671545196744	5
-0.060015003615934	0.610781916188413	5
-0.00212003238516001	1.0591962493661	5
0.044427880473302	0.907409756505217	94
0.11280892641692	0.899097962568255	94
0.04851544873927	0.740416669219787	94
-0.096963452507667	0.260835467484971	94
-0.092745371792284	0.365812479980621	94
0.031892982059657	1.34210994982686	5
0.00658629947752198	0.643692595113018	5
-0.04207648789415	0.482098102810068	5
-0.115108750249079	0.229262562055125	5
-0.093751362843824	0.42255589501842	5
-0.019839010366144	0.46074720751193	5
-0.104084340080622	0.17314141290072	5
-0.120442512911025	0.363935860820127	5
-0.008330013757468	0.829361312790947	2
0.08806246944318	0.808564134492969	2
-0.057192050306696	1.08332044444829	2
0.086095936942485	1.54571412225226	2
-0.052656977463335	0.748580133189682	2
0.116954041212665	1.01680290783002	71
-0.097927933213377	0.316372305228316	71
-0.085422755496552	0.208934172859527	2
0.053257681175051	0.747308390116219	2
-0.063016226536829	0.460629763371189	2
-0.08939008746209	0.44231889917984	2
-0.059424824087515	0.634213295283835	2
-0.121852791273992	0.40925530702344	2
0.081023555442493	0.5684621008572	2
-0.077214239106368	0.354692008294881	77
-0.124724045337441	0.25102893435506	77
0.056190867622894	1.35620730757392	5
-0.00777701061007	0.907219146763451	5
-0.114946867292131	0.417630878431314	5
-0.093165397910012	0.336174103916864	94
0.101524003479662	0.530139997466662	94
-0.043035241488767	0.308642228659585	94
-0.022620922943831	0.412261230205101	94
-0.108569064097232	0.327827743403717	94
-0.092700909544107	0.274868626392788	94
0.018478843387354	0.288354889333126	94
0.107190468668126	0.853162827460752	94
-0.024593599902382	0.494690057687342	94
-0.07495337069815	0.41849506390598	94
0.019596638968374	0.75991646128458	94
0.04029887009727	0.541617510462523	5
0.026891477746324	0.540753931806677	5
-0.021524883009135	0.251336367791605	5
-0.055539385944775	0.528069922746517	5
-0.039795590571992	0.28719267492536	5
-0.08130439535658	0.238719707928079	23
-0.035884202695407	0.175189535071008	2
-0.118974384988351	0.289131414233965	2
0.055655807432702	1.0456043735611	2
-0.050649568966961	0.843608111607691	2
-0.106029657962597	0.358591763837106	2
-0.049143174408534	0.721152518694032	2
-0.071901542266071	0.393695152959882	2
-0.101294680612919	0.209208636943294	71
0.04010458356797	0.601043275015072	71
0.035357217747406	0.429900936031619	71
-0.018513553726524	0.492844025872077	71
-0.023116272267447	0.613184763654696	2
-0.118842613816885	0.277547523008335	2
0.037714102518358	0.345662888061409	2
0.121154164969438	0.282915275030569	2
-0.105148377228465	0.256135095146367	2
-0.111958958177672	0.159758069538927	2
-0.036479086242906	0.174637542341694	46
-0.053467465195424	0.306059336125559	95
-0.104665017114265	0.318444344826524	2
-0.038731248813931	0.717167013063175	2
-0.010900873493958	0.970942310162468	2
0.117880637500211	0.718678886289639	2
-0.102936578964828	0.273924869348259	2
-0.103230470835609	0.158511731868579	2
-0.071163555312276	1.18417469828006	5
-0.12414539453297	0.589406900759021	5
0.054375129937817	1.15676936171563	94
-0.042468104344573	0.739033965543185	94
0.101406779046694	1.29100981150552	94
-0.028105097443102	0.56591914241172	94
-0.103996927929751	0.231311779608778	94
0.076078682115311	0.986677254421727	94
0.038680338635501	0.765603066479358	94
-0.102442497199784	0.312490819838618	94
-0.078766030800948	0.386710527069872	94
0.05756602404247	0.970539455184136	94
0.031591095141421	0.64036734534407	5
-0.021380342549248	0.410601806258557	5
-0.091666506116768	0.230952102919569	5
-0.072593868783277	0.712219257140493	5
-0.029528844898152	0.828341471665649	5
0.044404089635588	0.825097543714405	5
0.121809402617126	0.283399140260056	2
0.114224528983161	0.959648467990885	2
-0.110284295515049	0.217245982088867	2
-0.112723866657402	0.399665438628801	2
-0.017022896205503	0.87518658328304	2
-0.112381722469044	0.257815524354992	2
0.058406045478717	0.643657049334082	2
-0.024286826202113	0.508705535575029	2
0.060542512689787	0.568221229959958	71
-0.065225096264132	0.340578668483766	71
-0.071823673007199	0.299319159713439	71
-0.036602150068088	0.419232347792858	71
0.011277811051256	0.519002402278673	71
0.00071087359935601	0.593464447625433	2
-0.062895431437519	0.234131110551707	2
0.102848013787766	0.542248814336903	80
-0.086775371938247	0.140209739575807	2
-0.104241995426241	0.340367019343515	2
-0.042029089861606	0.429812183208741	2
-0.017223739560299	0.505610392131874	2
0.020452600767369	0.44014192224405	2
0.076360783441316	0.525525186747925	2
0.041000748748077	0.543399758937879	95
-0.091840806761291	0.34806927252336	2
-0.106965708400095	0.439465442733046	2
-0.00341422697347399	1.00858553961265	2
0.057228934082867	0.539008959177378	2
0.034389158337563	0.508112064839599	2
0.012025027504861	0.46955889218384	2
-0.099012389905212	0.933647196256007	5
-0.001699001929827	1.43039734524023	5
-0.095471117856468	0.516463080808838	5
0.015952360703716	1.34649620334444	5
-0.11350141497886	0.503982997161922	5
0.00885806173711701	0.667092252340419	94
-0.053264951244205	0.310084436347672	94
-0.075040253880997	0.325260013302741	94
-0.122671606525585	0.216727253695051	94
-0.036510722205087	0.514625879899097	94
-0.035397403953409	0.546429442314611	94
0.040536583696508	0.944575688905464	94
-0.067985319837081	0.546810515358007	94
-0.111412968137493	0.248492630022996	37
-0.066616096150268	0.295837409038156	5
0.023671777113914	0.532131851503727	5
-0.091795251770251	0.376538310901629	5
-0.048630277541849	0.836716654097246	5
-0.090552877899369	0.554102118050445	5
-0.048343220786764	0.65236557812396	5
0.120391010900894	0.252613956446402	23
-0.092265258037761	0.195718471965324	23
-0.101234232825642	0.265045659455232	2
0.066754239791879	0.465345542647924	2
0.00393394690843502	0.965373001367792	71
0.055938027739134	1.34122231554664	71
-0.012824835235651	0.84401485436621	2
0.028797413779376	0.397328579751146	2
0.054523151051367	0.625727579829436	71
-0.108718268877477	0.280282265095409	71
-0.058953875796259	0.213701134872257	2
0.041465560472449	0.358982919433572	2
0.080415253898875	0.379238089519188	2
-0.038415540860831	0.289474443305161	2
-0.119376060250079	0.533685869540398	2
-0.012384775887236	0.326895353623711	2
-0.120703295124601	0.158849192581545	95
0.120619647484591	0.764124525785753	95
0.011237550399841	0.507909895602008	95
-0.114495334658144	0.347724945137249	2
0.00566995447461899	1.11522161662301	2
-0.056441894012593	0.571726133117928	2
0.08260071910014	0.572081329208652	2
0.070538322392649	0.631144340748731	2
0.089568844910249	0.838087831416439	2
-0.100636649273181	0.24009034755867	2
-0.11439116514164	0.728962857831511	5
-0.097001480171402	0.479222947788663	5
-0.055004295098384	0.429593686741936	94
0.09932854597341	0.477780118490654	94
-0.113544387079502	0.209063060321839	94
0.077122922103688	0.897618508645502	94
0.078084298750365	0.886332286672427	94
0.037276401570055	0.611834023039049	5
0.040779736912668	0.350164941086449	5
-0.017192978649865	0.262881941296702	5
0.105215419513075	0.916457249111909	5
-0.108774466061383	0.437982665819402	5
0.076962643862487	1.438251016627	5
-0.022810120125772	0.407396433799268	5
0.086929954434758	1.03162075620544	5
-0.052108608878992	0.362753214517756	2
-0.103318142023952	0.258199162413187	2
-0.059993560570166	0.607809985367421	2
-0.124151892356647	0.281050142323153	2
0.052747651186528	0.620844021909086	2
0.0482448061356	0.265062161456869	80
-0.024032688712707	0.292184245595968	80
-0.053334971557751	0.225536149345606	80
-0.045668811660243	0.353482341548731	46
0.089003174520514	0.431446540321463	95
-0.034327356057055	0.399120688510219	95
0.100599712255573	0.779404344688601	95
0.012751980688332	0.273212604685873	77
-0.068910208703146	0.305415569312103	2
-0.041372028495128	0.319733259452814	2
-0.070514545550325	0.302116512945797	2
-0.075281072929043	1.03958390872439	5
-0.102410394599731	0.572125194063496	5
-0.050729895168961	0.796469975791044	5
-0.037515515427468	0.643133008474872	94
-0.096826916507988	0.396318136275896	94
-0.095778518272892	0.268361209769234	94
-0.074237365467112	0.274558157293194	94
-0.123174401152676	0.176679864729354	94
-0.117893015699205	0.177665796406101	94
-0.123647626414525	0.243614384037847	94
-0.061214228034906	0.381076642950285	94
0.057783336158792	1.26284885055413	94
0.067632133918497	0.834584151571082	5
0.098928755117015	0.705525847975108	5
-0.009567830636598	0.462183135595433	5
-0.124926792453968	0.289468228357909	5
0.016276265444846	0.28544992294758	23
-0.057817606575572	0.57590672213562	2
-0.032427846907795	0.56428663419728	2
-0.076578393250542	0.302752803682294	2
-0.091277627901429	0.308603271286608	2
-0.075867641881731	0.323366570186386	2
0.014590752671777	0.522091769229923	2
-0.074791679343849	0.403923710933406	71
0.064676182215407	0.316118132232506	80
0.030798722688547	0.217026248601395	2
-0.010639962418184	0.373282904721509	2
-0.034458442788515	0.300762317874494	2
0.066104240195715	0.723974057143187	2
-0.064903531459761	1.05630122718799	2
0.02224615242236	0.51692731775516	46
-0.112594160751873	0.127801925363583	95
0.044700714063143	0.934363260914331	2
0.00597766423291402	1.002715770067	2
-0.114527742056157	0.342379312415811	2
-0.074362050510912	0.15738979471598	77
-0.100395848693333	0.928056472155471	5
-0.046449781955906	1.15691008440333	5
-0.120585474768488	0.700386716870157	5
-0.071991011806958	0.581503548341934	5
-0.068174827839026	0.498767044541351	5
0.012345907663188	1.10635024612011	5
0.030104213301443	0.953755517660102	94
-0.081409661543163	0.40744185533725	94
-0.019802750648087	0.447262325399708	94
-0.121688324303057	0.144593667735834	94
-0.00865572491914501	0.3333539563549	5
-0.024350566619318	0.247640213460728	94
-0.113968182835911	0.126413007000148	94
-0.016929827269384	0.308648046924578	94
0.037094327630717	0.605047828440284	94
-0.063742862758476	0.429622974835705	5
0.065425834101569	0.588026070272133	5
0.015632623312436	0.651064533956812	5
-0.086042312136695	0.358116143537443	5
0.058359783094987	0.556003159020342	37
-0.063488355385842	0.137997057995842	5
-0.04730235805718	0.158074623491699	5
-0.119653404264601	0.539167033539248	5
0.099331985027691	0.506842432038131	23
-0.115106698786752	0.295101090764902	2
0.100812631456848	0.509606152521539	2
0.122193467196705	0.900832618108425	2
0.055467509612644	0.527744778899668	2
-0.062015979894808	0.235450820860165	2
0.011611356683103	0.181296383072776	80
-0.045746518296625	0.204517251453266	46
-0.088055592863439	0.451535185053761	2
0.064327960168042	1.22004887886654	2
0.0666147571303	0.318469772039391	77
0.047880511830918	0.482835074185934	2
-0.063201041842764	0.306035755320883	2
0.108005488091791	0.581673537757095	2
-0.029533380388121	1.64472720942388	5
-0.07541468823921	0.760327631151054	5
-0.075050609479629	0.542333700195109	94
-0.00454699590587901	0.6519137946499	94
0.034889661793772	0.65069864663097	94
-0.000023274617879987	0.410306349619495	5
0.05002997368192	0.798976968053256	5
-0.088618635878069	0.239108809185	5
-0.124281764906847	0.196605362841037	5
-0.074067120064513	0.157679933797219	23
-0.030389055194764	0.833548640208342	2
-0.037990664129586	0.845665792635727	2
-0.037968218344455	0.5986392300704	2
0.067083156203776	0.614462907855917	2
-0.094927795557399	0.326598955572223	2
-0.044880892414681	0.362992842254424	71
0.088431101365875	0.643863963994882	71
-0.119307694983305	0.133602859546192	2
-0.08227895227687	0.535364583550371	2
-0.12207901999495	0.334788349542341	2
0.00950480199679998	0.603976457933666	46
-0.04778863895393	0.69901543622602	2
-0.016732748418486	0.715266750949714	2
0.11006965126621	0.605212683308359	2
-0.087196496635516	0.256951913005298	2
-0.030781601563131	0.344643433057564	2
-0.052877078706683	1.40766363631837	5
0.000551377323126989	2.06002180189511	5
-0.106113167226759	0.837835990306741	5
0.00382459409779901	1.69971842437743	5
-0.077589215413641	1.06206110093135	5
-0.02560561459401	0.852545951817038	5
-0.118642557098136	0.444138688230021	5
-0.018123492650268	0.652250574381439	5
-0.079303455456556	0.564753084881735	94
-0.086821175950106	0.40149588960302	94
0.098142537118796	0.763119368609078	94
-0.046084591629166	0.268186302999312	94
-0.100727183716209	0.289401701899042	94
-0.081060647279429	0.374655644545438	5
-0.085934092340941	0.353027650887793	94
-0.025910928402187	0.595146036861674	5
-0.079597350653611	0.509589216157377	5
-0.122250433048188	0.178162962975698	5
0.00567114580844602	0.256676404210314	5
0.066446273422991	2.26942044021488	5
-0.046076948762176	0.891270605597645	5
0.014120039789808	0.352214900869015	23
-0.11152073348084	0.160367767958859	23
-0.049344916064566	0.156232266907655	23
-0.039738064686007	0.403495421896057	2
-0.096418139424265	0.370129391007628	2
-0.094783164176918	0.38193705626744	2
-0.002982935780004	0.676546069928	2
0.00427451885556501	0.577251780831233	179
0.025549212240484	0.742294076295551	2
0.058526122873808	0.93555806444134	2
0.00590481368885598	0.489131982781402	2
-0.049571417653812	0.156091842418234	2
-0.114853922285541	0.0842193727048332	2
-0.10106931208738	0.521818729068444	2
-0.087118778249731	0.304159444489402	95
-0.038839623557938	0.380576076450451	2
-0.105533836061433	0.38469560917977	2
-0.102292679906698	0.432265993240851	2
-0.080915670811132	0.467317110539314	2
-0.073727086011345	0.588947057969357	2
-0.067911917553722	0.394645804091143	2
0.095499832485353	0.461591999935954	77
0.03279228412516	0.330849883654033	77
-0.070678194307849	0.321825118616696	2
0.049813835020469	0.599259610831592	2
-0.118595775449382	0.769553988102983	5
-0.089463810441055	0.49868894157446	5
-0.108886918254938	0.279857753834379	5
-0.080303325409794	0.543574025231219	5
-0.00651620800364	1.81748431485318	5
-0.022643191869212	0.751097536925243	5
-0.124072706533579	0.376943111286238	5
-0.067562896199436	0.565056448935202	94
-0.112404008501466	0.333203733923174	94
-0.023682695489101	0.333744559358836	94
0.009757361954152	0.649150039059883	94
-0.073812526980428	0.210602289530467	5
-0.00899331338741899	0.427993541330981	5
-0.098855952768641	0.364971918200719	5
-0.022765654837658	0.472217742535168	5
0.011203921154488	0.775862258232875	5
0.043181915783791	0.775803505657658	5
-0.091189386619787	0.158221545610488	5
-0.066314894735998	0.871368558753031	5
-0.060574529950293	0.725027540011176	5
0.002942098588054	0.476586479430617	2
0.081913920636607	1.28445249375604	2
-0.058596236855844	0.491789202310882	2
0.117620073823711	0.755501888196769	179
-0.10805109745837	0.284090715282582	71
-0.011138275390844	0.585639207933792	2
-0.096589652148474	0.39721508681606	2
-0.049004365976692	0.263609668595071	2
-0.096005586337688	0.126851136532206	2
-0.075745182822621	0.918555034320289	2
-0.121297984908197	0.406718698975943	46
-0.100747080618012	0.266095846993306	46
0.032425224079005	0.730319360805883	2
0.038053337515958	1.41217045733171	2
-0.040243287181637	0.73030633918768	2
-0.042231607476952	0.66186176120688	2
0.083629997632229	0.607058277216509	2
-0.087505690346987	0.271279201221547	2
0.050543885594315	0.509534435571607	2
-0.096070109359711	0.276190251502069	5
-0.106364286636485	0.479991176794133	5
-0.113095118949079	0.309089562568962	5
-0.067263902089505	0.685583028490965	5
-0.040708923054567	0.281217862700437	94
-0.000489453397290007	0.515342818373584	94
0.056101384837207	0.53618658297125	5
-0.099638016766145	0.270906063051484	5
-0.056998110833846	0.340973617677611	5
0.093131944191574	0.875757431882143	5
0.015201232344684	0.488174195667016	5
0.041097098441413	0.774294593425835	5
0.110212521146517	0.651902069233067	5
0.049842658922116	0.5926470097682	5
-0.059674887082547	0.488150752549323	5
0.108912233986095	0.602681478926589	23
0.04933892701595	0.66033651666931	23
0.0417340637439	0.0570664528087262	85
0.111585054204691	1.04924299738218	2
-0.077110776756323	0.26905879095458	2
0.124340278357113	0.889541387485519	2
-0.00175876217981399	0.50203747243652	179
0.111295483556413	0.597999829374647	71
-0.056123364713343	0.394232669901654	71
0.017132873528461	0.357290368081517	2
0.029802761514087	0.216166303030767	2
-0.099075371070846	0.124099514053959	2
-0.032361734962548	0.403764345926461	2
-0.117772313764433	0.587239110365903	2
-0.12165574950948	0.428264915087534	2
-0.090834402776068	0.278877147423061	46
0.055131941548759	0.283257737802877	95
0.034517880037348	0.340815766751534	95
0.035616368969786	0.504536398218469	95
0.090649779104308	0.649672748193484	95
-0.049792778858271	0.538198687796762	2
-0.081901717782703	0.541373986913796	2
-0.088499699246518	0.332147615121284	2
-0.016042440801135	0.264455559051826	77
-0.091193672702993	0.280446936180807	2
0.084456158751529	1.15026693768339	5
-0.107101055421413	0.39112767663735	5
0.054593058794309	1.1222435612463	94
-0.12315536571228	0.292913207265378	94
-0.05009412350151	0.367429160595607	94
-0.034274525151629	0.337684945110258	5
0.040432999519577	0.778392458050277	5
-0.00396313065169601	0.44461528224709	5
-0.123077392655562	0.16749852112096	5
-0.112989499783808	0.185373790988687	5
-0.052203956104631	0.191620791822205	5
-0.085219942474815	0.511206448086596	5
0.083256030022889	0.744870983514879	23
-0.020787642241392	0.38296664533074	2
-0.006021123527718	0.56699884400093	2
0.054151576918673	0.709546827532366	71
0.018935373132158	0.436926300811808	71
0.03333009472251	0.42591865115695	179
0.089636691453611	0.613455181838951	179
-0.078791986507076	0.300931057885257	71
0.04540064214206	0.923598447544892	71
-0.046993317657913	0.301370415812149	71
0.00945072322332902	0.179665806112005	2
0.067630884512303	0.466964021748907	2
0.00188093578070597	0.891228668009996	2
-0.062044854541773	0.347866492854006	46
0.063543933065091	0.303745083598752	95
-0.045273777089325	0.205048546014412	95
-0.063081057823257	0.40806183109938	2
-0.112813915894634	0.394307745552688	2
-0.059974264376119	0.444082994252718	94
-0.001099280954065	0.303490671836026	94
-0.116823303142593	0.210289971145646	5
0.113912088827283	0.698574682726116	5
-0.074098655752525	0.954693129870296	5
0.011865440347314	0.792879378642268	2
0.00107629459237102	0.509621245323496	2
-0.055815019203019	0.487442744860152	2
-0.107102966462366	0.760294134807697	2
-0.00279208841745399	0.587299119872598	71
-0.093587043239604	0.270397280045481	179
0.068270480866546	0.760296080503701	179
-0.107536339939003	0.234776161647501	179
-0.086704546132069	0.458710688383617	71
0.019921635169445	0.553360109092851	71
0.115107649515729	0.673794045297939	2
-0.086945196454964	0.385555987665845	46
0.061500310086467	0.30142707799572	95
0.00383631972791698	0.317049205275608	95
-0.042589902339298	0.820774613267219	2
-0.105062071788852	0.447027446993333	2
-0.065002508450704	0.402712523817453	2
-0.082320728824026	0.253332812650642	2
0.00502652457106501	0.997400940187451	2
0.028007934818566	1.15843443324907	2
0.062039578318623	0.900911292760451	5
-0.093553210763637	0.575120423800552	5
-0.118586797223877	0.186296448703903	94
-0.039777095821815	0.543708600668156	94
0.097840080098564	0.728467170432685	94
-0.079417635151715	0.199263376943245	5
-0.105964296355548	0.41731558426023	5
-0.039847652807569	0.685031122558122	5
-0.068259776078874	0.330407620912752	5
-0.003631536716177	0.802419950018651	5
0.060609711522448	0.935218187317329	5
-0.115330530626701	0.393786627067264	5
-0.067162382552077	0.475497357413086	5
0.014065880092309	0.70697810305317	5
0.022676295961394	0.37976798272846	5
-0.021579047506335	0.850881071041643	2
-0.106173960556139	0.338784070182386	2
-0.077804333161609	0.374367908005673	179
-0.043567629574279	0.418348743357514	179
0.00461340505344199	0.53979857619274	71
-0.05057018459172	0.155200844374922	71
-0.073958842801238	0.157796074754073	165
0.053914721007751	0.410211495112416	165
-0.06469714263704	0.277826818882696	2
-0.095799277170481	0.465154924770736	2
0.057273402655136	0.640491808525648	2
-0.117096486003159	0.294220002564543	46
-0.009206303985861	0.50788726750708	2
0.043289524147015	1.10457303666417	2
0.060900755961459	1.10412049623295	2
0.064617223543462	0.453144671391119	2
0.122268722304043	0.825736999628413	2
-0.088758555751169	0.303056570690288	2
-0.029115537170896	0.314672221699173	2
-0.085257333838009	1.06262989516198	5
-0.086790118923961	1.00357313320015	5
-0.086024712193014	0.952034188716256	5
-0.06587647192758	0.831931069771554	5
-0.02145445130125	1.30351988347747	5
-0.08048481224065	0.773376588852146	94
-0.041736700922249	0.831298797108001	94
0.080475204545578	1.59686331756642	94
-0.088395365897513	0.443545557023055	5
-0.073005997961673	0.387582174827279	5
0.087273597002094	0.986239018946231	5
-0.073030258157181	0.453758451080336	5
0.025919798157438	0.709157591108461	5
-0.016273000298779	1.12488713134744	5
0.020904120237462	1.12121032988587	5
0.047992049634803	0.38472733492105	5
-0.105757456506761	0.212610750132466	5
0.047980385443451	1.0823088362967	2
-0.077235539162256	0.484643994218952	2
0.00537827960514098	0.596202886983857	179
-0.066693057790635	0.374715275424895	179
0.00332086848157998	0.664088399014998	179
0.049883735415863	0.395583956434651	165
-0.088340443449495	0.204571177431878	2
0.088014719602957	1.22045374206431	2
-0.052699326067064	0.458360611238049	2
0.022311325650043	0.379132788194962	2
0.026285935636989	0.673342035180587	2
-0.057008963194192	0.547794216565119	2
0.02054968942955	0.994439890983618	2
0.023897257898722	0.64200410498843	2
0.068555835892442	0.633174358294479	2
-0.049292148408649	0.293264624118724	2
-0.100957812646879	0.195465491140544	2
-0.109569838366437	0.301089299778032	2
-0.071392815099547	1.18766265797116	5
-0.077643474665634	0.509414776967282	94
-0.017322073159667	0.685205507267083	5
-0.061707622819919	0.438870744344193	5
-0.088127674808976	0.352354206311326	5
-0.066926947468895	0.511589792807882	5
0.01681234101334	0.695316885352119	5
0.014178324415924	0.724812885916159	5
0.036950902955839	1.34949610013014	5
-0.118810567795851	0.161498141509633	5
0.087909546159272	0.808020462082644	2
-0.097098895299583	0.249549080845438	2
-0.010465692905024	0.419822208261097	2
0.01025025595946	1.00353278925176	2
-0.105075822863676	0.419985426582467	2
-0.010622915023566	0.620966937588932	179
-0.123026557407758	0.198902022407698	179
0.08837746066394	0.817720460430018	179
0.00928066656061999	0.619230540686399	179
-0.108986818748597	0.300466885581459	71
-0.021523368000178	0.251234775861357	71
-0.022551965478963	0.24999490628716	165
0.043829833929166	0.370348768217224	165
-0.121788018674165	0.220537349597794	2
-0.067462408736186	0.506908260802925	2
-0.109997320303371	0.265444334516286	2
-0.057156686942205	0.298991408626801	2
-0.065526642333373	0.319124437329503	2
-0.049549513397881	0.665031936539957	2
-0.076647319511081	0.619091626240624	2
-0.091561856363474	0.522603988978939	2
-0.043669659688335	0.806006086337191	2
-0.031079747762181	0.717011625305003	2
0.077246213215409	1.28487732636737	2
-0.062638334568753	0.512258823455299	2
0.12398731404915	0.86900316142964	8
0.00870078207595998	0.43977792820163	8
-0.100623897823544	0.888778949540061	5
-0.112657298738123	0.387507234981629	5
0.017759901873264	1.70141800639406	5
-0.0536393210046	0.866865843919988	5
-0.064547826175586	0.61349001052903	5
0.033738336334767	1.5601776480845	5
-0.112689938765011	0.462866397301799	94
-0.031464787248256	0.790306652881393	5
-0.037936470636752	0.444963604688909	5
-0.050663821775634	0.629383128404287	5
0.0738590825675	0.932707035183134	5
0.097030163550611	1.10216046710874	5
0.04870358161195	0.767740235569831	5
-0.076573844768972	0.305803394946785	5
-0.122328682887612	0.217410332690129	5
-0.027159184986535	0.451800131574085	5
0.066995722282591	0.621576193157254	5
0.121955117698308	0.238634877520482	2
0.097468493669792	0.735705794120829	2
-0.10930705045408	0.448053343573353	2
-0.052834916441069	0.457930341563778	2
-0.091614079247987	0.823337434993397	2
-0.03496086982918	0.575369728649064	2
-0.018247523143687	0.710636110633053	2
0.00747797607866602	0.581517419262585	2
-0.091311492257589	0.352098191255246	179
0.070348121955183	0.759947661991597	179
-0.090216538691982	0.406130077385601	71
0.048842960975931	0.265732311212495	165
-0.124326535447858	0.174838336598768	2
-0.072708458619594	0.212280217092079	2
0.092813662369994	0.447427722833168	2
-0.071499122742999	0.323060439842863	2
0.00347681703642699	1.14873647952907	2
-0.076438753836682	0.436218399994048	2
-0.00466885022177799	0.566543658765111	2
-0.025855469090909	1.18917704032545	5
-0.085507727813592	0.714941254383194	5
-0.049616629608846	0.66465346065767	5
-0.05390532159982	0.37754550487227	5
-0.055267257407412	0.535104344168532	5
-0.00179146024510199	0.685700704118897	5
0.017407448719951	0.651439747092364	5
0.065043300675183	0.470100870846426	5
-0.122891441775773	0.129538016030822	5
-0.031595265167584	1.15149140766233	5
-0.056024052263839	0.85714136180412	5
0.033251385567873	1.30343732943354	5
-0.0253958798416	0.707713570693295	5
-0.00614380165765199	0.969047112330788	5
0.08532332604596	0.743232241931589	2
-0.019478516885843	1.22691322940321	2
0.036800493466587	0.532753539900815	2
-0.1208560131802	0.233034423962761	2
0.060246215946744	0.995985983773138	2
-0.074809951306104	0.366842852781739	179
-0.120742592510466	0.180577156013423	179
-0.044486348814041	0.524135464617404	179
-0.053431592120416	0.282036201518171	71
-0.006533499435807	0.226988317218475	71
0.033689975455231	0.332147364095547	2
-0.033072801869536	1.20907610528247	2
-0.028925370787822	0.667058685251798	2
0.000721995228855021	0.916773585770995	2
-0.096758108088225	0.627231259785683	2
-0.117745472976361	0.324746372578423	2
0.038446664144216	0.354265311957137	2
0.026024687099746	1.70045001242789	5
0.059681522422207	1.53870064314459	94
-0.076239992953425	0.777308762676033	5
-0.08451136337951	0.424293998971961	5
-0.063082714280644	0.766086763453088	5
0.043193470733417	0.249373825858436	2
-0.012670253793873	1.15169610801455	2
-0.078837475594176	0.316554492998653	2
-0.072017073688267	0.575515993920237	2
0.06046428924617	1.47125060277865	2
0.057505837908174	0.983063353280885	2
-0.032879783395683	0.57909909170235	179
-0.103461501647333	0.335522852418319	179
-0.077352466293797	0.248645879281199	99
-0.079888027126447	0.713138578981955	2
0.090889785222556	1.3786895651994	2
0.00845997816633098	0.829326310357162	2
-0.05115625870141	0.506173757951465	2
0.046746103366832	0.571112709617101	2
-0.019937818273606	0.606739909357731	2
-0.045761126512443	0.541546463478344	2
-0.094796891179563	0.428063378028679	2
-0.026223132433147	0.49006894379251	2
-0.00297196011647599	0.657715208107434	2
-0.109604205058867	0.835288276903949	5
-0.034431542080206	1.25744222508246	5
-0.012473289354878	1.36044154886387	94
-0.103785838945324	0.778520623426131	5
-0.098378008799866	0.761768279663711	5
-0.080190700682888	0.822206275813192	5
-0.076679062756274	0.697519027885079	5
-0.062337698137844	0.754761283177078	5
-0.070969536711277	0.804020968093558	5
-0.112265203667728	0.485809311048401	5
-0.104944074935214	0.64449463372088	5
-0.118417530869129	0.498686968766337	5
-0.069629927343097	0.675693771004106	5
-0.119646399090127	0.427613475990542	5
-0.055190263747049	0.872418266195262	5
-0.068691774962929	0.710151024410732	5
-0.114215732013966	0.619819776717667	5
-0.120696378939473	0.548138608087481	5
-0.118785778204172	0.624690119898058	5
0.023272507240444	0.445905216930316	2
0.093489810776913	1.14032023445516	2
-0.043886556447237	0.807600876277013	2
-0.065309005417693	0.557724858909942	2
-0.113424332115877	0.324554596685522	179
0.050332525493933	0.861806889296746	71
-0.115528523519484	0.416262978422554	71
-0.091428094553579	0.308267854763818	71
-0.090199089049154	0.282889761752773	71
-0.118528780676563	0.197994586274809	71
-0.110200418698679	0.241473046498209	71
0.026566308951168	0.53385937395992	71
-0.013399839287027	0.48701938252096	2
0.01898899031046	0.679226306447001	2
-0.119279569049934	0.500816870137447	2
-0.047506931840114	0.562711118134567	2
-0.039000123077029	0.413163836449109	2
0.081414048868061	1.04777339079772	2
0.00880321729963002	0.90194347969985	2
-0.107680226991903	0.490823517089203	2
-0.095503764484172	0.420565423550657	2
-0.075955189594118	0.394788795338974	2
-0.064045877800019	0.428744428237391	2
0.087329288116502	1.32043882227391	8
-0.007260137500052	1.28011159587583	94
-0.106143896139658	0.500608941517716	94
-0.036717836811919	0.860156220169028	5
-0.109971154485549	0.570698426988109	5
-0.091339956269858	0.62403171322718	5
-0.073111575862872	0.524837318092944	5
-0.065167359936183	0.555622914189635	5
-0.106690013364585	0.843183143736212	5
0.054804441873599	2.22246113824322	5
-0.083190452537301	0.729943922507695	5
-0.096242171068039	0.372990846082675	5
0.016651307057362	1.16214557357307	5
0.080034739831831	0.0858257441619514	2
0.04076035266281	1.34837413337102	2
-0.060643024136514	0.445332567211867	2
0.00996505639012801	0.66583336917721	179
-0.064545782815014	0.568825943731115	71
-0.109331109302062	0.376079439090858	71
0.00751177787895901	0.641616514886497	71
0.033050787498995	0.331198095849036	99
-0.067264179307543	0.223842967900847	71
0.031752160632965	0.565668054614845	71
-0.018099924369818	0.306900135078333	2
0.106173006864594	1.12523863764702	2
-0.037887640763306	0.814136710481837	2
-0.10491896054435	0.382055251518211	2
0.021120463357505	0.663591952849659	8
0.00900440864157598	0.552446616540414	8
-0.099995936300016	0.876162465228382	5
0.04708668086296	1.70031952530796	94
-0.090563557317776	0.442377382339585	5
-0.075118394495002	0.640948225809713	5
-0.063889191116183	0.448898693268155	5
-0.047142317190798	0.533196092103302	5
0.106291038413463	1.14262880732679	5
0.027871964063414	0.81528168057594	5
0.017184669970366	1.88161201511867	5
-0.057877533423784	1.11478018481747	5
-0.055358950097867	0.996683133440176	2
-0.094217637725004	0.759270141660796	2
-0.091196291215449	0.483180941604767	2
-0.00026010350281	0.839979531650879	2
0.00965016512104599	0.625688654792799	2
-0.05571115439116	0.417336835729467	2
-0.011252712088513	0.668758024983582	2
-0.086767912544142	0.353509957166646	179
-0.076247677571321	0.363078110637437	179
-0.03910828990439	0.433954311782177	179
-0.034129594446848	0.550779851756219	71
0.019831872841595	0.820433768640438	71
0.021394058560638	0.291847043062916	169
-0.012798700698248	0.364023144865852	71
-0.056385266367684	0.345912703232691	71
-0.116945220420933	0.314233813453283	2
-0.110877595980689	0.272904284850649	2
-0.090855915653518	0.358325898294246	2
-0.054223544310812	0.280567989672239	2
-0.048024148655495	0.752541842300363	2
-0.031467871792409	0.743789031299673	2
-0.102239255315886	0.361669558205942	2
0.000733103065110985	0.898093268216177	2
0.07971171880372	1.01023277495102	2
-0.122966864166492	0.209599322579488	2
0.060838714935226	0.853985263771406	2
-0.047149693795999	0.459508401292567	8
-0.022463788869031	1.05835954190654	94
0.036169001023499	1.33391306557118	5
0.106984450638288	2.18377990094637	5
0.048154457922434	1.23373553487029	5
-0.091325117012195	0.542877934270929	5
-0.066984942184029	0.751997323913515	5
-0.122769350141731	0.443309509034861	5
-0.00958511267614701	0.702762081877428	5
-0.102445784123907	0.399146031106788	5
-0.081661235238389	0.504650741018501	5
-0.104879596541281	0.550209307696511	5
0.050444513815636	1.79296475060565	5
-0.074776582413735	0.557266895160865	5
-0.050744918514741	0.77727297031615	5
0.07388184957298	0.662844621512691	5
-0.040619749254658	0.934346717904623	2
-0.02797692736023	0.583703472578254	2
-0.099955719343846	0.331258501888364	2
-0.124695399570154	0.288531786642198	71
0.079433571772847	1.11342143156825	71
-0.073961570001745	0.210530358489405	71
-0.082654165582572	0.21303485079115	169
-0.116052839289088	0.300865570538861	71
-0.024775366885789	0.753433651065144	2
-0.118532987329345	0.421031205074946	2
0.048228758747128	1.0838585438031	2
-0.082687432520384	0.509655638841922	2
-0.083793637484283	0.26920962414003	2
-0.10003334193918	0.238781143869305	2
-0.06462383128704	0.320998169567742	2
-0.057468321140121	0.467902867168893	8
-0.088715782659595	0.769516089905978	94
0.025829107613566	1.81560919288503	94
-0.097467308753126	0.714165875360819	5
-0.03291354398943	0.851467778820645	5
0.061044221546177	1.54353944336872	5
-0.060575632761176	0.570313382522348	5
-0.044882543465911	0.814341652581922	5
-0.113238527456699	0.570233353530393	5
-0.116558882664451	0.632840488426046	5
-0.037712130140944	0.295192400229867	36
-0.05412904790555	0.489643129099904	2
-0.123516194908232	0.371905159968964	2
0.107869424633676	1.15870917052668	2
0.101726639989147	1.2215391702907	71
0.03202116239698	0.76686110719983	2
-0.076337507491975	0.414247412064091	71
-0.05612619153266	0.486422100701102	71
-0.090138317667541	0.344221023813495	71
-0.068839931208316	0.476239602265038	71
-0.063753835247118	0.412576622543829	71
0.076747987326194	0.686413981123992	71
0.035484741693325	0.504158131300492	71
0.06663117641335	0.590994954681569	169
-0.069415597638802	0.344658797678945	71
-0.089455154195216	0.694346498298245	2
0.075617248600214	1.07346038735839	19
-0.083827035866948	0.329255890813402	19
-0.029972223907291	0.452770531376159	19
-0.035420751770944	0.396475894146393	2
0.00847260631279001	0.60609275638749	2
0.052728475971177	1.4309572883044	2
-0.112837584218308	0.37368351487687	2
-0.062656307762216	0.574035629735336	2
-0.00933576721299101	0.742905906234809	2
0.077840600017421	1.00159855444222	8
-0.026687376310084	0.592361541801906	8
-0.066147175854771	0.554824588697329	5
-0.033937311377187	1.14722734517621	94
0.034763610277784	2.05151925165672	94
-0.106580984390705	0.248999656184694	5
-0.098334711356296	0.260529682953138	5
-0.089302602427288	0.426018029174137	5
-0.042505421652306	0.518617239299695	5
-0.081913071545159	0.450878086379621	5
-0.12159545858371	0.524399029798526	5
-0.064281786255273	0.407942454441708	5
-0.046958710681358	0.501844025837143	5
-0.036227262296527	0.329755536672652	5
-0.074795415789898	0.231916959517102	5
-0.059348225118341	0.803840537562523	5
-0.011532177096933	0.883060533890481	36
-0.043558132620293	0.800603315448129	5
0.049116347228132	0.265945465053485	36
-0.099336801917493	0.361352937541884	2
-0.027716211846137	1.08212799810848	2
0.024816496589238	0.939684409588908	2
-0.059065780376732	0.555577614852055	2
-0.103841828728806	0.55477269284249	2
-0.062625518300755	0.557376702050405	2
-0.047536364412116	0.431533235833975	71
-0.115000526107428	0.274050198020678	71
-0.00850004366947399	0.746811018887343	71
-0.034942138202528	0.515799401372088	71
-0.11241812410668	0.198803828784515	71
0.056118674133574	0.429641526941206	71
-0.083020764315008	0.319274154742925	2
0.048413244990301	0.38543182909045	2
-0.042674092258278	0.278104498511399	2
-0.110760322018255	0.1888171087144	2
-0.081439701226766	0.343829480186237	2
-0.124706619039407	0.382748988425738	2
-0.085402478954522	0.446575864561828	2
-0.112023493281327	0.258696333420929	2
-0.041800354360828	0.279503082524554	2
0.060176927020276	0.299885525615048	2
-0.063370950693774	0.229439861390479	8
-0.052491113996662	0.407264843950459	8
-0.087865179642794	1.04208729217507	5
-0.034720855206654	1.12951996981376	5
-0.012636180751388	1.16534709332361	94
-0.033413112280987	1.05230656304181	94
-0.091521702422123	0.685203905550195	94
-0.039804481578895	0.576752412134896	5
-0.046461286952607	0.528851626508592	5
0.00868160612076802	0.601394340642383	5
0.026248428199335	0.733621412612969	5
0.00661626254616299	0.830132493312662	5
-0.054705812412076	0.356758230790543	5
-0.029207897467213	0.550314726325401	5
-0.123697564125925	0.266738185830355	5
0.061216346898986	1.54873470820653	5
0.087946267792692	0.82424395532204	5
0.00462178928875401	0.669083910796524	5
0.113589026269931	0.650929297439644	5
-0.113408108095741	0.482625053147497	2
-0.11787737447242	0.292105677474166	2
-0.084189761118283	0.968994750773975	2
-0.02591605361006	0.639092586402747	2
-0.120342820953471	0.643750250683195	2
0.024349453101198	0.720831730250911	2
0.062907036895691	1.02166017116011	2
-0.016062936795151	0.357679126728961	71
-0.024511826315395	0.600147855155587	71
-0.00921776055764001	0.591994065733498	71
-0.025640335623604	0.495975824179516	71
0.114225661053919	0.699324121740078	71
0.111342734296613	1.10139057996568	71
-0.030533982301705	0.349477715528621	71
0.057701433362802	1.72994755352588	2
-0.065241006806793	0.405248390203074	2
-0.036386901570855	0.665901307359381	19
0.115219446953428	0.68342432677446	19
-0.011382792772938	0.276720380466271	71
-0.121318616480951	0.145061288339631	2
-0.092564188393805	0.319307257016633	2
-0.0360861764417	0.892262788396043	2
-0.113660055384728	0.463867969092861	2
-0.084431591394329	0.142448301789079	2
-0.105536999365955	0.666770568457202	94
-0.102973824557083	0.779909492235217	94
-0.095855919647326	0.629603156156529	94
-0.03524352892822	0.709506384136875	5
0.110091171338986	1.52514769127411	5
-0.00271300353624401	1.10829988029962	5
-0.109570088183398	0.385058676416481	5
-0.110823410379518	0.270834690154662	5
0.016107916872906	0.583855080310513	5
0.110506200544633	0.596698098698262	36
-0.092815307955063	0.647900492766438	2
0.074065267254328	0.787300462812372	2
-0.094844199184707	0.33745793867129	71
-0.020172117223551	0.769961804681263	71
-0.01666093254106	0.435427337622436	71
0.046609323081587	2.24349187927689	2
-0.088568058270872	0.406143414755324	19
-0.012280440844238	0.415677257118327	71
-0.096905516386923	0.361233220403095	2
0.016385870453829	0.765045655945814	2
-0.00708038148271201	0.753070667935782	2
-0.059726362371899	0.815842025376372	2
-0.0612940795193	0.287599522848207	2
-0.096259168178758	0.967144623997389	94
-0.091221929945542	0.842033409315109	94
-0.085756615078153	0.854003600645105	94
-0.070832949183945	0.923332399734452	94
-0.04427827327571	0.599136065094334	5
-0.076864229128764	0.591582903533057	5
-0.119232802415471	0.557727355417931	5
-0.067929953362299	0.440083067638988	5
-0.056125514614873	0.687708731051679	5
-0.091436746015068	0.32213036104346	5
-0.093620993642542	0.505754340144692	36
0.01304506077915	0.793483224204671	2
-0.053242230663111	0.935721286397998	2
-0.124954714980292	0.518392996885944	2
-0.120538857852072	0.580169791143868	2
-0.073328443759787	0.88739218071552	2
0.00835784411412899	0.589662104079848	71
-0.059596642974382	0.427822012536856	71
0.00509464069676602	0.622926166823712	71
0.093929198299393	1.11910272531814	71
-0.090963396535772	0.400790503667649	71
-0.101334100691661	0.355297812112667	71
-0.019500752756893	0.490051003732197	71
0.056372916571974	0.422270225402456	169
0.00613786394218002	0.428699727293055	169
0.112018669601567	0.609637024298196	71
0.036319106321318	0.813345124431031	71
-0.120724604418369	0.584442374763304	2
0.089983342354204	1.17161366520147	2
0.059228889834765	1.17828729555971	19
-0.104781065339654	0.216812670598743	71
-0.019844405007272	0.298763090026333	71
-0.047776037281629	0.295988378553638	2
-0.050375883830972	0.843754212567811	2
-0.04578464956673	0.534256392068012	8
-0.113367407842057	0.171734922151872	8
-0.094792559046622	0.58231005696065	94
-0.104471736529536	0.58610603540202	94
-0.113550769846056	0.290550720892053	5
0.077660760218848	0.712053723917525	5
-0.097238470432761	0.315692074980132	5
-0.097168019085058	0.432604929732992	5
-0.122298919520502	0.304314733638865	5
0.043618347663667	1.67596000661357	5
-0.043177746827292	0.494681006412292	5
-0.067539060620259	0.418335978949056	5
-0.014671264689686	0.360445195933834	5
-0.033402077211004	1.29414948726539	5
-0.107672416702868	0.618765476609135	36
-0.087693155476569	0.22210216002752	36
0.014481466133995	0.595633551008364	2
-0.028822755062439	1.47495267768579	2
0.060719951341719	1.3529062318036	2
-0.02768352058403	0.655958237562527	2
-0.117930568197884	0.307750390729561	71
-0.041502485280389	0.491309317420012	71
-0.07378927480419	0.385417826827427	71
-0.081900110557125	0.234674666597198	71
-0.041626796565186	0.540860507283901	71
-0.018440696440358	0.206754007218232	169
-0.03969588595535	0.31898598438887	169
0.04629848910732	0.47947828445086	71
-0.070844000741879	0.722194399426732	2
-0.029379398846307	0.794122476515737	2
-0.054432518501351	0.474469372580235	2
-0.059551722464429	0.403477719521761	2
0.085074154605933	0.750523921401856	2
-0.095189900093213	0.378437099648522	19
-0.033291261780446	0.335378224564617	19
-0.034703894365415	0.223231279334882	71
-0.100218582911242	0.144523199793989	71
-0.023225661497111	0.438818707357765	2
-0.072003341407885	0.547585690917268	2
-0.111849001901148	0.173913598532225	8
0.043653282215415	0.563097354864414	8
-0.064881318729597	1.22714640479014	94
-0.048321461279409	1.25930646520418	94
-0.077602155242722	0.685634064665682	5
-0.078765151217629	0.547234207218672	5
-0.000448957502368008	0.738338015721781	5
-0.047046731818014	0.822929436168604	5
-0.113710897958266	0.423623705482792	5
0.037914801568059	1.46823757762978	5
-0.09122366718866	0.426171815165899	5
-0.106554481177494	0.236698119915226	5
-0.010012488603935	0.54545972344328	5
-0.122717115709535	0.269402266739291	2
-0.051731269610003	0.661964416649688	2
-0.123562987716965	0.449535819932822	2
-0.029349293386115	0.73674879358735	71
-0.115967530546601	0.30731672360233	71
-0.097987605810622	0.358031838580398	71
-0.036155701026391	0.500095842499972	71
0.101679820786268	0.748138076890086	71
-0.046240637904103	0.469451707588848	71
-0.10894059648986	0.377560449256404	71
0.021660226546326	0.90208202627312	71
-0.00946068213409501	0.46251432435491	71
-0.074588987895086	0.273889843307756	71
-0.044892041686288	1.09315247164781	71
-0.098239459107276	0.848297115204769	71
0.075248466223596	0.53127850335606	2
0.065344863865783	0.847675100813612	2
0.069854181621168	1.21768102416223	2
-0.100369535284041	0.603045610127504	2
-0.081202186380061	0.40554130111967	8
-0.066308838616197	0.225224836645302	8
-0.119445884216806	0.184880470457893	8
-0.00672783675345801	1.62445821954638	94
-0.079431134747141	1.08375473892606	94
-0.119455858303054	0.702638509137929	94
-0.119133676043909	0.402556093573705	5
-0.111766793524594	0.351042326801977	5
-0.035783928069636	1.04900810787005	5
0.00389690596279002	1.68418976290062	5
-0.070867142758809	0.568297869486218	5
-0.085058144701342	0.430355155092626	5
-0.098426058919887	0.286702636445479	5
-0.005042064015847	0.570411698396484	5
-0.110163393717086	0.722264500868094	36
-0.084734417212853	0.375843531761984	2
-0.078049600640748	0.55032519933733	2
-0.104429224194968	0.300424854543724	2
-0.012007612969021	0.620673457352001	19
-0.084345205790064	0.494469706052512	71
0.063347597756865	0.693466722050108	71
-0.050885009153517	0.510350852472496	71
-0.087858545734611	0.496141963547333	71
0.02308438265296	1.00342617373694	71
0.095358194440082	0.737826993338229	71
-0.0461405689677	0.204064179801612	71
-0.11867714767736	0.208976626242246	19
0.046588140641312	0.382407913395935	19
-0.102890180975593	0.203930480741	2
0.075879168703144	0.6762535847085	2
-0.107818512134344	0.352905982404651	2
0.089871694971152	1.45082765052484	2
-0.048975289961427	0.940357641640472	2
-0.028944030608542	0.91719673873973	2
-0.087120414846109	0.636882712645917	2
0.014566187464424	1.1703549470183	2
-0.118741931727453	0.208883898024446	8
0.023013493775957	0.898544572707979	8
-0.113531596916283	0.361987395701802	8
-0.111073303648128	0.68060831906487	5
-0.017992397588772	0.944801422798471	5
-0.109953958501069	0.68257312992814	5
0.022652981788982	1.40691271189374	5
-0.066404851276267	0.567468686998566	36
0.012219948447547	1.68486988345964	36
-0.084184911256789	0.348808509963523	2
0.00426189307344199	0.781314497925524	2
-0.083576680260309	0.857749076112395	2
-0.124443715887105	0.474524337392863	2
-0.013332317953171	0.901522864319889	71
-0.062986678413154	0.258164937535022	71
-0.095099099059452	0.339195356356779	71
-0.097806221480559	0.411189678562461	19
-0.073492006587962	0.77929505021496	2
-0.054604681225651	0.858986945022427	2
0.085373361105924	1.78481539630662	2
-0.000560214394461994	0.995926719798002	8
-0.102280789477478	0.288141645211245	8
0.10167623758836	0.976543017694609	8
0.087014764337548	1.40682717539004	8
0.062548990880154	1.16357734916814	8
-0.097389715566564	0.936865918162822	5
-0.069475747974284	1.22169700713863	5
-0.076858411965521	0.856613268175573	5
-0.038189359512364	1.38400834826704	5
-0.081282688733663	0.719909439067734	5
0.041272235289493	0.0569914165178306	2
-0.0414195299366	0.315747510086133	2
-0.014337066432002	0.813386667759427	2
-0.00121213625696501	0.928763826126522	2
-0.017863308143449	1.00410641346508	2
-0.057692521433342	0.712556651689581	19
0.034153777347856	1.1849726496306	71
-0.064932784235198	0.544755310891544	71
0.00695080159355099	0.943914951330773	71
0.00826795367395999	1.10529325910893	71
-0.017018729938173	0.472673203960606	71
-0.024303920604682	0.504150245744495	71
-0.081532627059829	0.653837837177315	71
-0.099394722186164	0.575329314665849	71
-0.110373311277886	0.500368011308851	19
-0.057112123283391	0.654877202819489	19
0.099271891190481	2.23055430426236	2
-0.08192164962536	0.598615354843901	8
-0.094794859966895	0.941285310745015	5
-0.120510860743829	0.725958759429434	5
-0.035693199934828	1.54936780363635	5
-0.077478220432601	1.02058508318835	5
-0.098322120027864	0.910541341413289	5
-0.095501551668815	0.903206987869579	5
-0.044693471297082	1.44388606435491	36
0.066981157539457	0.318750629544373	2
-0.104138440434152	0.310254991592397	2
-0.066778265880862	0.397810448343772	2
0.047840381473707	0.857795927783748	2
-0.124955272140308	0.446127498338473	2
0.034515886539817	0.871729267859616	2
-0.108609501355295	0.433538790397412	19
-0.09429803088709	0.713861107685367	19
-0.10223060719532	0.652917432809333	19
0.067254675955465	2.01993959868915	19
-0.017065997072666	0.904421832115703	19
-0.032454989643615	0.840010525275295	71
-0.11970817086318	0.48578079347465	71
-0.077935169709177	0.708236539838888	71
0.109362423107432	1.23311128205826	71
-0.064015989884994	0.664944025924533	71
-0.064378194388198	0.717801701054107	71
-0.048097343838545	0.564655140346843	71
-0.095629094452181	0.388851360718082	71
-0.085753923378978	0.523482388397393	19
-0.049448012274169	0.760220699813436	2
-0.113617132901843	0.350594056105207	2
-0.109933657623984	0.820374937063854	94
-0.042130332654726	1.18181552593764	5
-0.081340120564327	0.739768055744531	5
-0.10143927847564	0.826395077217843	5
-0.03211852027195	0.572752078012997	11
-0.047452161666053	0.606685307380095	2
-0.076720681267437	0.225428913043871	2
-0.100053716595478	0.616311925896231	36
-0.100245497438917	0.743927170378104	19
-0.042289781667209	0.602187736806149	19
0.037447204915352	0.841712470794388	19
-0.018667832900557	1.10689257691921	19
-0.069624617652126	0.461585285285502	19
-0.09344213286256	0.535127236790097	71
-0.088943226526903	0.36375818743303	71
-0.079608463741847	0.55131762171967	19
-0.086386790435879	0.30296141764498	71
-0.045405262673327	0.357990151994299	71
-0.096464059425473	0.309444961568076	71
0.015459962271497	1.47504595697386	19
-0.071062721298545	0.685190001149615	19
-0.025781182484903	1.21415505503917	8
-0.038070320338789	0.858197834441809	8
-0.113498724961352	0.795172241133252	11
-0.069146142795745	0.328412802166381	2
0.119970646528564	1.23221156262162	36
-0.04659423737321	0.549657296993001	36
-0.030546387183992	1.01420617508074	36
-0.098921792754854	0.61459007871954	36
-0.076882887782886	0.689297580780211	19
-0.015460375010069	1.09071626029586	19
-0.049947245604853	0.772373095137356	19
-0.105032372309743	0.514578134000127	19
0.067715146128471	1.60246405117868	19
0.067613841891942	1.26457343823273	19
-0.020110031012805	0.63253278784216	19
-0.122142439614675	0.359034826468124	19
-0.105618393576553	0.398941219689985	19
-0.069844276898846	0.585869950310145	19
0.074561228629869	1.50153930174301	19
-0.122396568354754	0.337024815149911	19
-0.112595555187636	0.407362685731741	19
-0.00541007113040901	1.01789383143231	2
-0.076151151603558	0.626860900959801	2
-0.123360939948612	0.460046023466547	2
-0.109631393362632	0.545934235200475	2
-0.102011830562711	0.493674440972125	8
0.031030104765139	1.21741956484954	36
-0.037533678517086	0.219838786533074	2
-0.09834387762561	0.615851964729468	2
-0.119370582145721	0.297726778321983	2
-0.056777874181085	0.946133496988936	36
-0.077871816638481	0.501307237449079	19
-0.115788677490755	0.447045393986775	19
-0.072792836380902	0.652700822970277	19
0.009012954945606	0.667617277639748	19
0.083505904811212	1.71770013888122	19
-0.076403754952573	0.662746393166077	19
-0.119857216533718	0.399738258139363	19
-0.034433108014326	0.390537665814108	19
-0.084838596978905	0.423210803022217	19
-0.05502579211315	0.374860133468462	19
0.085037063179137	1.10949991292959	19
0.008460958810941	0.871416796253272	19
-0.075163265664386	0.876474049466953	19
0.013733639149684	1.26386022215523	19
-0.120307574118501	0.535542426613334	19
-0.063899659371316	0.710611876514414	2
0.045122439720907	1.7533849732503	2
-0.041152609702553	0.403847458987323	8
0.022308359552923	0.786750938752562	8
-0.116049122326238	0.491938221101868	8
-0.092463695669524	0.591699383509794	8
-0.029108278221177	0.928783413732922	5
0.022343537149716	0.831487564897115	2
-0.094171319384568	0.173031409554558	2
0.06068816775267	0.300487308153648	2
-0.109468694652398	0.709122283423889	36
-0.029157520643318	0.673257389023562	19
-0.026262824739558	0.772527101320587	19
-0.024339577551898	0.753949748492893	19
-0.035091678901954	0.779500741780315	19
-0.060615227549659	0.650168205496793	19
0.09315387393439	0.875809709444966	71
-0.051512827074441	0.228039888645689	19
0.031220309661905	0.614928379125772	19
-0.121904730804169	0.251488679963651	19
-0.001956918972296	1.58068195791713	19
-0.059284315773424	0.508640698913535	19
0.044989306865408	0.476714225102239	19
-0.030947979690468	0.384542585434742	19
0.024324215080351	0.582894552313803	19
-0.088734273048188	0.620670322529364	2
-0.046535926179219	1.00004959451049	2
-0.046190270870163	0.952452886249628	2
0.062518949679034	0.45730968015007	8
0.094297038869515	0.880016590961631	8
0.014225581583174	0.884656591803461	8
-0.117611540509762	0.375240976760891	8
-0.11041899380655	0.341122002950324	8
-0.095700521852233	0.588789286810866	36
-0.115026871190141	0.657508928977284	36
-0.087150029289185	0.338229791965549	2
-0.022055879690156	0.409041681311474	2
0.096584447876985	0.110055664728952	2
-0.036389953805889	0.17472442819566	2
-0.110506416743558	0.395193781247402	2
-0.083583122874666	0.70679141998223	2
-0.038520143171824	0.931688804267006	19
-0.056809963781649	0.545566386839347	19
-0.072150964845731	0.467603394174367	19
0.050253519963937	0.396203813544177	19
-0.033099297193864	0.268343008884377	19
-0.027750148726479	0.321755206653973	19
-0.055782431670312	0.27407539770571	19
0.016207888445587	0.589840983803137	19
-0.11234866670199	0.404970071190494	19
-0.065052583794597	0.485568630406367	19
-0.110784346048943	0.308759051232948	19
0.112332204492972	0.648176838786199	19
-0.090490624138128	0.235760580611952	19
-0.102366637395299	0.363266401798935	19
-0.048689137388898	0.727487233698261	8
-0.116208612420105	0.192432235097576	8
0.034507803424876	2.20960519999088	11
0.046657056697869	1.11571186993189	2
-0.023478311377195	0.763212294744705	19
-0.064851960588158	0.633744079337616	19
-0.030749804167608	0.621756043904131	19
-0.114785808319693	0.387062173785733	19
-0.050652288133981	0.558547036319374	19
-0.12492882206266	0.312106710643859	19
-0.086146703440178	0.493516794135986	19
0.00706739224181602	0.981285928297868	19
-0.068735537349167	0.536040361605962	19
-0.048186079380498	0.429563560562363	19
-0.044977860467708	1.21570508451151	19
-0.095135383398369	0.568816049452751	19
-0.047070430587698	0.326220976497311	19
0.076971412771622	1.26961991767535	19
-0.063307502319373	0.657500034754761	19
-0.059228757326608	0.949593531107044	8
-0.122570012855312	0.480845517664306	2
-0.097237716665662	0.635377049126644	2
-0.088424808466217	0.562244305543177	8
-0.037474721639595	0.291114963064074	8
-0.070613745524637	0.835356127671754	36
-0.060373701240599	1.12216650378389	11
-0.116962317436922	0.104113564243691	36
-0.089253788924616	0.44279415052075	36
-0.071663106028656	0.538159548024756	36
-0.080245851515196	0.45669421076647	19
-0.049646923398752	0.701705063081939	19
0.00610526213944601	0.880011087092218	19
-0.088389255737567	0.460045274005016	19
-0.081675565221964	0.598136210790892	19
-0.038584978125133	0.694107870126596	19
-0.037544270948412	0.475076630428937	19
-0.066420799846663	0.378639032716985	19
-0.000217322162128997	0.656539075612725	19
-0.002944347658318	0.671810960836529	19
-0.023020839998441	0.738229081342885	19
-0.098352159395105	0.607164923281357	19
-0.026860500657788	0.989748826600891	19
0.04156681545048	1.33700858418993	19
0.119215548508485	1.49862502153446	19
-0.050828239141789	0.812902898510145	2
-0.099385579238087	0.480049104356478	8
-0.097449963057157	0.458527711394726	8
-0.114267705009848	0.76161548799433	11
0.056769821776081	0.28510007159372	19
-0.07880664383266	0.368781610069249	19
0.111512931283728	0.608530125877577	19
-0.020743868144834	0.918414122893637	19
-0.066357263876963	0.603088677027174	19
-0.037418637454602	0.640215322504696	19
0.002554242875355	0.871070466059199	19
-0.121849709203858	0.294143242116403	19
-0.09516776279381	0.376295745937524	19
-0.043698121709424	0.504134028277502	19
-0.087639475955246	0.344733210978251	19
-0.087408309581991	0.422533633327009	19
0.000216339678743016	0.951254907277767	19
-0.094494590187577	0.75006133464547	19
0.067009165196101	1.26112220484931	8
-0.118872732741233	0.422530430651646	2
0.026845377705409	1.18224550733199	2
-0.03166605047364	0.816967787583566	8
0.064361701160632	1.44133921631985	8
-0.098666982172711	0.429467922915068	8
-0.072210503754193	1.19391662434961	36
-0.090600045259945	0.73004644633733	11
-0.079630914988635	0.840480530235456	11
0.055523558023644	0.542056403862194	19
0.039179856643156	1.06005286472524	19
0.05593735016454	0.421586064721917	19
0.089131049937965	0.645679801308701	36
0.072030058188497	0.627481985397142	36
0.123432034604299	0.800818010645546	19
-0.094611891409777	0.547984998401188	19
-0.00547870109610499	0.594682621706353	19
-0.112419253091552	0.278397946662597	19
-0.074316263120672	0.907765304788497	19
-0.039399859595673	0.958766162138252	19
0.108165421461413	1.43360916891094	19
0.004050366311809	0.775799607700836	19
-0.01241860703805	0.743704426566253	71
-0.112167969175314	0.400090113350592	19
-0.00803755115176899	0.792330966583864	19
0.019500552773869	0.846709711210038	19
0.020594809966677	0.803215880470615	19
-0.090864888653017	0.756133066263647	19
-0.077826145914069	0.757811336296224	19
-0.102380873490062	0.605425755578162	19
-0.033912184232098	0.878453395205826	19
-0.040510074487021	0.85704841031724	19
0.085528879433168	1.57849241780752	19
-0.04993469497647	0.587442817875181	8
-0.091162826780318	0.32793634963013	8
0.091931923093516	1.10944857441008	8
0.023992196755815	0.838668690457597	8
-0.118737430896253	0.361088171781663	8
-0.066387799566633	1.08921668763792	11
-0.119568507085532	0.304866384856991	11
0.120812007454065	0.267888897789199	36
-0.011755328925369	0.612409316694818	19
-0.077033775740659	0.524685606686955	19
0.062782505433216	1.30329817788265	19
-0.033028122954373	0.91250444792252	19
0.123822257592327	2.23903041670093	19
0.001691507834998	0.965848122804599	19
-0.055544673819335	0.690569468070682	19
0.098875699892509	1.59145383929152	19
-0.067273935728036	0.652390925908858	19
-0.065291936549798	0.615482511633041	19
-0.031942969883684	0.845816691171221	71
0.018572202508031	1.18642946695303	71
-0.0199990989313	1.0008430485999	19
-0.059529349601145	0.410191189654952	19
0.02168177323533	0.65202796146141	19
0.028503242169791	1.12002569577898	19
-0.07552589648545	0.530887191992994	19
0.00207480677137301	0.874873485271489	19
-0.038090040621524	0.80589923509018	19
-0.012929956348063	0.816035650225626	19
-0.028682161519612	0.811246310323194	2
-0.094803655740964	0.554724178357765	2
0.048951655673432	1.41357252533023	2
-0.117969008565431	0.459277168447881	2
-0.115406775977773	0.379318134652843	8
-0.043536031395724	0.811141674614409	8
-0.037655688460311	0.688656652180047	19
0.052806224857118	1.19716946529456	19
-0.041502624088437	0.772488402430731	19
-0.110953435131301	0.514495202113172	19
0.006218297024294	0.93243815676338	19
-0.103251493748262	0.467579121959614	19
-0.074479091703255	0.524408661161125	19
-0.120839115910954	0.436193501847152	71
-0.091237510617981	0.629773945398108	19
-0.097928254992654	0.245395151133132	19
-0.00130463191932501	0.498197919604252	19
-0.022590844613793	0.754994261283386	19
-0.091552230445447	0.545755613914201	19
-0.102747649373775	0.499751251642332	19
0.012408427217941	1.36238021530091	19
-0.00474524258811301	0.909422862335445	2
-0.034954370022148	0.786499605679392	2
0.068391813335144	1.66369282561399	2
-0.09607942639446	0.605040298805562	2
-0.123066363882536	0.344630440256655	8
-0.111530368948238	0.226938168465226	19
-0.082082023629795	0.475592587778487	19
0.024936826712172	0.518000330507345	19
-0.119317365026497	0.375878575270514	19
0.021622202916051	1.04584172117747	19
-0.095569669176151	0.44935776643451	19
-0.050162702159271	0.761989958839214	19
-0.09772705945998	0.467872680778598	19
-0.110386093251448	0.404298641704789	19
-0.071715313031044	0.462473288276464	19
-0.098299271234181	0.378144316461466	19
-0.037151616620051	0.721678872698533	19
0.067023325335105	1.07476007536617	19
-0.049284074659264	0.615946235541029	19
0.076049808698333	1.23718833870852	19
0.00334186569943401	0.664461135392642	19
-0.073271401259145	0.784261180981509	19
-0.078958406181174	0.693385808707845	19
-0.029792540902657	0.918460471528848	19
-0.05545341017823	0.760447808154298	8
0.013366722386547	1.11858117458069	8
-0.115766409795694	0.390534792441191	2
0.014171972136011	1.06208394871946	2
-0.022703316059247	0.72832714948297	2
0.034636315140504	1.04612794448727	8
-0.002825748218556	0.86902317744355	8
-0.017837038602397	1.0722789175415	11
-0.109012379307774	0.569699395238675	11
-0.103423950351115	0.768702915883821	11
-0.123554841956887	0.699320405258581	11
-0.067508503164397	1.18810619780766	11
0.120962185016912	0.237914646697361	36
-0.018478811775697	0.426505437093717	19
-0.111910604976685	0.187070336962607	19
-0.071834027146429	0.523827127847108	36
-0.085612077654659	0.605225271689404	19
-0.100857823260872	0.452278581001637	19
-0.053615347188014	0.381872829585732	19
0.046137969548585	0.650957041966348	19
-0.01341607819946	0.800633964074427	19
-0.091180563284741	0.352481347263011	19
0.021580055764708	1.23842729218951	19
-0.051830067344685	0.775579349555996	19
-0.041375304629108	0.865233975787087	19
0.029691128089012	1.14217551712166	19
-0.025711803847432	0.713360893236741	8
-0.107974060758444	0.462662899791584	8
-0.108340325570889	0.828785665039906	11
0.041804210200739	0.0570807528908756	36
0.055031788211498	0.283133131030255	19
-0.09066587219997	0.264950018486839	19
0.027293362150388	0.541863144342765	36
-0.073131373245817	0.527301327997251	36
-0.071974843135259	0.414953016057415	19
-0.116693598102649	0.415343385144051	19
-0.104041313018658	0.550396891077014	19
-0.036338158157634	0.802940854133194	19
-0.0450396459061	0.679724013341152	19
0.046903808902748	0.854115413749657	19
-0.118272225199508	0.270617008948492	19
-0.062097408614557	0.522850998636756	19
-0.061553496648668	0.47119470251189	19
0.025688590670382	0.905979053576565	19
-0.109778486422732	0.477924293376445	19
-0.086766699649619	0.484614376310628	8
-0.123114826584709	0.359116778493758	2
-0.100063963306673	0.507629723463326	2
-0.036780466757041	0.915710775854254	8
0.021890033277925	1.12229018709576	8
-0.113532349644153	0.449655839280148	8
-0.095822200974369	0.88919011374733	11
-0.099890977006849	0.123338391822711	19
0.082515226534189	0.718843318561109	19
-0.113189669804927	0.441189804023223	36
-0.118183242869714	0.30886458406507	36
-0.110012527291536	0.265477626818584	19
-0.096961092454168	0.58966672739952	19
-0.078347322401388	0.681201292775495	19
-0.084474855296916	0.598134493764883	19
-0.050110704534416	0.766057068249791	19
-0.12114507624768	0.428823161766644	19
-0.052189624140193	0.722489838270265	19
0.102099949909291	1.10596039480605	19
0.00223224267085198	0.740304852713277	19
-0.056629867573148	0.562038210871312	19
0.01622842725237	0.973395399255548	19
-0.064866345443856	0.653296664201116	19
-0.05419291042704	0.57050237414733	19
-0.029355401625852	0.691825428578649	19
-0.00398264794031	0.828223605088279	19
-0.059854115466322	0.506650908085706	19
0.06047461525427	1.25831022436609	19
-0.084366921859809	0.64516470128316	19
-0.029436165150917	0.786818900779808	8
-0.021340945596047	0.925243105297719	2
-0.088067350347764	0.432634599312707	2
-0.06028433828489	0.763157677988474	2
-0.093928299571069	0.510287590072291	8
0.054618913089198	1.40327344833066	8
-0.073987058566807	0.600144152479316	8
-0.067760088772667	1.05750385677342	11
-0.065433458846953	1.10389411022283	11
-0.059770566550531	0.573754933112214	11
0.056425193981865	0.645014536922907	11
-0.083736522444021	0.552342492097358	19
0.102125801041609	1.41947051515192	19
-0.11401223935064	0.449700711880465	19
-0.035464084487707	0.804383911653334	19
-0.114034992282213	0.396366046136698	19
-0.052227866170492	0.821256245708394	19
-0.093214536693251	0.507521816612555	19
-0.054285527680576	0.75228302126083	19
0.075321145997223	1.68770100092675	19
0.022783483710321	0.848926311919986	19
-0.067202369278087	0.419356849381014	19
-0.074832818722429	0.430741526207984	19
0.08094084284284	1.0889457753419	19
-0.012591022527717	0.677954536439988	19
-0.058687894753245	0.581004046969163	19
-0.032606282322841	0.893396557987077	19
-0.114318555019575	0.372599007752063	19
-0.038014848422932	0.737852274417396	19
-0.034030149259455	0.828062325187319	8
0.010056033474567	0.987059761371686	8
-0.085379819037361	0.551304412060801	8
0.001371861141515	1.04562368111198	8
0.067246404979086	1.04882027085132	8
-0.052832735986695	0.695864362895604	8
0.120365454217504	2.11452480085597	8
-0.036993407957028	0.814582612308722	8
-0.016574105274434	0.6962863597762	8
-0.03671779980179	0.174405122018217	11
0.053536857299176	0.812455317596002	19
-0.038183074559319	0.321805035190715	19
0.025782962621199	0.520074797930422	19
-0.041296820299741	0.557243494195439	19
-0.066003387492835	0.599009809921007	19
0.03153928526754	1.14313927175814	19
0.011193867852526	0.790269363437697	19
-0.100701166140096	0.454042086153836	19
0.033407767936396	1.27256951587583	19
-0.061861225493426	0.678294232849839	19
-0.099486245140108	0.360905588830931	19
0.05125093446943	1.05602032311276	19
-0.067226922325907	0.519468149896488	19
-0.09974909694096	0.489591123157909	19
-0.117074248764289	0.397730921463476	19
0.033237896865283	0.945457487844549	19
0.022568650474309	1.12501276759566	19
-0.071144853775321	0.450984185032633	19
0.075281358260883	1.39414474885656	19
-0.123143624637203	0.332344863528571	19
-0.036858082732771	0.767183746986214	19
-0.070354514455032	0.600899891885193	19
-0.075173089915046	0.545247902147295	8
-0.040870987746641	0.659916527714644	2
-0.10546348178561	0.399478519085657	2
-0.060033674965384	0.695320269505526	2
-0.011716350413299	0.820164598787786	2
-0.119321252045952	0.392299657430823	8
-0.040698182450409	0.75709564080767	8
0.011837864870144	1.08122862540811	8
-0.025004590128412	0.674517014491796	8
-0.07438451018865	1.16154093959542	11
-0.123000877354839	0.706106526155339	11
-0.103616728747059	0.36620544630873	11
-0.032485121711522	0.785104472895543	11
0.069648233979934	0.503214858927433	19
0.017846114862024	0.287516541721027	19
-0.096859397108647	0.292839066035686	19
-0.082619986655578	0.233492552325381	19
0.090079284941262	1.59146812670203	19
-0.078343840451834	0.561372015782563	19
-0.091771787977004	0.58725635462355	19
-0.012876339680582	0.963114335348662	19
-0.014151843168192	0.889535155491047	19
-0.060695780048827	0.667422680863248	19
-0.087378272596785	0.581971777001663	19
0.00695464281283598	1.04713572875441	19
-0.064319244884558	0.469630334096105	19
0.114598154908149	1.32001233005012	19
0.029670808957355	1.13706626517254	19
-0.058529174260535	0.581654137522021	19
-0.049835669443705	0.558384224826601	59
-0.033676264957527	0.583693098343006	19
-0.115342508758358	0.409007078285467	19
-0.038671513033498	0.78728009057945	19
-0.105522861028895	0.438123226797626	19
-0.049165520651809	0.764461994615704	19
0.021005731222619	0.837766266229795	19
-0.102471646740166	0.431643968574921	8
-0.091348797977865	0.407128319034315	2
0.018687277270493	1.0476321473323	2
0.03073829259777	1.04297284773123	8
-0.124658512274195	0.402468218452936	8
-0.04625553224165	0.724387059644888	8
-0.065996314101237	0.54955224595587	8
-0.076871645054793	1.06479832321967	11
-0.11789559012814	0.77732738404842	11
-0.06127838985327	0.624861578960427	19
-0.082009865849166	0.552751012894197	19
0.107150731149883	1.68582092027356	19
-0.028191464369317	0.845679879982409	19
0.092575108903553	1.91889600387258	19
-0.037972141788832	0.912090442084896	19
-0.087010917216364	0.644749657821483	19
0.060287966422599	0.879850101898501	19
-0.112941892612293	0.309515604736168	19
-0.010776100115798	0.620479706743336	19
-0.103882527599581	0.474910417200189	19
-0.118093343172598	0.30728967878266	19
0.086114095659121	1.61674979071686	19
-0.091386679094829	0.43505452582998	19
0.116632202198963	1.49924020600404	19
-0.020469160238856	0.863820091514649	19
-0.108442060801038	0.350976580063866	2
0.016053059222633	1.07308873730892	2
-0.026606293917549	0.824178781349454	2
-0.039027436835246	0.827777381664184	8
-0.093990038637976	0.433048547184459	8
-0.124447991650206	0.719966681922374	11
-0.104451960212675	0.883185864104659	11
-0.119031045307662	0.660414601645924	11
-0.120754975233827	0.590033296671368	11
0.036076628641741	0.737450495697189	11
-0.00276865295256701	0.833949795138443	11
-0.067142086893015	0.413213085858754	19
0.05164645954355	0.964626562928604	19
0.015634490090541	0.536084008344138	19
-0.12035645872793	0.52330510592527	19
-0.119090595115713	0.444763137639719	19
0.038847301841698	1.13588521336283	19
-0.072879577457039	0.696995980328319	19
-0.087765873054419	0.598357055082082	19
-0.102249324844016	0.257932820964388	59
0.117715602423494	0.755535012926084	19
-0.091667355016025	0.277103000689491	19
-0.075099204936068	0.671970235961089	19
-0.00700652902653701	1.08768777525618	19
-0.100402830996913	0.534831436900947	19
-0.091894983197203	0.480709557286216	19
-0.083787416689308	0.498445618348529	19
-0.00657160836106899	0.644719686224846	2
-0.08491706880922	0.673619891579358	8
-0.10744319908863	0.863554578753815	11
-0.039690308637262	0.253803808088836	19
0.015872669272895	0.348659510852656	19
0.104899651943992	0.536684864525512	19
-0.029665433308511	0.488539390647501	19
0.00607421466743402	0.636647658342955	19
-0.113054878563763	0.319350396444932	19
-0.060784574108428	0.650397740338784	19
-0.103007685643806	0.444822401713806	19
0.00951000636261501	0.388679396517345	19
0.075347642150262	0.539473827440248	19
-0.02646342520887	0.836369825904861	59
-0.059523881523238	0.8572729413709	19
-0.114778766484343	0.447936223292592	19
-0.002043902967098	0.854396506135947	19
0.090396182764613	1.031821818466	2
-0.099077995545543	0.441825366320676	8
0.115743227578062	0.974435502565941	2
-0.02433451819925	1.11777167503175	8
-0.097611725893568	0.545796655722569	8
-0.113785226394695	0.811508099116054	11
-0.112056729146513	0.825263158476477	11
-0.061266444229905	1.31447117090313	11
-0.117022737916846	0.343633554522895	11
-0.046069037721284	0.435589309910083	19
-0.004352189215657	0.786593575023628	19
-0.115178105526698	0.273645293343311	19
-0.088241536432306	0.492484268289179	19
-0.078071092302719	0.552485314980469	19
0.015326470202942	1.02609440394103	19
-0.023200296992972	1.04658853530202	19
-0.00677656865315901	0.984292817944271	19
-0.110677971218596	0.44304812619837	19
-0.119146140757775	0.383245928596874	19
-0.074465430508091	0.580905143815381	19
0.035652729059598	1.13811768999357	19
-0.12167991978668	0.380627246374627	19
-0.100046389543187	0.545146492362369	59
-0.06105162710842	0.502405550882735	8
-0.116622267211096	0.430491320193899	8
-0.114196546024044	0.750684509724003	11
-0.097463775861461	0.286469974044797	19
-0.086048993886233	0.186930091573566	19
-0.02207161685275	0.678874336613234	19
-0.014428519285325	0.635465838910522	19
-0.036258004147123	0.394479000409438	93
-0.075496532849268	0.675189818510545	19
-0.00533147086896699	0.998828747794337	19
-0.077949151952712	0.501030883357809	19
-0.074079509700338	0.621631593523617	19
-0.076066275780575	0.68041663437322	19
-0.056571785404501	0.736717294245867	59
-0.112371214665573	0.3885199891737	19
-0.072065856913607	0.541412185732202	19
-0.121834402275887	0.358957777964609	19
-0.018706032201101	0.459213601762222	59
-0.00958761940317701	0.615488524678448	59
0.016110732504476	1.05518922937958	59
-0.069745114575564	0.534685752542051	59
-0.09040922056824	0.56055843148916	19
-0.109057976915887	0.516318848257582	19
0.098777351465762	1.85944224538789	19
-0.064793996904001	0.593595063489423	19
-0.077768002039814	0.407117184222607	8
-0.09613808862844	0.351282425708921	2
0.017034938185058	0.820598390340049	2
-0.071026354670909	0.564173252925443	2
-0.047370680568599	0.55021053431379	8
-0.11832526404503	0.332093168888636	8
0.095077835884951	1.86189994175681	8
-0.056887898562992	1.03209405550071	11
-0.024734229378559	0.439248545154611	11
-0.076128658088189	0.472737356098488	11
-0.09532116468609	0.282918948433594	19
-0.099870082036746	0.267995202070063	19
-0.01484949517403	0.143927417669338	19
-0.081844957881076	0.172856022999827	19
-0.07385083017758	0.157903493939217	19
-0.114476489286179	0.318942309818892	93
0.091532733299924	0.845146814862502	19
0.086522802036651	0.771142258332372	19
-0.091482898024515	0.448591218518071	19
0.042676313563501	0.954727111454867	19
-0.065543607473621	0.80913117335859	19
-0.00229694837463201	0.853164333647821	19
-0.028159354241722	0.35421711943844	59
-0.120934604964027	0.499400942032534	19
0.032875640473194	0.713951874914829	8
0.090002789733484	0.847894268962731	8
-0.046918300768161	0.326515882613942	8
0.05549761693099	1.03875123988987	8
-0.098695731964965	0.480482676758353	8
0.105209963293383	1.1873285899657	8
-0.09083862070247	0.468697889898865	8
-0.054284334274818	0.632111483226891	8
-0.097483483493383	0.726374960555807	11
-0.104868126681313	0.727871296536308	11
-0.095059102318594	0.711287951561181	11
0.00910561827172002	0.558049609247734	19
-0.073435421356759	0.186925314500292	19
-0.074549566332155	0.157166369557275	19
-0.038151152730997	0.501810704666605	19
-0.044618340569761	0.594096990758626	19
0.085241518624965	1.13260826575359	19
-0.108001335957142	0.446125840440625	19
-0.0874187601918	0.477614183781105	19
-0.069518831310852	0.443960437120992	19
-0.026643698248995	1.00783801672141	19
0.087847332378163	1.16024281263129	19
-0.12073547077814	0.145798344765978	59
0.050248003419004	0.676540561530381	59
-0.085485494074521	0.696389680342168	19
-0.108249913987722	0.52328660071499	19
0.095142001896152	1.1167033023983	8
-0.123711377080396	0.184782044427887	8
-0.096420207510217	0.304686599230558	8
0.00966236630113498	0.940303068501982	8
-0.099195407410449	0.370853146761235	8
-0.009669479251323	1.29015220972201	8
0.00762574130816801	0.75132964286905	8
-0.094160557950649	0.932403338717989	11
-0.11899234743675	0.749333493214158	11
-0.066377478409088	1.25081899788015	11
-0.028541866875337	1.01480064975691	11
-0.099760500420282	0.876131769153497	11
-0.08815656068071	0.924030378507598	11
-0.00468169819905001	0.520537430218219	19
-0.094799112404579	0.154116204128527	19
0.111682209031742	0.913794672879755	19
0.00868287689867098	0.886110986176727	19
-0.105038574044925	0.502451099282443	19
-0.094096939846365	0.618312940651977	93
-0.045911870451959	0.678822162705423	19
-0.124094574556122	0.441742673389435	19
-0.09675174965166	0.436139677152977	19
-0.101344715441826	0.497471097232885	19
-0.01696559217412	0.690549200613439	59
-0.102746152826424	0.366845424815519	19
-0.102172563378103	0.207732278256509	19
-0.011558526960188	0.903667843457962	59
-0.052964771382141	0.733393455636949	59
-0.062741971008261	0.747570816518234	19
-0.064291611721897	0.738046332574237	19
-0.103340451260763	0.442545180972159	8
0.022249344893556	0.517122533162733	8
-0.103166600567862	0.248159242796245	8
-0.043134005521572	0.502252220339534	8
-0.076831684049313	0.418057346983781	8
-0.033166080766147	0.945009777726585	8
-0.094536135636829	0.970652445624084	11
-0.115761294177481	0.728232127383123	11
-0.115433262224151	0.320440205476915	11
-0.073297835715332	0.398382015645733	19
-0.014316960996119	0.547718947190864	19
0.031300935250021	0.552315228559407	19
-0.097122084753196	0.54046511488593	19
-0.10960120855898	0.369740186790387	19
-0.110847423563911	0.419093191306615	19
-0.062008503739407	0.740049984231408	19
-0.025775925966941	0.989151246702978	19
-0.111565887053967	0.414982992700147	19
-0.050398951347819	0.740133089564753	19
-0.098183676703936	0.527636565704936	19
-0.119146140757775	0.383245928596874	19
0.048971900410452	1.3045007213163	19
0.000298988327695982	0.913461033513065	19
-0.055850479732736	0.622287525668351	19
-0.083990714841576	0.608601669937526	19
-0.093515679589312	0.256565788633249	19
-0.10835397303444	0.467069850903502	19
-0.057611558499726	0.390349649336346	8
-0.052527333398802	0.691703038441381	8
-0.032509319085881	0.757187864453424	8
0.076977064527544	0.828357187597082	19
0.102056732951328	0.568538220998954	19
0.03297835252994	1.11429448639521	93
-0.07354903154313	0.577730658672746	19
-0.05250562874754	0.809386970352502	19
-0.024457152821207	0.92502171669733	19
-0.056880848392428	0.621706644059763	19
-0.085300470437313	0.54111586636014	19
0.064824032233375	0.926468505849021	19
-0.048707389017119	0.390117775707648	19
0.05184366314872	0.702118352833581	19
-0.097707020021234	0.52608762310819	19
0.098000087190754	1.38240052117706	59
-0.113250861485164	0.472423232855587	59
-0.116119331453975	0.461351453543179	19
-0.038734880866189	0.777674843371077	19
-0.043421950874219	0.782668089684323	8
-0.122769713517729	0.288222772841104	39
-0.095542162957097	0.52716798423519	8
-0.048507808405876	0.765291786504153	8
0.00400212089427898	1.07993876251615	8
0.00555921554236499	0.256569073953327	19
-0.063500770913644	0.173815605755361	19
0.00140770020924202	0.600750682415457	93
-0.025138318759742	0.630598497956259	93
0.104652302019152	1.83661665931791	93
-0.04890742851934	0.840847871798437	93
-0.117274680037629	0.532830676657717	19
-0.037748858736068	1.00222282203285	19
-0.122330114946904	0.480120487356966	19
-0.063921554914543	0.768423676082385	19
-0.124949033356379	0.303576891294012	19
-0.118826642058916	0.429107120238931	59
0.067006605314487	1.33682176102923	19
-0.073719113526073	0.42769178763284	19
-0.112596218346788	0.320736816110523	19
-0.015729228199683	0.622006958786279	19
-0.03406528546387	0.749560141732926	19
-0.041270312038503	0.803233237651289	8
-0.093641261596767	0.415577270365693	39
0.049669940126462	1.18324548561728	8
-0.024050742963518	0.694760566607761	8
-0.08540293807752	1.04679347950756	11
0.015358104196666	0.276405970996325	19
-0.050581191252719	0.290945921630428	19
-0.113020660918565	0.409033881080379	19
-0.044028707613596	0.306738976650211	19
-0.00271789080148899	0.354510302113548	19
0.018691635750358	0.496813868612038	19
0.058750154830065	0.542540313239928	93
-0.081170168311068	0.545198381918727	93
-0.045439860172199	0.726955608758466	19
-0.041942914243971	0.833030969142418	19
-0.073039417066613	0.594443670285136	19
-0.098055272924238	0.493170230422946	19
0.062021155896699	1.16036282132963	59
-0.088955983939727	0.50572000685996	59
-0.062661420865577	0.591225935414615	59
0.081581043579284	0.585878256975382	19
-0.112078421208396	0.419823548006464	19
-0.024015040153507	0.963556110003704	8
-0.053136912341	0.684802756659108	8
-0.096371192452825	0.485659474661556	8
0.091996312465185	1.25724058754724	8
0.00769415703063703	0.887819465422037	8
0.102248842815018	1.00482468322694	8
-0.018289977144833	0.572590709944115	39
-0.00798020765916099	0.983104735890683	8
-0.045876544451321	0.742087942605727	8
-0.049925707942395	0.800937707561052	8
-0.084107046565788	1.08153772477094	11
-0.09812559864208	0.944889469191974	11
-0.060444264639366	1.29433540185841	11
-0.102920500456257	0.306593334485433	11
-0.073305029624656	0.550451007060883	11
-0.009189643197653	0.337743142771847	19
-0.102540775641767	0.190222439699165	19
-0.071641065455809	0.189148487029136	93
0.079701253757149	1.34642641911067	18
-0.100373611481285	0.305384732950512	18
-0.113290041872895	0.485173346428948	19
-0.124312927139481	0.242003039818128	19
-0.042176050482249	0.574505421828812	19
-0.118955130933201	0.33958855397576	19
0.072669208287845	1.93471642328143	19
-0.032269111984434	0.697954414468627	19
-0.002960795329219	0.667325798556768	19
-0.090075099893571	0.453612946629355	19
0.068551255436775	1.14211132500628	59
-0.025173654704383	0.701248293401336	59
-0.120725527889625	0.358797061028843	59
-0.019574336434457	0.744904020124411	19
-0.051854635739522	0.464367127965542	19
-0.079013037698767	0.546086980739481	19
0.027962915124306	0.968950978704793	8
-0.099454234379056	0.428882348397763	8
-0.089679820624799	0.407994474044207	8
-0.012132208537228	0.322003234101834	39
-0.036867830516441	0.50958007795634	8
-0.072392738507364	0.513935715253525	8
0.110723817166054	1.4408786291346	8
-0.097276700077273	0.85587617812444	11
-0.124423691658464	0.670691287547086	11
-0.12450300137712	0.253428116967865	19
-0.12488933581663	0.150691375305022	19
0.044444890229337	0.733082593542551	18
-0.068431456981806	0.761944227664999	19
-0.064644211698255	0.600222549674326	19
-0.096411451514422	0.333222754773135	19
0.00204921212457299	1.05817158773073	19
-0.00293512077488001	0.769549259679603	19
-0.109845182368038	0.376258604343176	19
-0.08367044073595	0.583927292462271	19
0.015992848913874	0.98124999190929	19
-0.104890006804872	0.530866792022462	19
0.015054475421349	1.05179894016948	59
0.089110783898117	0.422032156906366	59
-0.102884167651089	0.395700407573213	19
-0.087728543109588	0.356045531169117	19
-0.058274329698492	0.605845436334527	19
0.022513478777125	1.29643778190629	19
0.080587875203528	1.20458542305089	8
-0.095533233486698	0.360621685797557	8
-0.002131302982771	0.400668279335138	39
0.00138647063426001	0.418604437296307	39
-0.113366368837572	0.284979483868116	8
0.096805708804212	0.717001929391137	8
-0.096174209962106	0.533286356279764	8
-0.030631441797517	0.863100260941209	8
-0.100898713898937	0.919408265541678	11
-0.087285728156772	0.139719040543283	19
-0.024667529168586	0.398628208444674	19
-0.090512367198502	0.198250569484453	19
-0.037405231695088	0.257089405289741	19
0.074101275921454	0.655930506082247	19
-0.022736232423999	0.440035150972967	19
-0.000292124353904993	0.463522205978075	19
-0.114052173870612	0.276448828492505	18
0.028313146940386	0.668256433815291	18
-0.012384474735152	0.842418013607517	19
-0.052578990119019	0.554334366184121	19
-0.029067575584604	0.784333564018477	19
-0.00700089008927199	1.06471525315503	19
-0.072623372175319	0.27758162287122	59
-0.123485760713862	0.187248835362293	59
-0.1106774587124	0.296080826490776	59
-0.10930911480853	0.466221571670136	8
-0.044039707744239	0.661291577071947	8
-0.077043197059395	0.358081981759782	39
-0.021755122193164	0.524870171717177	39
0.060604085223605	0.801408268915045	8
-0.062791062879646	0.391442804574074	8
0.123223988416976	1.70077602801157	8
0.060556162343093	0.671074468941497	19
0.016352621889817	0.595662064730157	19
-0.081826568462016	0.234789319325871	19
0.00455173373405199	0.43614442618405	19
-0.024582415144318	0.685022301592208	18
-0.084286225024099	0.333749075277648	18
-0.070214439518507	0.657952460876436	19
-0.114254349541322	0.327624814316536	19
-0.099191424314	0.419142489105854	93
0.052459955642107	1.18360207385979	93
-0.051840829738786	0.772830086725015	93
-0.079547689857699	0.553769595206257	19
-0.103751479451764	0.404869546842318	157
-0.11759294866034	0.42988593477381	19
-0.095500622194377	0.528289866608913	19
-0.111166033011187	0.35675509928812	39
-0.025731963775248	0.423788531813466	59
0.00205741922272401	0.927782597019738	19
-0.020508822853107	0.626963922406364	19
-0.04257788650347	0.765017540871025	19
-0.002443316696319	1.19402551319733	8
0.08133505291184	1.03234551413595	39
0.028561297187769	0.845017239743209	39
0.124600058021221	0.852257385914713	39
-0.000588210068516004	0.589247695145429	39
-0.079763155488742	0.36617949432792	8
-0.056904789064425	0.545063641146293	8
-0.037244293447939	0.844616345055644	8
-0.120878412137648	0.413314466847922	8
-0.013444358523819	0.755180453620534	8
-0.091591785743634	1.01130041204612	11
-0.076958700143868	1.11002937846955	11
-0.085036468916733	1.07268010082664	11
-0.10199442369167	0.673327117331038	11
-0.084297929609176	1.02622785188156	11
-0.001799749504098	0.54863455793335	11
0.080076886370727	1.15934777848586	19
-0.033051248097121	0.406224476283222	19
-0.048997645486851	0.530051243119456	18
0.03528394577638	0.734677613277455	18
0.068591103187348	1.35962086205867	19
-0.091203168657182	0.390870367334202	19
-0.054084752810179	0.578041826741888	19
0.00962660694545903	0.967166420229817	19
-0.035570325579997	0.59612927074484	19
0.017628207142599	0.848296164202193	39
-0.082417381938594	0.527234252143136	39
0.024411436236345	0.655402888527682	59
-0.036495217588057	0.393974608802946	59
-0.124061698945889	0.328375879649626	19
-0.041648469400062	0.518016265941348	19
-0.038758993031851	0.514688159738648	19
-0.098237995001377	0.458195850257364	19
-0.085851426621779	0.542922457931792	8
-0.12210613622574	0.337986406788854	8
-0.078430680827449	0.402384391262077	39
0.036351119095106	0.896916687346811	39
-0.078670674634604	0.314001922660975	39
-0.083791644266872	0.335105801787185	39
0.011480104032605	0.621062168424291	39
0.012672881329973	0.590025401993169	8
-0.010214432769654	0.677092282916894	8
0.069079769723975	1.24580510040036	8
0.04514818988515	0.904594950458949	8
-0.075371724462699	0.486676198779631	8
-0.088915550657212	1.00164595917467	11
0.041804210200739	0.0570807528908756	11
-0.10005078971643	0.227732591611614	19
0.081988382459822	0.73304007496755	19
-0.10628102385183	0.484268235093095	19
0.032557293435935	1.07851025252819	19
-0.020874319766121	0.706869917794111	93
-0.091095314903471	0.473142764476564	18
-0.115379722848338	0.448870430501408	18
-0.077462548610105	0.548247954144889	19
-0.093841651414165	0.664200211080095	19
-0.121639740418225	0.49150546810986	19
-0.012748301233237	1.10468646511341	19
-0.096926328139673	0.498007854952149	157
-0.030991666654948	0.565432883391921	19
-0.089797798064162	0.555738370053991	39
0.023727854784417	0.954932003205947	19
-0.105052781480514	0.475211707814983	19
-0.073560044230221	0.454794647772638	39
-0.118614155555144	0.397965659521571	8
0.010096556868233	0.825735252101765	39
-0.094900663084351	0.518876397709743	39
-0.021432552152664	0.851676102803564	39
-0.11769076051221	0.376532492497157	39
0.091168101730567	1.41635036643638	8
0.036299609635787	1.06553574732167	11
0.019390779082082	0.431875406746939	19
-0.029941328878407	0.589560023249554	19
-0.081106632913413	0.531149916468404	19
0.029186661820426	1.10912941418677	18
-0.046604920162093	0.589952842128006	18
-0.060318166124764	0.687543292420171	19
-0.00050220548902799	1.08928663008894	19
-0.10275956016025	0.494428274764556	93
-0.041282950271491	0.803232340056948	93
-0.076979910051949	0.622779160157916	19
0.014528112553246	0.889203272778381	19
-0.054893797387173	0.596657129376011	39
-0.090768185189388	0.509207430913172	39
-0.038777555738438	0.793074293572931	39
0.085871985747222	0.964678832751194	59
-0.065435545341732	0.588122217197513	39
-0.091347180472381	0.54863123838273	8
-0.011246448551056	0.700158391592769	39
0.024226185956138	0.909283679214608	39
-0.101628929651169	0.363559208907685	39
-0.063398312959948	0.603563622583224	8
-0.117744330312449	0.359110113707425	8
-0.109722651976092	0.395791691493856	8
-0.082498898143818	0.538674250393114	8
-0.101442802641912	0.489954194925294	8
-0.099963688720532	0.491508106511628	8
-0.10654992996952	0.842465674704465	11
-0.012289846891094	0.819317095308539	11
-0.040542727520739	0.832342347039148	11
-0.069989382359271	0.385854196718532	19
-0.022450648956542	0.847416574231548	19
0.038274065933182	0.648287943058898	93
-0.046716822660164	0.749520715273617	19
-0.019928660173473	0.743381987710628	19
0.092512624243884	1.72430683274654	39
-0.12374077446515	0.356916635758714	39
-0.080279725113118	0.479942588544734	39
-0.119784165003181	0.415871871541036	8
-0.105509173168258	0.391181585281768	39
-0.091227320553807	0.456541740928749	39
0.025200246785983	0.977314463772997	8
-0.098372032740516	0.875222194211466	11
-0.082558865298669	1.08010733806113	11
-0.049877220021364	0.763483939368142	11
0.081411345998616	0.390713833630312	19
-0.102731182432305	0.333245222055436	19
0.109368080308926	1.11401595315629	19
-0.074551667990514	0.559697713627896	18
-0.096462397196191	0.45666535005355	18
0.062640094243513	1.44329354163163	93
-0.109813384380876	0.487526306670267	19
0.082373981911214	1.58443635015325	19
-0.00211501245665899	0.787788981132591	19
-0.044878526398434	0.673949645069504	39
-0.108620985943478	0.418568760876078	39
0.1075894187283	1.83560352014353	39
0.071479412268548	1.50724120644912	39
-0.109727214842441	0.448625948552	39
-0.019962145898741	0.896820569622733	39
0.092663766163418	1.44034721675256	39
-0.024804984104271	0.855946531493454	8
-0.093674346470544	0.49288566064223	39
-0.121143437832502	0.314995345778883	39
0.068199297641208	1.39663319818365	8
-0.117040794681189	0.401064176041559	8
-0.095054343980958	0.528054341177675	8
0.041804210200739	0.0570807528908756	11
-0.120080190720404	0.132679125714136	11
-0.093221508791598	0.320094743146612	11
-0.084308423212588	0.566030578779928	18
-0.032405078161905	0.704286940451724	18
-0.110898329826406	0.513822141261432	18
-0.09299116625408	0.587252165306443	18
-0.082943803273866	0.567460791865179	18
-0.078867022839528	0.636937948638223	18
-0.048075199689914	0.814348265832974	93
-0.021542158023169	0.935837353360091	19
-0.016923496902457	0.852298874648841	157
-0.037188658984745	0.72113713086627	39
-0.035172818646694	0.851132312612399	39
-0.055524499029122	0.674442790218231	39
0.000583393125342002	0.994369662440138	39
-0.103737999778676	0.296990961842559	39
-0.000932918093436014	0.674816825488782	39
0.000953242637188989	0.64602278797528	39
-0.097302648482103	0.501944978541554	39
0.010385342292931	1.0866506013911	39
0.062584361173272	1.28401312270075	39
-0.124938928614325	0.386522217056835	39
-0.115580994390865	0.302160182097086	39
-0.052457437460127	0.634432859684374	39
-0.041931004487791	0.732568738193949	39
-0.088650623646264	0.495753006615991	8
-0.02054480483231	0.910959414082386	8
-0.080793885725639	0.592462041215959	8
-0.080392892619739	0.573823988398203	8
-0.094401745914474	0.500486541684204	8
-0.101908387913045	0.891650765860665	11
0.043282111840002	0.249438550699388	11
-0.11009338511984	0.34017684336141	11
0.116626631064194	1.60837728853368	18
-0.114053733964332	0.408876134901612	18
-0.02899840617698	0.996343949522441	18
-0.103300687353323	0.5138276166352	93
0.015525136500566	1.20933070621623	19
-0.119178419278156	0.257977585688883	157
-0.011819182972438	0.658104540058938	157
-0.120600506513457	0.314361872943203	157
-0.06386904536976	0.597566559201544	39
-0.094379913838612	0.468794814508489	157
-0.038895893703324	0.640709887039189	39
-0.113010157281734	0.395223755999866	39
0.03388469063937	1.0101837770075	39
0.091926052883275	1.17387232796966	8
-0.092400271562355	0.535923637730474	8
-0.093924291840955	0.527190196525901	39
0.058938661312264	1.37276586524316	39
-0.105417968842301	0.436160141948648	39
-0.122353933485252	0.32867220043771	39
-0.00862346202193901	1.04617453579228	8
-0.086133198466161	0.50527660838268	8
-0.081136058526108	0.479312349418829	8
-0.113616671463506	0.735797398551155	11
-0.085261494668199	1.01426518280227	11
-0.113597624206182	0.80410493951052	11
0.031586028821092	2.40041641453247	11
-0.115777657464849	0.214456389292133	11
0.096974425282349	1.10968260217406	19
0.013831494959336	1.13957541614472	18
0.086764966819422	1.74815473708212	18
-0.095726204121382	0.577589304000501	18
-0.102946269304311	0.534927069258117	18
-0.022319845431686	0.813593750732024	18
-0.078212501769908	0.644151707781323	19
-0.110881781159099	0.45009331263398	19
0.095947216416236	1.60696291320616	157
-0.080408422519426	0.541059674121101	157
-0.089462431779323	0.54184448126278	157
-0.075784037337003	0.601050337998433	157
0.033551021006394	1.21671781368842	39
-0.084824511685235	0.510644129901066	39
0.060957493812112	1.56356671066291	39
-0.109378499098243	0.501525669758808	8
-0.03126739999487	0.769771912640819	39
-0.040200224027274	0.697749744706565	39
-0.077563722792146	0.661114432575215	39
-0.021513748727129	0.810350138759181	8
-0.019851117731879	0.840482926496664	8
-0.089030940142022	0.584415110805049	8
-0.06361676521515	0.631400067020546	11
-0.122883051623479	0.179200140347777	11
-0.121410271406515	0.327910633869061	11
-0.06530169608493	0.639174465332362	18
-0.113274895738898	0.50624413714944	18
-0.062257887776515	0.72081444555259	19
-0.028599624647382	0.955407116269827	19
-0.036080100861041	0.677634951189426	157
-0.034609827170996	0.677245943514782	39
-0.113012644249176	0.4403349286715	39
-0.106678391502447	0.491450663049307	39
-0.07562011805701	0.602862768429529	39
0.017536390855309	1.05720849407696	39
0.058035724168252	1.25486433683097	39
-0.019538965344881	0.926225784132242	39
-0.040175597948607	0.815270465959018	39
-0.063881482506736	0.633277804868983	39
-0.119176777184368	0.333379966834535	39
-0.113626785804528	0.46561014649662	8
-0.050265694056419	1.42848884458037	11
-0.083382028161758	1.08946614946628	11
0.042266006022112	0.0571557941063312	11
-0.010329793597267	0.49525115979482	11
0.067149501429653	0.734582782929219	11
-0.104002163299666	0.256758537676325	19
-0.024639009921279	0.815577165697483	19
-0.017639432766864	0.829768305309313	93
-0.11055179362555	0.489787456719494	18
0.049677656037425	1.19245879465571	18
-0.079655710203927	0.74457831063888	18
0.004595150852162	1.24030499282596	93
0.026069919095047	1.002215840642	19
0.005914080523307	0.911964599154167	157
-0.109772016384359	0.401459815256277	39
-0.089523227724523	0.65353869387322	39
-0.082013405196849	0.566617895807178	39
0.088162263369828	1.1844609590461	8
0.022851795212442	1.19626935784935	39
-0.065923557290589	0.626318415428923	39
-0.096247939015962	0.567211946625466	39
-0.040541413641816	0.914184318940499	39
-0.010867078254157	0.800937195178143	39
-0.055989913910499	0.50993442039042	39
-0.118774478608978	0.357154303646648	39
-0.048706904468395	0.681526259942993	39
-0.109377487276771	0.332063141137794	39
-0.033279739663678	0.648571608837642	8
-0.07858613566322	0.966129819053656	11
0.041059153438102	0.695673506414714	19
-0.000492958625911005	1.16011409369819	19
-0.042921344913942	0.749950823434397	18
0.066100773054141	1.92016735346339	18
0.058292137996251	1.52839679502421	18
-0.100325343389077	0.628748189912925	19
-0.098308394195562	0.317771727405615	157
0.060932227375107	0.802518304167765	157
-0.056238204469787	0.44431693591547	157
-0.12420117086027	0.399697823858865	157
-0.00312609746367101	0.821851827368139	39
-0.065273036927502	0.580045678971431	39
-0.105385744239959	0.413362903689179	39
0.047426582258958	1.37109078619544	39
0.056488656948614	1.76850483250377	39
-0.012478040397714	0.682683237793731	39
0.046737629449398	1.29002554822943	39
-0.062992598373346	0.778449471407049	8
-0.053739737651492	1.38387569534538	11
-0.058890546325629	1.30542616833437	11
-0.123751192183663	0.726218802483486	11
-0.099432433746576	0.934625630326152	11
-0.030685628649475	0.87031918068126	11
-0.093023606570491	0.156139775737103	19
-0.114992077790952	0.392619393497237	19
-0.091824486479073	0.607003383133714	18
-0.00732854708401801	1.32931606062415	18
-0.060196918960154	0.689221679641113	18
0.038816764532171	1.62348649534267	157
-0.124363125890206	0.253707929960338	157
-0.022660443829462	0.644138499548938	157
0.012723886913501	1.09995198594236	18
-0.121525580716034	0.457893965898264	39
-0.027147706428698	0.955016473383771	39
-0.076944567832374	0.491737567744732	39
0.031536710761563	1.4526049900409	39
-0.106160808138592	0.510830262366277	39
-0.109030729915367	0.539767745243725	39
-0.098391413857822	0.595735911957037	39
-0.105769240582657	0.558226155367036	39
-0.113764888535663	0.464958537344974	39
-0.101329698374808	0.884913836787503	11
-0.118981229946796	0.249827817799538	19
-0.062545011872812	0.258904489017539	19
-0.029274610766738	0.352052029754275	19
0.05220132725935	0.391476016420131	19
-0.095128134784589	0.461797716952065	19
0.049832112372922	0.585545443996469	19
-0.114781580656836	0.263610568649823	19
-0.124977170523047	0.521055690876048	18
-0.090228196626312	0.515912906652584	18
-0.033973903810606	0.767716753902769	18
-0.09383025049282	0.517261546713079	18
-0.118244404914755	0.491218728404711	18
-0.086751172325503	0.534721885295693	157
-0.102997043622536	0.506135072243367	157
0.065647568231773	0.708055110608397	18
-0.068023717793818	0.330934674809621	18
-0.061603777659162	0.503421663890662	18
-0.01566886216351	0.919531431652135	18
-0.094960022709204	0.530788827348251	157
-0.053541250123184	0.791962363619608	39
0.000898191214519006	1.30351806858005	39
-0.030240010798861	1.01882132224808	39
-0.039184251088418	0.665202013097873	39
-0.109898438321289	0.368116799618537	39
-0.106736189837434	0.322087990163588	39
0.041823495307994	0.872167393397359	39
0.014271049290744	0.73054115920029	39
0.00633309332237903	1.32140382209444	39
-0.061711204462213	0.846881524602071	39
-0.09757477514762	0.61646847086245	39
0.073227731558419	2.05844365341156	39
-0.068285365082871	0.733229781223061	39
-0.108990976751189	0.383433281985411	8
0.067154390738525	1.33702466372862	8
0.090444127747855	1.51362105337195	8
0.021855169432853	1.19879593210637	8
-0.091299867497639	0.93050842812604	11
-0.114785992975328	0.736567751224201	11
-0.110580892128151	0.83936399143658	11
-0.044428230256151	0.416023055796291	19
-0.030470626416688	0.534073738265018	19
0.069278796850519	0.33268579476157	19
-0.095697106414858	0.279587326162172	19
-0.097699112008469	0.441338213976309	18
-0.010223511439484	0.926398652732641	18
-0.083334194926636	0.528487268758663	157
0.034530084624342	1.26062213706024	157
-0.00305786514445	1.08811301174694	157
-0.024969316827143	0.759626412322603	18
0.094778999708426	0.915285044823408	18
-0.116335408660528	0.244894991998742	18
-0.114138821973255	0.46525270767083	39
-0.000479436447347992	1.15037426667287	39
0.116115505152852	1.11451742357499	39
-0.02277015662972	0.830456515478202	8
-0.115419291764352	0.756584498093581	11
-0.073168071265944	1.16911582262965	11
-0.070189209205425	0.322903733210939	19
-0.119216590772155	0.23655511581438	19
0.01060139013202	0.673303691897822	19
-0.054162063679173	0.450534820459784	19
-0.107068937723336	0.470383980442379	93
-0.116606875241454	0.423746076482901	93
-0.122634296740007	0.444373587392661	18
-0.109872442532975	0.472368640769848	18
-0.070584896906847	0.670804275661942	18
0.067914194522809	1.63634606594164	18
0.052113170480533	1.48332528018535	157
-0.026427822327168	0.945519988139288	157
-0.028866502427272	0.962949126630382	157
0.070004676798176	1.47181093152583	18
-0.073109205348998	0.626366701430707	18
-0.124373708112184	0.388678561778836	18
0.061662355777037	1.37131106200488	18
0.05450434182235	1.50135350114084	18
-0.112695022787915	0.468324750384461	18
0.093689235379243	1.20576084104158	18
-0.114836115862978	0.374688590336336	18
-0.00106860188107699	1.0693851836894	18
-0.054690794718355	0.698808852059464	18
-0.099999289209115	0.536751286626897	39
-0.117211754287245	0.433037786941381	157
-0.075802013565877	0.485091803970519	39
-0.099236302336429	0.507773707434319	39
0.025289523078698	1.01024348253632	39
-0.095459163035417	0.487384626524705	39
-0.122337093444857	0.377857149937327	8
-0.119821872136567	0.702358097816023	11
0.114624547880089	0.719069146382252	19
-0.082533991937795	0.57580875897187	18
-0.04740258372399	0.911747740536384	18
0.00412739563256498	1.11372815159359	18
-0.011789147409004	0.89468922523644	18
0.00768495011246501	0.980423233222331	18
0.03372747225886	1.248011325224	18
-0.024556951719283	0.96024781506289	18
-0.089415655736064	0.496832407466422	157
-0.047410934671228	0.835583987988366	157
0.093096392297809	1.8241158881816	157
-0.04438577378515	0.808570531797803	18
-0.04480265230492	0.817990150318383	18
-0.120929253862878	0.423541216510061	18
-0.086753641982207	0.257704379224204	18
-0.070822477270577	0.321513197215092	18
-0.075936508802863	0.511287632865104	18
0.086663783670162	1.20087238713961	18
-0.098916439952219	0.453600890542472	39
-0.09670514879878	0.334813171485327	39
0.014577647408969	0.692871125328967	39
-0.095617346624967	0.610843367469894	39
-0.088980143242272	0.429498451291779	39
-0.058276665161402	0.567222136995276	39
-0.064375164398404	0.625801451261986	11
-0.047515061994508	0.404399412012309	11
-0.013630949763114	0.520576310234922	19
0.00679143558282302	0.896777414492458	19
0.026314496489254	0.464682290234081	19
-0.11414379142437	0.251840870118058	19
-0.012606475687259	0.909250071582767	19
-0.060502768423538	0.66307058408422	18
-0.094112232737513	0.558471168734325	18
-0.06586331169498	0.709700160115097	18
-0.013638886359259	0.9549114513492	157
-0.122206125799335	0.395806466795621	18
0.013069332514736	1.04670326271337	18
-0.081607881109806	0.607324898495656	157
0.035757088766866	1.3339842643602	157
0.11397988331762	1.35030674219508	39
-0.052257273516704	0.66565899082135	39
-0.021363911312486	0.597705119233133	39
0.026769160735145	0.810834053519163	39
-0.086084461802108	0.475326293706757	39
-0.014846686915241	0.703474621537254	39
0.050771271817688	1.37833916559783	39
-0.08149201932176	0.196524369402949	19
-0.004531394455288	0.489678078700088	19
-0.099091060401195	0.269676752367453	19
0.030033298537802	0.835623029074953	19
-0.037623980569714	0.511012606913343	19
-0.114830080127979	0.473120214777138	93
-0.078005354965319	0.71151834404937	18
-0.115139656715762	0.492542390049528	18
-0.118854240068994	0.506886255067112	18
-0.02956413995414	0.738973018211527	18
-0.099512200909762	0.64903758140599	157
-0.1058470712294	0.56075912646201	157
0.070333890026551	2.07144008846952	157
-0.105887894507166	0.589427722642639	157
0.071844571962763	1.25547368164307	18
0.04468073110252	1.05939269812513	18
-0.086169691011754	0.405952905847201	18
-0.118361843660107	0.352036952830116	18
-0.019454749189584	0.906341012606403	18
-0.052860220057363	0.695759642331393	18
-0.021480724696193	0.922289350865923	39
0.047474590286073	1.28104648129908	157
0.024916499143566	1.09528660693802	157
-0.075075487330226	0.614610924532431	157
-0.11356811055603	0.437994157181829	39
0.055951064119383	0.997162802897667	39
-0.089715863316169	0.491549365252061	39
0.048107960442188	1.23357143016187	39
-0.090253124062248	0.519536774547924	39
-0.061818808100126	0.631434611813744	39
-0.024457488126211	0.879635789015856	39
-0.080741077336908	0.627054588394897	39
-0.077312412358203	0.671596880410374	8
-0.074664691725052	1.17166206492038	11
-0.10445892344313	0.51564672685954	11
-0.023452731340675	0.248801976106093	19
-0.080076216580545	0.32624442772696	19
-0.063929826058069	0.388402441081692	19
0.035348230087867	0.593951342254882	19
-0.110195424562344	0.492425951718012	19
-0.086824923052223	0.630291507497421	19
0.020636574156949	1.42823919634968	18
-0.096179361689668	0.636032663784087	18
-0.083190006589248	0.688107482201822	18
0.028841777057971	1.19837604756019	157
-0.024989132736477	0.86167223238626	18
0.048032469905408	0.669973598085506	18
0.057754545048469	1.38210281076639	18
-0.092832908001051	0.527541525299973	157
0.027871964063414	0.81528168057594	39
0.036905021107428	0.870599363709472	39
0.025094393185096	1.31212089974942	39
0.00680123618769302	1.10667429634456	39
-0.094269394745359	0.551474759891165	8
-0.097401046938461	0.47179149074912	8
-0.034123868937105	1.57742690277497	11
-0.0879648214904	0.990210908523057	11
0.041272235289493	0.0569914165178306	11
-0.00255651799529699	1.03905288257697	19
0.029620364042934	0.48451707851008	19
-0.010602417578354	1.1244018167929	19
-0.068860474451055	0.484494766571681	19
0.064893565896075	0.469760979579525	19
-0.040066968908936	0.439129084201772	93
-0.101669278062941	0.598050665416374	93
-0.026502342589929	0.781973849781764	18
-0.108989091978805	0.600829400991523	18
0.018709941589426	1.39895495521847	18
-0.014255873611005	0.842087328600822	18
-0.021671269907557	0.720431103637218	18
-0.061034721960972	0.720055360361902	18
-0.00935140769599599	0.279558703857045	18
-0.077212868684492	0.245745726519028	18
0.0712375708521	0.633016964452794	18
-0.035770221778591	0.805925091416704	18
0.075531184588525	1.19990131297931	18
-0.073329060507201	0.473795098073083	8
-0.069575161593864	0.473655867855584	8
-0.075892476427963	0.479707038634298	8
-0.061482941938862	1.31113567266021	11
-0.123897211557262	0.705062623218613	11
-0.058695716736089	0.45451864922931	11
-0.115871313782592	0.259018404637483	11
0.048774659857091	0.393678039703919	19
-0.064715835576313	0.659114223398625	19
0.112688318501914	0.649050231151216	19
-0.074186434152396	0.582143109695121	93
0.024378652654397	0.894690703585935	18
-0.054072093942648	0.873492567194717	157
-0.089304999398006	0.577142141796614	18
-0.044982834826696	0.643549418522328	18
-0.109938810169806	0.483854989853662	18
0.101720506749882	1.89541566600892	18
0.082308050456468	1.46472893461993	18
0.089349326230112	1.37647435585598	18
-0.068782368001425	0.263497396992217	18
-0.025323106185216	0.84599350722756	18
-0.094184652577766	0.559958969425859	39
-0.117644295565861	0.440554822523502	39
-0.102253367712446	0.302990776225476	8
-0.027127751389323	0.71247715684202	8
0.023216274238114	1.0285966129771	8
-0.122246094387615	0.342635892668412	8
-0.072847089885877	0.989437972294002	11
-0.121867850236962	0.130701395973128	11
-0.095877258381631	0.521852309101218	19
-0.108634233521663	0.194662751530003	19
-0.021711564578508	1.01725351715108	93
-0.081074094755554	0.479450817619863	18
-0.090908840865163	0.446351309181787	18
-0.099053047229796	0.471259192170571	18
0.025652994509209	1.03708726913226	18
0.00959032440275598	0.332252023287883	18
0.068490595779315	0.492926295802044	18
-0.023239395635919	0.868031895991392	18
-0.111654786995555	0.447581531908694	18
-0.120534028767713	0.423092035132577	18
-0.054265356581851	0.641574339500935	39
-0.085277501420197	0.478467630445719	39
-0.061703402496742	0.461990819121088	39
-0.120866699491284	0.222385612626216	8
-0.069146142795745	0.328412802166381	8
0.094195050013232	1.17462675231246	8
-0.11147942529887	0.349564828640253	8
0.051188357568164	1.07370401525152	8
0.041804210200739	0.0570807528908756	11
-0.085840991687727	0.292355420773777	11
-0.113278836149235	0.184927318855466	19
-0.090424350011398	0.575669679775906	93
-0.111656938712277	0.595737124782569	18
0.039880623055033	0.918262117931751	18
0.123354666415129	1.33865932232657	18
-0.000717000329474998	1.05462263193115	18
-0.114944723563848	0.57706572883629	157
-0.090927083662234	0.83280714479791	157
0.11574989729974	2.11246487183866	157
-0.117340200089623	0.34996674593809	18
0.017834829084936	0.854165896508461	18
-0.069806970478127	0.991597196603232	18
-0.059436003485278	0.929658118125588	18
-0.057519002008121	0.871407773589871	18
0.057368546210757	1.24838026028764	18
-0.060161703498959	0.607381743357316	39
0.063257140913385	1.25141736550252	39
0.076554008342061	0.944078276588962	8
0.072909536788071	0.828621940229235	8
-0.00644903824038401	0.438805507792151	8
0.101586231697208	0.782497763102048	11
-0.033015081391001	0.90191540062165	19
-0.021804644810067	0.337294592819095	19
-0.101175327194926	0.456645416590367	19
-0.016128117792363	0.821170202593869	93
-0.071908712752424	0.691429706330619	93
-0.01090411258024	1.52027188139201	93
-0.102895787633367	0.414372267854893	18
-0.03795226947066	0.887960948155707	18
0.066915124900202	1.54885813078836	18
-0.085002841329804	0.602153086949482	18
-0.059418819086959	0.627826671967295	18
-0.106962713617859	0.483226097184138	18
-0.109176027868666	0.191336385332326	18
-0.032873474115328	0.935998777748425	18
-0.002887631022956	1.2632108690093	39
0.030258760133406	1.73478817792144	39
0.071744399562303	0.656892021542027	39
-0.00436000150771901	0.666755218833098	8
0.00842318893792099	0.799465877490696	8
0.057311493458691	0.860998168333387	8
0.076768387017795	1.30784034401845	8
-0.073316742261783	0.967032303231219	8
-0.029981956203724	1.0702875488772	8
0.051640474701616	1.06378139672732	8
0.034133053348654	0.9843460708378	8
-0.11858598369405	0.485450853116838	8
-0.098606070949628	0.488827063612481	8
0.00373015105628999	0.711700814750175	19
-0.074650784197117	0.326078407080873	11
-0.083046665652288	0.803701036339672	93
-0.069594440633359	1.01473019602153	93
0.026458973176338	1.67081521375511	18
-0.101919706771716	0.676732275607825	18
-0.095650614914901	0.628608362312329	18
-0.111893006453962	0.535464748647437	18
-0.000996172213595992	1.01938382957396	18
-0.107713854510072	0.445616257442946	18
0.082182477600528	1.03603679551732	18
-0.001600184925207	0.65612100338082	8
-0.032103585508734	0.976178921952664	39
-0.077597390592537	0.678365615559043	39
-0.049486930174918	0.87957735303152	39
-0.065448899172562	0.562468540005492	8
-0.00652676192897	1.04307030721485	8
-0.023606673431528	0.902985896928785	8
-0.103925195627474	0.554181076314039	8
-0.05020479592258	0.413286571667871	11
-0.032785274760402	0.501266318505644	11
-0.115644106932746	0.585200651800072	93
-0.00958137326087	0.925710612044345	93
-0.08945456267416	0.776443253840419	18
0.00433665941747202	1.23217964873347	18
-0.110136601883199	0.420184792908591	18
-0.078458568970396	0.618282552207198	18
-0.077113061431184	0.661337703883944	18
-0.119846231117394	0.406155407346817	18
-0.108492040509715	0.30177723225297	18
-0.100906603871162	0.498566460483376	8
-0.109376757707374	0.435560023637537	8
0.060370198983716	1.72832616557085	8
-0.028720500309127	0.874914390514395	8
0.09523233866361	1.66808726445058	8
-0.093945769602951	0.623366920046617	8
-0.024975765738455	1.38028618279701	11
0.079019567212432	1.13929131932009	11
0.025010307438748	1.0623168002411	93
-0.114702162287822	0.437911141445355	93
-0.087391907733509	0.937219842235504	18
-0.103101713858054	0.447621881753168	18
-0.0490730557242	1.05365143597695	18
-0.068119171071844	0.268231063362366	18
0.00290491367427098	0.421868126571289	18
-0.120978906130517	0.571769978628883	8
-0.078888356366976	0.297819303155285	39
0.03110684481921	1.37807498635679	39
-0.062174780018452	0.926129526563117	39
0.013654819689571	0.906264627581835	8
-0.032815503342184	1.05631298313077	8
-0.042563799138592	0.456701924734547	8
0.113982399691923	0.670734969427986	8
0.034289183061542	0.799464276908927	8
-0.008137892891809	0.680797923028868	8
0.053026256705394	1.18073706514081	8
-0.089066757474333	0.426899598820412	8
-0.119953035882726	0.675219293682031	11
-0.114584166747877	0.358445858538913	11
-0.120321321738338	0.398337963897589	11
-0.124998081422926	0.313402998183102	11
-0.050366769385972	0.892650849407696	11
-0.083885593444398	0.945016722690103	93
0.00643230256725902	1.74381417205322	93
-0.081153564689122	0.705549158753249	18
-0.11701360623431	0.472598645653652	18
-0.047029960254764	0.974226876868868	18
0.069813955630946	0.879700289490165	18
-0.094714832818996	0.377542510133249	18
-0.052019352506416	0.684564903496978	18
-0.089204065103288	0.391505116889628	8
-0.119757413177015	0.434660445345862	8
0.033702391696608	2.02985373018223	8
-0.109424854788543	0.656320147586069	8
-0.110486374528597	0.5182463310837	8
-0.119799594047882	0.350482347590878	39
0.02385909430253	1.1586514867459	39
-0.072509753516685	0.781858129119522	8
-0.032412375798363	1.05550136379567	8
-0.078025262237397	0.485188876177366	8
0.09070382020473	1.39929655837443	8
-0.092592485447726	0.468957726565422	8
0.0417340637439	0.0570664528087262	11
-0.121331273716395	0.312159895937555	11
-0.079876225460005	0.54468374583774	11
-0.123241844621575	0.605712736753341	11
-0.113209367113574	0.687360285432851	93
-0.013148672327481	1.29405486818769	93
-0.110683175572828	0.550407389569927	18
-0.050563319705005	0.919791134639966	18
-0.04860660348484	0.967193569182621	18
-0.062416201977588	0.748690181413165	18
-0.115398912263356	0.542941291155152	18
-0.071224381853805	0.832979810245542	18
0.037130843568428	1.40504981309325	18
-0.072639384755367	0.440529887542254	18
-0.072801630480218	0.468023079444891	18
0.004297050253532	0.728271027634154	18
-0.123529455824676	0.432827212256699	8
-0.024494967713168	1.13522243306384	8
-0.10026700263993	0.668776580518337	8
0.018269491216581	1.370465099696	8
-0.108568475378352	0.534277762993379	8
-0.056020502112581	0.619729214643643	8
-0.114682498696426	0.546514901819966	11
-0.111208242887146	0.508888109948218	18
-0.054301828053501	0.768471613464584	18
0.052203489348638	0.985711882671041	18
-0.00957281937966001	0.974947595619064	18
0.00421818088557702	0.776505936612598	8
-0.004794563765149	0.947306305119602	8
-0.050495480629047	0.636016199578584	39
-0.012500900463146	1.10427806903531	8
-0.103708327679179	0.608770532147026	8
-0.058993755915261	0.627211938762466	8
-0.103952274844931	0.522778852381118	8
-0.103210594665173	0.735388100986818	11
-0.035625811652152	1.15669779537002	11
0.044776016404146	0.250932336708194	11
-0.032412222950868	0.900888873911592	11
-0.099668924397973	0.322135567104207	11
-0.12031270059808	0.289683043176003	11
-0.010664790054624	1.20172606615453	11
-0.112925637208434	0.538145935755305	18
-0.046353886316333	1.05009221193379	8
-0.122760492659644	0.302964677210924	18
0.000861855656436983	1.03465131085506	8
-0.05907550952099	0.479725315595821	8
-0.103549089087972	0.441652756697295	8
-0.031512731164424	1.05925364374517	8
-0.066614620260328	0.840654711016278	8
0.100943216011398	1.95471544739472	8
-0.055054585579724	0.952971630027396	8
0.020476342444258	1.09323263706424	8
-0.020610862894193	0.926077581524718	8
-0.091095482844705	0.197354159504658	11
0.010127702737301	0.816449529352655	11
0.050056831708714	1.47324049682186	11
-0.074535105472824	0.76862815747789	11
-0.120492849352304	0.569744799165999	11
0.02373156226808	1.06716090377702	11
0.023732098703034	1.59503574032675	93
-0.075203084051521	0.788706644106956	93
-0.098493460693532	0.62515653781297	93
-0.119248160843023	0.562927000936021	18
-0.095058212177661	0.61440472674748	18
-0.103481015365213	0.593229861541734	18
-0.081716528499509	0.704979201306063	18
0.039302419554456	1.36582987919204	18
-0.109971217307441	0.608772375022587	8
0.038701101634275	1.068494447146	18
0.012810281441994	1.19192414250183	8
-0.0861072739884	0.719852729351676	8
0.013952692900089	1.48579363510062	8
0.00233697220885798	1.3874352865584	8
-0.073222367074782	0.553257012189874	8
0.028261791123379	1.20919879356066	8
0.024998199676978	1.37175928154677	8
0.022270201783513	1.27686645685014	8
-0.062955252402311	0.902058666526389	8
-0.072311034491963	0.809253908777777	8
-0.076994731637186	0.767449561990796	8
0.074226864011209	1.49939871446692	8
-0.031002071965316	0.76451535853042	8
0.079042329970878	0.0855774229623516	11
-0.093288577167229	0.194131524577927	11
-0.063651300323964	0.385881015026788	11
0.01281950157938	0.93180408265799	11
-0.042192280710057	0.283213711906222	11
-0.013471971887878	0.869001257232543	11
-0.080255004020791	0.402203836021556	11
-0.001351644799479	0.91990044633497	11
0.120930560176905	1.19178790408945	11
-0.040456505601286	0.860082578293678	93
-0.083669605977623	0.858684836511457	93
0.044674353799041	2.12496270954751	93
-0.118321879715947	0.481085858059175	18
-0.124465123561394	0.490486468946866	18
-0.116498418516775	0.559261972857104	18
-0.087290368170519	0.656310220852942	8
-0.110981859367344	0.625246064630673	8
-0.054580202262104	0.783536145349341	8
-0.09962646903678	0.600032620487409	8
-0.00955464020573199	1.09178931098999	8
-0.102588636384282	0.500388093162133	8
-0.054797928235441	0.788242045644255	8
-0.022073123965954	1.15120284949782	8
-0.08862000328527	0.609245827217511	8
-0.023056815699353	0.875977024667954	8
0.067920245532422	1.08584053154553	11
-0.073915839603702	0.61322167978711	11
0.052462559275506	1.9909591611247	18
-0.063545379920176	0.91425547210193	18
-0.109165836319125	0.366962059793382	18
0.059280072850869	1.08299382985077	18
-0.113390004644573	0.481233927000381	8
-0.057631123646438	0.958015131220464	8
-0.069833121147596	0.81201756910011	8
-0.081294300441495	1.10930502692956	11
-0.010361098264484	0.549092972111444	11
0.072462259282357	1.12231646801803	11
-0.121098776337331	0.352942529066981	11
-0.073843771964652	0.42191331085014	11
0.104393783519365	1.72079183552384	11
-0.117586594243931	0.599592453069094	11
-0.098637282444327	0.684010883190949	11
-0.09743832756571	0.83122214626799	11
-0.11908759334929	0.593208945314475	18
-0.076808962541785	0.805431528124165	18
-0.098684813959068	0.459955332957303	18
-0.088973230962623	0.498656279588559	8
0.047458531443772	1.18498029651115	18
-0.086520702797105	0.575311758340402	8
0.00756163482042199	1.21482318421579	8
-0.00795925476277801	0.935104993499798	8
0.033952659037086	1.8761006382165	8
-0.048629597423926	0.899262507589019	8
-0.124762798722299	0.41912147860344	8
0.00132924250494898	1.41376950257284	8
-0.058318699351119	0.930859253393288	8
0.043356893609278	1.32603560666969	8
-0.020578209898451	1.04370245345799	8
-0.107671773133578	0.469259021161245	8
0.106579593264621	0.132149594233089	11
0.041804210200739	0.0570807528908756	11
-0.063699400350484	0.49028063169535	11
0.037680271798911	0.441236863442434	11
-0.070783471206513	0.361094474546583	11
-0.07062341971805	0.341759197163957	11
-0.103253368743707	0.501537799061203	18
-0.069530530731092	0.693951353668401	18
-0.09757844973231	0.716827864748115	18
-0.083406098230482	0.747972650719612	18
0.114454880172727	2.29821653298856	18
-0.082286537738393	0.877553398596418	18
-0.090473485907728	0.823100405105621	18
-0.025766575273288	1.22836535793819	18
0.066571702898292	2.28436769617647	8
-0.11635084564977	0.674208075799727	8
-0.102172923346895	0.515567335269078	8
-0.038248726365995	0.732205531105942	8
-0.086654442095379	0.744664990902691	8
0.024795492682312	0.791790714865007	8
-0.066176781569876	0.705745054810406	8
-0.069142641687771	0.465982870387733	11
-0.09492975541592	0.804852324628101	11
-0.11002669024987	0.668610903358518	18
-0.096699448998574	0.864269730385217	18
0.001120547847827	1.73485771692647	18
-0.054080319286947	0.810425017953289	18
-0.078696952339719	0.569680277312275	18
-0.094455063719525	0.639413483597454	18
-0.112555670249274	0.519555865265675	18
-0.122825363078157	0.401929878648782	18
-0.064687305642065	0.713739359790545	18
-0.058423435659754	0.857991002234877	18
-0.104184063199807	0.439251672130325	8
-0.103398509370975	0.442215862975546	8
-0.113853215301624	0.615515302557515	8
-0.010542953323269	1.4869722414744	8
-0.100427947358271	0.559585144438456	8
-0.121912924693126	0.477947823069017	8
-0.015393108369293	1.14812888537744	8
-0.124811848857509	0.536744017825061	8
0.117173291628886	0.171768757720188	11
0.035409344686043	0.996430735431253	11
-0.079578387584116	0.330345993516611	11
-0.082329281489405	0.338780828465239	11
-0.017599434660197	0.457338371478892	11
-0.055797236008537	0.402006452245866	11
-0.039833254071309	0.488964239141617	18
-0.108767472234293	0.316417593546254	18
-0.087262601866168	0.387036360637714	18
-0.048362609883783	0.232273395865875	18
0.09102816449566	0.444436773860723	18
0.019630823055225	0.36137481446654	18
0.062476317331218	0.67676339781032	18
-0.073824079656862	0.38232725549877	8
-0.092064038114154	0.262092286504079	8
-0.072187399554743	0.312010294040747	8
-0.07941228449631	0.296616025559087	8
-0.03179780033618	0.309936641109664	8
0.121935661082909	0.843579753581448	8
-0.100101445585182	0.280456945477711	8
-0.115512063103681	0.181419636420219	8
0.00180667360708597	0.307773217837887	8
0.070052176788993	0.63731441529456	8
-0.076200365120116	0.378799309111603	8
0.116176346692506	0.171238573414407	11
0.056364004167496	0.939248697710496	11
-0.062261286655572	0.259380198398219	11
-0.060246638656945	0.545225122086804	11
-0.028037062461402	0.321243014154556	93
-0.05865624327372	0.510860840114901	93
0.041446229569806	1.00832820810768	18
-0.024109937537177	0.436612335522091	18
-0.054643549347992	0.44901733931715	18
-0.065885764425637	0.383164067029249	18
0.040442963918086	0.601705814616291	8
0.051731375513598	0.390713412787435	8
-0.080106751019515	0.307783539107531	8
-0.04537526212821	0.464775306830747	8
-0.040308949455958	0.463093771686337	8
-0.057113411930255	0.410042049117114	8
-0.120902549836528	0.202817946552796	8
-0.033139174970705	0.375452151413444	8
0.0417340637439	0.0570664528087262	11
0.041804210200739	0.0570807528908756	18
0.041272235289493	0.0569914165178306	18
0.0417340637439	0.0570664528087262	18
0.042266006022112	0.0571557941063312	18
0.041272235289493	0.0569914165178306	8
0.0417340637439	0.0570664528087262	8
0.042266006022112	0.0571557941063312	18
0.00339831738010898	0.482778998493514	93
0.120530648731764	0.190255278034151	11
0.079504711264943	0.0857134716799144	93
0.095129920773863	0.109586327709803	93
0.00584586036662799	0.256929230766457	18
-0.1116692065066	0.10868961677058	18
0.074571552452662	0.360730755242035	18
0.12236666946984	0.284058691823354	18
-0.096076486906285	0.068358948788558	8
0.066944092521058	0.329640902349157	8
-0.09453418395874	0.0690631548227461	8
-0.01988694824088	0.25918216533943	8
-0.089422273020572	0.137605231742185	8
0.009882769782733	0.180007621862851	8
0.120513827199065	0.252695639142844	12
-0.042781372262246	0.110022902776291	12
-0.039190607585901	0.217783156345608	12
-0.015024886064646	0.143814762254535	12
0.037380980738527	0.233333536585461	93
0.057933596005478	0.562003418110463	93
-0.100288482686407	0.378837832673256	18
-0.087171957291958	0.206317323713706	18
-0.093121435425633	0.285233349475127	18
-0.044966382586524	0.568984312669653	18
-0.0583121486877	0.37006618004544	18
-0.122252168366252	0.248773782940397	18
-0.122096006003165	0.198522021617955	18
0.095388130712375	0.900910266448803	18
-0.072227258320101	0.337969407291777	18
-0.003116555374577	0.44660493510585	8
0.046262461843386	0.381864476365952	8
0.00997880579668398	0.33908747026976	12
0.02009620528205	0.439375147351167	12
-0.094702606619253	0.207975677267371	8
-0.111291150354359	0.129158372080921	12
0.095890295863944	0.51843693972761	12
0.062584838970417	0.457438676594567	12
-0.110135147478502	0.162092012859546	12
-0.032361186915327	0.407914920004131	12
0.00750076205592898	0.694800193773959	12
0.10094488098593	0.528949969805412	12
0.077117664002046	0.859468913801701	12
0.107398876830697	1.15646310656812	93
-0.112109610115948	0.237500439130472	93
-0.113554541781696	0.752209012208232	18
-0.123349539306444	0.666190872536899	18
-0.033411315865563	1.37998772561205	18
-0.061965742572955	0.821057538425474	18
-0.045211133261744	0.815681101025147	18
-0.047329637404988	0.922686274269026	18
-0.022091751166175	0.718560478610179	18
-0.018943322998834	1.10810422629433	18
-0.093456676030199	0.557827400066937	18
-0.022561124691741	0.852671177948966	18
0.035419546997628	1.06862723543233	18
-0.10064608307574	0.210258010399808	8
-0.027377948826178	0.392556020952754	8
-0.068806655301838	0.642427778116299	8
-0.098924499553093	0.376184825646055	12
-0.11278953937429	0.323875129193898	12
-0.123325273464845	0.317061499988724	12
-0.091957096803421	0.554643891372933	12
-0.044858535927206	1.41125254859765	93
-0.066780239711797	0.35735904401164	93
-0.107515913652998	0.247023670562595	93
0.071064433043461	0.647512977443934	93
-0.031533699273073	0.379095497141756	93
-0.106720779580751	0.32621058041693	18
0.120200070352315	1.21547399548389	18
0.066341851773003	0.724697090430313	18
-0.052448860700041	0.414497633220903	18
0.071200501965873	0.914573873821836	18
-0.032083677832161	0.373606063147809	18
-0.116766495979839	0.246005827716298	18
0.040353584389194	0.698936966728088	18
0.105307094095108	0.566252638804568	18
-0.097741746918239	0.23194821707372	18
-0.084781042365094	0.245916155482463	18
0.093044790282783	0.68941489821113	8
-0.001279144295778	0.412818015964871	12
0.049114625897963	0.386477578577478	12
-0.098636008483482	0.213526511862588	12
0.083501717710346	0.590421901701448	12
-0.046980108348088	0.297395259175513	12
0.041395683721861	0.455510070689808	12
-0.069811612518551	0.869821635105018	18
0.042289770621588	2.09576250270323	18
-0.015653623365827	1.23342152647478	18
0.02630262566452	2.36199257381453	18
0.043257945603279	2.06649477838206	18
-0.027077911198365	1.00455996414601	18
-0.08286486639596	0.447302067895332	18
-0.047265246168184	0.550614322875406	18
-0.010899798248481	1.03278507693603	18
-0.067936599545162	0.563658068058777	18
-0.084612734436474	0.922973571967093	18
-0.087362722461588	0.614544608580286	8
0.056860030377665	1.04565822870868	8
-0.037868918471779	0.869624223005266	12
-0.042521708937527	1.010639424571	12
-0.097471052575198	0.409611706550609	12
0.114105226779534	2.2591047661214	12
-0.06098941154935	0.650939243207642	12
-0.096726502138671	0.484061540413091	18
-0.069243092682541	0.539117007331915	18
-0.092041064801957	0.444355238742439	18
-0.031008740904707	0.480353833394675	18
-0.047636564590007	0.528092295149632	18
-0.010546359847077	0.772647882202433	18
-0.092304382643919	0.485052799756636	18
0.026914159872412	0.878150114148266	18
0.015368806243091	0.633572416399091	8
0.008152129311708	0.803040329251052	12
-0.027845847392598	0.689603893948767	12
-0.04459914037706	0.638842609085154	12
-0.062772062280713	0.474599551899067	12
-0.078308206753245	0.441500865236892	12
0.048089938356818	1.11741704294287	12
-0.101631483223571	0.289688176739639	12
-0.085418441138608	0.915739377041393	93
-0.09762423910055	0.901553543054965	93
-0.109252086534736	0.681531472584005	18
0.01966954866057	1.65336265187243	18
-0.096066507927049	0.853317228354142	18
-0.073477042400031	1.01246616585368	18
-0.093306102011309	0.897306155476619	12
-0.09565481450688	0.83538651374109	12
-0.112830475512954	0.702742640748418	12
-0.028761826063329	1.50138538047901	12
-0.053089763517079	0.803424002743977	12
-0.031703159031908	0.951102617315208	18
-0.090060262011726	0.593966368742446	18
-0.093721062752599	0.606016501628641	18
-0.098148102655449	0.577489395844323	18
-0.03445070273397	0.845834300182763	18
-0.039858336451675	0.460616876054741	18
0.04815209446316	1.02253105775673	18
-0.080353133794896	0.361698046898181	18
0.12254532269693	1.1623006132684	18
-0.113493563979934	0.411057079919883	18
-0.09795426106341	0.525033484836748	18
-0.100365716128741	0.334777154972162	18
-0.054737264115117	0.379085949149246	8
-0.068883639231511	0.385763663943854	12
-0.026168970774359	0.754039721961792	12
-0.124947341133761	0.398440844128834	12
0.088042818541912	0.816553425716035	12
-0.080900532007633	0.258868114766132	18
-0.066380771845767	0.248897072150575	12
0.091459739909466	0.67680969461095	12
-0.098504849421711	0.288947184402363	12
-0.10533817374349	0.326003510478363	12
-0.041479414565014	0.541489905916214	12
-0.042742579741121	0.309171728285427	12
-0.095336212141798	0.323092895005053	12
-0.063765135052742	0.415693387474272	18
-0.108406955716117	0.254943728801501	12
-0.020199450745112	0.977783593408425	12
-0.102711966455404	0.505719112790679	12
-0.04481269276752	0.888515626745798	12
-0.108653443075158	0.84672834008413	12
-0.033971224004505	0.485475210612721	12
0.039730363234601	1.46100753618517	12
-0.115784259395972	0.32116705377419	12
-0.101192916712461	0.315666208343053	12
-0.11388155737675	0.397480563964084	12
-0.075294535011543	1.08552542854659	12
-0.072168017485744	0.825097438523066	8
-0.052083131168484	0.969292209259296	8
-0.075822096944138	1.03440127526232	8
-0.062977908840776	1.0526598373329	8
-0.037482534829944	1.20370262675805	12
-0.093392762033853	0.894660741735526	12
-0.092706767165794	0.856956316457706	12
-0.100256152723506	0.858245217694784	12
-0.118235483498641	0.737442577671538	8
-0.069202564272266	1.15930133720744	12
-0.10692886822256	0.676887998967163	12
-0.055910195970744	1.17982060161213	8
-0.122598340901605	0.652587659975509	12
-0.064486256444374	1.09398134062747	12
0.045746508645653	0.943162978594537	12
-0.105293981113429	0.534220403158434	12
-0.018709346740203	1.43949567827054	8
-0.124798715763264	0.646388291592394	8
-0.00845737596219501	0.589891304349524	12
-0.066301833789382	0.457262827517651	12
-0.114360050391085	0.513965215250157	12
-0.118935761930408	0.416401480428131	12
-0.091190512220403	1.00773985115055	8
-0.101454772733035	0.71805320414377	8
0.051771950419095	0.812401941724782	12
-0.04795889983125	0.955324444400885	8
-0.120353398708944	0.523443694288052	12
-0.063698263959077	0.709188864603407	12
0.117119548997732	0.754035065995545	8
-0.071677771013294	0.213727581293773	8
0.080197786370233	1.16720482453384	12
-0.099110881558788	0.448240207209695	12
0.072188035603603	0.940482910668806	12
-0.123005139306479	0.236811013828914	12
-0.026830993340685	0.532021666700123	12
-0.024518494780867	0.61200724083404	12
-0.048928747894781	0.627648840246661	12
-0.11878119954687	0.659055476372171	12
-0.048368187514684	0.729500622961661	12
-0.120607818478602	0.319948986386767	8
-0.075886496544364	0.574570407952963	12
-0.00257399207491499	1.79841238845449	12
0.00309635142266701	1.8026846978005	8
-0.047336567294967	1.40101391528541	8
-0.109535404967903	0.796876246144458	12
-0.089913075270719	0.954291999128886	12
-0.071051326326188	1.1702270795194	12
-0.122668708864447	0.60752077304308	12
-0.123092092080282	0.532601959989759	8
-0.085289222077664	0.88769697240494	8
-0.015976045106963	1.25557018720278	12
-0.059912508623822	1.24777158909026	12
-0.058192883778724	1.22363039254011	12
-0.040828258624005	1.40002844427255	12
-0.090116116442432	0.910227954831143	12
-0.122225333309202	0.514494874131326	12
-0.076017903062041	1.07990953366824	12
-0.09055845748996	1.01933723132482	12
-0.039430847134848	1.11158616564189	12
-0.07672115211839	1.08883646394812	12
-0.037941124124662	1.45036595140148	12
-0.017273317979947	1.17369187668344	12
0.012687883223462	1.51636858547222	12
-0.110357145504812	0.650843753607791	8
-0.05116449521545	1.20670538986467	12
-0.098872475976898	0.673475857520819	12
-0.1172358085324	0.782800317884424	12
-0.100590386418622	0.902157435893923	12
-0.109150594257881	0.719231133488915	12
-0.098752380449993	0.94250045159756	12
-0.061189330944937	1.112608062007	12
-0.084763143325686	0.673685759134186	12
-0.101201349511001	0.900963362780821	12
-0.124098914609425	0.671857073743654	12
-0.04247717414995	1.19447599590287	12
-0.121837799280923	0.537426085370191	12
-0.064665303922917	1.28080300457159	12
-0.082872089793791	1.08685389150417	12
-0.108268221898363	0.755751638946863	12
-0.088270374701673	0.822846876916062	12
-0.122046205770647	0.729308580719002	12
-0.116154440285528	0.790424909657456	12
-0.080851021249228	1.05333518917446	12
-0.089360078285209	1.02213845195884	12
-0.090844457249323	1.01274445814463	12
-0.044842970854288	1.4576663940966	12
-0.124981941759133	0.718900711228994	12
-0.09964891904812	0.879172199082451	12
-0.067836366910889	1.00428031350515	8
0.060018019513696	2.31642792534221	8
-0.122410074092563	0.642217352903184	12
-0.060730485180305	1.16063273930387	12
-0.111676584000927	0.795718558928609	12
-0.083622525404587	0.967202096743285	12
0.054832336510043	2.08847845831188	12
-0.09698442040797	0.908775146573657	12
-0.095775360457881	0.955517094197489	12
-0.055096660535301	1.14605669143088	12
-0.111653353556273	0.81903234206082	12
-0.115958594789344	0.575477244836996	12
-0.110891651952584	0.740355444509132	12
-0.094414102759244	0.909793191045651	12
0.00617723923095998	1.75026258517535	12
-0.122360097621507	0.708065069423972	12
-0.070614974278645	1.10449544568431	12
-0.124105326992108	0.570015194050305	12
-0.088757342188032	0.642262088616326	12
-0.099327378848344	0.580511733101783	12
-0.086873873235669	1.04451172593378	12
-0.117395223744479	0.731734157292126	12
0.00803287586037599	1.82501910049769	12
-0.015824343941051	1.28415367214111	12
-0.102208990458008	0.876626163875833	12
-0.10892367211172	0.79567203074592	12
-0.038164992027754	1.11958203927232	12
-0.059755748781069	0.868675051556678	12
-0.096731413958892	0.852982739857135	12
-0.12361524849269	0.577626035056354	12
-0.09495296545642	0.885059347081069	12
-0.108618061456029	0.652898811939692	12
-0.11957260752643	0.718431877208828	12
-0.07177559215433	1.16553313499586	12
-0.055774972796326	1.0778407855266	12
-0.08792750947076	0.817106747228162	12
-0.124732875492395	0.647141552025692	12
-0.093496006930476	0.862562224705004	12
-0.101352091883781	0.748470336402878	12
-0.093590295769633	0.697032654999855	12
-0.044647274484353	1.47663374224107	12
-0.012292862582979	1.44162166811425	12
0.019444526223362	1.87380371086928	12
-0.07446838308772	1.08881716750327	12
-0.123448162071598	0.67789512514412	12
-0.113138838928641	0.7882125049877	12
-0.043644756732298	0.90946981013235	12
0.081332246480286	2.03427709144799	12
-0.12367445981325	0.52321832701755	12
-0.060942932504695	1.20905829327612	12
-0.060924717899768	1.27004852313965	12
0.00151562652933801	1.9019202214872	12
-0.106636925789608	0.732628156192728	12
-0.104380606620407	0.738166169663057	12
-0.033970145024881	1.42558493603979	12
0.00561700274883498	1.27988823992225	12
-0.085028645229833	0.978223493180889	12
-0.025916699184479	1.68106795429041	12
-0.111830579818147	0.772015895645217	12
-0.100274030174252	0.842979006573977	12
-0.085219155614641	0.625726914465799	12
0.008038291778245	1.79583483540181	12
-0.112659751846631	0.790001173376319	12
-0.086122553554311	0.789871932206015	12
-0.119122228896206	0.728430561557339	12
-0.095860907063315	0.968145466982553	12
-0.076444336909998	1.15820131528986	12
-0.084277889329768	1.08018666533982	12
-0.040679942005452	1.45171054822148	12
-0.116849480514842	0.683290991595225	12
-0.124429024688587	0.669168505853045	12
-0.101780130115819	0.851395676038574	12
-0.123066314856065	0.727194884699331	12
-0.04320498648672	1.4915343226574	12
-0.085393424948552	0.921188634257929	12
-0.08504223047984	1.01123038781744	12
-0.105004995745441	0.863198617073146	12
-0.046390097213045	1.46049180705398	12
-0.116308828549455	0.790097806474009	12
-0.112788195649884	0.798979704560157	12
-0.117734201249857	0.720879224771461	12
-0.104011523504148	0.845273682921412	12
-0.105857211137599	0.728185000607589	12
-0.090817814439719	1.00043633898338	12
-0.1205801190581	0.75460291780875	12
-0.120465699792945	0.752206240676768	12
-0.053655027752473	1.39485458829341	12
-0.092683645351924	0.928087410921521	12
-0.101852440565282	0.910999363227912	12
-0.121811041147224	0.552400084661774	12
-0.123599814192358	0.722337745875354	12
-0.120883466648955	0.751663174076029	12
-0.105858296128815	0.876092017012152	12
-0.120052624543537	0.695258443210558	12
-0.082186758944301	0.749780938428441	12
-0.11330552928018	0.795645913065603	12
-0.113716237175751	0.812111305141729	12
-0.093120289515114	0.48854007083404	12
-0.02405010523873	1.72163673843129	12
-0.088220360018892	0.998624330548283	12
-0.056939547955007	0.348115566108773	12
-0.121495055086097	0.699825620735966	12
-0.01410389179897	1.83432151630276	12
-0.029560382578616	1.4082482777072	12
-0.086871107797559	0.549628698978256	12
0.041656365563789	1.39685460913302	12
0.07675342040475	0.83516125143558	12
-0.027138528204091	0.768315026288023	12
-0.105059717011481	0.866792717384096	12
-0.094350796803255	0.919297248728565	12
-0.121474467643949	0.697414299150051	12
-0.064857502918839	0.948170675998604	12
0.00162488055473398	0.742467053679624	12
0.045546181410834	2.18610942891376	12
-0.043092020393934	1.46458477361996	12
-0.117776194494993	0.75310867096011	12
-0.067456361087997	1.22848863463457	12
-0.102876341558815	0.418113248262974	12
-0.093333081923492	0.545864606088207	12
-0.079120684044816	0.827497067769017	12
-0.101544386159583	0.497924345976093	12
-0.100404322787403	0.613649693542982	12
-0.087968818359499	0.665865747229603	12
-0.116198256435552	0.560553249342387	12
-0.096460083529182	0.916274100302548	12
-0.106962663500143	0.859842335449083	12
-0.110312050668117	0.654061005141304	12
-0.119523356778517	0.62773524382559	12
-0.039175654647735	1.56045141388213	12
-0.108144979161347	0.850602441164204	12
-0.121545746973764	0.747076050597373	12
-0.046123497952	0.898787109078624	12
-0.109651046999009	0.81147142920154	12
-0.103938433598776	0.884540168124424	12
0.00120900055341799	0.82071127420897	12
-0.043359321763536	0.829075310358768	12
0.059593112042603	1.76320215215047	12
-0.075856512290251	0.837932253076939	12
-0.05598982396379	0.646289005512504	12
-0.076532199171123	0.75928026655628	12
-0.103595245217258	0.853030874165982	12
-0.074508748040999	1.10944026718053	12
-0.116679181835755	0.745099679556562	12
-0.100301278396876	0.919547142295211	12
-0.104395991118802	0.855762961182571	12
-0.02660584053536	1.4903056176185	12
-0.018610875087113	1.43537987170453	12
-0.119311717115638	0.66284985186695	12
-0.07291024426252	0.658855317367952	12
-0.052330877658658	1.14803746468099	12
-0.122875119691277	0.696940181886469	12
-0.085547161154663	1.03872243213933	12
-0.11707320775504	0.778322652665308	12
-0.096322453061439	0.867019289175374	12
-0.093136057048506	0.993879466145702	12
-0.104894711421608	0.8044692476141	12
-0.116865581821521	0.785635091292784	12
-0.119078660831461	0.743986916515668	12
-0.095028205734241	0.963741667084676	12
-0.036905755330144	1.54386448263677	12
-0.035978940570551	0.978806229874498	12
-0.031359502917422	1.47566309054505	12
-0.097020864878304	0.959293856917608	12
-0.099533688938399	0.937920614252012	12
-0.049837321129626	0.730545477873663	12
-0.099940110187661	0.808644166400937	12
0.081152335705058	0.898419882856328	12
-0.093048147921866	0.823316747932673	12
0.049585139279787	0.905030971107931	12
-0.103932657688419	0.418699213854848	12
-0.050123246949317	0.686732702975635	12
-0.110406894072723	0.841019426941586	12
-0.070032369036437	0.423970204089108	12
0.038429725826132	1.62218174957177	12
-0.108771695729888	0.494386863563326	12
0.016242985377858	1.11536994127015	12
-0.062958078587843	1.00288053820547	12
-0.044671281957897	0.790493988313196	12
-0.096864323671732	0.640035556391758	12
-0.081620238558444	0.883271678682807	12
-0.118402724418098	0.699733471479659	12
-0.122864866083763	0.705809009699617	12
-0.069013167685453	1.23498179350688	12
-0.044559606541421	0.952105877228333	12
-0.110640466587292	0.428824086817857	12
-0.085158220387995	0.876083650410266	12
-0.099682867284238	0.829309209948828	12
-0.101815479040288	0.906356092502245	12
-0.097359013781739	0.895419069214582	12
-0.080407231585911	1.10041072169373	12
-0.081345512995324	1.09756424186657	12
-0.115964569950346	0.77427012664175	12
-0.102951774322923	0.903830395718581	12
-0.12435733785552	0.708711850267665	12
-0.117789566201123	0.75741715613659	12
-0.096201489320212	0.9025511815308	12
-0.089331955386657	0.99117502112815	12
-0.083276200887963	0.975849574553608	12
-0.111358907600465	0.832951040437726	12
-0.111393735960034	0.741668502739388	12
-0.019311582422705	1.50299144178943	12
-0.024162727834803	1.33995994922735	12
-0.120384678753454	0.738566974742629	12
-0.107766367975911	0.84343628071405	12
0.035646861808291	1.8375747285563	12
-0.124119917489072	0.722764040410182	12
-0.03376783247312	1.50119339051712	12
-0.019251042692477	1.79622035159252	12
-0.095204929587281	0.955405711642006	12
-0.110517253057838	0.808277566345372	12
-0.068047230587274	1.14204791701497	12
-0.117611212553292	0.684451416904499	12
-0.112083145926496	0.81312804822729	12
-0.108071081556266	0.825150829906834	12
-0.09444349541787	0.932399935138305	12
-0.115424588206942	0.771194308687936	12
-0.104924500511659	0.889559680320394	12
-0.119402990068478	0.534676884282392	12
-0.123190303880489	0.516188178940385	12
-0.073202396018538	1.07432176188088	12
-0.111130382829142	0.615853005151874	12
-0.101988360870126	0.787477209109395	12
-0.044611421091315	1.45053694185361	12
0.041816171476584	2.36034406298612	12
-0.113575546018202	0.80717704585357	12
