x	y
0.011916762481247	0.0387458596402654
-0.0259185366211531	0.0890860886319952
-0.050851471283393	0.192006480565786
-0.382669426829273	2.20630871963601
0.185066252392071	0.365157181167079
0.137808593679637	0.258336233566236
-0.155905604211509	0.457783165593737
-0.062822403045727	0.129369478140968
-0.115323055679561	0.272470541805571
-0.0236411451120369	0.0471103241965566
-0.0638037025663764	0.142414421407844
0.240174966526484	0.765862208473441
-0.0785641182008052	0.143557587456013
-0.297463215614001	0.470750016571924
0.00713376771588018	0.00903829939536234
0.206366669473768	0.580657335518568
0.212268032680041	0.645670815871307
-0.17620402713652	0.413785283004285
-0.2753869946616	0.595614728008042
0.0803597040952512	0.183218314110681
0.393907083005268	1.18273306205533
-0.0716199942563891	0.141814751623699
-0.0093845772548856	0.0142230656025445
0.180372017808253	0.469668668255781
0.333741862849643	0.916420772550854
-0.0296792803926781	0.0549033778911181
0.221552227554567	0.638121997756347
0.0944895114769519	0.196827846568889
-0.0722779209771575	0.149264860312605
-0.412775878988701	0.844786106282067
-0.786436284885701	2.47973551196445
-0.0278537870161529	0.0506921284640476
-0.141787506868951	0.365232884028566
0.103231257276829	0.183108432821617
0.599931724446218	1.3959289356942
-0.316230020907052	0.793562012045057
-0.23574519673577	0.502273313761972
0.322057382556034	0.750339096034548
-0.407361951133036	0.945118243196171
0.141475495559014	0.296613642652879
0.0349410064208197	0.0604899359422698
0.253859088288147	0.532583323017231
0.0612343684900717	0.110483409492264
-0.0622284492954512	0.123466793198636
0.23604357419002	0.637206257514938
0.307171647565114	0.853626990834123
-0.252803036833673	0.533585030530294
0.461992573391718	0.838494758183855
0.344289970831589	0.478405781342763
-0.794287489852149	0.655313371020334
-0.0624790589359445	0.0533261365365043
0.142342683585153	0.222102898469043
-0.221288353907443	0.434072724046471
0.354658703124759	0.826961792569589
0.0231555172261933	0.0336480693234458
0.542984843530053	0.801225159675647
0.166874486469664	0.171357500941435
0.383290264384001	0.354683353528744
0.0131366356129523	0.0108627493400886
0.349216333511608	0.497076564740558
0.382321189955011	0.368407348668413
-0.265140849037775	0.324956950647837
0.197397911044106	0.191194452770845
0.563279273029572	0.778408930315381
0.39078117598972	0.538332350991162
-0.0829538710244152	0.0701745136272748
0.097272031280047	0.0903269466982812
-0.342133355146562	0.381175109425612
-0.395277187719332	0.327611103743071
-1.14647672574434	0.652713140657547
0.11010312208639	0.0946511653588998
0.655618117744981	0.674347330240994
-1.07098064828378	0.837767753145831
0.55752451889162	0.325548949746495
0.870188927840352	0.63259736871069
1.03631459617813	1.12167295814607
-0.293411592972317	0.208605527780817
-0.220168605553301	0.207987425389157
0.952238356508451	1.11712332862515
0.770481648606086	0.4697527575359
-0.593121640784543	0.291959642673464
0.153238681936504	0.10140904774548
-0.683598701073381	0.624773396159768
0.515398682398213	0.635202534612275
-0.490892223913054	0.501250064916507
-0.532539094212105	0.464342391982446
-0.481519034406591	0.459025794165635
0.277521144683532	0.214116619166264
-0.0437275285965055	0.0375826858087761
-0.119443032991837	0.0817659305797862
-0.660640329525371	0.789544823406587
-0.231453785888767	0.185040432930578
0.0691101391394713	0.0712345453357733
-0.507124041275143	0.813348239952473
-0.886004400108107	0.956589300366949
0.292358078654755	0.248483217389008
-0.0159625377482836	0.0427703392909938
-0.00831684043395083	0.0253666052026871
-0.0851402553118701	0.378266472483149
0.0153287692988708	0.0501737769484838
-0.123876870768036	0.610978719417201
0.0636863383452405	0.288975447728482
-0.207349406933714	1.44393034569969
0.0762489982701957	0.369397733773505
-0.134993972433159	0.795940339654939
0.186939316315543	1.2967399108233
-0.0503274682831801	0.220956741925685
-0.0683350775974222	0.296360612007313
-0.155672844977022	0.531449916242302
-0.0354076563105263	0.0958229369353574
0.0213117561005542	0.0841779763011015
-0.0305426493748062	0.124699979974829
-0.00129270775976904	0.00446108142357981
-0.0372495884514405	0.135680015741668
-0.142552960288917	0.852254913850099
-0.0968084069144457	0.459686126466704
-0.130761034143162	0.719394867293756
0.102986780303059	0.485991258522771
0.0229164548532227	0.090003112151702
-0.0040315785527739	0.0136773930147949
0.120048856457501	0.622886569569132
0.128456283577269	0.746184806507043
0.0596714393802348	0.271095728894958
-0.0904786268090846	0.458869229415813
0.0467127802835988	0.165262226806496
-0.0733308840657528	0.276872642982254
-0.07909755709791	0.377885053239336
-0.128942182722239	0.74740863543708
-0.160325780737155	0.834386873029568
-0.185009336169297	0.653606878098747
0.0909319101391768	0.423788552559222
0.262042272195918	1.92925887791661
-0.0643411889555399	0.253347987353517
-0.00262664281187843	0.00722621661440807
0.0616830960683352	0.265842940463178
0.0447484888344826	0.178267862246561
-0.145568144167313	0.64823248469542
0.0537779442360026	0.206069406613502
-0.00167918282502625	0.00606622993247808
0.0262730368863042	0.100982735205408
-0.0654430669582941	0.288754875482096
-0.00157784550856704	0.00477402024617568
0.0129418897101239	0.026697363609508
-0.096057133011433	0.172439938505717
-0.480999153963656	0.74878663443225
-0.19789463695573	0.434643492903143
-0.0574775614148768	0.165269561545136
-0.0139589741114619	0.0442770350193692
-0.108188763565312	0.4319614735274
-0.0687335772308897	0.231790458408476
-0.104761127435603	0.231627495830285
0.160205488891677	0.34007998281473
0.19436422792568	0.301751682512293
-0.184144526567119	0.439358397533133
0.0481007238787148	0.104686507638839
0.0932462575079657	0.141796484687143
-0.0551005872220154	0.099860623098769
0.074295958780753	0.134909469816839
0.309391419892874	0.747654316977992
0.322469079648319	0.796977994856485
-0.248871372398477	0.491447249535104
-0.24208273611523	0.455241512237513
0.0719111948586599	0.111642596644919
0.0277063213127983	0.0333016219408721
-0.241693259474023	0.174910403777591
-0.0279602696524521	0.0326844090239573
-0.418544736337393	0.6258664351778
-0.251417627216696	0.235631110518914
-0.430473459774665	0.415323132251187
0.240000544631207	0.22326359527607
0.165459697355012	0.169674068122884
0.444490604300396	0.605387113537657
-0.0783103408078986	0.112771399396815
0.302029896445201	0.399181203500023
0.225156944204329	0.192892942695023
-0.727211883450439	0.807891800161461
-0.729250838810911	1.0937610877553
-0.0201929235708676	0.0185931014745686
0.0540141193336335	0.0447225951549914
-0.0979378010843866	0.148983823724418
0.328733631843309	0.563042118627189
-0.041706492504301	0.0469618249406562
0.169933405961248	0.22033192473373
-0.24611857186423	0.364347321388312
-0.024612602027033	0.0358134439936043
0.195411467483304	0.280006903069674
0.226659428311131	0.442681550650485
0.275856432392644	0.532113167939364
0.129025936904841	0.263951527202327
0.347439395898287	0.934122688872112
-0.0354208808596246	0.0345312768677506
0.769035637624696	1.30132599122225
-0.0460638948112544	0.137481459237162
-0.00831384166265718	0.0243638316468301
0.0259431633760046	0.0904713012917692
-0.0819811425689418	0.348532942662205
-0.0365214710376802	0.13454595713582
-0.0409703013707044	0.161631912681814
0.0775753769736039	0.379364460351793
0.0485518147836693	0.212963500094804
-0.0532653492261981	0.236238859769415
-0.0146092460189398	0.0527265011431617
-0.0693973812079712	0.3271826191096
0.0558275893506269	0.244090026168716
-0.129844727804827	0.750531064434635
-0.0327168030840604	0.133932271317483
-0.0136664035536778	0.052286609614649
-0.0520718987082942	0.224598232013157
-0.100998236779935	0.515093984304551
0.138473856386925	0.831329439673438
0.017071173195403	0.0658972466637955
-0.0768319279966925	0.354079334900991
-0.160799156545106	1.02383846290603
0.0733514419150565	0.33690342200433
-0.136759189110464	0.761215675276136
-0.0626263663233114	0.264277768315927
-0.0254014352935395	0.0980434926732996
-0.157433577033152	0.850657399683746
-0.0376701814561868	0.151036210055385
-0.0146112579585947	0.0561276180645531
-0.186949087560938	1.287332475557
0.061578892352721	0.282162178450631
0.117404418583191	0.631609187904278
-0.109183621333252	0.589920697047087
-0.113545043799247	0.603453713909223
0.0879430577445897	0.411974260463115
-0.0559668122924065	0.252492639668283
0.00716113251968074	0.0266945590129229
-0.0761492356226906	0.367137639589602
0.0876963581680331	0.419691294651752
-0.085845009672979	0.384195253514568
0.0788978675009021	0.339977276158982
-0.174042595660947	1.0144166700763
0.0366580568502649	0.151173638260596
-0.0602989354912623	0.270484528737211
0.00658624559868594	0.022117910330904
-0.169081862923264	0.962907724804125
-0.0345164816010962	0.104938356386446
-0.088320675672572	0.223595990347348
0.311256736993118	0.775450122410032
-0.0971631521315469	0.23360461427468
0.0208089731537994	0.0555342615024578
0.0995422687875813	0.387029747488096
0.0315408165461198	0.119475623922245
0.098219729977042	0.416306162682414
0.237553127676643	0.826616741845256
0.166743188130544	0.476137869810053
-0.476608385882805	1.74378561570189
-0.235495916236566	0.749670687829614
-0.0415034660880851	0.0941635477929019
-0.0583104522958125	0.107257625969342
0.0588056568924996	0.124171797754352
0.0999487342598108	0.2258587562156
0.0899832264352199	0.173665793445328
0.0212860003597474	0.0367604636641427
0.276640650226881	0.601452610823628
-0.347078689684203	0.750152325676337
-0.415793870089315	1.14318608049157
0.0524948785157147	0.0711767403931727
0.233190500571454	0.263412238411676
-0.31973541910937	0.598279310398453
0.0419285383461997	0.0543411839759449
-0.344667270164746	0.424351258997696
-0.207738954004172	0.232583578827398
0.112279838316451	0.120214607476355
0.313668533143532	0.451476957056472
-0.0441389448307421	0.0575703101728086
-0.386691788146446	0.911499835338658
0.0709895424951717	0.0974035491659222
-0.237734498939206	0.253406770110326
0.508643862343938	0.664661888894116
0.143707963732424	0.184696338754885
0.130373686055199	0.147221264310735
-0.26730791336901	0.328349433999157
-0.215829362596085	0.385036445090381
0.255472361746002	0.432817163145733
-0.229038565675882	0.325964580080864
0.274760827473577	0.449160785351882
0.219032096453617	0.37606276308119
0.239908526180444	0.465562459695449
0.0891674894046693	0.110184206922218
-0.112102060689908	0.176319725481844
0.226733775408446	0.44292331897181
-0.0854619590941983	0.159498397284883
-0.129632022045157	0.276516239959915
0.174334418234575	0.230538080489476
-0.0500928380167688	0.145012506410528
0.0219329986177018	0.0686758595244238
-0.0707249086347653	0.263617733652191
-0.103439160854321	0.430725548568864
0.0320309214245914	0.111810549079385
0.0295937732190104	0.119445786662417
0.0517326619479118	0.225479389585379
0.0656279827533353	0.295407282015991
-0.0572016634448871	0.223947509282626
-0.0511324853172459	0.208233012545473
0.074284621354706	0.348235192526999
0.0549658659473436	0.228751508371426
-0.0848180766891346	0.399609673201917
-0.034565232845145	0.141578635503988
-0.102445200189493	0.480325047074811
-0.0398341520921537	0.152407417162086
0.0442922549589068	0.188374579475247
0.0807707600990596	0.397738189656225
-0.039889577095016	0.167887635990889
0.0573139093079759	0.255991168704991
0.0134170390130843	0.0503550978266847
0.167264659912972	1.04231844213801
0.0376656798258005	0.145189619668208
-0.00878467691871008	0.0301157160060116
-0.0343602484800347	0.119703767636322
0.0642203716594576	0.287224346653753
0.0336879786385086	0.133235436239092
-0.123349552419825	0.665697488163881
0.0554258818734969	0.249835968773282
0.0810152211012141	0.396908155669097
0.141843278372259	0.823952217533484
-0.0735482229686969	0.344783582139113
-0.0834577271188643	0.415267480769449
-0.0279940405498996	0.108742985662213
-0.0227261309540461	0.0854596194210071
0.0643475199594421	0.290405635248807
0.0489627290360369	0.212913236615787
0.0113959712410085	0.0407994960491883
-0.0653774623073583	0.301515561316603
0.0779580757592181	0.374669365067402
-0.0134066224591198	0.0512231288283333
-0.180986326570879	1.22516036124027
0.0149453164308298	0.0542401756590557
-0.0978662318391378	0.509780789985754
0.0548014368451669	0.242636498292468
0.0617620093784942	0.23277947457877
0.0677310934771104	0.178516840325982
-0.0473642662056509	0.14992127590883
0.113254954601187	0.526030695835072
-0.0318325053480757	0.121348615458848
-0.0317514065157148	0.130518174426757
-0.0634729480675821	0.288018809180779
-0.204559082157221	0.951841330687121
0.133067378918613	0.514440243075247
0.126091177347167	0.450982347915574
0.219485720547107	0.982306068508104
0.0755160121953026	0.237577032428663
-0.207495721769214	0.723840581413265
0.0116162650598198	0.0285793830344453
-0.0397949644092722	0.10950440410761
-0.0522293867002573	0.13570158087197
0.0475850948374755	0.129562283548871
-0.0674390854386063	0.170306856514589
0.0580157657017428	0.134275681082132
0.26987476074684	1.02173937885135
0.171562514055201	0.445979130199016
0.0435053108124344	0.0696772599087693
0.0602651427707741	0.126148146123511
0.125779478906781	0.2441861252464
0.174813049573292	0.330909421181922
0.0666573364957725	0.104734354631413
0.0297893914355468	0.0500247904893272
0.0473160764938808	0.0829840479462738
-0.188157614045364	0.413723537280664
0.0192649042861416	0.0366184007011643
0.334832032111784	0.904769539542201
0.108477515412916	0.16792719737107
-0.0583058440348236	0.0759418589318721
-0.160176887299951	0.30082060117665
-0.0573343631376824	0.0841900728641615
0.295117785388253	0.560068824652798
-0.304618907386997	0.879368888430903
-0.469681269292151	1.60624514071686
0.212866290083637	0.439128100688307
-0.0945883609785806	0.181136731309814
0.240309631388753	0.633485437262535
-0.0366831128310291	0.0717707269154686
0.210572346367161	0.497816607655975
0.242354988867689	0.723277377593868
-0.28728463595558	0.812282066332394
0.082894732357235	0.202365478009146
0.078433071904343	0.188046807193644
-0.023175266284058	0.0596511528517002
-0.00891419400002642	0.0238885774789151
0.00433808252402671	0.0134577920526332
0.0276795687499623	0.0916873776587176
-0.0512282192963546	0.221243377483817
-0.0626997425597633	0.279407524702947
0.0714535573882404	0.341233040802022
-0.0293892570062295	0.108965128616813
0.0472395045372392	0.184874970583945
0.0391250199401989	0.141260832649885
-0.029232569815737	0.0974322589597765
-0.0807526604069716	0.395630468287548
0.0554876278037732	0.234235707528429
-0.0763627033811159	0.32217695041548
0.0184621227812647	0.0619921462869268
0.0462802804705251	0.199774584868956
-0.0888893692767312	0.451234316458597
-0.0277524775874076	0.098715507948644
-0.128609922478923	0.736663200791584
0.0974167609679595	0.384171416024034
-0.0519956259911466	0.194088936174722
0.127354814025366	0.531364171016568
-0.21408064906451	0.868382387879112
0.137299508315189	0.381505215823114
-0.00406727674653219	0.0122561390353309
-0.0612008678819892	0.244971530467727
0.00791409879036285	0.0267854460745625
-0.00117054544548289	0.00410301791962862
-0.0374195708773023	0.1255988494897
-0.0362535659090647	0.135316481170062
-0.106946565032826	0.474935044576224
-0.0297925671355126	0.11936595930146
0.0164632734286867	0.0579667919674569
0.0397663943789547	0.15035328401887
0.0471854455386148	0.181786959169255
-0.103636889709521	0.442990435719229
-0.0646915732038745	0.220653241727176
-0.0456740877135694	0.197085500788708
0.088910630075022	0.429416748665275
-0.0408517092779015	0.159182580368521
0.0261529929498367	0.100722697603075
0.0107554387579463	0.0344361156987839
0.0247945816149073	0.0989350851578627
-0.0460703678335556	0.196296494588008
0.128246978197032	0.73303802225234
-0.0716834389277235	0.330001734078546
0.0827566320101853	0.412486213546241
-0.108634431307105	0.475456709336006
0.103405872206269	0.423757009625063
-0.12154927446368	0.680572131363357
-0.136518507044098	0.729952444123779
0.09309060630593	0.46332228803496
0.0996165489796223	0.51145649387772
0.0445812667971618	0.191780544418765
-0.161203849808343	0.931905959606255
0.169512502286172	0.687371014152309
0.0325715578138293	0.124295822627761
0.0362571930962358	0.11068368335995
-0.0159389069255328	0.0511807374199876
-0.162108858215522	0.904572535283392
0.0409781181247339	0.130120569058349
0.0673026150857545	0.231606999440113
0.128124269938374	0.48237536597455
0.148834494944094	0.623723873316006
0.106859431387118	0.408622984268791
0.161730626381149	0.797945468225156
-0.181236448964053	0.748546955906645
0.133513702800656	0.483844920628458
0.136395585430485	0.490952953272141
0.0361894615118056	0.115267221863921
0.0791372024854708	0.287762571187447
0.13895496475389	0.652471300379018
-0.0490109605362495	0.163518355477544
0.0458918724642146	0.135142711827333
-0.0914499176358961	0.282284335060856
0.294733761815609	1.5500117412446
-0.0158092395519818	0.0415677716754056
0.0657574310771714	0.170689448936327
0.0832387950129295	0.237382316621586
-0.351925721756704	1.50333699508213
0.163836756043054	0.463013659802494
-0.458252849068628	2.11880981586703
0.168039820292005	0.510400498127591
-0.0414865415198896	0.106897401935921
-0.220193847238537	0.822339546670868
-0.0294759404948339	0.0663627188761016
0.0968449336871342	0.329085748873487
-0.248340372069825	0.90970025252725
-0.245690227033947	0.959963973896802
0.126042824070844	0.354663397653116
0.137719065351017	0.422856381504379
0.289166207786597	1.08179683944734
0.0379713330197894	0.0828212909902762
-0.00718145436479657	0.0161325993023613
0.00604831572105542	0.0142436836487841
-0.0345292494163559	0.0907531340248665
-0.0236300315561697	0.0743657259846651
-0.0597072867205979	0.215778562807422
0.0596771283543966	0.272288835834667
-0.17847561146384	1.19967605376508
0.101713689009678	0.520722672089256
0.0518176565922392	0.201594256132811
-0.02067089138434	0.0714411630266204
-0.0163297149795174	0.0541123768907959
-0.0118121822768822	0.0370769520592526
0.0845082865444547	0.40910197070626
-0.0694494198899215	0.315854568463088
0.0376974227347543	0.139556451131888
0.0633075528829034	0.245586429584454
0.0524211039841757	0.233841966228182
-0.00294652991957569	0.010780213219199
0.109826156878851	0.547974196942198
-0.0537735792875398	0.23768040016632
-0.111963808515045	0.502908274163891
0.214094531024545	1.43080774314683
0.0460612046220687	0.162082063520864
-0.0405909321584037	0.121623729053021
-0.0251463852755908	0.0653042434603743
-0.00967473104216875	0.0329471149152776
-0.0231078978670138	0.080785601955871
-0.0943337276921254	0.426416369512384
0.0782020195943522	0.378534884610588
-0.0232284022973635	0.0823625742090395
0.0450747430682474	0.174338361913347
0.0283118661817255	0.097722124777754
-0.0148258688784042	0.0567070214414469
-0.115558937380579	0.570383381023579
0.113276069901509	0.546307054628611
-0.0393267551918774	0.148935986276963
0.0353710599034028	0.131741960278227
-0.186463437546305	1.02763941687729
-0.0363195569430438	0.151960514413226
0.0150601258719694	0.0560412614595479
-0.0154239634245744	0.0575214629105067
-0.0444489098085022	0.187277532632742
0.0695876820879144	0.285279564294509
0.0135948413194175	0.052062877729161
0.0129438079753732	0.0482051027774386
0.0211827777284532	0.0827402792592684
-0.0139999837143186	0.0527545962312954
-0.0523230211262217	0.231979062335989
-0.0416955652468313	0.161568768655516
0.0964004921991547	0.437222640707512
0.0277013963121501	0.111963799042348
0.0921747819072956	0.453033314340979
-0.0563399686678357	0.250844685981116
0.0723253481423534	0.340326171644917
0.0391381525737496	0.165127461333948
-0.121614322652098	0.634808013376642
0.0763794764986102	0.261870413818909
0.10249368255829	0.496792331420847
0.150236407957122	0.66104907396621
-0.0243838091909448	0.0861963302807121
-0.105825053540516	0.504293182184402
-0.135768278843977	0.607384705288947
-0.0321172779758051	0.100250074491381
0.0312318312706471	0.0932133284088061
0.0911187812355241	0.324277568348997
0.0101856772865212	0.0311090781005186
-0.106645379668182	0.440373636515987
0.00395238785998214	0.0108964880481735
-0.158270245442675	0.606679096229457
0.0718739026502063	0.222255235274154
-0.0980047803387154	0.365564730070252
-0.0946363687583491	0.352425029051826
0.181551369803017	0.905908816129015
-0.183683806774243	0.87730759271217
0.057272305887696	0.181296241051083
0.147130037378443	0.567412611545489
-0.102575799188184	0.346150676504117
-0.063195864661911	0.176957952531967
-0.0672946822721209	0.183910459209759
-0.355939804874275	1.72778995518278
0.076187452266621	0.192769757055358
-0.10835883215856	0.313365725096233
-0.223066963354007	0.837757179092269
0.249806931127417	1.06968095640334
0.151313185465684	0.509459721605038
-0.115482080552823	0.357185354145137
-0.073493053815037	0.196321501197703
-0.175811723515159	0.712064465783442
0.0585854179880505	0.160655842156748
-0.0337398040013742	0.0834188195850146
-0.0814704083309842	0.22399923889794
0.108618507734999	0.33046479059261
0.0511969014742225	0.119325075051768
-0.0580054720380794	0.134101681794245
-0.20930145432581	0.733599117543417
0.193977544362762	0.692072328026626
0.238238367786911	0.837745418218451
0.100012835205652	0.317428848051421
0.173567817627272	0.557243712454213
0.204210698246274	0.799721250874136
-0.0120087638490103	0.0299237404716063
-0.0465441435704463	0.145051782443166
-0.0463693430981157	0.163992519727547
-0.00529782777093707	0.0169053300542688
0.0534778563125884	0.20272197276038
-0.114900110685017	0.510984556301834
0.0078785457073942	0.0261047950948306
-0.0344858673007367	0.137936499962255
-0.0307826939336578	0.118559898609471
-0.0738269947687328	0.320704852746626
0.00024603709299946	0.000855760897314144
0.00050581958769572	0.0017221919328848
-0.11077508577675	0.578013462250144
-0.1624578958025	0.990192228055817
0.00563520316052406	0.020740358196799
-0.0316715729718651	0.130230176699439
-0.0158368836994427	0.0606227236602553
-0.147564789212314	0.904271014601674
0.0763569911277255	0.368200287124645
0.164628613001449	1.0529659282383
-0.0475549338154159	0.205312225513416
0.0437211006200958	0.181340056724811
-0.00332073851173843	0.0121821382939784
-0.0602365747901012	0.269989608585864
0.0585989618396082	0.263395774602053
-0.0643930614122219	0.293805616014231
-0.176428935174686	1.16196922441986
0.0749626342508631	0.349869867141229
0.0182375233470773	0.0704326625256981
0.000425976784523634	0.00152264251072266
-0.154976992413754	0.935902480254375
0.0674039730809802	0.301024812277633
0.0123528341841767	0.0461033726542781
0.0284874781670315	0.115155868214566
-0.0270007031119286	0.108873434490063
-0.153976276126061	0.963298616935607
-0.0863566629208544	0.434589916650141
-0.0533134689830164	0.236997254237585
-0.0541200852267026	0.240988908518222
-0.0315577640806512	0.129592018751694
0.0835666420420527	0.414579425157613
0.119489140398985	0.674292792020094
-0.0413611546416025	0.157017531407464
-0.148145283136832	0.488656514030127
0.056055493177868	0.213412075402516
0.000870314233252205	0.00311567667416795
-0.0662397103345084	0.309557841042944
-0.0635363701769838	0.291824456306708
-0.0471689998896932	0.205836470152256
-0.0578790851535059	0.219908482499629
0.0846314696538352	0.326323943185472
-0.136608349598169	0.48084473812943
-0.0633842175915483	0.230966699960201
0.149854854039301	0.718288495550518
0.0240094389864455	0.0632653006196634
-0.0624862779179669	0.223375376820445
0.0770551025676856	0.287516154884724
-0.115430015103257	0.438308892608962
0.0588910886876351	0.191695181269058
0.0457579610274722	0.128568128543135
0.18403411190374	0.668819532142823
0.215088307331014	0.981830757254101
0.0336596003924103	0.0740860892056361
-0.20811240827882	0.487624500944906
-0.000067848109110231	0.000153213101073017
-0.392808051342545	1.52743190471136
-0.128111278767477	0.243700007925014
-0.144479590421306	0.285931370694222
-0.390494106744919	1.19592886660179
0.319439365261462	1.00248996896426
0.197269396479375	0.547638913558992
-0.0259128963383156	0.0657060761227962
-0.0315860877911118	0.069039056178915
0.0944370157821445	0.143829204348701
-0.169417348556107	0.270801235929113
0.115837738651426	0.219619752128336
-0.361683370084266	0.95170174978255
0.24969268068788	0.563216397343975
-0.00102045076757842	0.00236728020455347
-0.0137320572929321	0.0287291567109988
-0.0417964390923922	0.086855328608872
-0.0343482750535137	0.0690789931050159
-0.463963451700951	1.88493502669076
0.0332312984873693	0.0745799677984979
-0.0808498512777914	0.179232601796599
0.0692474714131853	0.171924800059499
0.103935253286079	0.298119263643253
-0.0691276042171438	0.215959786340417
0.0408855356544316	0.119110155186473
-0.033717079507425	0.0625528878174391
0.14643550224093	0.327889382362481
0.275434332157127	0.664617156977484
0.397626954025785	0.913572536377423
0.366978435952958	1.14575073704757
0.159690314840331	0.251086786707998
-0.0242757536634997	0.0619995729111549
-0.0215797115699382	0.06506174461999
-0.0153181658353233	0.0482756152312378
-0.0628131286808119	0.236662046517631
-0.0140875602330493	0.0451043685981874
-0.0207301282916159	0.0710774539886571
0.0382471441834482	0.145133013103592
0.00503862875034828	0.0161157456548594
0.0164182189884944	0.0592169536008214
-0.0161390860601714	0.0613954185071773
-0.128461119963667	0.651960948786898
0.0455229524921022	0.174047396403345
-0.0217734065146849	0.0842179215854139
0.0624477682141292	0.279595870682824
0.0958757521115844	0.500369653540384
0.0868075043135915	0.419253845169308
0.0106640912242605	0.0402479514300799
0.0655889854661825	0.306762750889858
0.149799315839983	0.90026093725706
-0.0211858450821432	0.0814612063151975
-0.053114042199086	0.216265539263718
-0.00852639957942772	0.0319052273265774
-0.0303131170662942	0.114556351758207
-0.0221528587156035	0.0824425948821036
0.0286974404981182	0.116299704539077
0.0363363362067577	0.152254719106098
-0.0290538224906202	0.111153671309443
0.00744201301314645	0.0261514624200951
-0.126873256896858	0.728657222050613
-0.0424667751500896	0.17533409448968
0.139954504003597	0.797690086385194
0.0342536971186842	0.134477970299382
-0.00353386837773348	0.0129345695548935
0.0394021029671046	0.164568782902428
-0.121224287578579	0.682979324293035
-0.0163533354737664	0.0631873817963482
-0.112240692484274	0.615991862573957
0.012984739780862	0.049500176357753
-0.06193496798627	0.281627451368483
0.0563665185682157	0.255073927965384
-0.00462636253643955	0.0170488243412435
-0.0713568830786653	0.323265027331873
0.0251603286286641	0.0844901477692755
0.0667764844800197	0.280057967544461
0.19027007305636	1.22761856932328
-0.00419843562587357	0.0153589913318757
0.0791915694629416	0.387170002170559
-0.0852889549337309	0.426920509259608
-0.0656700795338949	0.281110196013877
-0.148555694777048	0.772382389905283
-0.208196251446568	1.20820049600387
-0.122196986968254	0.535300121721487
0.118740575542654	0.485450700295055
-0.177490673671475	0.831481008560328
-0.0197816418211988	0.0605293544662181
-0.0349922433255305	0.113199600262821
-0.161003636980933	0.713110949110705
0.0421796680695362	0.124469082651372
-0.0238013594473314	0.0613062416260753
0.0150252550581373	0.0367282522229043
0.0277589601381165	0.070718705773906
0.0237966382089369	0.0499822083236357
0.0422161310748219	0.0864775582536671
-0.229584765723323	0.818479497857462
0.143212363062726	0.378602962528553
0.183794897457968	0.402523519024447
-0.0765926010499823	0.151271189747007
0.00727365022374878	0.0135183248930042
-0.0662361763131593	0.149274715070209
-0.263458736670754	0.95587988375261
-0.146421292212483	0.268477055616788
0.176904646483569	0.335859437179185
-0.12277748127339	0.278075059246987
-0.0600839582601369	0.106750178937789
0.00816517305864496	0.0136145052464122
0.0196411193129118	0.040377028079783
0.244357139890336	0.744856254968272
-0.00637929227765905	0.0117839375801522
0.0457792989498501	0.0968197668859542
0.172120313852627	0.432538371285614
0.142114092905666	0.394573976843097
0.0953504469632329	0.230429433108467
-0.218490191343527	0.726188625077143
-0.00315890974960205	0.0065800593478458
0.0472737328313348	0.125395206223952
0.207072412898922	0.854211019674767
0.278273683818357	0.746858683989144
0.123827468886327	0.247570591681054
0.246442650654487	0.445623822345848
0.236357835630055	0.63832409446764
-0.02537338375055	0.0626687781929079
-0.0315785996545408	0.095526612417258
0.00798753846900823	0.0244627219985057
0.0388930980083727	0.140028435148198
-0.0678680857554445	0.289218164215802
-0.149581363117751	0.919068510921716
0.0304158662497925	0.124507757042738
-0.0449673347192038	0.179651885130366
0.00971281468359276	0.0350015192192919
0.181159194290841	1.23200088412102
0.0376609698983565	0.158052238485486
0.0105471112923775	0.0391260154578655
0.104965271429755	0.562795348940415
-0.106852245564775	0.57614005789702
-0.0579022934606755	0.262367134250776
-0.0561922703490032	0.25127879180604
-0.0186814305380668	0.0729209436378846
-0.132405639156222	0.775114677226584
-0.0486854673756057	0.213661169256245
0.0830784184317862	0.414675884064768
-0.023557462171062	0.0932863765248111
0.0819744168085444	0.403162107660578
-0.119469588960437	0.656952334882439
0.139540996313553	0.827684126245332
0.039294732811608	0.164901117107049
0.00513252954817403	0.0188363023811944
-0.0241745889192718	0.0849577744165713
0.0125336455810859	0.0477880179295271
-0.110021365624201	0.592671652475319
0.170840476242633	1.08797248921841
-0.112543561044484	0.580987116807929
-0.000903092363242299	0.00326614886977096
-0.0339021281234485	0.140552971132397
0.00156528092292097	0.00567394141937211
0.00928142185405976	0.0346754649647378
-0.155673071074978	0.978162801666153
0.046404951451055	0.202048597913153
-0.0799826051722462	0.392888211150179
-0.199300753310461	1.39609621858876
-0.116020530677874	0.516460311419348
-0.0494708197165118	0.133449407765519
0.0106033329648899	0.0170346623643178
0.0934839251765955	0.311856004347961
0.0354825862841283	0.143715255207038
0.0465352997059515	0.201084264088236
0.110863302354832	0.592267392835852
0.0551652970759993	0.244518912113756
-0.0959483060767168	0.377652256212479
-0.00271249131176778	0.00728398096938014
0.0324244346117361	0.0641971982059712
0.0625309188977691	0.197636806293709
0.0103467151868914	0.0333191449851036
0.187089461377745	0.629054977052667
0.18823953143495	0.947589237532467
-0.120142262739951	0.39501073451486
0.133158407730205	0.453241096739695
-0.260756976275757	1.16855013353064
0.0510531317841699	0.124516962074506
-0.398031475419155	1.83735940635241
-0.257299482191292	0.97075837489702
-0.183159570852846	0.406973691724795
-0.34794172932329	0.587177053982874
0.153772853957412	0.386922285963315
-0.0975817627016059	0.167764815379428
-0.015600619983059	0.0207636665199734
0.147087606191058	0.174718818207091
-0.553716477458005	1.58927681378031
0.034003706232165	0.0469759229625952
0.0168782889585081	0.0240939713190535
0.115083776199059	0.333695258529822
-0.343363092334131	1.21664816436045
-0.188139710803737	0.481116773099468
-0.00336336435461487	0.00598608054171085
-0.0789325002598895	0.166347503412412
-0.145049834722856	0.437655061830697
-0.21930602205815	0.529881267440937
-0.0184015364375857	0.0427622998270632
0.148159480396348	0.454182342535303
0.0204289959841816	0.0584253985342841
0.267405009135748	1.31663796444875
0.199836734223714	0.420723419118034
0.15617812269338	0.401220375390044
-0.0179500881825294	0.0273906003179568
0.754572706145962	1.2997625398528
0.495947498847761	0.678578424918192
0.18759160008961	0.17502413802276
0.386655968323265	0.43206161312589
0.00988685853209269	0.0154032392988547
-0.0120279582830508	0.0291792471028617
-0.0396709030878669	0.118417951488868
0.00861250534107683	0.0263845476648878
-0.0699876509552624	0.286812825446342
0.0687918745368298	0.324504023659333
0.11056392576726	0.606007330302863
0.0365993581911877	0.138209123781369
0.00989837188414961	0.0344312491012132
-0.0167860941669017	0.0642257575436104
-0.200370395813524	1.42847135995281
-0.00698958816153224	0.0252078926160035
0.0204501544221245	0.0795769418369091
-0.0130051526635918	0.0492460372488977
-0.0246935088711088	0.0981123709197048
-0.0132165822295158	0.0495819378563683
-0.100502193724633	0.528721564359315
-0.0696714250667887	0.329151084361642
-0.0610501557345053	0.275431682085185
-0.0887031796021629	0.444363288499532
-0.00455669143042357	0.0165553940939193
0.019257644281803	0.0752527313348303
-0.137341294198653	0.811196887527823
-0.092653402565325	0.468273257325996
0.0136475595855639	0.0508413525732735
-0.0996810679855872	0.521723735104784
0.213701300760661	1.34624652203384
-0.033839414206697	0.139791538385308
0.046544913664565	0.201835438533529
0.211703144271464	1.54855484099603
-0.0514829518895951	0.224463286926279
0.0555833272006933	0.247950859410363
-0.0858285681782763	0.427218963462095
-0.0361419190686007	0.151009311140789
-0.0272365898357884	0.109752224338919
-0.0310133626965424	0.126968939116448
-0.0517898292535739	0.229105604067256
0.0165228874459523	0.0640325002382995
-0.0743902655363903	0.349247967928761
-0.163675434841759	0.750202130825194
-0.11212016325805	0.292701655904041
-0.11127373354324	0.20538945839058
0.00764939824569536	0.0178005477885568
0.071496190831892	0.316445335262556
-0.0617528694066441	0.281472927969253
0.0815674261407542	0.401330105563659
0.0670197412776094	0.312337045839029
-0.190871433719229	0.790134559673605
-0.0535861132082141	0.151513397907955
-0.143820678709075	0.320235123303392
0.172524183968899	0.681813309320894
0.0778158538632804	0.274783497302712
0.0308176403662638	0.0702171068249426
-0.000836901612111961	0.00209868793539582
-0.13186966731044	0.44837535824222
-0.277482777897341	1.0713695702366
-0.212251883595342	0.733025833301284
-0.0384477810130816	0.077625557343795
0.174927064165551	0.4714071935688
-0.174813611923742	0.496770512280021
0.218530244701615	0.440531690831601
-0.208631569678161	0.233795808836843
-0.0536236457990812	0.0860581695991241
-0.544520961774545	1.2673448763247
-0.0229010237529496	0.0298292784387693
-0.114725022054903	0.123250050478857
0.0228270062075078	0.0272903632931703
-0.00484204823225778	0.00606427000402531
-0.139887348465709	0.330254389313648
-0.634933131912091	0.986016801366458
-0.228470854459066	0.387909803765564
-0.195645875498032	0.289052522464418
0.625673499029127	1.50123155614502
0.226864578036738	0.653857298390829
0.0898263648798344	0.180577285773319
0.101868728066978	0.194155031813176
-0.335350198130361	0.796060180159091
-0.40940689566846	0.952158160706423
-0.10929750344928	0.250136697638241
-0.422690545588191	1.06388251576427
0.072852285933706	0.165350559221592
-0.0268013997091925	0.0543334351517768
0.0155988836563258	0.0385381339029528
0.202981807213147	0.778986098026249
0.227123163779021	0.411627818985266
0.0930046248414244	0.130880938534123
0.51642476595045	0.636926838681534
-0.422535775218243	0.491761520480164
0.387280963403285	0.432898883486715
-0.193240039137448	0.156399574676667
0.00327473622580269	0.00308613712212015
0.0794691983606172	0.125850788510721
-0.0357675075056305	0.0923221501752972
-0.0557556170531782	0.182569299211043
-0.01209153770254	0.0381131018789396
0.0113317712665494	0.0414445625813504
-0.0377666169274589	0.151279169415762
-0.0216702509789692	0.0749758346401014
-0.0301372532213382	0.109458978345806
-0.0133504427965142	0.0480583350142
0.0121742957407376	0.0444958579378395
-0.105905854545422	0.518604673771936
-0.0600677956693667	0.263305690347013
0.0455099587525359	0.192915396711915
0.0580510436123763	0.25638480697824
-0.0314101917008439	0.125896481942036
-0.145516902740837	0.882359524576753
0.0290932821247556	0.1182181426241
0.0210851222222691	0.0822138882406253
-0.0203388754646645	0.0797822399123614
-0.096275414709255	0.486429555437943
-0.00827321155847767	0.0308384438459867
-0.0112138034075173	0.0423799948121743
-0.106974803051008	0.553009680939704
-0.0704977459637381	0.324133238952684
0.0212922951366426	0.084024230431055
0.0200252675927796	0.0781606760031308
0.017477711539399	0.066374128385732
0.0347863797622692	0.143514171875488
0.0125559944928491	0.0474933566527537
0.0510561426412024	0.22634193376604
-0.111542146728339	0.596964336070966
-0.0133548671733207	0.050857457071828
0.0613431654995333	0.282913652301593
0.0199348342273451	0.0781712913509318
0.109415475116477	0.589883078604528
-0.0748665702972361	0.35584727545135
0.140861587188066	0.850370471794104
-0.18477214490202	1.26297966460535
-0.0803806514302321	0.336000495580519
-0.0720667517793918	0.213083500347566
-0.283296157390167	0.802209429784664
-0.0349371161498713	0.09252500252046
0.181861740326259	1.1561937706444
0.0149227218947786	0.0574244022079947
0.0308123369039337	0.126282554229792
0.0882134492486081	0.443379529333784
-0.0439012164531257	0.132748928232084
-0.0530826801852446	0.148329774550365
0.0213138021011795	0.047553826766751
0.00967712028991837	0.0242438417253337
-0.0705009101649507	0.226805597697244
0.237055012711583	0.820210450485314
0.0613050259310159	0.193314527805396
0.0910452358042276	0.281492746118667
-0.0392974309812876	0.0922192552045461
0.00202634589913358	0.0044392624106728
0.219257792147914	0.594190779469644
0.206208214119057	0.55196065214477
0.0447512267130351	0.0962924773381674
0.100967151773908	0.178484022926652
-0.504629411023071	1.11850610600309
-0.0258797520927006	0.0451581005770132
-0.0930822004645696	0.152656378055046
0.198298710167903	0.28505529758969
-0.227410957227902	0.279558068227982
-0.501977530481371	1.08745274592692
0.00484008514234303	0.00593173573739814
0.0307441581380367	0.0447483357475839
-0.113975757308887	0.241139757282717
0.0508117042165723	0.0760185484735288
-0.0786148659568811	0.109511046338599
-0.240135033453614	0.420459008586471
0.426557152250619	0.803553721657328
0.149278948291804	0.357178002344356
-0.0130369577720532	0.021822009891113
0.480689591728766	1.28419927995778
-0.0513588858586877	0.0910297981140281
-0.432849498584162	1.11888109754006
0.238791555495158	0.664726970464008
-0.150567043232834	0.295238129846721
-0.339991950685922	1.10876390803573
0.165332761908086	0.40829844753577
-0.0617234607421481	0.162018031667169
0.115443916979217	0.330757567138942
0.366936834183686	0.697248394660569
0.442763607519847	0.557546293205656
0.0226359018929595	0.0207303841554242
-0.505458736405264	0.785483872738513
0.0969971684160392	0.0900535951489554
0.17746154745144	0.188059434320244
-0.567671704326786	1.49421488498029
0.26853705523495	0.8371214410307
0.192305254205572	1.1212301838461
-0.0107865171470183	0.0262018455909454
-0.0266434311283205	0.0815193573417741
-0.0511823692392708	0.191605869727321
0.011792314344168	0.0383459109987137
-0.00996627301832045	0.0319327880167957
-0.142532456346993	0.716802322716849
-0.0772802722083771	0.324898010845414
-0.149944211457146	0.794412466131194
0.0154931871061014	0.0542602083736744
0.0184852104175849	0.0686312419974615
0.0732443498696192	0.342433611407088
0.0492747321216562	0.206557721849257
-0.016580752610636	0.0635721183292906
0.116982562606303	0.650936164214966
-0.0254319913062981	0.102025808198096
0.0666426868019268	0.312481158113008
0.0788707431007294	0.386187566415507
0.120700065221478	0.663019624521765
0.0260165614112868	0.0981626507174175
-0.0732132638638997	0.330150379887651
0.105371705419303	0.543754407316161
-0.0415639694879121	0.170567204391774
-0.0955354905813011	0.475022514337559
-0.0432394288089756	0.180633189241545
0.0767070571891031	0.353683930754539
-0.0484635886832099	0.200166912913326
0.0750959898273497	0.333122216838791
-0.0879503304297613	0.415242487363828
0.02497400662435	0.0981564275342811
0.0173535096020381	0.0672974546130766
-0.0358986293758008	0.149372481378103
0.0291055136558758	0.11846024974599
0.068416312723044	0.31621290756407
-0.103077319643854	0.537516707522142
-0.10443737240894	0.558770418683545
0.00320476754045954	0.011732591269713
-0.0055102441125885	0.0194735042028283
-0.0476857876012217	0.153601786722009
0.238530061041937	0.90235864004391
0.206865631331639	0.980666511916634
0.0525964611923252	0.221187062144579
-0.0538509493337491	0.240677159668785
-0.0446963314282438	0.192663622768914
0.0119576539790939	0.0451612201525412
-0.0574006339347016	0.20173515408148
-0.188831563185594	0.808862692888575
0.0374753516519792	0.100124612145889
0.0218417465373023	0.0614820881362784
0.15157197880177	0.560566045706913
0.0815582445941456	0.212073255005013
0.06794426841761	0.219665277390555
-0.110387253690222	0.38627966527965
0.0877559866608553	0.25316385192496
-0.0639961088860291	0.176965763627459
-0.194388225424995	0.609816246090906
-0.0235423264265255	0.0494300300315603
-0.109794504236808	0.287791654632089
-0.232555532557111	0.628105438028174
-0.157794163110972	0.295252230955039
-0.196488443265889	0.545127243695571
0.519432554272122	1.69175169854398
-0.0821023307832952	0.128200022622739
-0.126462026887227	0.239913002034908
0.208900341471501	0.375413390238378
-0.161649351142682	0.38717963970298
0.00180465453867848	0.00299409320947883
0.0727546079829268	0.129634401387448
0.0198603125246438	0.0321393331791165
0.00431790764743419	0.00710874592510956
-0.135082836921037	0.334458015202595
-0.109592406993132	0.224568946974629
-0.14302074603636	0.339566025933006
-0.259987223291239	0.833118953775345
0.0769102787561907	0.203571569089371
0.0653389853322525	0.167497627099706
0.0996910751695759	0.162136425698592
0.242971310584846	0.385544212234632
-0.321797141060242	0.49489321149103
0.0865099530673951	0.106572009782745
-0.156023152552625	0.183666414424311
0.161079669633598	0.220128423399006
0.175870523163203	0.349616084822007
0.222840196151832	0.712323797023814
-0.0286929042243284	0.0745874355719969
-0.0188010322505442	0.0594340416507506
-0.021758829602164	0.0697964034831342
-0.00446788236536037	0.0136782248172504
0.00234835069677392	0.00787341520651459
-0.0245390411615329	0.0879830268998541
0.157949878135443	0.88677009554573
0.0468436982702593	0.19108625368771
-0.0308221831684023	0.12383046848688
0.0302457831825849	0.123668181575892
-0.119248673488948	0.660433444559307
-0.0461449575955414	0.200560015967814
-0.07000457919858	0.330935970267812
-0.142802959969498	0.822298819133059
0.0334266351415291	0.133159978806715
0.0869941912153033	0.410426574457548
-0.262787879114667	2.19545795931995
0.0607159502241121	0.267707206567117
0.0580784265678677	0.253651970051272
0.00768144038149092	0.0286087933850961
-0.0116534698523099	0.0441990498236025
-0.0122067595553935	0.044528257376343
0.0665367898333159	0.299775834685348
-0.00441068607891382	0.0159491322702667
-0.0251168303347679	0.097147288828565
0.05873788020896	0.256471187283013
0.0961947156639963	0.48487545607814
-0.0598874411500864	0.27388833958625
-0.115594246768635	0.633173552670543
0.0321288959275947	0.132393639118286
0.0423088031251561	0.179950866669472
0.104970267513166	0.559399082511184
-0.0299604781185208	0.122169974075231
-0.0765368812325959	0.362078703217193
0.0622674748569101	0.286399957591823
0.0763301624706067	0.361180333816103
0.052111831485226	0.209491326995365
0.0981552233152761	0.34238052563399
-0.0326084560127679	0.117833279515682
-0.0339675773307426	0.136076855855935
0.033177677909135	0.134593748991181
0.0951707349813695	0.489946279771442
0.059802420425467	0.269810432942997
0.145129481081244	0.796004258859743
0.0302740440966064	0.104857503172285
0.145257591976852	0.608044491712676
-0.0686923181411431	0.259782018122443
0.242465024121141	1.45406229081815
-0.0369570819185378	0.101417719154423
-0.139709439802907	0.627040901566984
-0.161186756733081	0.686483109792173
-0.0890001842195074	0.318161230588845
-0.0986608310478146	0.348060117070411
0.0121214023060763	0.0305571887644652
0.206834807822252	0.827177813230175
-0.0214887698092185	0.058688538869478
-0.245714081266509	0.914233456962235
-0.0808520861607928	0.164661891385653
0.141194809575686	0.464684379875197
-0.0521536257084464	0.116705078877846
-0.180292203972454	0.42338685841799
-0.231793045249303	0.664923204723419
-0.291066373260134	0.9019421395369
-0.102213299455955	0.256658610472962
-0.209290426503713	0.473025051187117
-0.0784004591203113	0.139752717414375
-0.303120042357256	0.796880531576104
-0.489890199107862	2.74047697913481
-0.280774558214173	0.968560683176555
-0.121955166532086	0.297590272972038
-0.0927639275254643	0.248255630484561
-0.19255316487486	0.497149003866103
-0.147192734451431	0.428450470886794
0.010990094559393	0.0241470329955623
-0.00472235552327275	0.0109463418537423
0.08993043375712	0.273576742212777
0.071857188325847	0.142269159548333
0.276403043078645	0.533601561569897
0.114089508924901	0.179727655977346
0.279406302964391	0.553403737452688
-0.117687770807067	0.184765806647417
-0.0336504851336298	0.065125810138026
0.0908821612985719	0.250755727679494
0.0379618547603523	0.129779975947273
0.0943269777582821	0.366539091228099
0.179681376094193	0.795139660391427
0.0285291404078883	0.0768678073464453
-0.0036052010962001	0.00844924323914674
-0.00635091980988997	0.0163425637072188
-0.00921247602338615	0.0257492448730841
0.0128532176950862	0.0399287283497
0.114711216647218	0.617682794474394
-0.104776110412497	0.488332614471175
0.00087525241516243	0.00282689822198579
-0.0810937581504477	0.399953564997764
-0.0351619121758164	0.146392562082146
-0.121841987317898	0.641129531646767
0.0753336384214916	0.365622126732353
0.000897594143882443	0.00294366086184436
-0.16937021181632	0.990193312293066
-0.00818704101675083	0.025508870008328
0.0173011398536674	0.0523849376691355
0.186358266634496	0.772584147763504
0.0832718593836392	0.355856265619113
0.0635874054847445	0.273282115101759
-0.11526592140107	0.596937763584652
-0.148798993161164	0.878771971378219
-0.0447794417757518	0.166604770576207
0.0945913538237633	0.461475268802681
-0.152018406931199	0.844494642145527
-0.0648951463662184	0.296085598959503
0.101596610625753	0.526705599536755
-0.0405507796365084	0.167260310346112
-0.02252958406381	0.0856952579684829
-0.197524259234736	1.15802194437995
0.0475560346000931	0.163590686327843
-0.153201826848423	0.932630882843963
0.087344225000757	0.411097496718013
-0.247500489366045	1.65834681837651
-0.0611377494927576	0.265346184808508
-0.0796073367804575	0.300651635949179
0.168890564921372	1.0740749208382
-0.129426221360547	0.745537348623252
-0.0382750405144178	0.160243061308583
-0.0300797206581108	0.117940105014742
0.00880208504591491	0.0309208732851128
0.01940056742282	0.0652706089140987
0.104836491310757	0.463653875130253
0.0109355945545598	0.0402557564243436
-0.0170034782567446	0.0613067808691222
0.0650581360740814	0.279216875314441
-0.0763925724945515	0.337034146376131
-0.0169311419777232	0.0613227490608464
0.0692070900113457	0.276388662902426
0.0209568017555393	0.0604333254701819
-0.189412943189859	0.94734336395802
-0.257030743626288	1.43760714445428
-0.0277041808123493	0.0876132434046534
0.0165907004675041	0.0509053324504597
-0.116023520420146	0.436578727957558
0.0848471199269064	0.280144508047452
0.163970927435558	0.593104290781751
0.206418559095229	0.892484119011469
0.0855744707753222	0.253779009111925
-0.0344312401138283	0.0853686541972326
0.0497743788443212	0.139100037402312
0.0946183242176692	0.268032841642612
-0.247514015826395	0.889861897165778
-0.251323772112794	0.841150518546049
-0.0683999204948523	0.140950851937502
0.0261932546119989	0.0574707606089465
-0.278132346769378	0.909567862634878
-0.356900429093343	1.23058792219236
0.224661819947157	0.754388451033949
0.0511073940523508	0.118631180035701
-0.237868249912688	0.770376340240374
0.211513595831587	0.678252036730513
0.0951888588969358	0.264817248504444
0.0117064104385826	0.0208876406119402
0.0461231590305397	0.0930662409813152
0.0147359933472589	0.026589630741293
0.18421041380968	0.455936054735845
0.0114365701664454	0.0216358393148806
0.0549865855540608	0.116504913396333
0.0578193649281851	0.108918920627254
-0.130639368079263	0.263559632948751
0.0793691076500732	0.147422727502233
-0.08808046697356	0.209826235202349
0.0600913993775941	0.121736579499561
0.195820006133891	0.676991305600356
-0.083098325392863	0.276735100939705
0.141136472133492	0.515995531400507
0.198659825837517	0.860010145580012
0.0202696096448732	0.0518876273805806
0.140514862195137	0.510725590950766
0.374579771102618	1.86873040814754
-0.00918686135927864	0.0219916629115226
-0.0315090799777593	0.0974413133386522
-0.0908146851575879	0.421207870702417
-0.0260593294743115	0.087917064829698
0.0282802557768658	0.0949410468726951
0.0141868622549908	0.0534947529023814
-0.0659970475412299	0.298018048437864
0.0435924683186064	0.186370133700012
0.0673482131975466	0.303685468630758
0.263592013554456	2.03673963459994
0.0291258163894696	0.116618577971921
0.0416435008268303	0.160368362364355
-0.0745012210592475	0.285642927293305
0.00581652600388739	0.0163578311430678
-0.0283389200975481	0.107892730972149
-0.0941123246182877	0.411653168977428
-0.110665050247342	0.519174779445811
0.08869494254638	0.450443929138819
-0.00779664262101974	0.0277704650038504
0.0140406839113639	0.047550862673591
0.046979853056421	0.173386029363076
0.0441662443067353	0.190607471703965
0.0881867784210251	0.413959012257234
-0.059703975901755	0.251127909381188
-0.069177060115402	0.293771057463633
-0.0531048576665713	0.218722181493859
0.157957073753018	0.886121881104457
-0.0337763280920106	0.139655357692542
0.159230574346096	0.987019862508629
0.0725798876843427	0.331853943643004
-0.158951370223623	0.991240973331915
0.102726363803418	0.474776348485219
0.0169081346805694	0.0655403486687582
0.0755028787470308	0.352306525840803
0.0863803477443308	0.426382332897398
-0.10293714267472	0.538769872901305
0.16862674008809	1.10899321674672
0.11205518351005	0.539126184359688
0.0746372803577284	0.333565471485621
-0.06534474351087	0.304993637496298
0.0118439259202357	0.0436372210952142
0.0516387138494999	0.229242098802342
-0.102307644659855	0.542857452254433
-0.0825839549351864	0.408175384926543
-0.0612653346927988	0.257292611301484
0.120586315116775	0.535692034668418
0.107370333021742	0.563638124944919
-0.0589611076529202	0.227647779622435
0.0750535351903829	0.320458343420738
0.113882331844148	0.570179577216691
-0.121861076978422	0.566766194298658
0.0849861914633068	0.30079750262207
0.0232780647732542	0.0687976092821107
-0.0118596170123619	0.0340866706063269
-0.0103840587927011	0.0299945695192943
-0.189188812788964	0.858322777464954
-0.138137321916467	0.51522378736628
-0.0678364611615787	0.219365698982932
-0.150615229749842	0.545699598986179
-0.0357537642307731	0.103753490722259
-0.349668775164539	1.89992578143025
-0.155072130404239	0.517711408098221
-0.0490121050376013	0.112868788413195
0.0445657786530373	0.11941550462433
0.144817144652475	0.494507242408747
0.0569956505350709	0.155029075768991
0.0747493765088718	0.200705228956101
-0.00239182716672992	0.00486603776717884
0.0441927053984353	0.0935935863797587
0.394178908091136	1.70401458149663
-0.0275756363923556	0.0586256125691989
0.246990207196648	0.801294006906739
0.0931332622137689	0.213892983683482
0.0446415961287381	0.100000470721165
0.0670369971988602	0.156497461980828
-0.12994336665744	0.350910109589252
-0.047266533224684	0.114524361826148
-0.214710775461803	0.638309397579654
0.0480073449973198	0.127144296991976
-0.25335783305704	1.3432288875892
0.0773840098150508	0.265882839854283
0.0428791901598381	0.149076168493816
-0.0566323699437009	0.166860605604838
-0.264894542640769	1.31900472649033
0.285046643027939	1.94214568771069
-0.0227287641075581	0.0571969772460828
-0.026753074859872	0.080949596751147
0.00521532998247344	0.0162670586472158
-0.0275924933374042	0.0993943114389162
0.0912898753616314	0.405648275431418
-0.0660765633847743	0.284054435698996
0.0467963846142197	0.194426592401791
-0.0311591356914727	0.121435557328864
-0.117468134352179	0.622764681352858
-0.0802481708515149	0.389026986934872
-0.0456745635082263	0.197282117942939
-0.0528977183465828	0.231369912693465
0.0154485146307634	0.059111710485484
0.0192712897567719	0.0721277479603287
-0.0409475899199085	0.166956518417592
0.150657215437257	0.894671545196744
0.0896047717661432	0.43456018065352
-0.0605934687891213	0.261548725251956
-0.0309868774685127	0.121936926395722
-0.0121892734976172	0.0460818672641024
-0.109382208422208	0.572801995188077
-0.11893596023449	0.647236480945247
-0.0462483168373689	0.197837460656588
0.0385424194054902	0.161756515475246
0.101139470844312	0.525241671601111
0.0361724054721161	0.151127208672855
-0.148538407243169	0.913209869505562
0.03132635278646	0.128641713875716
0.041552269398637	0.176997692209715
-0.0202335204998958	0.0792511214495526
0.040208136167375	0.171122194560281
-0.118126106603817	0.660741774529963
0.0584911245664377	0.258617458141618
-0.0767505045705113	0.303696796787547
0.189984996384066	0.610781916188413
0.100316625549537	0.395335459286472
-0.114468771104267	0.613898524512964
-0.00228058215859971	0.00831109331276138
0.00670640962069831	0.0249649043626564
-0.105224222414503	0.564634288992958
0.00553400665809597	0.0181500378667878
-0.139226284701368	0.621226531888841
-0.178261234684442	0.667793341563012
-0.0278358168575372	0.0881840694087993
-0.198945331486384	1.06637350009914
-0.0227307295395799	0.056930062247216
0.106500768762965	0.452971609280171
-0.0319700681173962	0.0951195030865707
-0.020361338074699	0.0538483593957641
-0.155709390906509	0.658622214194911
0.24787996761484	1.0591962493661
-0.116668073938385	0.355019625184586
-0.193051967761753	0.781656202299688
0.00582491171204277	0.0119380145913328
-0.287510712999104	0.594816694775562
-0.0264283544111191	0.0531743155132131
-0.0505200632403313	0.0680652517364079
-0.185286793101902	0.382438078927062
0.0311420325967154	0.0734932959397077
-0.156784517503638	0.352082857951077
-0.0362525662196741	0.0840575200785389
0.113770245025286	0.308628688535208
0.281892982059657	1.34210994982686
0.0884271266732585	0.274321269080058
0.256586299477522	0.643692595113018
0.20792351210585	0.482098102810068
0.134891249750921	0.229262562055125
-0.219140576911222	0.504376062990932
0.156248637156176	0.42255589501842
0.230160989633856	0.46074720751193
0.145915659919378	0.17314141290072
0.0273310984262827	0.0285361961218237
-0.191660290957161	0.245319074735971
-0.331880061093495	0.494778245582109
-0.410799732269597	0.718594611230805
0.0161176847358273	0.0263078272193172
-0.197520502688844	0.674483118867015
-0.050903889835436	0.204195236037336
0.103770785657061	0.400423238429766
-0.125762128968027	0.488975905620755
-0.142025176044486	0.582248954022233
0.123314993886928	0.451219162064065
-0.0389273030509352	0.102652288614434
0.129557487088975	0.363935860820127
-0.0252793747467316	0.0668091015902615
-0.0252090595885137	0.0805746266952629
0.0234489025005306	0.080234985598536
-0.0702443285109191	0.277352137370406
-0.00395485701469185	0.0130707057996894
0.0748568910708014	0.331077573105785
0.0485382936148033	0.19921188770559
-0.0513397220699744	0.20923864300634
0.0189231944087005	0.0713061856624657
-0.150470268399307	0.892974367633144
0.0549336267525079	0.231171120960656
-0.0985629469914546	0.492801715062972
-0.0556694399865547	0.235697529278701
0.0878579769020468	0.445104145153217
-0.0964304456160584	0.501511650453423
-0.00581898471911192	0.0208546787815874
0.0175719279052551	0.0649354971812351
-0.0806565713954044	0.397398117240096
-0.114631787172101	0.576534111809053
-0.165452624471137	1.04547762450988
0.0293473369075937	0.119364187036931
-0.00190361424284306	0.00693469608291229
-0.0595983267339656	0.268295303979961
0.115618279663975	0.635429483968536
0.0223887642995497	0.0884805154302159
-0.00967052180300913	0.036279353472471
0.013512109693192	0.0517264456999437
-0.00844114091087137	0.0313062501579061
0.0357495857860833	0.148222784916712
0.0184843573233903	0.0720884934656026
-0.0656250260020406	0.300305096865205
-0.0518791456798382	0.182326666742653
0.0773453810555185	0.195229648560528
-0.0849390125021155	0.138778526125262
0.306190867622894	1.35620730757392
-0.10488719831108	0.500857479623059
0.0264349325612008	0.105313481204817
-0.106299681501689	0.5619603836189
-0.0912065081348194	0.45422045597164
-0.156262417248506	0.612781697389744
0.24222298938993	0.907219146763451
0.0297027507703684	0.0540633257875895
0.0263612885689432	0.0665212452806377
0.0952434561784457	0.305190676110439
0.497873769478483	1.84874297405405
-0.14379303457268	0.527920892789389
0.0536105635209349	0.13187288957554
-0.0745235571473767	0.17888745576478
0.135053132707869	0.417630878431314
-0.0799864668887861	0.179177661880307
-0.0556568214747779	0.118179931514934
-0.139990781410072	0.26697648140124
-0.281614995010916	0.4036470061024
0.29029887009727	0.541617510462523
0.474881859975883	0.781334914992777
0.276891477746324	0.540753931806677
0.228475116990865	0.251336367791605
-0.601360330319563	0.722223560759061
-0.239418971029143	0.255549742430099
-0.771586785405664	0.957372715665658
-0.188190956260912	0.309526693512396
-0.0340059634131983	0.0693970683326167
-0.0555326955479982	0.212769990812378
0.0984747981578962	0.326460252132883
-0.0578686613129224	0.171235517046671
-0.144443731674713	0.479588382364541
-0.00409106198122534	0.00937547878009489
-0.125465565170998	0.342328249032592
0.194460614055225	0.528069922746517
0.210204409428008	0.28719267492536
-0.0275447907239991	0.0702982972891147
-0.0120708971547949	0.0323993491154361
-0.00153134334915769	0.00456616763230631
0.054574511192899	0.196566233179843
-0.0627440492909072	0.250033558961451
-0.0615392130951652	0.231909909386053
0.0992664526248473	0.471584801077694
0.00934437200606875	0.0327496519271274
-0.0381109403476064	0.154766105825194
-0.0655896151671131	0.30303168281416
-0.0238692892040411	0.0938694248461345
-0.00650125891669554	0.0240058106432899
-0.0361480856058723	0.13059262550976
0.00706090484168016	0.023157686072204
0.0432807333396911	0.178148803847065
0.0277970438762327	0.112605050665948
-0.0595530318909989	0.248811969345051
0.0558468062576359	0.225751049531243
-0.0440705014975764	0.189932075444702
0.0618215823122326	0.263110978507396
0.011731661609426	0.0413856287301409
-0.0747105177511482	0.33283571170809
-0.149250437156455	0.920427840066161
0.178836444687724	1.18417469828006
-0.181282579358846	1.21349232863504
-0.0405160103366636	0.172362053526729
0.0162064436961529	0.0625540823416258
0.0736322033170877	0.350701482819633
0.0483902982070268	0.20730906885937
-0.0373640187090919	0.156722785290592
-0.0820298598291816	0.404395305113546
-0.0251755260808719	0.0904854490382454
0.0147020276452582	0.0433863591972314
0.0956015951980667	0.377574339233037
0.12585460546703	0.589406900759021
-0.0483997892582738	0.200847619940496
0.00602464903145114	0.0223561867894821
0.100991637104393	0.530638210563127
-0.0118414414987103	0.0390113260455457
-0.0849282402938125	0.315124299797349
0.026588778378662	0.0858846139894902
0.0325990863854906	0.099071259697335
-0.000612027395110635	0.00160249308184615
0.0124875730206475	0.0325385559006936
-0.191173859591298	0.756615730764322
-0.00976625014456632	0.0267624083789545
-0.000466432793671836	0.00118098994089875
-0.0985889141352563	0.296626053355086
-0.189515592325658	0.559595006447966
-0.152368490715952	0.299540281993135
-0.154400088697448	0.302044641213385
0.281591095141421	0.64036734534407
0.228619657450752	0.410601806258557
-0.419579526395986	0.89776094709815
-0.00199652003037209	0.00233008044609256
0.158333493883232	0.230952102919569
0.0867803867075379	0.136095094678711
-0.0842134299183108	0.17015256207016
-0.173450407461737	0.412127501374153
0.177406131216723	0.712219257140493
-0.22941684197493	1.05289870257617
0.112638490226887	0.375164772525497
0.123645841108142	0.438053387894772
-0.0945858247832247	0.268811693373735
-0.29530888556779	1.23880918386099
0.220471155101848	0.828341471665649
0.0176534408909407	0.0377203202417868
0.294404089635588	0.825097543714405
-0.00510788859094912	0.0122867117098401
-0.00500311747875479	0.0140458814767498
-0.0280334831139798	0.0915555768157975
0.0436655569419728	0.159165290618034
-0.023428233752576	0.0762723228849109
0.0248349373667519	0.092499371468063
-0.0146451871007114	0.0518500005615441
-0.0218397738253784	0.08336981044974
-0.00848428745608763	0.0318090314685183
-0.0858497545956972	0.412831755081586
-0.0480488436146468	0.210154054924319
-0.0545714064408652	0.202971139306841
0.0475177013331477	0.174833070393325
0.0309966907669728	0.123125285322166
-0.0837987764154042	0.416333579556288
0.00199325597561324	0.00661897467946318
-0.0836891195973865	0.356777704201854
0.0340062836133987	0.141293685120453
-0.0924946442536977	0.428517009284885
0.0487092006550289	0.191927083015801
0.096616595356143	0.451337329077013
0.0423636783760563	0.178998936941624
0.0510856943250939	0.2208357063053
0.150987610094788	0.933647196256007
-0.110315961989038	0.598225227101814
-0.0355422819666892	0.148404492643921
0.0479048163111392	0.209168854604644
-0.0263124633537428	0.0991869438220469
0.0781361980211662	0.379704579186008
0.00360147887514559	0.0132301493825045
0.0617990689283313	0.268058109519378
-0.143663069850244	0.71317018493004
-0.047218857923601	0.175346976596736
0.248300998070173	1.43039734524023
-0.133959186518966	0.682684733683034
-0.0757551936950761	0.366997504053997
0.023650836022634	0.0922513422884764
0.0228631621392406	0.0811794477793813
0.0107184302585033	0.0353529267966012
-0.023101439904633	0.0822390896842186
0.0151659775553415	0.0439230933414888
-0.014232103707591	0.0366655801462357
-0.00865156560410945	0.0236034557227302
0.154528882143532	0.516463080808838
0.265952360703716	1.34649620334444
0.13649858502114	0.503982997161922
-0.0233354890887945	0.0579893701809129
-0.278613751941704	0.744964511927836
-0.129106445653826	0.239290160554056
-0.103509675434558	0.201802870514613
-0.297649129294906	0.808154778606204
-0.177634583498672	0.4112353562827
-0.00221658896187716	0.00400483142200801
-0.191142886557405	0.422149773953036
-0.385077351159768	0.905739897401201
-0.16875194013681	0.381268666533557
-0.0321716353656049	0.0491921392941901
-0.34242009303441	1.09396824272187
0.183383903849732	0.295837409038156
-0.388259482488123	0.809468531910543
0.273671777113914	0.532131851503727
-0.0782005755178693	0.11521051137036
-0.165382372081804	0.329998162992807
-0.153675652280653	0.337681842738137
0.158204748229749	0.376538310901629
0.123762688145292	0.412740613727183
-0.215618571104447	0.961998095359709
0.201369722458151	0.836716654097246
-0.0122427726939773	0.0324275131077064
-0.324962180865613	1.47128670985789
0.159447122100631	0.554102118050445
-0.0955525948093488	0.284634899475773
0.201656779213236	0.65236557812396
0.0610223384139259	0.147062527322796
-0.285383846446353	0.846918168244796
0.0760851128893078	0.179974791402516
-0.042803490721501	0.112092395941104
-0.024543206829565	0.0707402484538762
-0.030059238246185	0.0985102953733749
-0.0061113233390275	0.018654744762438
0.0155892720610082	0.0505895496969199
-0.0515050868276009	0.198380754222291
0.012597654781074	0.0438403332715891
-0.0405845441118879	0.159894801878237
0.0471458260811847	0.196340867421723
0.13560883485836	0.728962857831511
-0.0315310119242096	0.121434396217086
-0.0913376820488793	0.43627701353166
0.0702505427674774	0.30640289801308
-0.0152393881922629	0.0554679040383794
-0.0228219468106501	0.0887990275602119
0.0418019941924004	0.179026407723806
-0.0234075313297331	0.0900831451306581
-0.0428088774970202	0.179250371082928
-0.0710446260437779	0.327666919721425
-0.100528680750882	0.525171701528661
0.0547508921621596	0.237503060710847
-0.0519032348146829	0.229093585870181
-0.0390178719773733	0.164816424008963
0.0391907595298177	0.165723193484815
0.114273056299168	0.620558874315385
-0.052319843911563	0.230714779077703
-0.0232985369912875	0.0925807605342152
0.00443305032128967	0.0162534435959624
0.0658029371872232	0.266594693443974
-0.0883356626605607	0.271199345364872
-0.012100172714239	0.0221589143409663
-0.0821991814223376	0.264114601804971
0.0543792146604209	0.220556983614079
-0.0893396564812884	0.449180758805929
-0.0794147621483095	0.385515393747591
-0.00675654466742253	0.0248667593414515
0.0998673720094245	0.404401917974218
-0.163723884214904	0.60583703880056
-0.0247189033309071	0.0520367326165592
0.0602419488149784	0.18206388824664
-0.262851862826054	1.33287639733382
-0.291941264201357	1.00835683698802
-0.331217755262548	1.70906473632171
0.0575286830185652	0.15574999258571
0.152998519828598	0.479222947788663
-0.0759727689401261	0.19859789671249
-0.285642862926963	0.905031199201752
-0.129899146346752	0.219892582989674
-0.447763585983965	0.692165960246112
-0.0392612586637003	0.0478302387884797
-0.105014080398383	0.159782278946049
0.419124208834622	1.11936677740538
0.0268268457297881	0.0522679341098344
-0.274585694790157	0.556787128908784
-0.192889881975013	0.520419402557707
-0.348474366628977	0.844025898806868
-0.0646858638507383	0.126479358279863
-0.100765558625427	0.219411932297132
0.287276401570055	0.611834023039049
-0.0335343693659686	0.0326420690307636
0.290779736912668	0.350164941086449
-0.0873044023260247	0.0979094358937296
0.232807021350135	0.262881941296702
-0.0852876175203923	0.100305251775454
0.355215419513075	0.916457249111909
0.00173751861150447	0.00341435592272197
0.0859789647872962	0.357759740117828
0.00206251116323708	0.00545348821094927
-0.0343574899408292	0.0982659920341625
0.0198201725866843	0.0556585821001583
-0.050144908666135	0.132622105247862
0.141225533938617	0.437982665819402
-0.00200504862918109	0.00384796407458738
0.326962643862487	1.438251016627
0.0178199171957017	0.0358379075641211
0.227189879874228	0.407396433799268
0.336929954434758	1.03162075620544
-0.0158967255518832	0.0390599132187785
-0.000531025575733104	0.0014001701496143
-0.0505995340930164	0.17463510500666
0.0176685731609947	0.056400211455176
-0.13255176494806	0.638464100912806
0.0551852262363349	0.221745030627313
0.0280559391219137	0.104240705936227
-0.0296303429713702	0.11672760984329
0.0920156760482822	0.439130063201318
-0.0769537310293952	0.33788291892231
-0.0565977191597938	0.235703735274742
0.057496889546238	0.243773625811083
0.0528752517178292	0.229223220903539
-0.0638870254223562	0.2876158524633
-0.0336095938081452	0.13785524228891
0.00713961313489287	0.0263699731348837
0.0259575633044237	0.102539744056424
0.0339988784228311	0.137800758766436
0.00688281000474808	0.0251913778925398
0.0207671890016265	0.0815276985255523
-0.0386740069538017	0.16325297586448
0.0274488505276768	0.110952560263871
0.0677509213235011	0.319976306947095
-0.122942202084397	0.696860410879943
0.0483349435792137	0.210847240116692
-0.0416301664381545	0.176230288033093
-0.0266147691107204	0.106537443471987
-0.0609352752078733	0.245082091837488
-0.229021272134057	1.05499173695849
-0.132775968875151	0.369012800700538
0.095718653195716	0.337049514513851
0.174718927070957	1.03958390872439
-0.00485222057006331	0.0174880159876647
-0.0965986770742337	0.498176514261624
-0.12098305725948	0.651629829166611
-0.0504643338551479	0.172241012588051
-0.0425475383628975	0.121504900398156
-0.171203671796588	0.54779854379808
0.0126596136214394	0.0339921484765369
0.147589605400269	0.572125194063496
-0.0394731208570813	0.093280993530205
0.00721249350665437	0.0190246988345623
0.199270104831039	0.796469975791044
-0.0833274158066562	0.2246750432376
-0.0526199320255042	0.131279714480423
-0.214544353015078	0.372190653763801
0.0412187563894142	0.0652539465059875
0.077035110167877	0.150861929753156
-0.0768963820743123	0.122647872717492
-0.305758677812417	0.498351780611169
-0.689923586939235	1.90861911256784
-0.248672538120556	0.589924466847642
0.00894898215779983	0.0145357418202888
-0.114028443790687	0.237669185641315
0.0603271345657567	0.0931113907979814
0.0410858495513212	0.077699591633291
-0.162981599310922	0.408580038546091
0.317632133918497	0.834584151571082
0.348928755117015	0.705525847975108
-0.0243616916238165	0.0238296601668172
0.102688518910209	0.115170514742978
-0.468461801324166	0.700129134250208
-0.0230138348171579	0.0224948886463567
0.0323976145468632	0.0361485203849891
0.240432169363402	0.462183135595433
0.40746391305513	1.57951366392137
0.109995989340002	0.438797426284371
0.00219021932287586	0.00588432198075571
-0.0716197804843578	0.222209103176082
0.0576531508828316	0.164881169068322
0.0961880968869783	0.285054223963512
-0.0537213435453909	0.131243017148294
-0.0132657327333188	0.0261824794523328
0.00837363535362908	0.0178814275370784
0.125073207546032	0.289468228357909
-0.0165295869048483	0.0411176607235497
0.0173859831939963	0.0497852286436159
-0.011364404908824	0.0350694960749803
-0.0448018022462313	0.162266795007849
0.073758855928232	0.308292833538334
-0.0870490177125994	0.385793843418785
-0.0338672811716021	0.132227304729879
0.0399456026566589	0.158874381901267
0.030706736811052	0.121961266872498
-0.0614128985518042	0.274686621307358
-0.0015575777948549	0.00541034284156294
0.0365250678426829	0.148276251795701
-0.0849827838490035	0.425558463663411
0.0666138999319742	0.301255050140232
-0.0863558982719431	0.433444234452353
0.038563586830887	0.163127548918725
0.0116545307818433	0.0442786417707395
0.149604151306667	0.928056472155471
-0.032298220620071	0.133049793570029
-0.00641459639041209	0.0237905026233053
0.0338455620901367	0.140195081045439
-0.0443700907036361	0.19050783589052
0.0435225266511956	0.187371872839806
0.0952572797197158	0.496100018861334
0.0410735037605408	0.173602106838315
-0.0432451668291912	0.174413389523406
0.0647008896585182	0.22101711794996
0.0816704280187821	0.206992193701466
-0.533436509152498	1.66169727328417
-0.0991236790091928	0.28474006223074
0.203550218044094	1.15691008440333
0.129414525231512	0.700386716870157
-0.109894708664213	0.570814966671336
0.0948257682415105	0.454863118086158
0.0214411239955458	0.0557037117416103
0.00346842056341223	0.00768306347306039
-0.0916599078781432	0.201976024875372
0.178008988193042	0.581503548341934
0.031678952656451	0.0809849243671165
0.181825172160974	0.498767044541351
0.262345907663188	1.10635024612011
-0.040087828060323	0.0926338115627942
-0.247173930242075	0.739917183031565
-0.222639581660051	0.406525500285397
-0.275888306950751	0.40885804120298
-0.118918698588134	0.133698042676051
-0.081979138378373	0.0880224674166498
0.241344275080855	0.3333539563549
0.393846682808759	0.796507577526884
-0.162202143995435	0.318256829792958
-0.440591245699465	0.883931603225874
-0.349227775070936	0.555470918873015
-0.0236250309885073	0.0243431326450992
-0.355930726465501	0.768399833918978
0.186257137241524	0.429622974835705
0.315425834101569	0.588026070272133
0.265632623312436	0.651064533956812
0.163957687863305	0.358116143537443
0.38110949875053	0.98164573976849
0.186511644614158	0.137997057995842
-0.456750852032496	0.373320669041514
-0.345546396521239	0.340424818936418
-0.346514849781331	0.292035664162108
0.20269764194282	0.158074623491699
0.393752478808865	0.690474969702251
0.0808952733449878	0.174751257446001
0.130346595735399	0.539167033539248
-0.0235443722549628	0.0590950865160314
-0.092657787088938	0.263154230712026
0.00657257591916454	0.0152546581103574
-0.0260250518145576	0.0583279588613379
-0.0169646045471085	0.0417712362299226
-0.0172437271413711	0.0502084473995813
-0.0131944534431371	0.0411627019132498
-0.0510311415901768	0.188197261534331
-0.0140836932453506	0.0481076292500573
-0.0508245296457755	0.217363659332167
-0.0148730987068074	0.0539939646436676
-0.0632447649230076	0.252758774479432
0.00463702724133438	0.0152748607258088
0.0105639152005256	0.0374532993392272
0.101347765323316	0.528604455421392
-0.0196631995831552	0.0736889819254609
-0.0482291777548347	0.203456621669642
-0.0784312381591494	0.383139626400669
-0.0233233913826591	0.0903337967441495
0.0748923395277308	0.349549048726435
-0.0574938109419244	0.250849485508072
0.0500506750384436	0.221211875529208
0.030301835386001	0.123863796423369
0.0188745845040602	0.073336167399328
-0.0289074153259741	0.117591781115239
0.0496686602707574	0.217051295905734
-0.0324978469556405	0.132735279222775
0.220466619611879	1.64472720942388
-0.0582217018015486	0.260550769808046
-0.0134798468348087	0.046681224925582
0.0632432703730446	0.206559762416157
-0.113143258538888	0.307863960164564
0.17458531176079	0.760327631151054
0.123050942574462	0.553501236836332
0.123792710655641	0.662613018981576
-0.119474886426765	0.668996048320258
-0.0863274255763561	0.419285174278506
0.097410920426976	0.372127553687324
0.0817535232230369	0.269310973983697
-0.0615240945771162	0.170802973793585
0.119275887421773	0.408706475441454
0.0209353627181109	0.0509266075372328
-0.00585904383314975	0.0124531767612862
0.0159054767251796	0.0372236727428146
-0.320613851700867	0.772820645747464
-0.0778453148559329	0.108319697422969
-0.162220984489369	0.22937731070438
0.0228270062075078	0.0272903632931703
-0.189800375855596	0.287356386606137
0.24997672538212	0.410306349619495
-0.384291525629159	0.850575668639625
-0.507515233759101	1.57063421466612
0.00504387468984552	0.00721080540767208
0.0616450525820777	0.0665239864435722
-0.43205214507395	0.691143209290775
-0.191345856564365	0.272581851938327
-0.041094857896839	0.0482484076704883
-0.0238230857611574	0.0290346580420248
-0.333170010826092	0.716570777814216
-0.356325292909737	0.849765065711618
-0.17139596664193	0.303189415718232
0.30002997368192	0.798976968053256
0.0578006920993778	0.0881206763270285
0.161381364121931	0.239108809185
0.0337670618917916	0.0267356283890734
0.0434783464994367	0.0387415068515791
0.496055666256818	0.696542079783107
0.082590035523897	0.0739124198510721
0.392202051901843	0.529115926759957
0.125718235093153	0.196605362841037
-0.134418111600124	0.265981929165636
0.063667114526234	0.198864499683527
-0.0334861176036708	0.097240208769529
0.0655360796478175	0.182391623439942
-0.00403765554655314	0.0096719920579203
0.0777577896730883	0.205503703145354
0.113421730948377	0.316770558534833
-0.0393123153060687	0.102440766524031
-0.0122373062834215	0.0351537757721635
-0.0209147357715637	0.0667984646575256
-0.029204136214867	0.0973271760511029
0.0266161818558597	0.0924642078625814
-0.0878222391260177	0.377082177789059
0.00158001933391591	0.00549612637325229
-0.00522610925300184	0.0188002682632158
-0.0494404844277095	0.200042709698603
0.103734360055874	0.508751884793769
-0.0128762164588961	0.0489305294724593
0.105982289403662	0.547161683503064
0.0089849909281169	0.0332628509091198
0.00496945255309195	0.018329988698858
0.197122921293317	1.40766363631837
0.0772649900835946	0.374869817648475
0.0187611834152113	0.0720996974529479
-0.137208189179067	0.811056777230062
0.0567959760022992	0.256947960939434
0.250551377323127	2.06002180189511
0.0836324130373141	0.414657921006102
-0.076806213579324	0.372857811453383
0.112268741732023	0.618806960934307
0.143886832773241	0.837835990306741
0.0978825714840854	0.352774488928725
0.0338835535709253	0.0758740204174028
-0.107869650046549	0.188895513180278
-0.0687825249068452	0.180281563781432
0.253824594097799	1.69971842437743
0.0472341510149144	0.201762100515533
0.100570767487976	0.515514754812006
0.172410784586359	1.06206110093135
0.0255203678706907	0.0713100702559409
-0.125689021594306	0.365726121831146
-0.0943305003456538	0.177558492905373
0.22439438540599	0.852545951817038
0.131357442901864	0.444138688230021
0.231876507349732	0.652250574381439
0.029154718233267	0.0726385594089659
-0.0155353206298067	0.0206713059467197
0.00909581343197911	0.0100444462460969
-0.0376982629159418	0.0346591373851909
-0.270372520790787	0.374157700364114
-0.40842205241774	0.651708554077137
-0.0706479691555513	0.0983317853296496
0.168939352720571	0.374655644545438
-0.0604497651389644	0.091056097562289
-0.104888334947325	0.118082271017316
-0.560653127130343	0.779004067359403
0.109374142589295	0.160640134964048
-0.0381059642866667	0.039304658239799
-0.0207242445729305	0.0223359428889312
-0.119799685331832	0.259955840379732
-0.169504318468298	0.292021540405315
0.118238244622551	0.221615278661201
-0.641513742586859	1.99109012148443
-0.0709876935991291	0.150713765506032
0.0478544023774454	0.0726391614198619
0.224089071597813	0.595146036861674
0.0690115399213478	0.174072617281338
0.170402649346389	0.509589216157377
0.127749566951812	0.178162962975698
0.117045717999039	0.177272544546718
0.255671145808446	0.256676404210314
0.387815084237739	0.447264619080879
-0.159773752011565	0.130860620570024
-0.311491412411785	0.347982148678671
-0.452553677121986	0.49585685869987
0.120346505862834	0.184950448885397
0.0805632792567742	0.167138567044378
0.316446273422991	2.26942044021488
0.203923051237824	0.891270605597645
-0.264019906496282	1.14373139403714
0.0208760924812708	0.0504810982940244
-0.0237217338243365	0.0569382495013347
0.0331968950984274	0.0732830503539163
-0.0297828344250791	0.0755283399144879
-0.0022278545777847	0.0059917773679748
-0.0284268778304165	0.093013550867853
-0.0670331707911997	0.264757379972219
0.0219324914266	0.0761681828291974
0.0285660496427004	0.107748405157175
0.0888382182042508	0.425599612057176
0.0696537780156828	0.308487230184759
0.0519272511844582	0.219864186177026
0.0509931427621167	0.225083598366424
-0.0740101995069888	0.352064410401827
-0.103466981733538	0.550916446934267
0.0288840958399206	0.117568961102465
-0.0186971553469694	0.0729913331792921
-0.124982812064414	0.714490786222078
0.131404224550618	0.769553988102983
0.0785971097163447	0.385193166905172
0.00703974383993768	0.0261858293578876
-0.00182032976220093	0.00663073058874685
-0.0118551447621889	0.0449744702265159
-0.0613845413492094	0.282392638980207
0.0672505233332191	0.315327485066136
-0.094635946731261	0.45025032289717
-0.164785069159902	0.734154561134296
0.160536189558945	0.49868894157446
0.141113081745062	0.279857753834379
0.169696674590206	0.543574025231219
-0.0746332248600788	0.284818520967214
0.24348379199636	1.81748431485318
0.0362223192981812	0.145571944934534
0.121410945247839	0.63644630532756
0.0231263486198753	0.0647190395467543
-0.336310103644436	1.51923518269583
0.0556107254699884	0.119846821133171
0.119078955034008	0.373137460592818
0.00751317421413561	0.0194589926765524
0.227356808130788	0.751097536925243
0.125927293466421	0.376943111286238
-0.113631364603335	0.331257207649674
-0.203783337126296	0.361587861572711
-0.108921682039457	0.157046527764992
-0.01300994931254	0.0152352331754537
-0.0647581018799281	0.0872525766026216
-0.0701567432006073	0.0918216777667577
-0.146947268495931	0.238811618373825
-0.00134058625892852	0.0023417540149591
0.0546501467731712	0.0775146870559347
0.176187473019572	0.210602289530467
-0.45627479992064	0.825196078235799
0.494707280763896	1.204410097048
0.241006686612581	0.427993541330981
0.484266749661232	1.01057588762007
0.151144047231359	0.364971918200719
-0.0516919610754228	0.0910909957998421
0.00138650293024898	0.00204797691793561
0.227234345162342	0.472217742535168
-0.496926310858084	1.57977892631878
0.261203921154488	0.775862258232875
0.092924713231529	0.261243975821758
0.0365528657098296	0.0862881061575879
0.460978186035009	0.863769526776308
0.428667660295316	0.917182089554168
0.293181915783791	0.775803505657658
0.610703754225037	1.06906345742092
0.387358428896167	0.55464944048539
-0.801964803910739	1.51846384227285
0.158810613380213	0.158221545610488
-0.172608345841387	0.211680664126673
-0.0604794139238515	0.0891955732348208
-0.179077876599786	0.44967312384539
0.183685105264002	0.871368558753031
-0.285158210447138	1.48068208176388
0.189425470049707	0.725027540011176
0.0713607232172933	0.188778164812958
-0.0183424537427671	0.0459610506156472
-0.0258648403582517	0.0773756813742528
0.00970831166494642	0.0303281923999508
-0.0401129707302137	0.143812390845555
-0.00616960666425329	0.021799773246954
0.0421170467944825	0.173870054820957
-0.086951439093413	0.404787160795923
-0.00798076092309179	0.0284946159031391
-0.0558847089994792	0.251978574292025
0.0534216633700193	0.226922384763884
-0.0831426369451074	0.412179319696403
-0.00934078088421881	0.0349640969785521
0.0999121645161516	0.519185972013833
0.059647497854896	0.269504623162723
0.0474302970659763	0.20655346183802
0.111504108755142	0.611309140423412
0.0758335525227063	0.366277835507085
-0.0535740907207088	0.23882462925616
-0.0345514191128924	0.143678185387848
-0.123145150815445	0.700557526406778
-0.0952531134106434	0.486373268937442
0.0486156471777328	0.196576104696529
0.057200330766054	0.174715898597829
-0.309494775093828	1.06498595910481
0.153929890640289	0.276190251502069
0.0854451005279135	0.222102553360493
0.053834715459056	0.193097235690665
-0.0988029337488598	0.478535282347613
-0.0955580252521535	0.456397272055886
0.0389449979695722	0.143959462033519
0.143635713363515	0.479991176794133
0.0539988520859608	0.129885733130322
0.136904881050921	0.309089562568962
-0.0278582764291754	0.0652121564455255
0.182736097910495	0.685583028490965
0.0926301222010972	0.205701532074653
-0.0862149567647184	0.249482759694582
0.0629498765778568	0.154855311665947
-0.339556428047625	1.24263418362253
-0.27787375048246	0.490600946397322
-0.393191409387855	0.702455271487718
-0.779482772431121	1.7657208278509
-0.573526878594358	1.07446926082629
0.306101384837207	0.53618658297125
0.150361983233855	0.270906063051484
0.112889733229833	0.216871754608133
0.193001889166154	0.340973617677611
-0.0100112740744967	0.00925478851117658
-0.137583676196852	0.155090122375461
0.0658832601945867	0.0805363699322346
0.041964126038773	0.0525355811494571
-0.340456111696131	0.623145762652379
-0.139332712190975	0.272787487700384
0.343131944191574	0.875757431882143
-0.066414199914325	0.105056902444473
-0.171141024310997	0.337690808251852
0.11394698692968	0.179466703333021
-0.259114012581324	0.734242254054526
0.103785404841072	0.171328254079242
0.100104607052811	0.207606626059401
0.00582330188655147	0.0097944270162894
0.066950427967853	0.164470127005346
0.437113567588268	2.07902544172659
0.265201232344684	0.488174195667016
0.291097098441413	0.774294593425835
0.360212521146517	0.651902069233067
0.718324061682139	0.999535624067229
0.610204145189867	0.910856618456972
-0.194368767584937	0.185237477729359
-0.0727048163261612	0.0663702098276127
-0.551483184863471	0.63136441061625
0.299842658922116	0.5926470097682
0.190325112917453	0.488150752549323
-0.245450110985692	1.36341352385684
-0.054298696170918	0.150787801354843
0.0309169194843311	0.0772978098082083
0.375438434147565	1.84677573649997
-0.0253460887266315	0.0633069375045164
-0.00572342826403488	0.0160346685418736
-0.00149836579164708	0.00447922003750247
-0.0138909592529311	0.049355076593931
-0.0939609719568659	0.462694444304769
-0.0543486391897499	0.214385392302276
0.0313806884232025	0.115369553191428
0.0652115562448286	0.304190208941801
-0.016544749444014	0.0578457919642506
0.0408055736599549	0.170850674868032
-0.0344404810659492	0.143006340070306
0.0358768451092087	0.149595774732909
-0.0240398637929999	0.0923332594638333
-0.0462074087722689	0.198883479032773
0.0487022020969913	0.20894974293759
0.0987401922556547	0.515509163106172
-0.0286109177438758	0.116110119844744
-0.0247991906999149	0.0983521838404268
-0.101065363229134	0.533386306522124
-0.0657983012520454	0.307141955821049
0.0172630162466454	0.0645365413572086
0.0463192850811979	0.135863088719662
-0.146281404148458	0.349360479568242
-0.0212525989701792	0.0299516166420827
0.334456158751529	1.15026693768339
0.00849220815558466	0.0268553681568253
-0.0675665172913203	0.309926691005553
-0.0914628232693988	0.432387715293994
-0.0696747632808224	0.293601634006923
0.0995099237341354	0.294835329536778
0.142898944578587	0.39112767663735
-0.210428755978251	0.453826731791651
-0.158465032119085	0.446066113946111
0.0548497363924807	0.154308133779737
-0.167136394545258	0.386314003945957
-0.137084938757062	0.402134301937864
-0.290265409992802	0.402476991855112
0.00725901458270471	0.00751416558523775
-0.0997159841319048	0.117518209824376
-0.483037532306309	0.775843755195047
0.0819528791644305	0.120361165744985
0.00711484131805662	0.0112858751652857
-0.037906977188567	0.0523038861844567
0.569701635889669	0.95434715314873
0.0502776217374235	0.0490811559319437
0.215725474848371	0.337684945110258
-0.226911902032967	0.345038360708898
-0.138636001812653	0.189596140188159
0.0545389215955606	0.106199529235299
-0.438701421591238	1.12921789488231
0.113237461623558	0.208949957013003
-0.00810185293987988	0.0119638866788283
0.0599297265752355	0.0856156262994227
0.290432999519577	0.778392458050277
0.246036869348304	0.44461528224709
0.460262548157815	1.6375972531205
0.0978054696193762	0.208601401188709
-0.102013151125745	0.283143659060243
-0.0827569516935269	0.195848778707004
0.545967826911243	1.39981380994669
0.126922607344438	0.16749852112096
0.137010500216192	0.185373790988687
-0.0690147167002277	0.117788384392666
-0.176313108158406	0.234009286674494
0.0309920125987476	0.0266707978026625
-0.504871543787592	0.582272022762945
0.0814750412625653	0.0642910819626576
-0.299972256120607	0.255990029130886
0.197796043895369	0.191620791822205
0.0263706622093912	0.035360205456106
-0.0806329336387331	0.177866283509502
0.019704366377884	0.0641856897439842
-0.0470945628697535	0.126267050888893
0.012922118057121	0.0307600969875971
-0.120602713600892	0.353044949838869
0.164780057525185	0.511206448086596
0.410136114284215	1.68831172875569
-0.013547643934617	0.0326619858967474
-0.0449113569487915	0.140022730442528
-0.0967334879309312	0.428805399544111
-0.012513517820821	0.0451065184340244
-0.0259305460307722	0.0903535674316024
-0.0135848552204564	0.0454706957282721
0.032570116771309	0.134107569322469
-0.0609101899984922	0.232348532570171
0.0469088682189889	0.198773984057859
-0.0297634666467456	0.121395433566265
-0.155144566925715	0.942318112894459
-0.0715816429544703	0.313511083336166
0.00870610546376866	0.0320304885153851
-0.0843881958966368	0.415290026975841
-0.0839190424216694	0.405976700213718
0.0604499153316981	0.273766718195832
-0.0952188256481177	0.493761365097727
-0.0969299959879396	0.505508150234051
-0.0405742016391064	0.172551244899303
0.00924706651374251	0.0330984944785887
-0.0742998075115475	0.21309022000186
0.0981315381138004	0.20697801428407
-0.0843817280454783	0.114250707085642
0.0687282054683621	0.157083609422959
-0.0587465779315001	0.22541782056763
0.106646633006948	0.563070869386254
-0.0177415608263348	0.0631851369893666
-0.0406922296486217	0.153420226054935
-0.0527340637117555	0.141170011306112
-0.0215004803915068	0.0484599013632103
0.0831541938695387	0.147053877481936
-0.201197085594194	0.673840312020525
-0.295467423166289	1.32668363800929
-0.141416961096782	0.318419484209519
-0.0215790709505973	0.0550753382024519
-0.171264463274144	0.529141168869035
-0.158295733413935	0.194315645247943
0.133176696857407	0.210289971145646
-0.069547168277899	0.131709844217073
0.0795809103814335	0.106546212135726
-0.0372269654231735	0.0363495283634761
-0.108373539898238	0.110691789658726
0.0168709874550016	0.0218804953913637
-0.00943268129773338	0.0114108117639021
-0.175702664198431	0.249188321887345
0.110438757916915	0.234168191971484
0.0488995058514279	0.0884384466837148
0.0967699027792677	0.14930324736727
-0.0311876815019843	0.0488252683303586
-0.269346193856752	0.534618928020388
-0.275067237321778	0.849324873028888
-0.258797803206858	0.512242973086138
0.0156038743774829	0.0300658944135444
-0.433240864069794	1.65164705407006
-0.326595701038926	1.40774119020753
0.0678789980098712	0.165804212102831
-0.0505676878489248	0.068152494180167
0.00650154175491491	0.00771738754611645
-0.045585820510047	0.0615764371526495
0.0512237920380505	0.0599829566044222
0.606796878830776	1.54128568319618
-0.249946220248493	0.594025512176205
0.0899352749786497	0.130504403095884
-0.107351021972852	0.0900443347190419
0.526450386791701	0.608180413205731
0.0445955062916542	0.0319350549336932
0.470343842312801	0.431902551837086
-0.880747388919892	1.36721634244216
0.363912088827283	0.698574682726116
-0.132371764309202	0.30760722714657
0.175901344247475	0.954693129870296
-0.102969009513228	0.321704860387008
0.0296417661034377	0.0746700787984381
-0.238475204596717	0.826936267897264
0.0240271787881913	0.055995021129229
0.0304054453335735	0.0675518166347927
0.0593621004943763	0.115749531209415
-0.0153522944765314	0.0374010878727649
-0.0581132259779894	0.189460756002534
-0.03907934385095	0.132221022147162
-0.0220444736914233	0.0706864584131644
0.037602721304545	0.129390529588578
-0.0289125163645754	0.107507173573711
0.0921404743150012	0.470038024092792
0.0658111899708385	0.270418412303331
0.0662043684477548	0.293198387933556
0.0203309950191225	0.077791694338068
0.0713895278912523	0.338150835232278
0.0144584433754978	0.0523718043903055
0.0701988024768179	0.31777143110941
0.0418393927402472	0.179216207685907
0.0947524415483842	0.489526379402027
0.0728410006507087	0.345551139391085
-0.16707952893661	1.07345459774143
0.0289840529873946	0.117111891251871
0.0267639022412471	0.107844405009316
-0.0744248046403873	0.279899047609122
-0.0278556207537146	0.070579686466369
0.312039578318623	0.900911292760451
-0.0436536570240774	0.128802854866053
0.00515264104203883	0.0184939521888292
-0.0000195229642787685	0.0000720280639171076
0.10717130774499	0.574528059953616
-0.0419221364911704	0.172460597240238
0.0698859376639002	0.225363061953931
0.0526803911533747	0.144728830233596
-0.148536016835715	0.364099488534282
0.0389168192675992	0.108738260224925
0.0653256092044107	0.203072532879979
-0.0651995411827275	0.154043265494773
0.0838844070509976	0.271127569671481
0.156446789236363	0.575120423800552
-0.227827598654186	0.852664127990425
-0.159654231664844	0.248088065387838
-0.486660365152094	0.932436102261278
-0.342728815090121	0.844432154138427
0.0815487553844434	0.178526656879067
0.650556847484338	2.48486894644503
0.0240530726961916	0.0262150769233069
0.170582364848285	0.199263376943245
0.382864505466936	0.978112189622661
0.0792345156489963	0.111055123269266
-0.0157399813711454	0.0209530600054809
-0.105818187736681	0.268135610759352
-0.277607372687198	0.811781066751191
-0.0979170517176501	0.191713276223032
-0.0297916466918052	0.0487933457192618
-0.115508459069165	0.222623651724857
0.144035703644452	0.41731558426023
-0.113079998851736	0.214840539343733
0.0780523788555787	0.191266080401753
0.210152347192431	0.685031122558122
-0.0786721400029951	0.227143550718699
-0.0209336178512322	0.0521845355294812
-0.230512629805682	0.43167166219429
0.106530892011911	0.184822300383784
-0.35330081911796	0.760249121285773
-0.177927185152168	0.252981712291584
0.181740223921126	0.330407620912752
0.246368463283823	0.802419950018651
-0.0289711606770811	0.0443852176711322
-0.759048178444875	1.22394917333383
0.508587567419297	0.887523349049662
-0.110743811424808	0.130232911132982
-0.0606624475510297	0.0517051512569778
-0.440525808721441	0.729112646131909
0.310609711522448	0.935218187317329
-0.247359943102636	0.832423791345246
0.053105429250413	0.211097716866106
-0.0762157390317433	0.242568103991805
-0.136577943858888	0.494551136355228
-0.0392356105885258	0.111102210507963
-0.204342346847843	0.816776675755508
-0.0806771004734636	0.226563443668985
0.0628867886770141	0.131670396622709
0.134669469373299	0.393786627067264
0.182837617447923	0.475497357413086
0.087569544935372	0.101738078515395
0.264065880092309	0.70697810305317
0.272676295961394	0.37976798272846
-0.0235129226396512	0.0216959056994474
-0.0205274217968268	0.0514773949667746
-0.0163134099578851	0.0433046996564379
0.0082398158339156	0.0251648290614211
-0.0637163021922754	0.254378957951068
-0.0563986726587702	0.204818318553196
-0.0976428053069718	0.402354183448528
0.00797270648502047	0.0278422104370595
-0.0692002045725254	0.275355379123607
-0.000828121843117531	0.00261218751093467
-0.00591438786512998	0.0192106739923368
-0.0246699307412835	0.0978437027928652
0.0590240523612901	0.269618596898263
-0.0446677754869651	0.186470691416555
0.164742666161991	1.06262989516198
-0.0248818649046102	0.0995517295016709
0.109665363425737	0.592899014229155
0.0466487184263496	0.200858576870587
0.0722611164658605	0.345884890960719
-0.0464007841759035	0.201123027205927
-0.10151672415496	0.521792033058865
-0.141435141755926	0.804955508507665
0.163209881076039	1.00357313320015
0.163975287806986	0.952034188716256
-0.186027302913328	1.25100451361289
-0.0937213533890608	0.481480881002157
-0.00128042487795776	0.00457712032597221
0.0010510613375017	0.0035424317200931
-0.0905411693150096	0.425100027019182
-0.18367945231877	1.14627419100774
0.114656380077431	0.505496688024011
0.18412352807242	0.831931069771554
0.22854554869875	1.30351988347747
-0.0973214976406961	0.355662467999615
-0.0467551666444707	0.155462868076212
0.0239335507296573	0.0468640508767876
-0.123080310510789	0.280564997115826
-0.147935805711042	0.404575254747686
0.0310262502022979	0.0661837418438526
0.161604634102487	0.443545557023055
-0.0771683335859935	0.198759744687746
-0.144268878134193	0.378108244779236
-0.0423558779228573	0.0829980636864128
-0.398146654464046	1.20612514618572
0.685857105226796	3.39256203744156
-0.14819741219492	0.330255539227823
0.176994002038327	0.387582174827279
0.337273597002094	0.986239018946231
0.0386680744175335	0.0802312610027181
-0.371387184261074	1.34751246141503
0.0172645435876894	0.0325157782266499
-0.236335538710813	0.738248933324558
-0.170299677524403	0.502839473190572
-0.127564243041177	0.320779453055562
0.0840085825996894	0.212215203963672
-0.146582693910963	0.435538462061872
0.0889832582449794	0.255866233098307
-0.0462963191637908	0.113539003142797
0.176969741842819	0.453758451080336
-0.0789503269243235	0.14675588617334
-0.0405510778900646	0.0739583730586733
0.0892504671182367	0.174383759924255
0.0846774657882746	0.165598039219774
0.0862221890771031	0.188185221947822
-0.171618088862063	0.41288314983526
0.275919798157438	0.709157591108461
-0.204458389124225	0.390511906093183
-0.207026363524203	0.457264918966769
-0.111707265258659	0.20248061289961
-0.179168630285147	0.366210377581689
0.00628203586003037	0.0125038418342121
-0.0746055847614722	0.175848127934971
0.233726999701221	1.12488713134744
-0.196580191022786	1.0060556650567
-0.193538104456457	0.937702295383909
0.0323522151849619	0.102234700968291
0.075517901139894	0.234031918272451
-0.22798216074553	0.975658344522701
-0.262581927045552	1.17146458018631
0.270904120237462	1.12121032988587
-0.217067054341312	0.740600265882875
-0.0812767995896939	0.183712047326223
-0.440526708738561	2.0553405539059
0.297992049634803	0.38472733492105
0.144242543493239	0.212610750132466
-0.000576163609179848	0.00138488258413359
0.0439567628777142	0.140943145334017
-0.0263636750694138	0.0895731168530822
-0.0236508279799243	0.0767338500804509
-0.0158418268277459	0.0507226978700458
-0.038034765059967	0.146469361682741
0.000115920747286729	0.00036864285119062
-0.0107694622535263	0.0353868060503329
-0.0247480855930863	0.0861724152350137
0.0890630416308071	0.449635940631393
-0.0779547043752098	0.380820593832498
-0.0702091204943954	0.3222250628403
-0.00285738446944047	0.0104294524726811
0.116587131725862	0.650933725860384
0.109199856483846	0.591719993904907
0.178607184900453	1.18766265797116
-0.0289084569254477	0.117345269142443
-0.11121462817113	0.608699780624443
0.00408467835072264	0.0147178465385196
0.0537806409878995	0.215900551050223
-0.0188848465485765	0.0686711183417558
0.0583068739155402	0.246128549658898
0.0673423244946218	0.311681085079176
-0.0808121672376018	0.397579260147124
0.122621042088564	0.690885382366398
-0.0349964061110412	0.136858833223473
-0.0882984513281447	0.393435722099638
0.0733411738138577	0.318026067602315
-0.00190372078827296	0.00582315118903806
-0.149531026978258	0.624446538344511
0.0912536140256368	0.345181345153216
0.0141888631600485	0.0412542245656287
0.00981152559489366	0.0286045475521985
-0.0289012803715408	0.0887348604532274
-0.127192242630321	0.386620171071224
-0.131965710226527	0.431935415439601
-0.0225687814178668	0.0448731522548172
-0.212486490096349	0.590667512785129
0.232677926840333	0.685205507267083
0.085313124410051	0.202338755326978
0.0764699149227856	0.179969907660322
-0.242403614667216	0.872671620279027
0.0451670290091418	0.0981106506650033
0.0291891384910224	0.0540605473860778
-0.0085600441354868	0.0144336170646911
0.431996124715117	1.48238621201968
0.188292377180081	0.438870744344193
0.161872325191024	0.352354206311326
-0.0490067972399101	0.104068131208009
0.0198189832015881	0.0398144584297647
0.426642986924476	1.51265195152321
-0.183711611720114	0.500083696497691
-0.0709881702649591	0.152186870211576
0.183073052531105	0.511589792807882
-0.117963805764713	0.329376215334546
-0.0627851674878748	0.146242184358746
0.46001227401302	2.17362728295559
-0.126953309905369	0.35312443740683
0.034453660838172	0.0877681691726447
-0.102186268791368	0.2302642947544
-0.136155647944237	0.296451714602989
0.26681234101334	0.695316885352119
-0.0415567454973989	0.0728607357646297
-0.343616229195999	0.944304824952704
-0.109625300464044	0.246493920159839
0.264178324415924	0.724812885916159
-0.00457035552681848	0.0065901347510205
-0.34809173019778	0.765304051775035
-0.627099733193403	1.97804156490056
-0.0286124979428897	0.0404476552612625
0.057600830252315	0.100310258917599
-0.0975774922859953	0.227275279782818
-0.1180642332386	0.285378391974991
-0.0855192249321956	0.280609194822085
0.0471219906636032	0.158853565682577
-0.111965575867197	0.456338025764527
-0.0599806689332569	0.200910716369629
0.00946297565598878	0.024685945916263
0.0320340634807883	0.0883696989436419
0.286950902955839	1.34949610013014
-0.0747392199002415	0.200317920111178
0.046421163310817	0.11294505563053
-0.0205054794725495	0.0410170727314734
-0.110631716696681	0.276976579390348
0.131189432204149	0.161498141509633
-0.013644432362321	0.0153819981986936
-0.0411145625701442	0.107590772843372
-0.0294436684982959	0.0879113190054777
-0.0506148153512106	0.179619979957097
0.00247890740212349	0.0083165186201489
-0.0297000464427215	0.104816407962636
0.0236187149495863	0.08538827777114
0.0597556352349638	0.252668659545032
-0.0839531553473143	0.395854387713802
-0.100153078589539	0.486912775063419
0.0118015046423199	0.0431597416919351
-0.00257904437818047	0.00926544493416181
-0.0303396136690584	0.121857660488879
0.0595553584657156	0.26295034497222
0.149376102176456	0.888778949540061
0.0497617125889065	0.217225861753516
0.032733520091807	0.135092231753564
0.0469515279830075	0.192388899933778
0.0353908347347916	0.104578883275167
0.137342701261877	0.387507234981629
-0.0628426986350569	0.211619733165703
0.0175934510582156	0.0675368498526767
-0.0188777487318484	0.0738105762620567
0.00973635174168717	0.0366555241476306
-0.0402452136020782	0.170445892151035
0.267759901873264	1.70141800639406
0.1963606789954	0.866865843919988
0.185452173824414	0.61349001052903
0.283738336334767	1.5601776480845
-0.164004614278352	0.753361321755128
-0.195182168449673	0.76138977476152
-0.230385043272444	1.18372533854995
-0.299638506183638	1.64992951943963
-0.147058325791938	0.484082999226917
-0.157454857645771	0.518839142026074
0.218535212751744	0.790306652881393
-0.0874392032655184	0.2609161860601
-0.106328374176623	0.171169836284784
-0.0454660446892172	0.0685811070775497
0.0742041241797523	0.0975631948429649
-0.0161135410290458	0.0245217137679216
-0.0759043401584356	0.129021136409899
-0.425418800604225	1.34307092220658
0.0455518214425859	0.103212535836817
0.459786883119853	1.5273025968659
-0.250828648899255	0.393962393998378
-0.0769585008975774	0.0866128832394666
0.212063529363248	0.444963604688909
-0.278795766182619	0.530854158305166
0.0600398295238424	0.0926298519088457
0.199336178224366	0.629383128404287
0.0473576098350287	0.0937743925207074
0.3238590825675	0.932707035183134
0.347030163550611	1.10216046710874
-0.00880942471266656	0.0165490273225586
-0.217408845098973	0.726023216563117
-0.0566966957392196	0.10680539436671
-0.0600948273422127	0.141529187851354
0.047712755239066	0.118061341876327
-0.153413728452225	0.570218812369474
0.0373892919126773	0.100790460517973
-0.00447265571818377	0.00677039760329727
0.29870358161195	0.767740235569831
-0.239996224148618	0.532303932047353
0.173426155231028	0.305803394946785
0.116438448060955	0.174407737260024
-0.0397743313842361	0.0851492091750797
0.127671317112388	0.217410332690129
0.0172228088892051	0.0166430139365914
-0.0563795387299795	0.0607053654414174
-0.124857699233616	0.152334047582847
0.0950728754778514	0.0881398116510672
-0.171870250635661	0.210610154440135
0.222840815013465	0.451800131574085
0.0083825692593441	0.0191575707008269
-0.0229945844300237	0.0819299372754243
-0.0339310758782856	0.109472341764581
-0.116155851585661	0.446128452654096
-0.0320496108208441	0.0908252473685291
0.0628832889152376	0.172451854708606
-0.0129122502822534	0.0281118767818061
-0.218988447626312	0.890859996901577
-0.338138328990624	1.33555145845994
-0.273068647304102	0.493895133949551
-0.0496074257822249	0.100522909599152
0.316995722282591	0.621576193157254
-0.143998847827694	0.13846920754949
1.15985192086124	0.316960704219116
-0.0284438680545335	0.0719396192138356
-0.0307155652583123	0.0939957806296774
-0.0247625572486313	0.0876055769475027
-0.0529244802862684	0.189977200675672
0.0424792474640106	0.158076840176392
-0.063748767298312	0.269011469325016
0.0419407570402545	0.171748575896096
-0.00263705021369186	0.00864815034180287
-0.0613875226379976	0.259179276113125
-0.0777236189213229	0.372004135598136
-0.00445616589427213	0.0160107595525742
-0.125656647413997	0.676169579560495
0.0776424051674559	0.364129721493292
0.0178354613672022	0.0667421642643766
-0.0283795630034015	0.11335013348166
-0.158997716059327	0.919504210872199
-0.0443231587070413	0.133945691270951
0.0707308640411257	0.14165697313002
0.0534484191569323	0.171128276340867
-0.0428138544403886	0.183740293148671
-0.00187757053616899	0.00675005261132655
0.0229700808164298	0.0912553614930468
0.0659974340885551	0.309475381377188
0.0407786252327236	0.132233683365125
-0.165611317793657	0.682830650842928
0.102867632004755	0.246780067354958
-0.0135339763843504	0.035592236149074
-0.10274181352114	0.399475445651324
-0.177430603918204	0.564210865370663
0.224144530909091	1.18917704032545
0.164492272186408	0.714941254383194
-0.158728385252784	0.571819552059202
-0.010282546568919	0.0273943357890163
-0.284658094507186	1.16942143887695
0.200383370391154	0.66465346065767
-0.0610387369307564	0.178741923061165
-0.0618253160176557	0.126436496113977
-0.109647560434876	0.162248371899575
-0.273461126305305	0.726157209040203
-0.26507119071609	0.550071029918175
-0.256599027996349	0.439842386319075
0.00689781954142527	0.00987964134197848
-0.521861395291092	1.389272410463
0.122005728623533	0.254246641264281
-0.161125723263423	0.519206094128437
0.0733989439837448	0.142787643918559
-0.624911465639432	1.30551301065969
0.480509844269603	0.999136953668114
0.409097976699483	1.1913440875705
0.19609467840018	0.37754550487227
-0.220522174664162	0.432198497287741
-0.0597582088320104	0.155886479042859
-0.0119964803889215	0.0248277888644975
0.194732742592588	0.535104344168532
-0.0220852580069786	0.0384844703852539
0.248208539754898	0.685700704118897
-0.124692441059568	0.358624797469112
-0.378481200128047	1.05862291151806
-0.172467886221032	0.551505121662246
0.124214835744296	0.378495349207459
0.0334938122070551	0.0998940987419573
-0.039704781269694	0.114878127513372
-0.243576307621523	0.555134816982972
-0.0680847444537913	0.114899438747727
0.267407448719951	0.651439747092364
-0.259371145909069	0.445977183690664
0.453536959448513	1.31463509708665
-0.103787452844987	0.254603145150883
-0.0908453827730048	0.145479462143117
0.315043300675183	0.470100870846426
0.00353303000991601	0.00364865302201349
0.127108558224227	0.129538016030822
-0.121873879507114	0.117570519221099
-0.0191397509914668	0.0205958666741153
-0.0778722884990359	0.1363110602068
0.0316532845472701	0.0869463689169009
0.00331094265656614	0.0119333832479556
0.218404734832416	1.15149140766233
0.0296616089505086	0.0873449993541675
0.193975947736161	0.85714136180412
0.283251385567873	1.30343732943354
0.2246041201584	0.707713570693295
0.243856198342348	0.969047112330788
0.0320235025690444	0.074290382084977
-0.177059121332201	0.274978860448836
0.0615238403985417	0.136833791031104
-0.022681867985856	0.0575816295237355
-0.0123581935308626	0.0341614934069493
-0.0451009748378969	0.155559388703557
0.0677182175123037	0.252870284949757
-0.0036221730073977	0.0110294027475114
0.0138864216593309	0.0443887611114817
-0.0882294972441887	0.408707940455037
0.00226302747892749	0.00802873128423788
-0.0339869463160734	0.131682941747055
-0.0203990072829163	0.0775613041452268
-0.0141292162465244	0.053492167062463
0.00698290218517032	0.0253704376174836
0.082116663352663	0.407289250286041
-0.025997985229278	0.100546796874586
-0.0210377118743575	0.0806344699042063
0.0231108724852635	0.0912071310774225
-0.0152287335546638	0.0586350074224314
-0.00728904970094096	0.0271972233619611
0.0514747686474411	0.228634301060095
-0.0586715344486418	0.267107786562986
-0.122725991479864	0.684836815811655
0.00661993539983332	0.0246368747107314
0.0175278936148256	0.0677950199282209
0.0641324627672495	0.293170632978585
-0.0661136207309795	0.307639538329882
-0.0476191587339576	0.198851794946794
0.0128958875661564	0.0435602041907655
0.0506355818375427	0.200139177974336
0.00112629533561742	0.00369718487343881
0.0978015664756584	0.469756867429563
-0.298725672819394	2.35773448078646
-0.124288676349485	0.587976339117386
0.276024687099746	1.70045001242789
-0.0318440738157955	0.104908730527402
-0.0749158870802633	0.28749788996575
-0.0767520116273023	0.259106470013983
0.173760007046575	0.777308762676033
0.0613325367205003	0.204433751583091
-0.0417918019342051	0.144329397718632
0.0580417157379604	0.188070728332769
-0.108208327436048	0.332409987302525
-0.0635932868295678	0.163596918445792
0.102979997857822	0.334918071678541
0.0285608496812534	0.0722269781317605
-0.0218993503252993	0.0529445559124597
0.0244448929853434	0.0678192401448587
-0.154162501517551	0.606199162840779
-0.182298815048833	0.697918222995485
-0.214814076874368	0.884225818426828
0.0431609361741537	0.113391646996474
-0.140436891881077	0.499351057180844
-0.100924457476859	0.337463986333352
0.101345499620727	0.363683681948073
-0.0725605594446827	0.232320587930381
0.021611649779064	0.0619038655030092
0.0382775690071141	0.118265356468214
0.109930398025079	0.340440030522539
0.12331113459539	0.345005975256293
0.0321733744813694	0.0802037927014334
0.0515390147929094	0.124207745428115
0.000106369092553562	0.000255705142383554
-0.246327930843097	1.07541401657912
0.049391250316261	0.125483643854463
0.0974921041588424	0.232919348876655
-0.214925345356475	0.587940148720809
0.0368176418427205	0.0794432856659163
0.16548863662049	0.424293998971961
-0.0865837017926402	0.206546401376783
0.0343011480361267	0.0858788076913884
-0.0794366757680465	0.246737740528142
-0.0819412839318183	0.335727237292198
-0.0360118880415374	0.13319233897423
0.0948895511872595	0.337682973852311
-0.0932543197476542	0.361701639940541
0.0300939509613858	0.0982756648015476
-0.0760987775616019	0.248248296167034
-0.199724308458609	0.806185082610702
0.0562953880689046	0.15302682867782
0.186917285719356	0.766086763453088
-0.00424462079032471	0.0103200965693141
-0.0298028996916338	0.0929146355738316
-0.10115638912905	0.412391852323574
0.0303172254471464	0.0999087957960123
0.0322894543478556	0.10752573754625
-0.030886115386397	0.121864439345497
0.0121543491551099	0.0459784116170591
-0.0141545653527664	0.0515160872688067
0.00521476471744436	0.0188152487291619
-0.0656326525020715	0.305687924663127
-0.0171074764377517	0.0655819529463121
0.140395794941133	0.835288276903949
-0.018816903350653	0.0716406286053672
-0.0643165340870792	0.279156293619351
0.118304443734583	0.626870753369313
-0.0469759810494988	0.193220383251985
0.0724992178121383	0.33946698702514
0.0357412326325216	0.148435025812878
0.0372933291317138	0.155800695699366
-0.0868812072759413	0.43071807325294
0.038314988535221	0.16109957510349
0.0587010769148119	0.268009463864752
0.00330758594301857	0.0121351585786651
0.00204390151930364	0.00735347681550135
0.0319724618235262	0.129425245057572
0.215568457919794	1.25744222508246
0.0978101544860943	0.504233156380925
-0.0947350679686453	0.409691478997574
-0.0167591175750908	0.0618019998882528
-0.0338240804955203	0.135220083240314
-0.0880254011199873	0.38612526474846
-0.0471045992213633	0.173789598312367
-0.110234150361013	0.47243855474659
0.0750555212019598	0.29573566908813
0.146214161054676	0.778520623426131
0.151621991200134	0.761768279663711
0.169809299317112	0.822206275813192
0.00354140409784164	0.0105721484920607
-0.170775379843704	0.778917016616307
-0.0708388386290041	0.228333911286943
0.173320937243726	0.697519027885079
0.187662301862156	0.754761283177078
-0.0909629724376899	0.277067274167737
-0.13272557185691	0.470418070550773
-0.0436185501419427	0.128606983087468
0.0218856237577283	0.0595222019114218
0.0598278688543911	0.189306390432785
0.179030463288723	0.804020968093558
0.137734796332272	0.485809311048401
0.145055925064786	0.64449463372088
-0.0151742556042125	0.041465992049752
0.131582469130871	0.498686968766337
-0.121827610529299	0.430490810607154
0.0301744524269167	0.0874605726549913
0.0177513181439762	0.0479994309407059
-0.0230362923583312	0.0572026200175649
0.0955033486464637	0.269166982549816
0.0705746962357163	0.206231221709503
0.180370072656903	0.675693771004106
-0.0573054000366461	0.151448782918447
-0.0116952393646365	0.0313834952962122
-0.183882341339639	0.751699852600847
-0.0654397855718831	0.182607009450332
0.0667862493627988	0.189526259485599
0.130353600909873	0.427613475990542
-0.15995761581871	0.595254736409676
0.194809736252951	0.872418266195262
-0.109919544494962	0.343275805802183
0.181308225037071	0.710151024410732
-0.0499273846492617	0.188527458173669
0.135784267986034	0.619819776717667
0.129303621060527	0.548138608087481
0.131214221795828	0.624690119898058
0.0709206691458515	0.231395163735914
-0.215870112049557	1.01014485009684
-0.0296266439636127	0.0860836231743651
0.0876715499750383	0.298391225839989
-0.019512141329439	0.0484514332090369
0.00440837426023416	0.0124657690597539
0.0147174325969346	0.0460559790482155
-0.0199655399001947	0.0654594301482209
-0.046374748394727	0.166255978878216
-0.0247707520881965	0.0860524684153378
0.0413501980086887	0.164751494536888
-0.0533423333736351	0.219804170139591
0.0429554566244713	0.170837335278171
0.0102744636146548	0.0363291877765475
0.0347643056304778	0.136865959153501
0.000329334883245717	0.00113160426579419
-0.116143723103183	0.645987288781696
-0.0203124521303433	0.0773285669381097
-0.0271995645146403	0.0787141643378973
0.101505151269649	0.530711588847899
-0.153371994403542	0.920281814762333
-0.103142951850975	0.511973361015752
0.041057625179993	0.171040852477955
-0.0750829365120436	0.360942318807173
-0.0277883879214819	0.106748741915907
-0.0275790582607793	0.0966603568781276
0.113899367328039	0.410937956854995
-0.0897370710005415	0.39885278379579
0.0337565140477188	0.125064399683768
-0.154783784656135	0.885887148117367
0.000605866120758724	0.0018853344885055
-0.0945385991798566	0.388629749973978
-0.0483502635883357	0.162988219577723
-0.142779029795601	0.444645465033675
-0.0766355532263165	0.175985272087923
-0.031124496638147	0.0765561728251008
0.124641985559055	0.416990301685572
0.213282163188081	0.860156220169028
-0.00126975566040627	0.00385269518663333
0.0814676802040208	0.254779811662064
-0.214711210109139	0.587129643849062
-0.136193659700221	0.286977102721807
-0.234820070429516	0.769934254365481
-0.0452564284184245	0.0967561004740642
-0.312006081037494	1.1267366080724
-0.0152162709295601	0.0415468226510967
-0.00570182458784547	0.0143680413635596
-0.238456530156798	0.91774790609367
-0.118093805892834	0.379397707965439
0.0588408996071348	0.16575881959047
0.140028845514451	0.570698426988109
0.0846325147606995	0.22776922882478
0.158660043730142	0.62403171322718
-0.186365556297892	0.845117684349275
-0.111247011022066	0.487324864632238
-0.0503219721687892	0.165121090428988
0.176888424137128	0.524837318092944
-0.00977324337644607	0.0196798098626548
0.184832640063817	0.555622914189635
-0.000175840055418927	0.000298501280458379
-0.146671382610901	0.435330104918638
-0.0451380279963805	0.136853039065257
0.0783469419426774	0.204028669591287
-0.190708121321717	0.401534269084726
-0.00950058182772773	0.0173124652829755
-0.00495888924070022	0.00751038966071259
-0.0946772484268236	0.151119650210556
0.11984603941361	0.232762685002629
0.0108814282549556	0.0230981356514581
-0.128233328570292	0.543831860753334
0.143309986635415	0.843183143736212
0.304804441873599	2.22246113824322
0.0635713082127837	0.186658394767077
0.166809547462699	0.729943922507695
0.0909352177127538	0.324473861481411
0.153757828931961	0.372990846082675
0.266651307057362	1.16214557357307
-0.0386305706152428	0.10304703454605
-0.0357372353821098	0.105379075577577
-0.0178427948925803	0.0553551577456166
-0.0549420913606377	0.201150742174301
-0.00179456306801017	0.00588766888586939
-0.0205146340473167	0.0727821420611658
0.0317064319519732	0.121435099178964
0.00422966188330497	0.0147332496691707
-0.00716195370075112	0.0251388001708643
-0.149872253785507	0.88828727824829
-0.0483585395540338	0.200348518023145
0.0495225953858675	0.211642057541124
-0.153063813051538	0.953836279309126
0.00878099587563258	0.0319117202867927
0.00879120220748772	0.0329383870496841
-0.0121391117684234	0.0461718944863022
-0.0108208164421036	0.0406971423823203
0.0141073259378018	0.0528549878730431
-0.151900569928052	0.944488998419788
-0.113544186571905	0.599561736365664
-0.070024746811895	0.310579669484022
0.150004063699984	0.876162465228382
0.0310898481935741	0.113986898872616
0.0432102033434619	0.157974383378218
-0.377365237367574	2.80161118738971
-0.356534756022879	2.79476982955247
-0.0598507185464231	0.225915226184484
-0.297785099780045	1.3780266213907
-0.0256028819164593	0.0600000853805318
-0.00267537607215988	0.00583965389708222
-0.345601024752826	1.69112092713773
-0.0310116354858512	0.0826208074613135
-0.185702673275844	0.739125347175212
-0.0145517671745737	0.0438537019261565
-0.0148913624802948	0.0365681250066128
-0.293451031785803	1.08698539072263
0.159436442682224	0.442377382339585
-0.0661566788891302	0.158752525216633
0.0319716737244104	0.0732690732695879
0.0983952357085145	0.236633197083436
-0.0011611373003566	0.00287889135554902
0.0311844482488196	0.0754724099461908
-0.0532438585394834	0.129708634882418
-0.378956493783933	1.73519289433466
-0.107223466026622	0.326377178689274
-0.0276066169422946	0.0727974422577856
-0.0968143154157943	0.281800328377925
0.174881605504998	0.640948225809713
0.100872035316215	0.317759381896478
-0.155016974684742	0.630976639371783
0.00474391078124792	0.0126928909374346
-0.184640207201403	0.530058746391414
-0.0579271517108921	0.130732967943264
0.108865243764847	0.258558366163471
0.186110808883817	0.448898693268155
-0.142351804660979	0.399216702563593
0.0284051230157459	0.0699357832026384
-0.219015672125659	0.713325954730514
0.202857682809202	0.533196092103302
-0.0062154956901696	0.0105327681974691
0.0498703286528349	0.09034168998023
0.356291038413463	1.14262880732679
0.277871964063414	0.81528168057594
0.0498881160454178	0.127552354181059
-0.198736047522269	0.794107785264185
0.267184669970366	1.88161201511867
0.192122466576216	1.11478018481747
0.124490895218321	0.565050190520707
0.111498243242481	0.461875863959707
0.014311910080728	0.0353601388284531
0.112329367048007	0.290028400158641
0.0525646506360193	0.13096922437329
-0.0287749091242682	0.0740983003810658
-0.0302163201734767	0.0899971053355997
0.0425151788420573	0.145331196408084
-0.0185305175411921	0.0625561633272115
0.00366502911204588	0.0119048229597963
-0.0369345069906628	0.137976055709368
-0.0335584285352391	0.125545717799
0.0134723381863889	0.0470968146874492
-0.0211180337352454	0.0806361858624406
-0.115347456662192	0.585023342035385
0.0429453041209859	0.176165619055043
-0.00418415060224881	0.0153688420991793
-0.0788513990260786	0.384147766107972
0.0316708472658438	0.130323042306548
-0.0590582657388198	0.268598822688566
-0.0390193550591438	0.164108727889218
0.0481484084681277	0.201743744459215
-0.0563413231557194	0.25367259156192
0.0776662898336939	0.368327741215669
0.045058254224943	0.183737974455664
-0.135816687396309	0.783362355867619
0.0720718559496833	0.322532892211463
-0.167226744649245	0.857179879732967
-0.258102008843419	1.82924403172236
-0.0246475790859623	0.0829366285539105
-0.0392495668102169	0.131403338667162
-0.034441973826391	0.0987564454690101
0.286169001023499	1.33391306557118
0.0373682597456218	0.0936790409992755
0.356984450638288	2.18377990094637
0.102320972293032	0.378434083568106
0.0858528585751106	0.294790244712346
-0.298271542523877	1.88576695084509
-0.351807632370872	1.96093270719249
0.0870979710912281	0.244793687279924
-0.2088069635032	0.731151017927738
-0.21914799126246	0.808687696122164
0.298154457922434	1.23373553487029
-0.166348521729458	0.495126445912173
-0.0145468989904259	0.0372296806992305
0.105759270900222	0.338111420246078
0.158674882987805	0.542877934270929
-0.0257200708087885	0.0639392860237776
0.183015057815971	0.751997323913515
-0.224062664658087	0.905100436163591
-0.195171086884	0.768921456700246
-0.118949105206489	0.390282913751831
0.127230649858269	0.443309509034861
-0.126770701242319	0.467985273132956
-0.0255486469519871	0.073067665596858
0.0870776458098864	0.221151186788047
-0.135954760513613	0.332891287820116
0.240414887323853	0.702762081877428
-0.222324112369778	0.662286242838707
0.0251979812786542	0.0569334410972268
-0.077611727887047	0.231380595583932
-0.0182292160697482	0.0414314354672774
0.147554215876093	0.399146031106788
0.0284243435000162	0.0540505786319376
0.168338764761611	0.504650741018501
0.11216129520141	0.237074019968619
-0.319847402945467	1.05293935275668
0.0765553810811105	0.211908855683991
0.145120403458719	0.550209307696511
-0.0442323724681859	0.161292875508773
-0.0903881947797455	0.420492903995528
-0.0393544423476943	0.140581594607307
0.0376161092861028	0.134377735232316
0.300444513815636	1.79296475060565
0.175223417586265	0.557266895160865
0.199255081485259	0.77727297031615
0.32388184957298	0.662844621512691
-0.0316494152910393	0.0808427577572559
-0.0209153675161383	0.0625935657161632
-0.0106632028774284	0.033757455259231
-0.0545321270746564	0.202083703730673
0.0474787828782489	0.179720634293352
0.0170657912807939	0.0603913062793358
-0.0305119842801728	0.113390088857954
-0.0363155419101962	0.147449096087327
-0.0762492336510225	0.344935226866512
0.0562376447062258	0.239775038749846
-0.0475060755370405	0.204456157110207
0.124175708824347	0.711933111343462
-0.120882181830834	0.682288804443537
0.0725824480260435	0.348608517416695
0.0587062758170114	0.267253763557894
-0.0934023151396033	0.462159966994652
-0.00100375123725782	0.00364684602362715
-0.0450309871070992	0.191117021272467
0.00889077571478194	0.0324969251503945
-0.0792269425303881	0.386020094248514
-0.0518501375269648	0.218787499199037
-0.0998804955570531	0.423437291601334
-0.0482240073510094	0.183842227494024
-0.15412898650244	0.730179664163527
-0.227760244456252	1.50443261756024
-0.101166094441955	0.429029675367566
-0.136481331055461	0.557098073053454
-0.0480088460245215	0.150298649360412
-0.0969905187338102	0.379984301698268
-0.169392669679482	0.695507105275298
-0.0872750408389341	0.27429865853129
-0.0800296336936812	0.257465053591338
0.0322788725385871	0.0997506446249659
0.152532691246874	0.714165875360819
-0.0088393612813331	0.0251424017226731
0.0502229358792334	0.16487677775407
0.0262810665833413	0.0750483335619155
0.0531276676825183	0.14838415800904
-0.145049480860594	0.456381011029938
-0.339785547749668	1.40134738658221
0.21708645601057	0.851467778820645
0.0545823021840526	0.132561542944415
-0.0836321579044747	0.261913114011201
0.0134107896847001	0.0345746191130445
0.311044221546177	1.54353944336872
0.0898750499657554	0.295497420278579
-0.0450304493005094	0.125301444089444
0.00502145561404916	0.0131697788017168
0.0240131969402362	0.065861285017679
-0.106337497589128	0.348729435470773
-0.143463175354673	0.539804329799166
0.0327514280175304	0.0976741396996549
-0.0968324479994176	0.33028524896465
-0.20493746262984	0.696603429741355
0.0343939653154827	0.0796562325050393
0.00450198880014303	0.00925690439795224
0.189424367238824	0.570313382522348
0.0665200892908253	0.188868028983742
0.0827276579338279	0.238799484164426
-0.161225659588054	0.585260719695106
-0.23483327407325	0.741023014051717
-0.170321247941597	0.468361766259626
-0.113864506110704	0.280989020604957
0.0205750659095043	0.0408064483731914
-0.129200430091158	0.348451191160648
0.124259976651492	0.392117110400735
0.205117456534089	0.814341652581922
0.136761472543301	0.570233353530393
-0.0462810300161517	0.183818141418343
0.133441117335549	0.632840488426046
0.0556672924419528	0.141777723851042
-0.00619102962145705	0.0153026174489262
0.0147776702812823	0.0185230104657318
-0.0187466526354546	0.0463975884507539
-0.0461355906992699	0.147524842013152
0.0520298192453532	0.186949685019393
-0.0689313475975738	0.269995719752601
0.0427839987488847	0.155911293803113
-0.0379996094274907	0.140035957489344
-0.0143602119885264	0.0500097982282031
0.0354910451928525	0.13809695718598
0.0772747852627644	0.373906549736155
-0.0132723036390616	0.0430548237820797
0.183852824145229	0.554824588697329
0.012035329923688	0.0389802376985434
0.0117912569917625	0.0444160416206236
0.0498695653932036	0.210495333993519
-0.025959724828866	0.103464076943253
-0.0615703443119347	0.283164214529509
-0.0374070444390637	0.138070353176757
-0.0968924678832637	0.364452650395685
-0.242805603451402	1.21831973009131
-0.0284962949557631	0.0815141017031495
-0.187916468335342	0.535907824753215
0.143419015609295	0.248999656184694
0.0177295141674645	0.0426944936232875
-0.213524633971499	0.560382686877951
-0.00930310740140559	0.0151587985353609
0.151665288643704	0.260529682953138
0.0789424352446159	0.134123230425556
-0.175930600072656	0.412890997992461
0.160697397572712	0.426018029174137
0.105022887134175	0.349339693995421
-0.121416178362821	0.301096445507964
-0.0752075550725249	0.107859104908163
-0.441513128073712	0.904706784005637
0.207494578347694	0.518617239299695
0.086421289772297	0.162065576570622
0.114670468409805	0.220948830796329
0.0742178892165162	0.213206602004896
-0.0544643234518913	0.139637775190314
0.456412013594724	1.94183957999503
0.00692411280485723	0.0137370813786936
-0.0307310371226425	0.06567159757268
0.0883189418592114	0.273099116865459
0.168086928454841	0.450878086379621
-0.136129292917366	0.430322944097484
-0.137818116527201	0.488513144481079
-0.279466753194372	1.65297645516505
0.12840454141629	0.524399029798526
-0.250026686503936	0.689928931462298
0.013146723115977	0.0233782312008779
0.185718213744727	0.407942454441708
0.464064674323796	1.14182418799095
0.203041289318642	0.501844025837143
-0.126832853504939	0.388735150061058
-0.162074986000918	0.330941447855948
0.213772737703473	0.329755536672652
-0.21589309403601	0.307437503775375
-0.31575342325463	0.420519114863677
0.175204584210102	0.231916959517102
-0.223211141033976	0.348856653354513
-0.240744416225296	0.620523653001523
0.190651774881659	0.803840537562523
0.0291743335967186	0.115760352710793
0.100649218859761	0.411684866029666
0.0160490766534452	0.0496146701422656
0.206441867379707	0.800603315448129
0.0674553329050818	0.109933297711949
0.512667963891204	1.32819758673767
-0.0262458898504045	0.0661140632376472
0.00749960426107285	0.0215835700644871
-0.0230922939478699	0.0740974701282678
-0.0589423182033992	0.215446333935623
0.0120764574699327	0.0388961266587178
0.042450523982862	0.158007935358225
0.00265616301225592	0.00902943481279546
0.162134820357206	1.04208729217507
0.0858695466547806	0.357521968554926
-0.0574090415316755	0.148240451864384
-0.0467967278066525	0.177757450974371
0.069648982864439	0.328498677106273
0.0795836114883221	0.375145344898345
-0.0329696916257207	0.134783625432783
0.0309052073765789	0.126846827962495
-0.0699533536108447	0.274052140042697
0.215279144793346	1.12951996981376
-0.0439461867405749	0.113597129309819
-0.0997400133980064	0.400580022432727
-0.0300513897685151	0.106936176230619
-0.0889115688125603	0.294964492048583
-0.230170476110364	0.766497786901154
-0.178649376740106	0.338472525022037
0.0366750117587817	0.0879175474344673
0.210195518421105	0.576752412134896
0.203538713047393	0.528851626508592
0.258681606120768	0.601394340642383
0.276248428199335	0.733621412612969
0.0328865282087808	0.0630872370979319
0.0926047253904554	0.211386269398988
0.0524592896307543	0.137870672154678
0.256616262546163	0.830132493312662
0.195294187587924	0.356758230790543
-0.074233539247593	0.109759190944819
0.109971241166462	0.243864195473919
0.220792102532787	0.550314726325401
0.126302435874075	0.266738185830355
0.311216346898986	1.54873470820653
-0.0206872776196152	0.046477337182284
-0.0351238484807813	0.0704271214717133
-0.126568598494841	0.33947875003878
-0.000946907323859507	0.00197046268342222
-0.0609686748676501	0.176868501884823
-0.489989801762993	2.08231190434779
-0.136916746503824	0.457632487528786
0.0583115801884615	0.17157654401019
0.000899697461355232	0.00260829248861972
-0.0381028341217198	0.117704610664796
-0.425815293749337	1.43989455165162
-0.145318285911672	0.306547483883679
0.000395105882971343	0.000716491511817714
0.337946267792692	0.82424395532204
0.254621789288754	0.669083910796524
-0.0256630496808955	0.061634082869752
-0.366337946753303	1.06692982978236
-0.10132707172567	0.137151536383445
0.0275815803495518	0.0343389615362017
-0.258452746646054	0.464796075037972
0.363589026269931	0.650929297439644
-0.204631978828862	0.311297774331499
-0.283707659513371	0.831611501805163
0.016877480153466	0.0429563843574472
-0.00609454928419528	0.021998480696615
0.0320391652133721	0.112059193316116
-0.0084397754273312	0.0258089934447396
-0.0102560845428039	0.0250021861601905
0.00361559695801295	0.00960877244366941
0.0664762488605174	0.244037679234732
0.0383093652519455	0.130576964696486
0.0065947764467437	0.0217672336436372
0.0506512231038191	0.201128310305703
0.0325099344216822	0.130814223816272
0.00853824587378038	0.0318417020045864
-0.0522121965589043	0.201547221543697
-0.0274970208296704	0.109206411405948
-0.116601858348885	0.648684406176959
-0.0491251204287685	0.210983818553628
0.0711914728417672	0.327281144579953
-0.0198827507148197	0.0779382141966909
-0.121716032851662	0.628074808561034
-0.0450894509370078	0.175740110636383
-0.131344466085893	0.577189121160985
-0.114458266754786	0.545910941126713
0.00812530717141129	0.0240099800079225
-0.287827891028191	1.31189645858085
0.0426597967697075	0.0997658631667561
-0.0579608222725854	0.164582774970422
0.0677462089264639	0.177308859071408
0.117075569272639	0.303331275934059
0.0518588230630169	0.114252570013522
0.21475647107178	0.709506384136875
0.360091171338986	1.52514769127411
0.0554042799934854	0.14674337501399
0.0840840249269431	0.255832084480284
-0.050784039148312	0.130914275505416
-0.0579252949917052	0.11461545849619
-0.172073338610632	0.40487539708624
-0.0132669544210836	0.0283275150152058
0.0430557594034132	0.0887742208207872
0.0202215760049009	0.0398938681195958
0.000397637750205813	0.000977507901190749
-0.142214147777663	0.452685148496863
-0.404075458324798	1.88201529162
-0.0505243359053623	0.128317576405492
-0.109237256405651	0.313733171372459
0.247286996463756	1.10829988029962
-0.210519927658537	0.71588275804686
-0.0789264341657587	0.253023045491591
-0.0355869755945163	0.100566272939152
-0.059024869883335	0.199662451281552
-0.033753790733568	0.108398621909587
0.0808926002047225	0.190963678994814
-0.142042821502008	0.352564010115
0.140429911816602	0.385058676416481
-0.252061311400052	0.69323336597841
0.0201875609943884	0.0384437422876864
-0.0541639173542543	0.137221748656867
-0.292826402038916	0.990879937310612
-0.223270518179176	0.492252482719215
0.139176589620482	0.270834690154662
-0.204104551468462	0.407661502710447
0.266107916872906	0.583855080310513
-0.382902189047618	1.11954103042304
-0.0192572093367053	0.0419076456087274
-0.089234926034906	0.262149618876162
0.00983836745687481	0.0336610034303158
-0.192319022668364	1.10663027126175
0.0269323137525374	0.0914119844369885
-0.0250538663867337	0.0630564904044034
-0.0434001176224084	0.131954964190612
-0.0130452037598452	0.0404070194869701
0.0134581331775695	0.0434539484269805
-0.00509435407786148	0.0167155355150237
0.0359824329715797	0.147474865756451
0.0426028884436671	0.179194952707506
-0.0218541672726994	0.0740376641383282
0.0622925637648624	0.282552951982575
0.0696436306380309	0.3297700801056
-0.0105977399629157	0.0388959447544435
-0.0428342569547339	0.181418155177302
-0.118110658387121	0.543611066645661
-0.0267366220728077	0.0890066093635702
-0.14635015785896	0.646119993974278
0.0239227030067455	0.071742623530199
0.0125392958909328	0.030479044904478
-0.200003756499415	0.64700982044966
-0.0820621207300331	0.270073614285457
-0.252305751446513	0.995502428191121
0.000574727136945943	0.0011454599467975
-0.0531611337052448	0.120937485822853
-0.0551285611838131	0.140458122150929
0.102263649580896	0.317896313140122
-0.178322635149219	0.58904609881032
0.0702219972724803	0.219537734337821
-0.0100913076677878	0.0224066359177836
0.20572172672429	0.599136065094334
-0.29006605030631	0.823660105628529
-0.0138370004931534	0.0280057950416511
0.0518174731147766	0.109773267169249
0.124312073002065	0.289537854785391
-0.0505782073696074	0.137363256607444
-0.0706545861476508	0.197012011542878
-0.0002572907485182	0.000586403042154175
-0.246978359023296	0.901235184169288
0.108123912755995	0.317959079427887
-0.0473825744550045	0.122805426805028
0.173135770871236	0.591582903533057
-0.00327041371988362	0.00792142908368437
0.0440451577437758	0.130641961886033
-0.149328393090692	0.660663612702902
0.130767197584529	0.557727355417931
0.0321350942566576	0.0699207073174937
-0.141458028345061	0.32739601271728
-0.106836013650889	0.250891132227575
0.182070046637701	0.440083067638988
-0.203976311757342	0.584419347318335
0.193874485385127	0.687708731051679
-0.0359542730293413	0.0758737264210002
-0.206068986674049	0.486259896254254
-0.150624958578912	0.287085069291975
0.0245817797238288	0.0415255971947273
0.158563253984932	0.32213036104346
-0.0457348238113894	0.0790242105860075
-0.00106730421036358	0.00216700030288447
0.0335496160432352	0.0841720645981276
0.0475172814337934	0.194110338019048
0.00818070621949447	0.0264656829872447
-0.0167932210564167	0.0412199759685338
-0.0240516055288185	0.0706846362219754
0.0243525647147171	0.078979423731406
0.00988388820641913	0.0319797142410001
-0.00286043127383114	0.010293281041171
-0.196768468364959	1.25768176778479
-0.260921805962499	1.26243457599411
-0.189464159881246	1.11347875276629
-0.0291612027989466	0.118618524604088
-0.0673496814248721	0.300199121426641
-0.0733530194673046	0.26629028124419
-0.0671699034191045	0.161583288799848
0.0987715204007775	0.209827343274622
0.109368609265024	0.340361678183877
-0.244347024188634	0.70681829457526
0.136449230153944	0.290550720892053
0.0066542713300102	0.0106856790661003
-0.290212238144788	0.869704287100089
0.553462620429974	2.36861364965612
-0.0423981762986397	0.0830940097112832
0.0314883167668898	0.0775657976623285
0.00485001020719287	0.00927545082986718
0.327660760218848	0.712053723917525
-0.0510938853019213	0.0749748591772192
-0.273448098876791	0.690676863428056
-0.0490248144095709	0.0792869177745112
0.152761529567239	0.315692074980132
-0.0870791919271972	0.249725023870094
0.152831980914942	0.432604929732992
-0.0213101082838776	0.0458623622876301
0.0137929733798549	0.0289911971972093
0.0822484198288404	0.205874483687765
0.0777371109446022	0.203735540863936
0.127701080479498	0.304314733638865
-0.207678174336802	0.709318982184013
-0.081160113111522	0.224824033305051
0.293618347663667	1.67596000661357
-0.232418606266028	1.08656162586325
-0.000760290273226583	0.00124234849709465
0.206822253172708	0.494681006412292
0.104387582709355	0.214923228939938
0.111011040386105	0.18680521300549
0.182460939379741	0.418335978949056
-0.0176200608373642	0.0377373757959542
0.0580454936088889	0.103495558809293
0.0206567851820923	0.0251993868077472
-0.107505399426837	0.15469609772582
-0.0875489413089651	0.122166531314954
0.235328735310314	0.360445195933834
0.418786160380942	0.911131451151012
0.216597922788996	1.29414948726539
-0.0317609686049461	0.0816432027222014
-0.0248769600822981	0.0717692990954552
-0.0790323072595393	0.303196497380765
-0.0775225551046695	0.344465243840851
-0.0487917622554051	0.199149397428492
-0.0102708509043012	0.0239671299201548
-0.101581970175423	0.242486067095398
-0.00350577846543013	0.00879533625786738
0.120686410931328	0.392042870802947
0.107514313302472	0.258902988681093
0.0253441026890222	0.0487440194252981
-0.051185395554807	0.116393075582752
-0.0552132367642006	0.124920179588181
0.52825237939714	3.19655363199072
0.172397844757278	0.685634064665682
0.171234848782371	0.547234207218672
-0.178902241048939	0.368813512899882
-0.0782708623099737	0.125094879186978
-0.166029329031005	0.421799832701366
-0.328652995524637	1.08922582940285
0.249551042497632	0.738338015721781
0.202953268181986	0.822929436168604
-0.0863059818586268	0.245879855951756
-0.0623043626704886	0.16557667562518
0.136289102041734	0.423623705482792
0.0318210793706248	0.0768754625241813
-0.193574853779808	0.730098013483766
-0.290684282040386	1.1867798810623
0.287914801568059	1.46823757762978
0.016587496296793	0.0456659752067445
-0.129503869056512	0.55682378826481
0.102697803409876	0.411023186488209
0.015228288064578	0.0284294499495031
0.0106180610395039	0.0207503484603745
-0.0448365410254122	0.0947938448424144
-0.0590876135362979	0.108130543763718
0.15877633281134	0.426171815165899
0.00569343211356383	0.0129687072113936
-0.00719611771309398	0.0128413396066484
-0.0154746883666566	0.0217907366818916
-0.0422643139514486	0.0586640937712276
0.143445518822506	0.236698119915226
-0.186253901118579	0.329690352026564
0.239987511396065	0.54545972344328
-0.026697045174453	0.0675026207540157
-0.0168971357822127	0.0489417756146709
-0.0127248140688754	0.043593485271523
-0.0110569578713427	0.0418724529432964
-0.105172593742166	0.456165619777409
-0.0256294053682251	0.0682853950845495
-0.0722854028640061	0.183877604172139
0.102969791238407	0.395764070767733
-0.137024559842227	0.432400054901228
0.41148467665647	1.94920794405391
-0.158682339176833	0.436543182754895
0.130866323956091	0.402556093573705
0.00725610372523062	0.0171362750173777
-0.0507524889524506	0.137911496442256
-0.0646151832662395	0.220980036394197
-0.0548055395721303	0.151533085427725
0.0336181086929265	0.0667187096011627
-0.140083092647608	0.279767225556407
0.0152320032292143	0.0326424952604911
0.138233206475406	0.351042326801977
0.0725406232306711	0.146576189737568
-0.115411358379658	0.452989316017715
0.0818059940853177	0.263867688724377
0.06404576395467	0.171153380910946
0.0371426550328795	0.094225829659587
0.0683087276526155	0.192039477684816
0.214216071930364	1.04900810787005
0.00118244275452819	0.00272577628603804
-0.0627036925122721	0.187402928421637
-0.26456958032561	1.49256544884031
-0.0465110006036007	0.174308903305533
0.25389690596279	1.68418976290062
-0.0209341434707702	0.0441898174238095
0.179132857241191	0.568297869486218
0.00807916577758939	0.0168398618285497
0.164941855298658	0.430355155092626
0.0561387214467142	0.122944712079679
-0.209589105903399	0.966000110934586
0.112589071386326	0.285123009601098
-0.218669148446295	0.502920614348985
0.457294457523296	1.33098158773683
0.151573941080113	0.286702636445479
0.859282659832718	3.56337797547015
0.244957935984153	0.570411698396484
-0.0189509788642062	0.047999218775655
-0.0157182740255253	0.0467102918925818
-0.0648163134046081	0.24876703709228
-0.0416668402828525	0.166314600232075
-0.172368824915501	1.11056804243121
-0.0276991460328094	0.100603345689049
-0.0467330603036301	0.165836350473143
-0.0877387819823528	0.414319021096912
0.0194017858275852	0.0646219087002998
-0.135839035772144	0.561743048219825
-0.112010606451626	0.456241866929329
0.0131836987941576	0.0431833072745139
-0.072050151061591	0.291346681499217
0.138926696351872	0.68060831906487
-0.00870063026613578	0.0305904603134995
-0.0871437200267674	0.354536648170815
-0.0810388408958963	0.254408979572069
0.232007602411228	0.944801422798471
-0.128895303829937	0.475891500118494
-0.327680341881548	1.76387197241229
-0.258691466028433	1.13490678403647
0.0792980122560163	0.34467106169871
0.0871838870038275	0.365273243438363
0.112990631157227	0.453016548243582
0.00861316023923267	0.0262698882432313
-0.13898938836715	0.629603568079752
0.119802165526321	0.56526858518804
0.0124353079053585	0.0383204676850539
0.140046041498931	0.68257312992814
0.0842287674624385	0.370136977025554
-0.00952359704217835	0.0344220708936493
-0.0298288868385659	0.11148568202634
0.272652981788982	1.40691271189374
-0.276062504193694	1.30971247084201
-0.0572299884944876	0.168030942558796
-0.0559585985295449	0.160068354569447
0.104776104610991	0.353800307059865
-0.125504708330508	0.569951310274609
-0.10945631864926	0.378708671352267
0.0827231086591995	0.225119102378779
-0.0135593095368402	0.0333780494507408
-0.00181830745476508	0.00503734958757703
-0.00661285068971978	0.0204356417533047
-0.0446419902425721	0.154386710536326
0.0160632308176431	0.0613460995519423
-0.0124091290185579	0.0472592689987097
0.152610284433436	0.936865918162822
-0.0710407478608826	0.338467675874395
-0.0145396447067587	0.0553197833682785
-0.0101342077475938	0.0357047666636332
0.0295868479338647	0.11537894830697
-0.0378372317385641	0.157204566132651
-0.0290160171016388	0.117464374639755
0.180524252025716	1.22169700713863
-0.0114186169343483	0.0432535521393913
-0.0709113894040875	0.329523198174193
-0.0220384001642308	0.0751194185688055
0.173141588034479	0.856613268175573
-0.0672261501883852	0.281027485487256
0.0155596929878764	0.0515837430687444
-0.119364611760159	0.529379261159243
-0.0680870671861645	0.312310320870351
-0.148199167771889	0.845074924070884
-0.0418447148111589	0.160650929032574
0.0809633561057737	0.363734842613375
0.103055546054959	0.502897160082016
0.211810640487636	1.38400834826704
0.00614504959161653	0.0220274113894887
0.0628360734255918	0.278547248878201
-0.107698892118298	0.540996108664622
-0.0761187412117238	0.35751718818118
-0.0870937994537607	0.434092565305335
-0.0686558566066607	0.26976805217446
0.110470325971833	0.446855945289393
0.0162477391701999	0.0511125588011817
0.0615348925129704	0.216192753439482
-0.168523512615885	0.912126777856442
0.0357835267012382	0.135488756755455
-0.245571705692527	1.68461877956088
0.0948011512595803	0.386038847661932
0.168717311266337	0.719909439067734
-0.0109511380874598	0.0271649160123773
-0.00720878185006481	0.0201275273774074
0.0163314307524537	0.0487281774908153
-0.0529648097808407	0.191068197908541
0.0279065445512699	0.109590661630215
-0.00461688900926556	0.016369093148459
0.155205140033105	0.941285310745015
0.0494494755503404	0.210410605567599
-0.0151605115572858	0.0579026382816811
-0.111625089399987	0.611122339104489
0.0886169281257425	0.448151818485438
0.0711640898626626	0.331873344130679
-0.0183794867393508	0.0698494103210199
0.0636901265666963	0.290183405963713
0.076794116751827	0.370690790587934
-0.00343933301135767	0.0125930162136833
0.0279266084788487	0.112580774309998
-0.125822962046317	0.71520671870411
0.122694491208005	0.694525095999123
0.0322070331085076	0.131812431012741
0.0668330338977528	0.302995852742403
0.129489139256171	0.725958759429434
0.0527325702463727	0.230700585848769
0.095289102266934	0.490884325890957
0.113363425867195	0.622512310985377
-0.059324052055091	0.269608779091411
0.104462865479173	0.539661380051887
-0.0436632437279664	0.18752375875484
0.0465282951251056	0.200470163869895
0.214306800065172	1.54936780363635
0.172521779567399	1.02058508318835
0.151677879972136	0.910541341413289
0.00273480392409838	0.00970488438339668
-0.00971789468693485	0.0353062909298039
-0.00183138706131646	0.0062801401060776
0.101930297123132	0.498184898196976
-0.18764472253797	1.20703673993098
-0.0111879758177418	0.0408221591841684
-0.0162718104108067	0.0620405681412568
-0.0346908711858828	0.135534690259024
0.154498448331185	0.903206987869579
-0.00633448980619081	0.0151854011826658
-0.0244927419182383	0.0712612587803656
-0.0134942567214072	0.0446712782242849
-0.0969888636498197	0.468914204079991
-0.0952862658656642	0.492420430414644
-0.013627836276393	0.0512578646702639
-0.055017921757895	0.243751935248487
0.0930001587041324	0.478314364748262
0.03698878248766	0.143880289035678
0.0169408670234053	0.0587873201810584
-0.00882107455051533	0.0320653506529706
-0.00637400991792154	0.0232098801790785
-0.0603688420042347	0.264201324087029
-0.0091232477922919	0.0315984597664811
0.0586648056570854	0.246923450150173
0.0721381804606074	0.312712922613323
-0.0408020474189215	0.166109896334635
-0.0177164303572141	0.0688738423093259
-0.0314295773175681	0.127153896454449
0.0691521399137743	0.312147924268478
0.00653629512626475	0.0235893661374042
-0.0603414311667494	0.276040301319196
0.0551667257046165	0.248569032000209
0.0124246200328142	0.046874730306947
0.207869667345274	1.18181552593764
0.120507980005682	0.637168290161448
-0.133047671111471	0.764593369814094
-0.0443175489375024	0.185975347177824
0.0504032638262318	0.219106983055775
-0.114035142388358	0.538090236324602
0.0979358339456918	0.51427788064804
-0.0401414704084364	0.160141024422343
0.0624669668273664	0.252938200628535
0.168659879435673	0.739768055744531
-0.00919953378953114	0.0267218928397463
0.0185435519678834	0.0724402988015498
0.0597440875309346	0.269953081944883
0.14856072152436	0.826395077217843
0.0605664149863336	0.276709001076204
-0.0297345983668493	0.11971011998398
0.106854497558569	0.458929356041744
-0.0584588656619975	0.265156132198473
0.050164864812197	0.220875805014777
0.0649586935453482	0.299242323975128
0.0497585485574499	0.214327943333864
0.0840339847228193	0.412967048492347
0.113577575753732	0.495782652422325
0.220891721778823	0.928783413732922
