x	y	clickSelects
0.011916762481247	0.0387458596402654	5
-0.0259185366211531	0.0890860886319952	5
-0.050851471283393	0.192006480565786	5
-0.062822403045727	0.129369478140968	5
-0.115323055679561	0.272470541805571	5
-0.0236411451120369	0.0471103241965566	5
-0.0638037025663764	0.142414421407844	5
-0.0785641182008052	0.143557587456013	5
0.00713376771588018	0.00903829939536234	5
0.0803597040952512	0.183218314110681	5
-0.0716199942563891	0.141814751623699	5
-0.0093845772548856	0.0142230656025445	5
-0.0296792803926781	0.0549033778911181	5
0.0944895114769519	0.196827846568889	5
-0.0722779209771575	0.149264860312605	5
-0.0278537870161529	0.0506921284640476	5
0.103231257276829	0.183108432821617	5
0.0349410064208197	0.0604899359422698	5
0.0612343684900717	0.110483409492264	5
-0.0622284492954512	0.123466793198636	5
-0.0624790589359445	0.0533261365365043	5
0.0231555172261933	0.0336480693234458	5
0.0131366356129523	0.0108627493400886	5
-0.0829538710244152	0.0701745136272748	5
0.097272031280047	0.0903269466982812	5
0.11010312208639	0.0946511653588998	5
-0.0437275285965055	0.0375826858087761	5
-0.119443032991837	0.0817659305797862	5
0.0691101391394713	0.0712345453357733	5
-0.0453084457379458	0.0389808120276177	23
-0.0325229502256661	0.0175705872871053	23
-0.0763095394748736	0.0858165325080672	23
-0.00482107647876882	0.0030962345553485	23
-0.0525643658890114	0.0371198403309319	23
0.0262737208205485	0.042303313262992	2
-0.0627378575941955	0.0644536439169421	2
-0.0306274495954857	0.0132786541811883	2
0.0649731188528139	0.0558416930146217	2
-0.0534031587990211	0.037728915095274	2
0.104626337026546	0.0743117398177646	2
0.0811682765453856	0.0640324192483855	2
-0.044706700876106	0.0351202838539967	2
0.0588395694490959	0.0296830259009945	9
-0.0720496638249609	0.0777258113868525	2
-0.00732562284022977	0.00586892607696152	2
-0.0302772042415481	0.0131294362248242	2
0.0458481564191521	0.0328532339605847	2
-0.11091308362101	0.160350958356203	2
0.0806332470898854	0.0791383707168819	2
-0.0758220448988066	0.0776798905346921	2
0.0639258282208598	0.0481177695792917	2
0.0869704137390554	0.0473385204838749	2
-0.105627626146735	0.0884865139213171	2
-0.0159625377482836	0.0427703392909938	5
-0.00831684043395083	0.0253666052026871	5
-0.0851402553118701	0.378266472483149	5
0.0153287692988708	0.0501737769484838	5
-0.123876870768036	0.610978719417201	5
0.0636863383452405	0.288975447728482	5
0.0762489982701957	0.369397733773505	5
-0.0503274682831801	0.220956741925685	5
-0.0683350775974222	0.296360612007313	5
-0.0354076563105263	0.0958229369353574	5
0.0213117561005542	0.0841779763011015	5
-0.0305426493748062	0.124699979974829	5
-0.00129270775976904	0.00446108142357981	5
-0.0372495884514405	0.135680015741668	5
-0.0968084069144457	0.459686126466704	5
0.102986780303059	0.485991258522771	5
0.0229164548532227	0.090003112151702	5
-0.0040315785527739	0.0136773930147949	5
0.120048856457501	0.622886569569132	5
0.0596714393802348	0.271095728894958	5
-0.0904786268090846	0.458869229415813	5
0.0467127802835988	0.165262226806496	5
-0.0733308840657528	0.276872642982254	5
-0.07909755709791	0.377885053239336	5
0.0909319101391768	0.423788552559222	5
-0.0643411889555399	0.253347987353517	5
-0.00262664281187843	0.00722621661440807	5
0.0616830960683352	0.265842940463178	5
0.0447484888344826	0.178267862246561	5
0.0537779442360026	0.206069406613502	5
-0.00167918282502625	0.00606622993247808	5
0.0262730368863042	0.100982735205408	5
-0.0654430669582941	0.288754875482096	5
-0.00157784550856704	0.00477402024617568	5
0.0129418897101239	0.026697363609508	5
-0.096057133011433	0.172439938505717	5
-0.0574775614148768	0.165269561545136	5
-0.0139589741114619	0.0442770350193692	5
-0.108188763565312	0.4319614735274	5
-0.0687335772308897	0.231790458408476	5
-0.104761127435603	0.231627495830285	5
0.0481007238787148	0.104686507638839	5
0.0932462575079657	0.141796484687143	5
-0.0551005872220154	0.099860623098769	5
0.074295958780753	0.134909469816839	5
0.0719111948586599	0.111642596644919	5
0.0277063213127983	0.0333016219408721	5
-0.0279602696524521	0.0326844090239573	5
-0.0783103408078986	0.112771399396815	5
-0.0201929235708676	0.0185931014745686	5
0.0540141193336335	0.0447225951549914	5
-0.0979378010843866	0.148983823724418	5
-0.041706492504301	0.0469618249406562	5
-0.024612602027033	0.0358134439936043	5
-0.0354208808596246	0.0345312768677506	5
-0.0335477323716555	0.0344671288040522	23
0.0248525361823555	0.0168821008557609	23
0.0851239945108601	0.0906786458530038	43
0.121109272199336	0.0905323363652152	43
0.0583765862367673	0.0585076519574549	43
0.0121264360471294	0.0347486669510858	23
-0.0129452388139395	0.0273761253276286	23
-0.0503748679399991	0.103437181491395	23
0.121939773253883	0.274228801402229	23
0.00736367879906169	0.0115884312240391	23
-0.0855804687008727	0.0725369382967155	23
-0.0504239813228545	0.0633313498700052	23
0.0934479263518465	0.0946600322367103	23
0.0104373509051079	0.0249126497808236	2
0.0367251927454661	0.125327123383325	2
-0.108728079308266	0.534110648636755	2
-0.0864081313372345	0.385797030223891	2
0.0367416441455762	0.0509490467324179	2
-0.0265876675016767	0.0516660705337853	2
0.0416745020935284	0.0370843146332787	2
0.00729041808051195	0.00963851993413954	2
0.0943153295605031	0.112018081592329	2
0.111459948721068	0.138804913017283	2
-0.0931115540710388	0.174874680608304	2
-0.00865250987116164	0.00890007563162716	2
0.0278849150742234	0.0239541725161045	2
0.0112142841557813	0.0209959706157749	2
-0.0830289118311618	0.239664259161423	2
0.0870572727275243	0.266048919907153	2
-0.0382861937280182	0.0888791273371997	2
0.0307251509908596	0.0570661769972886	2
-0.123954996734768	0.225338975706044	2
-0.0383460382864994	0.0352696351688688	2
0.0974587153669386	0.131460902925466	2
0.0392535436182597	0.0540502987577052	2
-0.0832134395663967	0.09762145179905	2
0.0241662724946454	0.0309862239211381	2
0.0219277195424913	0.0248626321903375	2
0.114884120299461	0.171749485159915	2
-0.0607427537203301	0.101202166065991	2
-0.0854688360203227	0.190333075103113	2
-0.0167120949172589	0.0284288178903129	2
0.0937783591919255	0.156937990062373	2
0.0312917677209066	0.0413640458585857	2
-0.0857406674995538	0.0923926945679193	2
-0.0769991916227517	0.153510160337969	2
-0.0545838224748392	0.0385838556816666	2
0.0602815919226656	0.0381935818790105	2
-0.1188813252368	0.151133879953551	2
0.120971216982067	0.132987480166389	2
-0.101801061051948	0.146944050428175	2
-0.0460638948112544	0.137481459237162	5
-0.00831384166265718	0.0243638316468301	5
0.0259431633760046	0.0904713012917692	5
-0.0819811425689418	0.348532942662205	5
-0.0365214710376802	0.13454595713582	5
-0.0409703013707044	0.161631912681814	5
0.0775753769736039	0.379364460351793	5
0.0485518147836693	0.212963500094804	5
-0.0532653492261981	0.236238859769415	5
-0.0146092460189398	0.0527265011431617	5
-0.0693973812079712	0.3271826191096	5
0.0558275893506269	0.244090026168716	5
-0.0327168030840604	0.133932271317483	5
-0.0136664035536778	0.052286609614649	5
-0.0520718987082942	0.224598232013157	5
-0.100998236779935	0.515093984304551	5
0.017071173195403	0.0658972466637955	5
-0.0768319279966925	0.354079334900991	5
0.0733514419150565	0.33690342200433	5
-0.0626263663233114	0.264277768315927	5
-0.0254014352935395	0.0980434926732996	5
-0.0376701814561868	0.151036210055385	5
-0.0146112579585947	0.0561276180645531	5
0.061578892352721	0.282162178450631	5
0.117404418583191	0.631609187904278	5
-0.109183621333252	0.589920697047087	5
-0.113545043799247	0.603453713909223	5
0.0879430577445897	0.411974260463115	5
-0.0559668122924065	0.252492639668283	5
0.00716113251968074	0.0266945590129229	5
-0.0761492356226906	0.367137639589602	5
0.0876963581680331	0.419691294651752	5
-0.085845009672979	0.384195253514568	5
0.0788978675009021	0.339977276158982	5
0.0366580568502649	0.151173638260596	5
-0.0602989354912623	0.270484528737211	5
0.00658624559868594	0.022117910330904	5
-0.0345164816010962	0.104938356386446	5
-0.088320675672572	0.223595990347348	5
-0.0971631521315469	0.23360461427468	5
0.0208089731537994	0.0555342615024578	5
0.0995422687875813	0.387029747488096	5
0.0315408165461198	0.119475623922245	5
0.098219729977042	0.416306162682414	5
-0.0415034660880851	0.0941635477929019	5
-0.0583104522958125	0.107257625969342	5
0.0588056568924996	0.124171797754352	5
0.0999487342598108	0.2258587562156	5
0.0899832264352199	0.173665793445328	5
0.0212860003597474	0.0367604636641427	5
0.0524948785157147	0.0711767403931727	5
0.0419285383461997	0.0543411839759449	5
0.112279838316451	0.120214607476355	5
-0.0441389448307421	0.0575703101728086	5
0.0709895424951717	0.0974035491659222	5
0.0891674894046693	0.110184206922218	5
-0.112102060689908	0.176319725481844	5
-0.0854619590941983	0.159498397284883	5
-0.0237690471828931	0.0244947034431844	23
-0.00917724429627067	0.010308752910053	23
-0.0597450968535695	0.0700265222381486	23
0.017864499705146	0.02273448835818	23
0.0823570311601956	0.0736936878854976	43
0.056612215046636	0.12580111440914	23
-0.0386025729221386	0.0633302348559991	23
-0.044097394726522	0.0676441595807992	73
0.115285254272149	0.135312926113427	73
0.0538124615057188	0.0188594303236313	23
0.0783310867245704	0.07670749523606	23
0.0391474277804483	0.0995149386885763	2
-0.0932707466980497	0.263284056234542	2
-0.0369788529973815	0.108278722461114	2
0.0774378196108319	0.255043483726562	2
0.123230760452493	0.208586074256834	2
-0.086891453604319	0.145229413057274	2
0.0246227422589321	0.0421970066443944	2
0.0364908523633005	0.0390742576489789	2
0.102823945854835	0.132479953291872	2
-0.0701948067716391	0.0546066545478972	2
0.0450694630187647	0.0524089772904389	2
-0.0526719374952101	0.0638310217946515	2
-0.0309812974217284	0.0439447312178094	2
-0.0752545099936188	0.0393401237040503	2
-0.0706040853350133	0.0549395788459161	2
0.0375428759984456	0.0768543288474556	2
0.0129863332854873	0.0294239258031771	2
0.0296105667108046	0.0688601382437634	2
0.0148528955328161	0.0250376067946339	2
-0.0408818991310405	0.0629037839806842	2
0.0567628330746994	0.0740198285326038	2
-0.0387091052445157	0.0550797171124277	2
-0.0320151343453907	0.0202674689026256	2
-0.0348908445539785	0.0453850666704416	2
0.0438707174664793	0.0827886178227499	2
0.0902573455027445	0.181673779199682	2
0.0659797989354801	0.125105197186442	2
-0.0387780776665688	0.0636333598347575	2
-0.022252466665099	0.0356270760488029	2
0.0164407227922745	0.0236682754112145	2
0.112142445987099	0.120052774433502	2
0.0298954881792166	0.0177825299224189	2
0.0408704517878907	0.0417983257104895	2
-0.0500928380167688	0.145012506410528	5
0.0219329986177018	0.0686758595244238	5
-0.0707249086347653	0.263617733652191	5
-0.103439160854321	0.430725548568864	5
0.0320309214245914	0.111810549079385	5
0.0295937732190104	0.119445786662417	5
0.0517326619479118	0.225479389585379	5
0.0656279827533353	0.295407282015991	5
-0.0572016634448871	0.223947509282626	5
-0.0511324853172459	0.208233012545473	5
0.074284621354706	0.348235192526999	5
0.0549658659473436	0.228751508371426	5
-0.0848180766891346	0.399609673201917	5
-0.034565232845145	0.141578635503988	5
-0.102445200189493	0.480325047074811	5
-0.0398341520921537	0.152407417162086	5
0.0442922549589068	0.188374579475247	5
0.0807707600990596	0.397738189656225	5
-0.039889577095016	0.167887635990889	5
0.0573139093079759	0.255991168704991	5
0.0134170390130843	0.0503550978266847	5
0.0376656798258005	0.145189619668208	5
-0.00878467691871008	0.0301157160060116	5
-0.0343602484800347	0.119703767636322	5
0.0642203716594576	0.287224346653753	5
0.0336879786385086	0.133235436239092	5
-0.123349552419825	0.665697488163881	5
0.0554258818734969	0.249835968773282	5
0.0810152211012141	0.396908155669097	5
-0.0735482229686969	0.344783582139113	5
-0.0834577271188643	0.415267480769449	5
-0.0279940405498996	0.108742985662213	5
-0.0227261309540461	0.0854596194210071	5
0.0643475199594421	0.290405635248807	5
0.0489627290360369	0.212913236615787	5
0.0113959712410085	0.0407994960491883	5
-0.0653774623073583	0.301515561316603	5
0.0779580757592181	0.374669365067402	5
-0.0134066224591198	0.0512231288283333	5
0.0149453164308298	0.0542401756590557	5
-0.0978662318391378	0.509780789985754	5
0.0548014368451669	0.242636498292468	5
0.0617620093784942	0.23277947457877	5
0.0677310934771104	0.178516840325982	5
-0.0473642662056509	0.14992127590883	5
0.113254954601187	0.526030695835072	5
-0.0318325053480757	0.121348615458848	5
-0.0317514065157148	0.130518174426757	5
-0.0634729480675821	0.288018809180779	5
0.0755160121953026	0.237577032428663	5
0.0116162650598198	0.0285793830344453	5
-0.0397949644092722	0.10950440410761	5
-0.0522293867002573	0.13570158087197	5
0.0475850948374755	0.129562283548871	5
-0.0674390854386063	0.170306856514589	5
0.0580157657017428	0.134275681082132	5
0.0435053108124344	0.0696772599087693	5
0.0602651427707741	0.126148146123511	5
0.0666573364957725	0.104734354631413	5
0.0297893914355468	0.0500247904893272	5
0.0473160764938808	0.0829840479462738	5
0.0192649042861416	0.0366184007011643	5
0.108477515412916	0.16792719737107	5
-0.0583058440348236	0.0759418589318721	5
-0.0573343631376824	0.0841900728641615	5
-0.0945883609785806	0.181136731309814	5
-0.0366831128310291	0.0717707269154686	5
0.082894732357235	0.202365478009146	5
0.078433071904343	0.188046807193644	5
-0.1052722961865	0.165504055458763	23
-0.0533919499642442	0.0818368196886297	23
-0.0609342021685933	0.0918535557347095	23
-0.0739276969494586	0.126273694217344	23
-0.0675895044327452	0.0914037557193882	23
-0.072702024413438	0.0854086076252294	23
0.115960959315988	0.155614348074406	43
0.0806242628947053	0.282203893206106	23
0.0306412435400036	0.094830013577716	23
-0.0188297989062964	0.0490127167775607	23
-0.00978795195094182	0.0216565894573719	23
0.0948431544036706	0.163435868659714	73
-0.0319199137600813	0.0635746619714346	23
0.108612748698757	0.124603147144207	73
-0.104561745505007	0.180223069547682	23
0.0589942827590827	0.138022048190151	2
-0.117510529415774	0.316807099319696	23
-0.0517810077386272	0.139691230731929	2
0.109300177538401	0.397437314843864	2
0.0143671695742854	0.0336369078359023	2
-0.012472273544554	0.0349640378854114	2
-0.123763050044577	0.353776672724398	2
-0.0559249311847223	0.109591951827426	2
0.0463190448669976	0.0930570112048559	2
-0.0220518937922371	0.0286940226991849	2
-0.060803028001086	0.0843016564189093	2
0.020021456323157	0.0314464080041841	2
-0.0459926464840093	0.0689061252650157	2
-0.0340823017614972	0.042795131568599	2
-0.0482774062582854	0.0684890108939674	2
0.1086440916769	0.152051221120213	2
0.0753694503825255	0.114191338199448	2
0.0190081193451345	0.0267364398394701	2
-0.0096819389446973	0.0143285760371457	2
0.057577941819219	0.090945679007227	2
0.0331697763528355	0.0514494906991029	2
0.0314782934367141	0.0187222997156053	2
-0.0983700118641114	0.0756691321269438	2
-0.00786339086211706	0.00768718542591072	2
0.12126652225472	0.0906508696372923	2
-0.0226011673717013	0.0232681228302255	2
-0.0227448453182687	0.0234195782987997	2
0.0791047054424918	0.250337821028811	2
-0.0673471046979394	0.138493938024795	2
0.0146662763608229	0.021055957122411	2
0.0588006504123857	0.0768656350974414	2
-0.0619573109530759	0.098147630062815	2
-0.0354208808596246	0.0345312768677506	2
0.0887155041402177	0.229183992106755	2
-0.0658746574422792	0.162230665503433	2
0.0185507646237843	0.0382096979581052	2
0.0763960412878019	0.149436877156007	2
-0.059904402178852	0.0996793869922821	2
-0.014120192815082	0.0152668465693236	2
-0.0794438148813373	0.0896325973515329	2
0.0193574798721523	0.0294234356003649	2
-0.023175266284058	0.0596511528517002	5
-0.00891419400002642	0.0238885774789151	5
0.00433808252402671	0.0134577920526332	5
0.0276795687499623	0.0916873776587176	5
-0.0512282192963546	0.221243377483817	5
-0.0626997425597633	0.279407524702947	5
0.0714535573882404	0.341233040802022	5
-0.0293892570062295	0.108965128616813	5
0.0472395045372392	0.184874970583945	5
0.0391250199401989	0.141260832649885	5
-0.029232569815737	0.0974322589597765	5
-0.0807526604069716	0.395630468287548	5
0.0554876278037732	0.234235707528429	5
-0.0763627033811159	0.32217695041548	5
0.0184621227812647	0.0619921462869268	5
0.0462802804705251	0.199774584868956	5
-0.0888893692767312	0.451234316458597	5
-0.0277524775874076	0.098715507948644	5
0.0974167609679595	0.384171416024034	5
-0.0519956259911466	0.194088936174722	5
-0.00406727674653219	0.0122561390353309	5
-0.0612008678819892	0.244971530467727	5
0.00791409879036285	0.0267854460745625	5
-0.00117054544548289	0.00410301791962862	5
-0.0374195708773023	0.1255988494897	5
-0.0362535659090647	0.135316481170062	5
-0.106946565032826	0.474935044576224	5
-0.0297925671355126	0.11936595930146	5
0.0164632734286867	0.0579667919674569	5
0.0397663943789547	0.15035328401887	5
0.0471854455386148	0.181786959169255	5
-0.103636889709521	0.442990435719229	5
-0.0646915732038745	0.220653241727176	5
-0.0456740877135694	0.197085500788708	5
0.088910630075022	0.429416748665275	5
-0.0408517092779015	0.159182580368521	5
0.0261529929498367	0.100722697603075	5
0.0107554387579463	0.0344361156987839	5
0.0247945816149073	0.0989350851578627	5
-0.0460703678335556	0.196296494588008	5
-0.0716834389277235	0.330001734078546	5
0.0827566320101853	0.412486213546241	5
-0.108634431307105	0.475456709336006	5
0.103405872206269	0.423757009625063	5
-0.12154927446368	0.680572131363357	5
0.09309060630593	0.46332228803496	5
0.0996165489796223	0.51145649387772	5
0.0445812667971618	0.191780544418765	5
0.0325715578138293	0.124295822627761	5
0.0362571930962358	0.11068368335995	5
-0.0159389069255328	0.0511807374199876	5
0.0409781181247339	0.130120569058349	5
0.0673026150857545	0.231606999440113	5
0.106859431387118	0.408622984268791	5
0.0361894615118056	0.115267221863921	5
0.0791372024854708	0.287762571187447	5
-0.0490109605362495	0.163518355477544	5
0.0458918724642146	0.135142711827333	5
-0.0914499176358961	0.282284335060856	5
-0.0158092395519818	0.0415677716754056	5
0.0657574310771714	0.170689448936327	5
0.0832387950129295	0.237382316621586	5
-0.0414865415198896	0.106897401935921	5
-0.0294759404948339	0.0663627188761016	5
0.0968449336871342	0.329085748873487	5
0.0379713330197894	0.0828212909902762	5
-0.00718145436479657	0.0161325993023613	5
0.00604831572105542	0.0142436836487841	5
-0.119532962986371	0.382712311999614	23
0.00184945852675262	0.00456503792278782	23
0.0132583523870408	0.0299316520001721	23
-0.111431544015185	0.351939889496321	23
0.105313816414814	0.316938885554836	43
-0.0438442291365358	0.117234385483149	23
-0.10791604207389	0.264428538585225	23
-0.102369125173842	0.424154838842659	23
-0.0747054716987248	0.263041401890989	23
0.121703104132487	0.370674624442595	73
0.104777717457537	0.362828957422023	73
0.012563136082281	0.0173598328912579	73
0.013119861697851	0.0139301327481371	23
0.0715906631113214	0.118365384685155	23
-0.117605778629348	0.180256496527842	23
0.0147399126863428	0.0351241003168075	2
-0.0524138104009388	0.0659871805393463	2
-0.118251505625228	0.181471292159675	23
-0.0154171136265572	0.0518709960836959	2
0.0871670026741362	0.19490321768471	2
0.0694707626171342	0.24711961416236	2
-0.0356811752831495	0.0826205133475175	2
-0.106322757207208	0.237538802340537	2
-0.0772459008000723	0.117245396066435	2
-0.0479881974615522	0.0720964264063484	2
0.124240877540355	0.274998426861497	2
0.0134971755106498	0.0216133507210428	2
0.0957542791693078	0.215006650415496	2
-0.00167987959984948	0.00271952484031601	2
0.018089371968047	0.0291882246053865	2
0.0366971019387738	0.059565736978826	2
0.0559379034156963	0.0787130470245502	2
-0.111620712170774	0.161522451170029	2
0.1183317473522	0.159212071040535	2
-0.121908820782923	0.186087900715302	2
0.0559976288193484	0.135139766361346	2
0.0742300057145178	0.167143056653527	2
-0.0182481213067895	0.0484154278193027	2
-0.0666177406450099	0.132521550863436	2
-0.104810235500127	0.336302843411745	2
-0.12294322661418	0.365082833592209	2
-0.118764883764845	0.24394566164947	2
-0.118367122795317	0.209090330346159	2
0.0108052888539887	0.0156987787354653	2
-0.0231947984513685	0.0327820336540526	2
0.0546043892677203	0.0961428163419176	2
0.0164579399628256	0.0328559633428174	2
0.0185581034213156	0.0372065905553358	2
0.0728042360728171	0.194557033959644	2
-0.0190284392174496	0.0400690329477093	2
-0.0363946476539576	0.0844149367493445	2
0.0322970064692922	0.0805272935828448	2
-0.0726612873825747	0.116073638981385	2
-0.047606635464469	0.0949400092185599	2
-0.0989891182269962	0.185040013696415	2
-0.0943771386652639	0.170248225423626	2
-0.0184743800450718	0.0350731836796039	2
-0.0634324296062324	0.127781008542176	2
-0.0345292494163559	0.0907531340248665	5
-0.0236300315561697	0.0743657259846651	5
-0.0597072867205979	0.215778562807422	5
0.0596771283543966	0.272288835834667	5
0.101713689009678	0.520722672089256	5
0.0518176565922392	0.201594256132811	5
-0.02067089138434	0.0714411630266204	5
-0.0163297149795174	0.0541123768907959	5
-0.0118121822768822	0.0370769520592526	5
0.0845082865444547	0.40910197070626	5
-0.0694494198899215	0.315854568463088	5
0.0376974227347543	0.139556451131888	5
0.0633075528829034	0.245586429584454	5
0.0524211039841757	0.233841966228182	5
-0.00294652991957569	0.010780213219199	5
0.109826156878851	0.547974196942198	5
-0.0537735792875398	0.23768040016632	5
-0.111963808515045	0.502908274163891	5
0.0460612046220687	0.162082063520864	5
-0.0405909321584037	0.121623729053021	5
-0.0251463852755908	0.0653042434603743	5
-0.00967473104216875	0.0329471149152776	5
-0.0231078978670138	0.080785601955871	5
-0.0943337276921254	0.426416369512384	5
0.0782020195943522	0.378534884610588	5
-0.0232284022973635	0.0823625742090395	5
0.0450747430682474	0.174338361913347	5
0.0283118661817255	0.097722124777754	5
-0.0148258688784042	0.0567070214414469	5
-0.115558937380579	0.570383381023579	5
0.113276069901509	0.546307054628611	5
-0.0393267551918774	0.148935986276963	5
0.0353710599034028	0.131741960278227	5
-0.0363195569430438	0.151960514413226	5
0.0150601258719694	0.0560412614595479	5
-0.0154239634245744	0.0575214629105067	5
-0.0444489098085022	0.187277532632742	5
0.0695876820879144	0.285279564294509	5
0.0135948413194175	0.052062877729161	5
0.0129438079753732	0.0482051027774386	5
0.0211827777284532	0.0827402792592684	5
-0.0139999837143186	0.0527545962312954	5
-0.0523230211262217	0.231979062335989	5
-0.0416955652468313	0.161568768655516	5
0.0964004921991547	0.437222640707512	5
0.0277013963121501	0.111963799042348	5
0.0921747819072956	0.453033314340979	5
-0.0563399686678357	0.250844685981116	5
0.0723253481423534	0.340326171644917	5
0.0391381525737496	0.165127461333948	5
-0.121614322652098	0.634808013376642	5
0.0763794764986102	0.261870413818909	5
0.10249368255829	0.496792331420847	5
-0.0243838091909448	0.0861963302807121	5
-0.105825053540516	0.504293182184402	5
-0.0321172779758051	0.100250074491381	5
0.0312318312706471	0.0932133284088061	5
0.0911187812355241	0.324277568348997	5
0.0101856772865212	0.0311090781005186	5
-0.106645379668182	0.440373636515987	5
0.00395238785998214	0.0108964880481735	5
0.0718739026502063	0.222255235274154	5
-0.0980047803387154	0.365564730070252	5
-0.0946363687583491	0.352425029051826	5
0.057272305887696	0.181296241051083	5
-0.102575799188184	0.346150676504117	5
-0.063195864661911	0.176957952531967	5
-0.0672946822721209	0.183910459209759	5
0.076187452266621	0.192769757055358	5
-0.10835883215856	0.313365725096233	5
-0.115482080552823	0.357185354145137	5
-0.073493053815037	0.196321501197703	5
0.0585854179880505	0.160655842156748	5
-0.0337398040013742	0.0834188195850146	5
-0.0814704083309842	0.22399923889794	5
0.108618507734999	0.33046479059261	5
0.0511969014742225	0.119325075051768	5
-0.0580054720380794	0.134101681794245	5
0.100012835205652	0.317428848051421	5
0.0017181358115891	0.0042778647439253	23
-0.0142164290216702	0.0473396961421941	23
0.0424349516168849	0.141947478981505	23
-0.0165457538380311	0.0425433621541914	23
-0.105731074713263	0.378860623427228	23
0.0034013934174343	0.00933959040082889	73
-0.00662406684748345	0.0175613121351929	23
-0.0765180568703082	0.253812009772741	23
-0.0827204269974865	0.0575160277380458	23
-0.0143187347822845	0.0213256207959936	23
0.0573218089780312	0.167016700727387	2
-0.0193019679660054	0.0680622505683037	2
0.0478980396590889	0.0803492772084663	2
-0.0455963564773366	0.151554997715348	2
-0.0446114989664707	0.103417583983051	2
-0.0061771334921287	0.0152019026136813	2
-0.0964133792090992	0.173200445056577	2
-0.0232055288511115	0.0394937760437085	2
-0.0293287018826327	0.0554607678946594	71
-0.0351959578962487	0.0635433816117003	2
0.0476214554751069	0.0835566142141252	2
0.018451169471765	0.0325215648297964	2
-0.00593660490649321	0.0071965120196791	2
-0.00014146443094868	0.000193667339617949	2
-0.0369603174796149	0.0524629660037632	2
0.00225490001731387	0.00516106621401293	2
-0.04253266577165	0.10577771274034	2
-0.0133434051583698	0.0294975125424835	2
-0.029847551160036	0.0597317218189019	2
-0.0451114360248262	0.0972743564411048	2
0.0715949988505262	0.212151359691091	2
0.0240659938514771	0.0454327930644361	2
0.12003125079362	0.217876797968073	2
-0.0935285376572624	0.175814445183094	42
-0.0335116185622443	0.0589459723374157	2
0.0593844797022254	0.117330584568354	2
-0.0132946672669203	0.0307734087306016	2
0.107092355724105	0.324655236770273	2
0.0468073461396038	0.110365476564389	2
-0.0809483116998426	0.212482364071595	2
-0.0292997471487337	0.05994923394263	2
-0.0379029206502036	0.0664249599224824	2
-0.0911303072627016	0.188032853995486	2
-0.0795621008949231	0.144030512326491	2
0.067418997426401	0.130021459217096	2
-0.0394820617714374	0.0718611548807302	2
0.119845570879104	0.330405416113748	2
-0.0893225366735246	0.193460789690455	2
-0.00272712331116429	0.00494153569073421	2
-0.0120087638490103	0.0299237404716063	5
-0.0465441435704463	0.145051782443166	5
-0.0463693430981157	0.163992519727547	5
-0.00529782777093707	0.0169053300542688	5
0.0534778563125884	0.20272197276038	5
-0.114900110685017	0.510984556301834	5
0.0078785457073942	0.0261047950948306	5
-0.0344858673007367	0.137936499962255	5
-0.0307826939336578	0.118559898609471	5
-0.0738269947687328	0.320704852746626	5
0.00024603709299946	0.000855760897314144	5
0.00050581958769572	0.0017221919328848	5
-0.11077508577675	0.578013462250144	5
0.00563520316052406	0.020740358196799	5
-0.0316715729718651	0.130230176699439	5
-0.0158368836994427	0.0606227236602553	5
0.0763569911277255	0.368200287124645	5
-0.0475549338154159	0.205312225513416	5
0.0437211006200958	0.181340056724811	5
-0.00332073851173843	0.0121821382939784	5
-0.0602365747901012	0.269989608585864	5
0.0585989618396082	0.263395774602053	5
-0.0643930614122219	0.293805616014231	5
0.0749626342508631	0.349869867141229	5
0.0182375233470773	0.0704326625256981	5
0.000425976784523634	0.00152264251072266	5
0.0674039730809802	0.301024812277633	5
0.0123528341841767	0.0461033726542781	5
0.0284874781670315	0.115155868214566	5
-0.0270007031119286	0.108873434490063	5
-0.0863566629208544	0.434589916650141	5
-0.0533134689830164	0.236997254237585	5
-0.0541200852267026	0.240988908518222	5
-0.0315577640806512	0.129592018751694	5
0.0835666420420527	0.414579425157613	5
0.119489140398985	0.674292792020094	5
-0.0413611546416025	0.157017531407464	5
0.056055493177868	0.213412075402516	5
0.000870314233252205	0.00311567667416795	5
-0.0662397103345084	0.309557841042944	5
-0.0635363701769838	0.291824456306708	5
-0.0471689998896932	0.205836470152256	5
-0.0578790851535059	0.219908482499629	5
0.0846314696538352	0.326323943185472	5
-0.0633842175915483	0.230966699960201	5
0.0240094389864455	0.0632653006196634	5
-0.0624862779179669	0.223375376820445	5
0.0770551025676856	0.287516154884724	5
-0.115430015103257	0.438308892608962	5
0.0588910886876351	0.191695181269058	5
0.0457579610274722	0.128568128543135	5
0.0336596003924103	0.0740860892056361	5
-0.000067848109110231	0.000153213101073017	5
-0.0259128963383156	0.0657060761227962	5
-0.0315860877911118	0.069039056178915	5
0.0944370157821445	0.143829204348701	5
0.115837738651426	0.219619752128336	5
-0.00102045076757842	0.00236728020455347	5
-0.0137320572929321	0.0287291567109988	5
-0.0417964390923922	0.086855328608872	5
-0.0343482750535137	0.0690789931050159	5
0.0332312984873693	0.0745799677984979	5
-0.0808498512777914	0.179232601796599	5
0.0692474714131853	0.171924800059499	5
0.103935253286079	0.298119263643253	5
-0.0691276042171438	0.215959786340417	5
0.0408855356544316	0.119110155186473	5
-0.033717079507425	0.0625528878174391	5
-0.0532432813647245	0.115277460378097	37
-0.110443495309236	0.155408243059831	23
-0.0362206958588961	0.0498570755317816	23
-0.0842521853265016	0.1759997161032	23
-0.106928701637712	0.327415263816558	23
-0.0739487318520302	0.282086842621804	23
0.124916677855573	0.505638273584831	23
-0.120685043423599	0.338915915968404	23
0.00531819504614293	0.0119863524371614	2
-0.0679459674083818	0.105640194257135	23
0.0433261630777716	0.123945796497982	2
0.070922798703275	0.239147444350293	2
0.00457615163830088	0.0129749143579764	2
0.111064456850036	0.450262486132477	2
-0.025110607151982	0.0710674011752902	2
-0.0270313088203497	0.0886983783158521	2
-0.0716608984924539	0.161872536880987	2
-0.0470464108216093	0.115100479371735	2
-0.108109063776687	0.309138158490165	2
0.122675844972594	0.311355764246065	2
0.0522538199520693	0.0839822516255146	2
0.11214338654794	0.260125459671041	2
-0.0190439607558731	0.0254584703783417	71
0.0649212643209766	0.0942900516601647	71
0.093880737403453	0.179500053547983	2
0.0326411280788774	0.0418306645663191	2
-0.020828860708216	0.0191845906444396	2
0.0441066134244953	0.0393180354435977	2
0.0535993831047413	0.0492672208425134	2
-0.0518717721290503	0.0505532892364099	2
-0.0728965083224921	0.092116833454609	2
0.106194252699954	0.146491032547217	2
0.0322478522924788	0.0933333500607144	2
-0.104032417891895	0.401703175366329	2
-0.111185167911629	0.454045816252953	2
-0.00445943604960053	0.0126139811188043	2
-0.0573625447384361	0.116862335864185	2
0.0464600429942067	0.0753293414846804	2
-0.0941795950004734	0.216359470883088	42
-0.0096284421224709	0.0124351356755904	2
0.0822949927624459	0.0809009551715582	2
-0.116568374197581	0.2516045113966	42
-0.0458573656819452	0.131074923603547	2
0.12261292966179	0.386755591429143	2
-0.0612163203080286	0.155325131941646	2
-0.023217119357437	0.0522146195155339	2
0.0916216615029809	0.133237845553675	2
-0.0178674497527711	0.0216338182540091	2
-0.0216463054120389	0.034397970446046	2
-0.0554599472181866	0.106328166749539	2
-0.00533982474603514	0.00864775037507862	2
0.0881190717527617	0.149044758821986	2
-0.0242757536634997	0.0619995729111549	5
-0.0215797115699382	0.06506174461999	5
-0.0153181658353233	0.0482756152312378	5
-0.0628131286808119	0.236662046517631	5
-0.0140875602330493	0.0451043685981874	5
-0.0207301282916159	0.0710774539886571	5
0.0382471441834482	0.145133013103592	5
0.00503862875034828	0.0161157456548594	5
0.0164182189884944	0.0592169536008214	5
-0.0161390860601714	0.0613954185071773	5
0.0455229524921022	0.174047396403345	5
-0.0217734065146849	0.0842179215854139	5
0.0624477682141292	0.279595870682824	5
0.0958757521115844	0.500369653540384	5
0.0868075043135915	0.419253845169308	5
0.0106640912242605	0.0402479514300799	5
0.0655889854661825	0.306762750889858	5
-0.0211858450821432	0.0814612063151975	5
-0.053114042199086	0.216265539263718	5
-0.00852639957942772	0.0319052273265774	5
-0.0303131170662942	0.114556351758207	5
-0.0221528587156035	0.0824425948821036	5
0.0286974404981182	0.116299704539077	5
0.0363363362067577	0.152254719106098	5
-0.0290538224906202	0.111153671309443	5
0.00744201301314645	0.0261514624200951	5
-0.0424667751500896	0.17533409448968	5
0.0342536971186842	0.134477970299382	5
-0.00353386837773348	0.0129345695548935	5
0.0394021029671046	0.164568782902428	5
-0.121224287578579	0.682979324293035	5
-0.0163533354737664	0.0631873817963482	5
-0.112240692484274	0.615991862573957	5
0.012984739780862	0.049500176357753	5
-0.06193496798627	0.281627451368483	5
0.0563665185682157	0.255073927965384	5
-0.00462636253643955	0.0170488243412435	5
-0.0713568830786653	0.323265027331873	5
0.0251603286286641	0.0844901477692755	5
0.0667764844800197	0.280057967544461	5
-0.00419843562587357	0.0153589913318757	5
0.0791915694629416	0.387170002170559	5
-0.0852889549337309	0.426920509259608	5
-0.0656700795338949	0.281110196013877	5
-0.122196986968254	0.535300121721487	5
0.118740575542654	0.485450700295055	5
-0.0197816418211988	0.0605293544662181	5
-0.0349922433255305	0.113199600262821	5
0.0421796680695362	0.124469082651372	5
-0.0238013594473314	0.0613062416260753	5
0.0150252550581373	0.0367282522229043	5
0.0277589601381165	0.070718705773906	5
0.0237966382089369	0.0499822083236357	5
0.0422161310748219	0.0864775582536671	5
-0.0765926010499823	0.151271189747007	5
0.00727365022374878	0.0135183248930042	5
-0.0662361763131593	0.149274715070209	5
-0.12277748127339	0.278075059246987	5
-0.0600839582601369	0.106750178937789	5
0.00816517305864496	0.0136145052464122	5
0.0196411193129118	0.040377028079783	5
-0.00637929227765905	0.0117839375801522	5
0.0457792989498501	0.0968197668859542	5
0.0953504469632329	0.230429433108467	5
-0.00315890974960205	0.0065800593478458	5
0.0472737328313348	0.125395206223952	5
0.0266656256320855	0.0382524565428508	37
-0.0728427576611852	0.149378462438719	37
0.123827468886327	0.247570591681054	5
-0.0333684651725819	0.0461291515071043	23
-0.0947177962833992	0.152548353273231	23
0.042108433255013	0.145568159085422	23
-0.101238635936797	0.376016003764765	23
-0.0694369826759294	0.223269900436527	23
0.111560462056178	0.452615305494777	23
-0.0949834425148365	0.311104902220482	23
-0.0598963674884315	0.176657643315452	23
0.0925950078564087	0.26050395572556	73
-0.0784563575688834	0.197508912444728	23
-0.00396709217289043	0.00255149065730813	23
-0.0342630066138607	0.0185130818265584	2
0.0115907997675333	0.0288552618174815	2
-0.0469047793607173	0.121420966303737	2
0.0235908412279217	0.0734635151736991	2
0.0199658342960488	0.0585002212869661	2
-0.120562914208863	0.383450003153458	2
-0.0998132978454151	0.321026071724621	2
-0.0590730315627373	0.12891133722735	2
0.0532703473386853	0.128889250038274	2
-0.107226185229203	0.268289846604889	2
-0.0246240724050132	0.0588071605734774	2
-0.0378805131143643	0.0663732618222235	2
0.00906373195104573	0.0157179634223679	2
0.0142393209121295	0.0256689900237495	2
-0.0506729305081337	0.0743059970214397	71
0.0920951197597928	0.152443144595358	71
-0.0175036819168701	0.0286019231830261	71
0.0967579122590732	0.1431227576812	71
-0.124545023305829	0.269196797923213	2
0.121974535315268	0.275975330653773	2
-0.107442399647147	0.150618163742727	2
-0.0739988808282907	0.0676242519194708	2
0.0362671420107395	0.0388247035199875	2
0.0822954001754204	0.0808719063513866	2
-0.0505756092126305	0.0492420798631874	2
-0.0369919522069439	0.107741526585308	2
-0.0404762781680609	0.131551424848158	2
-0.0274206115000162	0.0867561303925285	2
0.0978016046191422	0.260419957799814	2
-0.105741544523135	0.270310748429286	2
0.0982850531783695	0.269523751918176	2
0.064444668001367	0.126070727469519	2
-0.0461987813572728	0.0829202508503442	42
0.123649671986584	0.148714547957505	2
0.0718741889965954	0.114772537529801	42
0.0302550556158621	0.0478888889063033	42
0.080885026071812	0.164713775588187	2
0.0230473461889636	0.0472762866122895	2
0.0129128351185398	0.0271947417128577	2
-0.0388817291518118	0.107377452605954	2
-0.0418160420807432	0.107200141163978	2
-0.0462803701456321	0.136085414804568	2
-0.0859829536076426	0.254172541376646	2
0.0575300095273657	0.127515385824453	2
0.112803544322629	0.318851494450173	2
-0.0124210397807824	0.0179954468011103	2
0.0948296520680053	0.163403737033661	2
0.00587795800763061	0.0112638793545379	2
-0.00823002175554303	0.0141973336078247	2
0.0967192233785754	0.168511772462022	2
-0.02537338375055	0.0626687781929079	5
-0.0315785996545408	0.095526612417258	5
0.00798753846900823	0.0244627219985057	5
0.0388930980083727	0.140028435148198	5
-0.0678680857554445	0.289218164215802	5
0.0304158662497925	0.124507757042738	5
-0.0449673347192038	0.179651885130366	5
0.00971281468359276	0.0350015192192919	5
0.0376609698983565	0.158052238485486	5
0.0105471112923775	0.0391260154578655	5
0.104965271429755	0.562795348940415	5
-0.106852245564775	0.57614005789702	5
-0.0579022934606755	0.262367134250776	5
-0.0561922703490032	0.25127879180604	5
-0.0186814305380668	0.0729209436378846	5
-0.0486854673756057	0.213661169256245	5
0.0830784184317862	0.414675884064768	5
-0.023557462171062	0.0932863765248111	5
0.0819744168085444	0.403162107660578	5
-0.119469588960437	0.656952334882439	5
0.039294732811608	0.164901117107049	5
0.00513252954817403	0.0188363023811944	5
-0.0241745889192718	0.0849577744165713	5
0.0125336455810859	0.0477880179295271	5
-0.110021365624201	0.592671652475319	5
-0.112543561044484	0.580987116807929	5
-0.000903092363242299	0.00326614886977096	5
-0.0339021281234485	0.140552971132397	5
0.00156528092292097	0.00567394141937211	5
0.00928142185405976	0.0346754649647378	5
0.046404951451055	0.202048597913153	5
-0.0799826051722462	0.392888211150179	5
-0.116020530677874	0.516460311419348	5
-0.0494708197165118	0.133449407765519	5
0.0106033329648899	0.0170346623643178	5
0.0934839251765955	0.311856004347961	5
0.0354825862841283	0.143715255207038	5
0.0465352997059515	0.201084264088236	5
0.110863302354832	0.592267392835852	5
0.0551652970759993	0.244518912113756	5
-0.0959483060767168	0.377652256212479	5
-0.00271249131176778	0.00728398096938014	5
0.0324244346117361	0.0641971982059712	5
0.0625309188977691	0.197636806293709	5
0.0103467151868914	0.0333191449851036	5
-0.120142262739951	0.39501073451486	5
0.0510531317841699	0.124516962074506	5
-0.0975817627016059	0.167764815379428	5
-0.015600619983059	0.0207636665199734	5
0.103939030820409	0.186060680328833	94
0.112895902606476	0.286060273156442	94
-0.062687147134169	0.111139280301278	94
0.034003706232165	0.0469759229625952	5
0.0168782889585081	0.0240939713190535	5
0.115083776199059	0.333695258529822	5
-0.00336336435461487	0.00598608054171085	5
-0.0789325002598895	0.166347503412412	5
-0.0184015364375857	0.0427622998270632	5
0.0204289959841816	0.0584253985342841	5
-0.0759222998344839	0.102759708497451	37
-0.0179500881825294	0.0273906003179568	5
0.00988685853209269	0.0154032392988547	5
-0.0171379418558917	0.0611395692724411	23
-0.0350761773103066	0.101148576376134	23
0.110870471344765	0.393899585840707	23
-0.0591819814740831	0.177701536043545	23
0.0172141659199435	0.0427014640737862	73
-0.024437719687622	0.0532512246930611	73
0.0177917076675654	0.0216416588590122	73
0.0077434598314572	0.014019917043992	73
-0.0371305736212011	0.0113727653465692	23
0.101765417453454	0.195312783162612	2
-0.0166259547056896	0.0537601113739911	2
0.0275293057742085	0.0899323930464636	2
-0.00897852338441048	0.0226672476783832	2
-0.0747179551693807	0.283397069821513	2
0.0718886414708425	0.277309791074677	2
0.00968457893768116	0.0203400120624802	2
-0.0230042729181589	0.041694267792775	2
-0.048763566410554	0.131309581955864	2
0.00494382282219068	0.0098166754337549	2
-0.00213630969033191	0.00299722122876224	2
0.123732965653874	0.217718422957939	2
0.0686984623838732	0.105247967811562	2
0.0433750452444469	0.102440774114134	2
0.000306900546338312	0.000645846887905443	2
-0.0699784278014714	0.149029684336632	2
0.020756524437767	0.0265086984846297	2
0.0566310741507684	0.0947558392431032	2
-0.105729080739232	0.237225861046672	71
-0.0600108774899117	0.0954998314633589	71
0.0134784079165754	0.0136698064279976	71
-0.0651458668429135	0.117055549143274	71
-0.112907592623955	0.225892346572093	71
-0.0398806873480715	0.0936910993094129	2
0.0449257860409134	0.0321806200729348	2
0.0250640050235672	0.0229880397796322	2
-0.00678956655026388	0.00627494581169392	2
-0.123971111461444	0.16363032224692	2
-0.11358200130277	0.183103541925925	2
-0.065232967635902	0.118836550979722	2
-0.106981488881819	0.401139792753537	2
0.012232484462741	0.0386760433848308	2
-0.012050668199955	0.0393715744367094	2
0.038244673126244	0.131182950196511	2
-0.094654571757518	0.318317055061548	2
0.0234322316065672	0.0159173055316241	2
-0.117236515662016	0.244124328717342	42
-0.108805685683727	0.222660906686969	46
0.0440237212589222	0.112439193619643	2
0.0773811246709508	0.260106828353422	2
-0.101030337235909	0.281194881565188	2
0.082590035523897	0.0739124198510721	2
-0.0963329739456389	0.166609339947624	2
-0.0306708365308523	0.0459173182424629	2
0.035467530066687	0.0631357673381376	2
0.0270747933209064	0.0363437503910415	2
-0.0120279582830508	0.0291792471028617	5
-0.0396709030878669	0.118417951488868	5
0.00861250534107683	0.0263845476648878	5
-0.0699876509552624	0.286812825446342	5
0.0687918745368298	0.324504023659333	5
0.11056392576726	0.606007330302863	5
0.0365993581911877	0.138209123781369	5
0.00989837188414961	0.0344312491012132	5
-0.0167860941669017	0.0642257575436104	5
-0.00698958816153224	0.0252078926160035	5
0.0204501544221245	0.0795769418369091	5
-0.0130051526635918	0.0492460372488977	5
-0.0246935088711088	0.0981123709197048	5
-0.0132165822295158	0.0495819378563683	5
-0.100502193724633	0.528721564359315	5
-0.0696714250667887	0.329151084361642	5
-0.0610501557345053	0.275431682085185	5
-0.0887031796021629	0.444363288499532	5
-0.00455669143042357	0.0165553940939193	5
0.019257644281803	0.0752527313348303	5
-0.092653402565325	0.468273257325996	5
0.0136475595855639	0.0508413525732735	5
-0.0996810679855872	0.521723735104784	5
-0.033839414206697	0.139791538385308	5
0.046544913664565	0.201835438533529	5
-0.0514829518895951	0.224463286926279	5
0.0555833272006933	0.247950859410363	5
-0.0858285681782763	0.427218963462095	5
-0.0361419190686007	0.151009311140789	5
-0.0272365898357884	0.109752224338919	5
-0.0310133626965424	0.126968939116448	5
-0.0517898292535739	0.229105604067256	5
0.0165228874459523	0.0640325002382995	5
-0.0743902655363903	0.349247967928761	5
-0.11212016325805	0.292701655904041	5
-0.11127373354324	0.20538945839058	5
0.00764939824569536	0.0178005477885568	5
0.071496190831892	0.316445335262556	5
-0.0617528694066441	0.281472927969253	5
0.0815674261407542	0.401330105563659	5
0.0670197412776094	0.312337045839029	5
-0.0535861132082141	0.151513397907955	5
0.0778158538632804	0.274783497302712	5
0.0308176403662638	0.0702171068249426	5
-0.000836901612111961	0.00209868793539582	5
-0.0384477810130816	0.077625557343795	5
-0.0536236457990812	0.0860581695991241	5
-0.0229010237529496	0.0298292784387693	5
-0.114725022054903	0.123250050478857	5
0.0228270062075078	0.0272903632931703	5
-0.00484204823225778	0.00606427000402531	5
0.0898263648798344	0.180577285773319	5
0.101868728066978	0.194155031813176	5
-0.10929750344928	0.250136697638241	5
0.072852285933706	0.165350559221592	5
-0.0268013997091925	0.0543334351517768	5
0.0155988836563258	0.0385381339029528	5
0.0930046248414244	0.130880938534123	5
0.00327473622580269	0.00308613712212015	5
0.0794691983606172	0.125850788510721	5
0.0488775264935913	0.147619881872048	23
-0.0851294261547729	0.257318170734913	23
0.0293921092074395	0.0737054133002819	23
0.0995286236631057	0.22354774740539	73
0.0651700402326855	0.0490903907776265	23
-0.0154087174222929	0.0276704041699763	2
-0.0800965217986016	0.111795826153536	2
0.0823475130186931	0.200829385952529	2
0.0153575337638636	0.0257357866451088	2
0.0247518980357831	0.0772432200907191	2
0.0205338372834007	0.065944362138306	2
-0.00863759769407092	0.0283003002283268	2
-0.0565468684644749	0.212128527767148	2
-0.0356100704279595	0.0621381307176025	2
0.0232829840175244	0.0438837958016522	2
0.0651274254284759	0.173025884158351	2
0.029040659836094	0.0564683461726735	2
-0.097411353346355	0.21356901141863	2
0.0724042238346698	0.0903169400830922	2
0.0463533460810623	0.0769912130099885	71
0.040604261891509	0.0626211655505478	71
-0.00097052909798757	0.00160615226041458	2
0.090307498072327	0.147842411409763	2
0.071975105552855	0.164855955546034	2
-0.0727522793374511	0.162882281132743	2
0.000112549481833428	0.000127004616627123	2
0.0638359658120489	0.0480498567068267	2
0.113406234771996	0.121546586882766	2
-0.000202473141325127	0.000244951573793369	2
-0.0662013075106152	0.0806179051479604	2
0.0978151440303279	0.323728769224447	2
-0.0346109706553198	0.121253787758498	2
-0.0283311479528625	0.095723668838356	2
-0.00937466260359625	0.0298647895623172	2
0.058376437280851	0.0832334053669224	2
0.0308926158667789	0.0523943875685636	2
0.000845530679599428	0.000879434943301718	42
-0.0251075439574544	0.034587566947699	2
0.0476580927476376	0.0836306134862934	46
-0.0512350289521343	0.128707832753083	46
-0.08462824996874	0.261706764912167	46
0.0581154910958194	0.134912170504079	2
0.0235535019305234	0.0446508053367623	2
-0.0246946067969176	0.0339974215385067	2
-0.0394613465120954	0.0986285253666726	2
-0.0694063210637537	0.191829944490498	2
0.0433902211384427	0.0717137934462811	2
0.00250277484267859	0.00247732890931799	2
0.10454165943936	0.179292541762779	2
0.0867497255047576	0.151574968701555	2
-0.0357675075056305	0.0923221501752972	5
-0.0557556170531782	0.182569299211043	5
-0.01209153770254	0.0381131018789396	5
0.0113317712665494	0.0414445625813504	5
-0.0377666169274589	0.151279169415762	5
-0.0216702509789692	0.0749758346401014	5
-0.0301372532213382	0.109458978345806	5
-0.0133504427965142	0.0480583350142	5
0.0121742957407376	0.0444958579378395	5
-0.105905854545422	0.518604673771936	5
-0.0600677956693667	0.263305690347013	5
0.0455099587525359	0.192915396711915	5
0.0580510436123763	0.25638480697824	5
-0.0314101917008439	0.125896481942036	5
0.0290932821247556	0.1182181426241	5
0.0210851222222691	0.0822138882406253	5
-0.0203388754646645	0.0797822399123614	5
-0.096275414709255	0.486429555437943	5
-0.00827321155847767	0.0308384438459867	5
-0.0112138034075173	0.0423799948121743	5
-0.106974803051008	0.553009680939704	5
-0.0704977459637381	0.324133238952684	5
0.0212922951366426	0.084024230431055	5
0.0200252675927796	0.0781606760031308	5
0.017477711539399	0.066374128385732	5
0.0347863797622692	0.143514171875488	5
0.0125559944928491	0.0474933566527537	5
0.0510561426412024	0.22634193376604	5
-0.111542146728339	0.596964336070966	5
-0.0133548671733207	0.050857457071828	5
0.0613431654995333	0.282913652301593	5
0.0199348342273451	0.0781712913509318	5
0.109415475116477	0.589883078604528	5
-0.0748665702972361	0.35584727545135	5
-0.0803806514302321	0.336000495580519	5
-0.0720667517793918	0.213083500347566	5
-0.0349371161498713	0.09252500252046	5
0.0149227218947786	0.0574244022079947	5
0.0308123369039337	0.126282554229792	5
0.0882134492486081	0.443379529333784	5
-0.0439012164531257	0.132748928232084	5
-0.0530826801852446	0.148329774550365	5
0.0213138021011795	0.047553826766751	5
0.00967712028991837	0.0242438417253337	5
-0.0705009101649507	0.226805597697244	5
0.0613050259310159	0.193314527805396	5
0.0910452358042276	0.281492746118667	5
-0.0392974309812876	0.0922192552045461	5
0.00202634589913358	0.0044392624106728	5
0.0447512267130351	0.0962924773381674	5
0.100967151773908	0.178484022926652	5
-0.0258797520927006	0.0451581005770132	5
-0.0930822004645696	0.152656378055046	5
0.00484008514234303	0.00593173573739814	5
0.0307441581380367	0.0447483357475839	5
-0.113975757308887	0.241139757282717	5
0.0508117042165723	0.0760185484735288	5
-0.0786148659568811	0.109511046338599	5
-0.0130369577720532	0.021822009891113	5
-0.0513588858586877	0.0910297981140281	5
-0.0617234607421481	0.162018031667169	5
0.115443916979217	0.330757567138942	5
0.104911318544787	0.135486162034508	37
0.0491912512165598	0.0871115911852835	37
0.0226359018929595	0.0207303841554242	5
0.0969971684160392	0.0900535951489554	5
0.0647337571338469	0.182409506838666	23
-0.0753050137535983	0.215331985006167	23
0.0320793409904396	0.0730290243242401	23
0.0483977134480862	0.0565029584907576	73
0.0138128745684135	0.0185900066476329	2
0.0412137484869379	0.100621027519452	2
0.00856799606548609	0.0174388214874245	2
-0.124494316998976	0.629022807610652	2
0.023378049668396	0.0388886989658905	2
0.0443821203294239	0.0884125256076365	2
0.0333522057322235	0.0661438244007386	2
-0.0636592316118573	0.0803951218152348	2
-0.0120713404848743	0.0223745233612704	2
0.0612499272468243	0.0980762224584455	2
-0.0369596336705708	0.0539706607279382	71
0.0829383236811996	0.12195846538311	71
0.0481188330624734	0.0561585598416101	71
0.0536430875609726	0.0783034419901034	71
-0.11902954217368	0.197682296690674	71
0.0595456588009329	0.0884472266739206	2
-0.0891279679795324	0.176802859228625	2
0.0192434329586584	0.0130702355036306	2
-0.00706391116279401	0.00690396821903634	2
0.0126252427810534	0.0104392857417978	2
-0.0802671147807922	0.128651880500815	2
-0.0301563590687794	0.0866812386063129	2
0.00592383561716273	0.0187369632195315	2
0.121551359411803	0.552059197802235	2
0.0693782449558173	0.272348321030347	2
0.0638420805400833	0.224279275397658	2
0.041975755196064	0.0745276552538845	2
0.0460057154977967	0.0557565353178248	2
0.123407651265623	0.135975351554664	2
-0.0730266723637555	0.130803951431534	46
-0.0159344839670113	0.0292715680353012	46
-0.03300117574456	0.0890605808727131	46
-0.0168280724949233	0.0379402809589126	46
-0.10730734107119	0.299033909095633	2
-0.0763936489335691	0.187792054442101	2
-0.0674837870950172	0.131891990095109	2
-0.114918189295032	0.338321654057805	2
0.0817282778620432	0.073090063520261	2
0.0322861504107289	0.0409030521609772	2
0.0459679497375793	0.071455099270654	2
-0.0107865171470183	0.0262018455909454	5
-0.0266434311283205	0.0815193573417741	5
-0.0511823692392708	0.191605869727321	5
0.011792314344168	0.0383459109987137	5
-0.00996627301832045	0.0319327880167957	5
-0.0772802722083771	0.324898010845414	5
0.0154931871061014	0.0542602083736744	5
0.0184852104175849	0.0686312419974615	5
0.0732443498696192	0.342433611407088	5
0.0492747321216562	0.206557721849257	5
-0.016580752610636	0.0635721183292906	5
0.116982562606303	0.650936164214966	5
-0.0254319913062981	0.102025808198096	5
0.0666426868019268	0.312481158113008	5
0.0788707431007294	0.386187566415507	5
0.120700065221478	0.663019624521765	5
0.0260165614112868	0.0981626507174175	5
-0.0732132638638997	0.330150379887651	5
0.105371705419303	0.543754407316161	5
-0.0415639694879121	0.170567204391774	5
-0.0955354905813011	0.475022514337559	5
-0.0432394288089756	0.180633189241545	5
0.0767070571891031	0.353683930754539	5
-0.0484635886832099	0.200166912913326	5
0.0750959898273497	0.333122216838791	5
-0.0879503304297613	0.415242487363828	5
0.02497400662435	0.0981564275342811	5
0.0173535096020381	0.0672974546130766	5
-0.0358986293758008	0.149372481378103	5
0.0291055136558758	0.11846024974599	5
0.068416312723044	0.31621290756407	5
-0.103077319643854	0.537516707522142	5
-0.10443737240894	0.558770418683545	5
0.00320476754045954	0.011732591269713	5
-0.0055102441125885	0.0194735042028283	5
-0.0476857876012217	0.153601786722009	5
0.0525964611923252	0.221187062144579	5
-0.0538509493337491	0.240677159668785	5
-0.0446963314282438	0.192663622768914	5
0.0119576539790939	0.0451612201525412	5
-0.0574006339347016	0.20173515408148	5
0.0374753516519792	0.100124612145889	5
0.0218417465373023	0.0614820881362784	5
0.0815582445941456	0.212073255005013	5
0.06794426841761	0.219665277390555	5
-0.110387253690222	0.38627966527965	5
0.0877559866608553	0.25316385192496	5
-0.0639961088860291	0.176965763627459	5
-0.0235423264265255	0.0494300300315603	5
-0.109794504236808	0.287791654632089	5
-0.0821023307832952	0.128200022622739	5
0.054288561981896	0.0875738463512486	94
0.124398121587899	0.231041457428563	94
-0.0492065935887126	0.0576616493649918	94
0.00180465453867848	0.00299409320947883	5
0.0727546079829268	0.129634401387448	5
0.0198603125246438	0.0321393331791165	5
0.00431790764743419	0.00710874592510956	5
-0.109592406993132	0.224568946974629	5
0.0769102787561907	0.203571569089371	5
0.0653389853322525	0.167497627099706	5
-0.0487275581080525	0.0753256593435146	37
-0.041323433037739	0.0602526211628936	37
-0.103296770076132	0.224706978456184	37
0.0996910751695759	0.162136425698592	5
0.0865099530673951	0.106572009782745	5
-0.0842197762767821	0.311135248139156	23
-0.0809695415240795	0.231126439889161	23
-0.0788085142036139	0.184641421437991	23
0.0337084995963378	0.0760963666695021	23
-0.0531310471373111	0.115523736117328	23
-0.117566880701811	0.175828284436393	2
-0.0757869649950406	0.216324387551694	2
-0.0606296922951911	0.207610401900493	2
0.089437990803669	0.327744915222751	2
0.0832214548766968	0.218861329200908	2
-0.0694708675007751	0.259918642132503	2
-0.0234544478296907	0.0758481899286148	2
0.0163713252453199	0.0368065260788699	2
-0.0268397297160209	0.0611660892382199	2
0.112755287997996	0.263700977393176	2
-0.0575579982870052	0.101798327789553	2
-0.00790523180607779	0.0122994284421978	2
0.0183248576131701	0.0264470728249124	71
-0.0319031495441686	0.0462358894654477	71
0.0176710284278869	0.0274430977339655	2
0.0746443286852765	0.153973793962905	2
0.12112372359073	0.239347672420734	2
-0.0608437643550986	0.0518674820136272	2
-0.0936597867417497	0.0852038501079195	2
0.0900310061845904	0.117514234416997	2
-0.0446932798320653	0.0735560304701485	2
-0.0656577356353683	0.189968618599258	2
-0.0220969131052535	0.0705991454569857	2
-0.0391553380792883	0.139751256610894	2
-0.118185132021019	0.489433579610003	2
0.11092782432821	0.335379380839466	2
0.0938566093639955	0.226147914106929	2
0.0290240418098901	0.0469399144878159	2
-0.0791521438552053	0.141316162568074	2
-0.0933535237574713	0.145611525326625	46
-0.0310348971206848	0.0464814165904444	46
-0.00244470516443257	0.00343332866547005	46
-0.0104242862359767	0.0172854600935393	46
-0.076929798466088	0.170107072064611	46
-0.0757332510840679	0.22287519364979	46
0.117726642933223	0.345884378941639	2
-0.0748365990136183	0.215344604357377	46
0.123134514459101	0.264582431968403	2
0.0313859890261234	0.0497649875976759	2
-0.00734073444178622	0.0171646242336403	2
-0.0156143103713899	0.0254354730714803	2
-0.0891562377942462	0.108837892363843	2
0.0976647257228217	0.0907135164381299	2
0.0710695330558147	0.0786600583014205	2
0.123582423276747	0.110580647543996	2
0.0504316897807483	0.0726139349930446	2
-0.0561196335028009	0.088766439363862	77
-0.0286929042243284	0.0745874355719969	5
-0.0188010322505442	0.0594340416507506	5
-0.021758829602164	0.0697964034831342	5
-0.00446788236536037	0.0136782248172504	5
0.00234835069677392	0.00787341520651459	5
-0.0245390411615329	0.0879830268998541	5
0.0468436982702593	0.19108625368771	5
-0.0308221831684023	0.12383046848688	5
0.0302457831825849	0.123668181575892	5
-0.119248673488948	0.660433444559307	5
-0.0461449575955414	0.200560015967814	5
-0.07000457919858	0.330935970267812	5
0.0334266351415291	0.133159978806715	5
0.0869941912153033	0.410426574457548	5
0.0607159502241121	0.267707206567117	5
0.0580784265678677	0.253651970051272	5
0.00768144038149092	0.0286087933850961	5
-0.0116534698523099	0.0441990498236025	5
-0.0122067595553935	0.044528257376343	5
0.0665367898333159	0.299775834685348	5
-0.00441068607891382	0.0159491322702667	5
-0.0251168303347679	0.097147288828565	5
0.05873788020896	0.256471187283013	5
0.0961947156639963	0.48487545607814	5
-0.0598874411500864	0.27388833958625	5
-0.115594246768635	0.633173552670543	5
0.0321288959275947	0.132393639118286	5
0.0423088031251561	0.179950866669472	5
0.104970267513166	0.559399082511184	5
-0.0299604781185208	0.122169974075231	5
-0.0765368812325959	0.362078703217193	5
0.0622674748569101	0.286399957591823	5
0.0763301624706067	0.361180333816103	5
0.052111831485226	0.209491326995365	5
0.0981552233152761	0.34238052563399	5
-0.0326084560127679	0.117833279515682	5
-0.0339675773307426	0.136076855855935	5
0.033177677909135	0.134593748991181	5
0.0951707349813695	0.489946279771442	5
0.059802420425467	0.269810432942997	5
0.0302740440966064	0.104857503172285	5
-0.0686923181411431	0.259782018122443	5
-0.0369570819185378	0.101417719154423	5
-0.0890001842195074	0.318161230588845	5
-0.0986608310478146	0.348060117070411	5
0.0121214023060763	0.0305571887644652	5
-0.0214887698092185	0.058688538869478	5
-0.0808520861607928	0.164661891385653	5
-0.0521536257084464	0.116705078877846	5
-0.0385455682183696	0.0846205969363531	94
-0.0268982867758969	0.0654751176361298	94
-0.102213299455955	0.256658610472962	5
0.117455887547454	0.252137472823021	94
-0.0784004591203113	0.139752717414375	5
-0.121955166532086	0.297590272972038	5
0.101835833632209	0.238946361936507	94
-0.0927639275254643	0.248255630484561	5
0.010990094559393	0.0241470329955623	5
-0.00472235552327275	0.0109463418537423	5
0.08993043375712	0.273576742212777	5
-0.0845659714324524	0.161329978385988	37
0.071857188325847	0.142269159548333	5
-0.0471590196775947	0.0955526834664803	37
-0.0632415781408724	0.154216839063571	37
-0.0655652058076682	0.124033432892362	37
0.114089508924901	0.179727655977346	5
-0.117687770807067	0.184765806647417	5
-0.0336504851336298	0.065125810138026	5
0.0908821612985719	0.250755727679494	5
0.0379618547603523	0.129779975947273	5
0.0943269777582821	0.366539091228099	5
-0.0941613479171534	0.300683976288085	23
0.0285291404078883	0.0768678073464453	5
-0.0036052010962001	0.00844924323914674	5
-0.0327067334833667	0.0783321852537026	23
0.0978926230109596	0.196729915682923	23
-0.088521158693672	0.219233978427291	23
-0.115281754187657	0.141159575595035	23
-0.0600382358919207	0.0648735341736247	23
-0.00714469156641095	0.00572336708259603	2
0.0862150600423021	0.0469114765060604	2
-0.0938101709720325	0.127182873949265	2
-0.122480291134708	0.20259160882736	2
-0.0785807090981792	0.245010389089835	2
0.0156136087633239	0.044395888227018	2
0.0492393666053318	0.143508880755289	2
0.000662884444600277	0.00173845670108965	2
-0.0680495123300353	0.219364479353351	2
0.0748072482684752	0.191637564198495	2
0.00625392240401323	0.0114731151714199	2
-0.00332772644433835	0.00709544059994899	2
-0.0712310023189421	0.182623729846806	2
0.0435888111927392	0.0931476010598036	2
0.101815574752729	0.181642975765925	2
0.0830368143236511	0.133338533856713	2
-0.0195002305345844	0.0344781350920006	2
-0.0904833158089379	0.159231706118846	71
0.00092241256278102	0.00119511716353816	71
0.0280057128138071	0.035299325627783	71
-0.071086575202797	0.115525260347082	71
-0.0115878840483982	0.0200205881439886	2
-0.0172465751804177	0.0316206006188215	2
0.0437750138375585	0.079570937508022	2
0.0641573266316889	0.106755442515738	2
-0.0189302487065643	0.0184415838581747	2
-0.105313359897909	0.107232143211044	2
-0.123896733764821	0.125994043366783	2
0.04353871453493	0.0615131477834252	2
-0.071867578762798	0.128525866767884	2
0.0412725791103703	0.114475998248335	2
-0.0478458062002502	0.144445540429945	2
0.0502224231818362	0.154923987197681	2
0.0856274968774473	0.302052363897768	2
0.038821493925033	0.0896703879288677	2
0.0668057788139419	0.147744689743039	2
0.100377744442803	0.163423336323713	2
-0.0612530291741714	0.113272971695597	2
-0.0264760240990787	0.0354659236383443	2
0.0718900046706318	0.0942536966924435	46
-0.055421599556265	0.0875798084778999	46
0.10751192104558	0.209815519563946	95
-0.0916960294404873	0.207159967842039	46
0.0500655121886998	0.131009000978179	2
0.050380899660915	0.117789519072038	2
-0.0398588356578137	0.103025994376637	2
0.0692988087748423	0.134934447980528	2
-0.0138068397174219	0.0324665423915463	2
0.112091349882485	0.30671424876115	2
-0.0374292736048888	0.0659296587328013	2
-0.053830472756306	0.0578070205738822	2
0.110096874534782	0.170832331910596	2
-0.0180414107798693	0.0273570177985268	77
-0.00635091980988997	0.0163425637072188	5
-0.00921247602338615	0.0257492448730841	5
0.0128532176950862	0.0399287283497	5
0.114711216647218	0.617682794474394	5
-0.104776110412497	0.488332614471175	5
0.00087525241516243	0.00282689822198579	5
-0.0810937581504477	0.399953564997764	5
-0.0351619121758164	0.146392562082146	5
-0.121841987317898	0.641129531646767	5
0.0753336384214916	0.365622126732353	5
0.000897594143882443	0.00294366086184436	5
-0.00818704101675083	0.025508870008328	5
0.0173011398536674	0.0523849376691355	5
0.0832718593836392	0.355856265619113	5
0.0635874054847445	0.273282115101759	5
-0.11526592140107	0.596937763584652	5
-0.0447794417757518	0.166604770576207	5
0.0945913538237633	0.461475268802681	5
-0.0648951463662184	0.296085598959503	5
0.101596610625753	0.526705599536755	5
-0.0405507796365084	0.167260310346112	5
-0.02252958406381	0.0856952579684829	5
0.0475560346000931	0.163590686327843	5
0.087344225000757	0.411097496718013	5
-0.0611377494927576	0.265346184808508	5
-0.0796073367804575	0.300651635949179	5
-0.0382750405144178	0.160243061308583	5
-0.0300797206581108	0.117940105014742	5
0.00880208504591491	0.0309208732851128	5
0.01940056742282	0.0652706089140987	5
0.104836491310757	0.463653875130253	5
0.0109355945545598	0.0402557564243436	5
-0.0170034782567446	0.0613067808691222	5
0.0650581360740814	0.279216875314441	5
-0.0763925724945515	0.337034146376131	5
-0.0169311419777232	0.0613227490608464	5
0.0692070900113457	0.276388662902426	5
0.0209568017555393	0.0604333254701819	5
-0.0277041808123493	0.0876132434046534	5
0.0165907004675041	0.0509053324504597	5
-0.116023520420146	0.436578727957558	5
0.0848471199269064	0.280144508047452	5
0.0855744707753222	0.253779009111925	5
-0.0344312401138283	0.0853686541972326	5
0.0497743788443212	0.139100037402312	5
0.0946183242176692	0.268032841642612	5
-0.0141823782726911	0.0338053410542447	94
-0.0154889373211238	0.037423985135963	94
-0.0261119783667332	0.049668522257369	94
-0.0997576471210846	0.230548818578217	94
-0.0683999204948523	0.140950851937502	5
0.0261932546119989	0.0574707606089465	5
0.114686328705776	0.287066446136089	94
0.0598393657800149	0.129275675441927	94
0.0511073940523508	0.118631180035701	5
0.0951888588969358	0.264817248504444	5
0.0117064104385826	0.0208876406119402	5
0.0461231590305397	0.0930662409813152	5
0.0147359933472589	0.026589630741293	5
0.0114365701664454	0.0216358393148806	5
0.0549865855540608	0.116504913396333	5
-0.123518524855596	0.239452405448876	37
0.0578193649281851	0.108918920627254	5
0.0793691076500732	0.147422727502233	5
-0.08808046697356	0.209826235202349	5
0.0600913993775941	0.121736579499561	5
-0.083098325392863	0.276735100939705	5
0.0202696096448732	0.0518876273805806	5
0.124029083747687	0.37307246085772	23
0.0886036866270044	0.244942192942383	23
-0.0510639362092871	0.0641928623915854	23
-0.00301507855490611	0.00220306389518644	2
-0.0445870574857685	0.0751479565967352	2
-0.027172353091098	0.0493625702284391	2
0.0484308174389466	0.15854985098507	2
0.0729097068321358	0.151071127560939	2
-0.122721635574192	0.413936305444468	71
-0.0601108464482296	0.140412264028943	2
-0.0895232814767856	0.20579895701433	2
-0.0647219292563238	0.124763893350652	2
-0.0804060308121015	0.140279165526462	2
-0.0241285849486002	0.0421977057468254	2
0.0337828216902303	0.0607798284469213	2
0.0914532510476578	0.190580091025012	2
0.0801879879725949	0.117500584262526	2
-0.0919249254551119	0.139934232080691	71
-0.11639673533578	0.226236017786813	71
0.015109141256711	0.024091710713676	71
-0.00319854700038521	0.00507324906083623	71
0.0891871482219094	0.17190053658457	2
0.0776196324518689	0.0878779802492587	2
-0.0708830292916769	0.0763761894438301	2
0.109778689201432	0.136470179846086	2
-0.0106455203801622	0.0128915006321948	2
0.0349002768575972	0.046350379999981	2
0.0912172000823631	0.173583133093079	2
0.0470594089736368	0.108381672228508	2
-0.0296173722727232	0.0677323882570382	2
-0.00865375286255326	0.01625138811225	2
0.0472005773751555	0.109175195211026	2
-0.0499607419956595	0.104649188960947	2
-0.0641361308245022	0.127689925219062	2
-0.115440988857862	0.222504045990268	2
0.108412937688548	0.203719336097512	2
0.0639296588121108	0.0991897557324044	2
-0.114227356715789	0.150858797235757	2
0.0479459913217266	0.0611690027854201	46
-0.0699463140380741	0.0915234216938559	46
-0.00212576343227045	0.00257275784386772	46
0.0942794558753655	0.185829429780632	95
0.00885173459586177	0.0150629301163918	95
0.071921128730785	0.153957743983964	2
-0.0370237912699989	0.0700253099468783	2
-0.0408985191130849	0.085580021837118	2
0.0316586486701356	0.0720132431800819	2
0.0264649656200874	0.0566542957685465	2
-0.0857493382302349	0.196897886133832	2
-0.110558742199899	0.277034885809279	2
-0.0424799026062521	0.0746022356444896	2
0.106956760606622	0.163646576557549	2
-0.108930244780903	0.16667163235352	2
0.105155546364301	0.173930042969499	2
0.117815932440266	0.201922737335203	77
-0.0680246559175886	0.115925833790384	77
-0.00918686135927864	0.0219916629115226	5
-0.0315090799777593	0.0974413133386522	5
-0.0908146851575879	0.421207870702417	5
-0.0260593294743115	0.087917064829698	5
0.0282802557768658	0.0949410468726951	5
0.0141868622549908	0.0534947529023814	5
-0.0659970475412299	0.298018048437864	5
0.0435924683186064	0.186370133700012	5
0.0673482131975466	0.303685468630758	5
0.0291258163894696	0.116618577971921	5
0.0416435008268303	0.160368362364355	5
-0.0745012210592475	0.285642927293305	5
0.00581652600388739	0.0163578311430678	5
-0.0283389200975481	0.107892730972149	5
-0.0941123246182877	0.411653168977428	5
-0.110665050247342	0.519174779445811	5
0.08869494254638	0.450443929138819	5
-0.00779664262101974	0.0277704650038504	5
0.0140406839113639	0.047550862673591	5
0.046979853056421	0.173386029363076	5
0.0441662443067353	0.190607471703965	5
0.0881867784210251	0.413959012257234	5
-0.059703975901755	0.251127909381188	5
-0.069177060115402	0.293771057463633	5
-0.0531048576665713	0.218722181493859	5
-0.0337763280920106	0.139655357692542	5
0.0725798876843427	0.331853943643004	5
0.102726363803418	0.474776348485219	5
0.0169081346805694	0.0655403486687582	5
0.0755028787470308	0.352306525840803	5
0.0863803477443308	0.426382332897398	5
-0.10293714267472	0.538769872901305	5
0.11205518351005	0.539126184359688	5
0.0746372803577284	0.333565471485621	5
-0.06534474351087	0.304993637496298	5
0.0118439259202357	0.0436372210952142	5
0.0516387138494999	0.229242098802342	5
-0.102307644659855	0.542857452254433	5
-0.0825839549351864	0.408175384926543	5
-0.0612653346927988	0.257292611301484	5
0.120586315116775	0.535692034668418	5
0.107370333021742	0.563638124944919	5
-0.0589611076529202	0.227647779622435	5
0.0750535351903829	0.320458343420738	5
0.113882331844148	0.570179577216691	5
-0.121861076978422	0.566766194298658	5
0.0849861914633068	0.30079750262207	5
0.0232780647732542	0.0687976092821107	5
-0.0118596170123619	0.0340866706063269	5
-0.0103840587927011	0.0299945695192943	5
-0.0678364611615787	0.219365698982932	5
-0.0357537642307731	0.103753490722259	5
0.0490580774477792	0.147796108981069	94
-0.0369188638839257	0.105883654405317	94
0.0888968038539062	0.241504106369754	94
-0.0490121050376013	0.112868788413195	5
0.0445657786530373	0.11941550462433	5
0.0569956505350709	0.155029075768991	5
0.0747493765088718	0.200705228956101	5
-0.00239182716672992	0.00486603776717884	5
0.0441927053984353	0.0935935863797587	5
-0.0275756363923556	0.0586256125691989	5
0.0931332622137689	0.213892983683482	5
0.0446415961287381	0.100000470721165	5
0.0670369971988602	0.156497461980828	5
-0.047266533224684	0.114524361826148	5
0.0480073449973198	0.127144296991976	5
0.0773840098150508	0.265882839854283	5
0.0428791901598381	0.149076168493816	5
-0.0566323699437009	0.166860605604838	5
-0.00510798448370966	0.0128002151427809	23
-0.0638575224777122	0.184937810882911	23
-0.0739199743186885	0.221931925387528	23
0.0922058993666015	0.115849483327041	23
-0.122503951547503	0.15099764563509	23
-0.00511841705856622	0.00898072659667617	2
-0.112874713518937	0.255342927223061	2
0.12460054049213	0.657826944559896	2
-0.0918684368258001	0.342014416681063	71
-0.0916897841321497	0.246083783379199	71
0.0865355958016683	0.317440747141341	2
-0.064663201657425	0.181200821983537	71
-0.00684545716356745	0.0177027875018499	2
0.0175953211037055	0.0459831901836793	2
0.115995548388133	0.343784965835602	2
0.0194813986080585	0.0416122845468692	2
-0.028315295518346	0.0576798900683265	2
-0.10133484345179	0.240584748839645	2
-0.0113569132014819	0.0220078732203662	71
-0.0141587608588699	0.0244521598609126	71
-0.0266094648078753	0.0398672003866113	71
0.0126544155494887	0.0244795929059037	71
0.076723528841747	0.173648697589043	71
0.0591481530703299	0.139558116178881	71
0.123993442261279	0.266873796927311	71
-0.0693732091984609	0.174022619538912	71
-0.0479590411845411	0.101145376235465	71
0.0617003029665714	0.130382007366638	2
-0.0291247680642124	0.0354023245857635	2
-0.100392285474059	0.131964535615393	2
-0.0547767170601061	0.0760188917789083	2
-0.00172421068396962	0.00431284296712827	2
-0.0674028148422336	0.151488951823509	2
0.110509569238354	0.273048186272533	2
0.10806977905798	0.311319799845936	2
0.0714877624183428	0.122200891413138	2
-0.0229051919355062	0.0358590743272645	46
-0.0972526942599666	0.19921392693798	46
-0.0782878658786775	0.172702679150576	46
-0.0742840272395179	0.185991942870348	46
-0.0901006396182107	0.22340700712261	2
-0.0082806534382504	0.0191767028815439	2
-0.041081500602918	0.112729853199641	2
0.0533445796077631	0.158002955866471	2
0.00253448290643495	0.00586960556379696	2
-0.0641698671715289	0.190004197900106	2
0.0211452082491868	0.0394857531972303	2
-0.0307479692672031	0.0570021718566075	2
-0.0830074750281106	0.169742123268212	77
0.0472659924543097	0.0792058012630688	77
-0.0662236448949942	0.136594911423888	77
-0.0993726949772294	0.215816184006066	77
-0.0227287641075581	0.0571969772460828	5
-0.026753074859872	0.080949596751147	5
0.00521532998247344	0.0162670586472158	5
-0.0275924933374042	0.0993943114389162	5
0.0912898753616314	0.405648275431418	5
-0.0660765633847743	0.284054435698996	5
0.0467963846142197	0.194426592401791	5
-0.0311591356914727	0.121435557328864	5
-0.117468134352179	0.622764681352858	5
-0.0802481708515149	0.389026986934872	5
-0.0456745635082263	0.197282117942939	5
-0.0528977183465828	0.231369912693465	5
0.0154485146307634	0.059111710485484	5
0.0192712897567719	0.0721277479603287	5
-0.0409475899199085	0.166956518417592	5
0.0896047717661432	0.43456018065352	5
-0.0605934687891213	0.261548725251956	5
-0.0309868774685127	0.121936926395722	5
-0.0121892734976172	0.0460818672641024	5
-0.109382208422208	0.572801995188077	5
-0.11893596023449	0.647236480945247	5
-0.0462483168373689	0.197837460656588	5
0.0385424194054902	0.161756515475246	5
0.101139470844312	0.525241671601111	5
0.0361724054721161	0.151127208672855	5
0.03132635278646	0.128641713875716	5
0.041552269398637	0.176997692209715	5
-0.0202335204998958	0.0792511214495526	5
0.040208136167375	0.171122194560281	5
-0.118126106603817	0.660741774529963	5
0.0584911245664377	0.258617458141618	5
-0.0767505045705113	0.303696796787547	5
0.100316625549537	0.395335459286472	5
-0.114468771104267	0.613898524512964	5
-0.00228058215859971	0.00831109331276138	5
0.00670640962069831	0.0249649043626564	5
-0.105224222414503	0.564634288992958	5
0.00553400665809597	0.0181500378667878	5
-0.0278358168575372	0.0881840694087993	5
-0.0227307295395799	0.056930062247216	5
0.106500768762965	0.452971609280171	5
-0.0319700681173962	0.0951195030865707	5
-0.020361338074699	0.0538483593957641	5
-0.116668073938385	0.355019625184586	5
0.00582491171204277	0.0119380145913328	5
-0.0264283544111191	0.0531743155132131	5
-0.0505200632403313	0.0680652517364079	5
-0.00134905445104172	0.00300276370078791	94
-0.116599853038191	0.159034020123336	94
0.100732396314872	0.268771779999625	94
-0.0902830835487459	0.22629521468307	94
-0.0457986405790154	0.0925482986484241	94
0.0463988131339694	0.0907182705652295	94
0.0311420325967154	0.0734932959397077	5
-0.0362525662196741	0.0840575200785389	5
0.113770245025286	0.308628688535208	5
0.0884271266732585	0.274321269080058	5
0.0273310984262827	0.0285361961218237	5
0.0161176847358273	0.0263078272193172	5
-0.050903889835436	0.204195236037336	5
0.103770785657061	0.400423238429766	5
0.123314993886928	0.451219162064065	5
-0.0389273030509352	0.102652288614434	5
-0.0443869812147771	0.123635075139447	23
0.0829193235378583	0.224083312639714	23
-0.00907159807228671	0.0124088688587822	23
-0.0297270399146193	0.0128955319354753	2
-0.00991606409372828	0.0236303856554572	2
-0.0100555222415531	0.0156109484392862	2
-0.0579889405144397	0.223369604004172	2
0.0719416264546308	0.243649259299517	2
-0.108927326067051	0.473234903351242	71
-0.0296099094922737	0.106785106293168	71
-0.0990796705197447	0.217931802509877	71
-0.0778184240097881	0.193794401212226	71
-0.0568391123592148	0.146583575144491	71
-0.0526271077035919	0.115677376228399	2
0.0231398577425942	0.0345030639951547	2
0.061013063656017	0.094268342255148	2
0.00132536353345381	0.00191276590111865	2
0.00195607756388113	0.00268648794421639	2
0.0336416093972376	0.0649547120013808	2
-0.0382931940970989	0.0772889818395224	2
-0.0795323267357364	0.140991276477489	71
0.0873178760888016	0.135808984932536	71
0.124330528892087	0.26778294599903	71
0.0178240902692934	0.0317716687333952	71
-0.0217077023861185	0.0385377943161044	71
0.0164937840823124	0.0352700950455968	71
-0.0820616107126993	0.186708998890134	71
0.0989983649946124	0.174471021959118	2
0.0823570311601956	0.0736936878854976	2
-0.0431003619261032	0.0370323069788327	2
-0.0714105837106536	0.0651112907671679	2
-0.0246982119851107	0.0706686134113276	2
0.0948182330788242	0.376585990995614	2
0.101181382623992	0.410002758940504	2
-0.0333619981693038	0.112632125093196	2
0.0131278671275049	0.040546067710937	2
0.0892229811512637	0.272199101340126	2
0.0714043199296032	0.198364561392198	2
0.0200859898426634	0.0352912185220444	2
-0.0478240774897871	0.0896335339624324	2
-0.0960279717281019	0.130552620495482	2
-0.0627492913192897	0.104123139169903	46
0.0780127029397477	0.126750069630266	95
-0.114343268489763	0.219974554244656	46
-0.034502896090271	0.0694119861899996	46
-0.0725934019733301	0.218407883828924	2
-0.0582459368681955	0.156438692585863	2
0.0153007764998514	0.0385713349049247	2
-0.00339677797061125	0.00848979104584719	2
-0.0239185220622964	0.0545904652884088	2
0.112286545058395	0.31287129459038	2
-0.0757151352578429	0.256730713920882	2
-0.0708873221879378	0.198723230130988	2
-0.103858344370678	0.218565028784808	2
0.0203882508441619	0.0243044863712715	2
-0.0751369491337861	0.0952103811671905	2
-0.0969826811969848	0.189579334891387	77
-0.0201498436662612	0.0343028275232525	77
0.118523528284797	0.20519910858156	77
-0.0252793747467316	0.0668091015902615	5
-0.0252090595885137	0.0805746266952629	5
0.0234489025005306	0.080234985598536	5
-0.0702443285109191	0.277352137370406	5
-0.00395485701469185	0.0130707057996894	5
0.0748568910708014	0.331077573105785	5
0.0485382936148033	0.19921188770559	5
-0.0513397220699744	0.20923864300634	5
0.0189231944087005	0.0713061856624657	5
0.0549336267525079	0.231171120960656	5
-0.0985629469914546	0.492801715062972	5
-0.0556694399865547	0.235697529278701	5
0.0878579769020468	0.445104145153217	5
-0.0964304456160584	0.501511650453423	5
-0.00581898471911192	0.0208546787815874	5
0.0175719279052551	0.0649354971812351	5
-0.0806565713954044	0.397398117240096	5
-0.114631787172101	0.576534111809053	5
0.0293473369075937	0.119364187036931	5
-0.00190361424284306	0.00693469608291229	5
-0.0595983267339656	0.268295303979961	5
0.115618279663975	0.635429483968536	5
0.0223887642995497	0.0884805154302159	5
-0.00967052180300913	0.036279353472471	5
0.013512109693192	0.0517264456999437	5
-0.00844114091087137	0.0313062501579061	5
0.0357495857860833	0.148222784916712	5
0.0184843573233903	0.0720884934656026	5
-0.0656250260020406	0.300305096865205	5
-0.0518791456798382	0.182326666742653	5
0.0773453810555185	0.195229648560528	5
-0.0849390125021155	0.138778526125262	5
-0.10488719831108	0.500857479623059	5
0.0264349325612008	0.105313481204817	5
-0.106299681501689	0.5619603836189	5
-0.0912065081348194	0.45422045597164	5
0.0297027507703684	0.0540633257875895	5
0.0263612885689432	0.0665212452806377	5
0.0952434561784457	0.305190676110439	5
0.0536105635209349	0.13187288957554	5
-0.0745235571473767	0.17888745576478	5
-0.0799864668887861	0.179177661880307	5
-0.0556568214747779	0.118179931514934	5
0.0379562730818398	0.0824176250583854	94
0.0268976236163271	0.0311022478702785	94
-0.00976489135893993	0.0172049699107611	94
0.0913145711222056	0.145427333566043	94
0.122057552439395	0.206253988760176	94
-0.0796367999042421	0.198311736623424	37
-0.0340059634131983	0.0693970683326167	5
-0.0555326955479982	0.212769990812378	5
0.0984747981578962	0.326460252132883	5
-0.0578686613129224	0.171235517046671	5
-0.00409106198122534	0.00937547878009489	5
-0.0999382609763177	0.0964995699302048	23
0.065754091668093	0.160745041623097	2
-0.0284288282428247	0.0485473051565529	2
0.00276793190701903	0.00442023251607878	2
0.0513984886860904	0.20414259312435	2
-0.0640500730549975	0.248449688724027	2
-0.107920877606534	0.487766836779831	71
-0.0457413777268345	0.177551641274367	71
-0.0891350441839258	0.394769135102548	71
-0.112625131580418	0.212204222091968	71
0.10802660550283	0.307282050188278	2
-0.00271367725197085	0.00458415951334866	2
0.0128356110036843	0.0160590044216047	2
0.116779345782839	0.251987919933636	2
-0.0891741372866777	0.139484038348657	71
-0.0683841746613029	0.103354768158466	71
-0.0931497599489267	0.0847055623078448	71
0.0108228760072925	0.0149247247493045	71
0.0174361917529302	0.0272786434429735	71
0.0766339565589969	0.116324043232539	2
0.0949913623201649	0.0963433257961597	2
0.0641525385293801	0.0782661721211778	2
0.00958389525516219	0.0241912814597268	2
-0.0143316787177202	0.0443708366031454	2
0.0501320116593292	0.180348523624636	2
-0.0579641295501632	0.200968772613325	2
0.0255371548367054	0.0603721588248881	2
-0.104194928898455	0.269439305771121	2
0.0212325592568196	0.0194226774656927	2
-0.0206073313355442	0.0292171932590916	2
-0.0756286653318015	0.216742059733523	2
0.00600887401101645	0.0124147671491423	2
-0.00765591665750049	0.0150964874036348	2
-0.0509299149869335	0.0973553680059386	2
-0.0121497188035071	0.0459571591664398	2
-0.0206735774438245	0.0467453601601786	2
0.108900587244801	0.124956843159657	2
0.0076413069483708	0.0101059248732143	77
0.0116879602346808	0.0170006319753546	77
-0.0275447907239991	0.0702982972891147	5
-0.0120708971547949	0.0323993491154361	5
-0.00153134334915769	0.00456616763230631	5
0.054574511192899	0.196566233179843	5
-0.0627440492909072	0.250033558961451	5
-0.0615392130951652	0.231909909386053	5
0.0992664526248473	0.471584801077694	5
0.00934437200606875	0.0327496519271274	5
-0.0381109403476064	0.154766105825194	5
-0.0655896151671131	0.30303168281416	5
-0.0238692892040411	0.0938694248461345	5
-0.00650125891669554	0.0240058106432899	5
-0.0361480856058723	0.13059262550976	5
0.00706090484168016	0.023157686072204	5
0.0432807333396911	0.178148803847065	5
0.0277970438762327	0.112605050665948	5
-0.0595530318909989	0.248811969345051	5
0.0558468062576359	0.225751049531243	5
-0.0440705014975764	0.189932075444702	5
0.0618215823122326	0.263110978507396	5
0.011731661609426	0.0413856287301409	5
-0.0747105177511482	0.33283571170809	5
-0.0405160103366636	0.172362053526729	5
0.0162064436961529	0.0625540823416258	5
0.0736322033170877	0.350701482819633	5
0.0483902982070268	0.20730906885937	5
-0.0373640187090919	0.156722785290592	5
-0.0820298598291816	0.404395305113546	5
-0.0251755260808719	0.0904854490382454	5
0.0147020276452582	0.0433863591972314	5
0.0956015951980667	0.377574339233037	5
-0.0483997892582738	0.200847619940496	5
0.00602464903145114	0.0223561867894821	5
0.100991637104393	0.530638210563127	5
-0.0118414414987103	0.0390113260455457	5
-0.0849282402938125	0.315124299797349	5
0.026588778378662	0.0858846139894902	5
0.0325990863854906	0.099071259697335	5
-0.000612027395110635	0.00160249308184615	5
0.0124875730206475	0.0325385559006936	5
-0.00976625014456632	0.0267624083789545	5
-0.000466432793671836	0.00118098994089875	5
-0.0985889141352563	0.296626053355086	5
0.0262773035381757	0.0532506321868704	94
-0.0231788456920459	0.0420201321702228	94
0.0189648755360425	0.0288152987948351	94
0.108799433728891	0.211214920996057	94
0.0112213885550639	0.0171208988646146	94
0.0567418011284343	0.108200898064464	94
-0.0391195442191876	0.0584514955446942	94
-0.0555473151733936	0.0771712546793538	94
-0.0948347809136325	0.177374842966885	94
0.105344431834402	0.209676593441655	94
-0.0909569697718908	0.190240763997249	94
-0.014503285751877	0.0198411984061992	37
0.00620954305781002	0.00975421079941184	37
-0.00199652003037209	0.00233008044609256	5
0.0867803867075379	0.136095094678711	5
-0.0842134299183108	0.17015256207016	5
0.112638490226887	0.375164772525497	5
0.123645841108142	0.438053387894772	5
-0.0945858247832247	0.268811693373735	5
-0.0952365432946199	0.248098399765616	23
0.0176534408909407	0.0377203202417868	5
0.0537424826287537	0.0188355926178891	23
-0.0975742810232158	0.30059280381383	2
0.0542154481282477	0.0729286964332884	2
0.0429290314389129	0.111621431190462	2
-0.0145889143750318	0.0446079036368863	71
-0.00194958596865376	0.00573719415415457	71
0.0544848026068268	0.160522300022127	71
0.101422109565382	0.241439149549155	2
-0.0397786288452414	0.0907215634622728	2
-0.0729437812450904	0.132913819641627	2
0.0883857053349082	0.132212672065886	71
0.0577212483628984	0.0911890507618586	71
-0.0170894326390801	0.0260453770085925	2
-0.109284027885647	0.0917891649124502	2
0.0663914108785075	0.0571270089957636	80
-0.0831465293667825	0.0578267125384676	2
-0.0978010021610398	0.105015208603212	2
0.0717095138133298	0.0845494711492624	2
0.0899832978047331	0.151330905650689	2
-0.0441762460807978	0.145696419388611	2
0.0080041816512232	0.0238187249186848	2
0.0508625946224503	0.194848593181007	2
-0.0202130322058459	0.0601480489410701	2
-0.106322540178102	0.292924673894885	2
0.0557256727162345	0.122510553512281	2
0.0916168507980968	0.161281661743208	2
-0.122148889286324	0.11784420237837	46
-0.0237966802110582	0.0232746360015569	46
0.0601558510751269	0.060391772039961	95
-0.107439566275002	0.12587750409885	95
-0.0686764283814312	0.0953246525648537	95
-0.0498990674614387	0.138680328521365	2
0.0113170902227675	0.028230046244965	2
-0.0975574259127439	0.241099825466642	2
0.108150006001	0.365534944563435	2
0.0544738049950123	0.0612469137943015	2
0.0477373767280148	0.0464948393250347	2
-0.121458750846819	0.14233124851731	77
-0.0974980164223259	0.156330826774155	77
0.0752023770473789	0.103745517050329	2
-0.00510788859094912	0.0122867117098401	5
-0.00500311747875479	0.0140458814767498	5
-0.0280334831139798	0.0915555768157975	5
0.0436655569419728	0.159165290618034	5
-0.023428233752576	0.0762723228849109	5
0.0248349373667519	0.092499371468063	5
-0.0146451871007114	0.0518500005615441	5
-0.0218397738253784	0.08336981044974	5
-0.00848428745608763	0.0318090314685183	5
-0.0858497545956972	0.412831755081586	5
-0.0480488436146468	0.210154054924319	5
-0.0545714064408652	0.202971139306841	5
0.0475177013331477	0.174833070393325	5
0.0309966907669728	0.123125285322166	5
-0.0837987764154042	0.416333579556288	5
0.00199325597561324	0.00661897467946318	5
-0.0836891195973865	0.356777704201854	5
0.0340062836133987	0.141293685120453	5
-0.0924946442536977	0.428517009284885	5
0.0487092006550289	0.191927083015801	5
0.096616595356143	0.451337329077013	5
0.0423636783760563	0.178998936941624	5
0.0510856943250939	0.2208357063053	5
-0.110315961989038	0.598225227101814	5
-0.0355422819666892	0.148404492643921	5
0.0479048163111392	0.209168854604644	5
-0.0263124633537428	0.0991869438220469	5
0.0781361980211662	0.379704579186008	5
0.00360147887514559	0.0132301493825045	5
0.0617990689283313	0.268058109519378	5
-0.047218857923601	0.175346976596736	5
-0.0757551936950761	0.366997504053997	5
0.023650836022634	0.0922513422884764	5
0.0228631621392406	0.0811794477793813	5
0.0107184302585033	0.0353529267966012	5
-0.023101439904633	0.0822390896842186	5
0.0151659775553415	0.0439230933414888	5
-0.014232103707591	0.0366655801462357	5
-0.00865156560410945	0.0236034557227302	5
-0.0233354890887945	0.0579893701809129	5
0.0354226034685885	0.0853194683148537	94
0.0668759581340573	0.150880923586418	94
0.120030934965354	0.344082689640698	94
0.102040647274386	0.244332943079583	94
0.00178201772298425	0.00329458300693714	94
-0.103509675434558	0.201802870514613	5
-0.00221658896187716	0.00400483142200801	5
-0.0562629586262207	0.0983181233306818	94
-0.0321716353656049	0.0491921392941901	5
0.0268086359633116	0.0527933797333619	94
-0.00645149053852048	0.012821711332275	37
-0.0735495311192367	0.125494882074023	37
-0.0221112715890655	0.0305561956737351	37
-0.0049643922403028	0.00730896562061209	37
-0.0782005755178693	0.11521051137036	5
0.123762688145292	0.412740613727183	5
-0.0122427726939773	0.0324275131077064	5
-0.0955525948093488	0.284634899475773	5
0.0610223384139259	0.147062527322796	5
0.0760851128893078	0.179974791402516	5
0.0331444793265485	0.0497156736251041	2
0.0131217900736371	0.0322269104557273	2
-0.0230210569974481	0.0484483616031232	2
0.055590117121331	0.122142422525246	2
0.0616690767856916	0.226004825382554	2
-0.0746565449757671	0.246644952826488	71
-0.0131234033936592	0.0330936347380047	71
0.119149592371772	0.44726581459717	71
-0.0596618767661029	0.146450108521824	71
-0.0903464866181926	0.201056590050059	71
0.0814161251785127	0.199017176284967	2
-0.0456718565282576	0.0806633435028911	2
-0.0553526075943456	0.0959589180406318	2
0.0231935565627885	0.0374596407279558	2
-0.0810489876243648	0.151194821550364	2
0.122723556393346	0.263510588006852	2
0.0196502940119118	0.0298879913602721	2
-0.0602295350579768	0.078650463421498	71
0.0999218931569777	0.135192615077171	71
0.0122996875843691	0.0174517005402255	71
0.0756164110328272	0.113577714749386	71
0.0237214554214124	0.0429948240231137	71
-0.0615878939392139	0.0805619190169688	71
0.0650801906740971	0.0490178727841379	80
0.123405093930584	0.110386916478596	2
0.0964867383822819	0.0895478409658401	2
0.0967157219763678	0.115176381995357	2
-0.0620728319675084	0.183458419218642	2
0.00534553384560861	0.0156324125591428	2
-0.11598889861821	0.421497845789533	2
0.01979203531611	0.0433313370643632	2
0.0669514951438349	0.147373118290315	2
-0.122554650349996	0.257548761139026	46
-0.0893764267345319	0.196106707064983	2
-0.0136833100066271	0.0291453773898796	2
-0.0470732056913662	0.117840269694396	2
-0.00660677723283605	0.0134377925692218	2
-0.0902584546966265	0.244554476653228	2
-0.101003190229515	0.171100557063328	2
0.106400418735399	0.162668086459815	2
0.0435135101306692	0.0498179648657398	77
-0.042803490721501	0.112092395941104	5
-0.024543206829565	0.0707402484538762	5
-0.030059238246185	0.0985102953733749	5
-0.0061113233390275	0.018654744762438	5
0.0155892720610082	0.0505895496969199	5
-0.0515050868276009	0.198380754222291	5
0.012597654781074	0.0438403332715891	5
-0.0405845441118879	0.159894801878237	5
0.0471458260811847	0.196340867421723	5
-0.0315310119242096	0.121434396217086	5
-0.0913376820488793	0.43627701353166	5
0.0702505427674774	0.30640289801308	5
-0.0152393881922629	0.0554679040383794	5
-0.0228219468106501	0.0887990275602119	5
0.0418019941924004	0.179026407723806	5
-0.0234075313297331	0.0900831451306581	5
-0.0428088774970202	0.179250371082928	5
-0.0710446260437779	0.327666919721425	5
-0.100528680750882	0.525171701528661	5
0.0547508921621596	0.237503060710847	5
-0.0519032348146829	0.229093585870181	5
-0.0390178719773733	0.164816424008963	5
0.0391907595298177	0.165723193484815	5
0.114273056299168	0.620558874315385	5
-0.052319843911563	0.230714779077703	5
-0.0232985369912875	0.0925807605342152	5
0.00443305032128967	0.0162534435959624	5
0.0658029371872232	0.266594693443974	5
-0.0883356626605607	0.271199345364872	5
-0.012100172714239	0.0221589143409663	5
-0.0821991814223376	0.264114601804971	5
0.0543792146604209	0.220556983614079	5
-0.0893396564812884	0.449180758805929	5
-0.0794147621483095	0.385515393747591	5
-0.00675654466742253	0.0248667593414515	5
0.0998673720094245	0.404401917974218	5
-0.0247189033309071	0.0520367326165592	5
0.0602419488149784	0.18206388824664	5
0.0575286830185652	0.15574999258571	5
-0.0759727689401261	0.19859789671249	5
0.0765099440863515	0.165048125202217	94
-0.0253070753569347	0.0413911545796031	94
0.0711914376824237	0.0977086739465863	94
0.0377544810824116	0.0447592919156684	94
-0.0392612586637003	0.0478302387884797	5
-0.105014080398383	0.159782278946049	5
0.0268268457297881	0.0522679341098344	5
-0.111863802914927	0.157673701545052	94
0.0933248335742267	0.136028649970652	94
0.106344488578745	0.237396386747082	94
-0.0646858638507383	0.126479358279863	5
-0.100765558625427	0.219411932297132	5
0.0563844865914145	0.13117551983069	94
0.0803618594688711	0.209987596225281	94
0.124236145636797	0.20225276800255	94
0.0106920988963406	0.0118205659404373	37
-0.0395790777075565	0.0513151536194605	37
-0.0335343693659686	0.0326420690307636	5
-0.0873044023260247	0.0979094358937296	5
-0.0852876175203923	0.100305251775454	5
0.00173751861150447	0.00341435592272197	5
0.0859789647872962	0.357759740117828	5
0.00206251116323708	0.00545348821094927	5
-0.0343574899408292	0.0982659920341625	5
0.0198201725866843	0.0556585821001583	5
-0.050144908666135	0.132622105247862	5
-0.00200504862918109	0.00384796407458738	5
0.0178199171957017	0.0358379075641211	5
-0.0329297177134175	0.0177900867471713	23
-0.107796018211902	0.449390268742379	2
0.047401218636732	0.171359986517812	2
-0.0617039142375589	0.25010149676086	71
0.0989046980712854	0.253855970604178	71
-0.0214522359944042	0.0401312907586821	71
-0.0182925492921499	0.0383894828013155	71
-0.0659541467438257	0.184857181236843	71
-0.103608794389649	0.302213269673255	71
0.0601455458596616	0.0796593155808111	2
0.0972600889974973	0.150158650786266	2
-0.0849040213002325	0.168233866072218	2
0.121493442753594	0.257008902759137	2
-0.00488227315086425	0.00649838362814262	2
-0.0157923640058169	0.0235790469864353	2
-0.0576098639676867	0.0846186105385663	71
0.0275231622433131	0.0450726327419423	71
-0.0553448058320317	0.107541934606241	71
0.0946840557145126	0.163120550790906	71
-0.0466838875720963	0.0873294666874331	71
-0.015509341821896	0.032348640394254	71
-0.0549156268787874	0.0762280149214629	71
0.0333510496716992	0.0198349784489694	71
0.0928261075322381	0.093964811946763	2
0.0793290763481407	0.268441527282698	2
0.0343465664735513	0.121095030864407	2
0.027745409883432	0.0955484301827817	2
0.085576340354447	0.382364295801474	2
-0.0448718009287319	0.163881243827398	2
0.0578894749556942	0.158470838627306	2
0.0824079242019426	0.159440956329987	2
-0.0491851426270954	0.0775267401254281	46
0.115880277532959	0.232561989117464	46
-0.0129635291032644	0.0228628130782545	46
0.0860048354912075	0.183298678056194	2
0.0165566479745694	0.0347128339174138	2
-0.0727106304675838	0.218834631056945	2
0.120013888892723	0.366757972161052	2
0.0103543194833991	0.0261275011631271	2
0.0134081982345041	0.0309149063354938	2
0.0270333903623745	0.0606153682221586	2
-0.0826085485509982	0.159527177918351	2
-0.0358387875305527	0.0575362349816505	2
0.0353966050525555	0.085253175388984	2
0.0759400975209448	0.13174217955925	2
-0.108773244015227	0.111124646903543	2
-0.0583903555524812	0.0597374870952801	77
-0.0390800142393054	0.0506328040356463	77
0.012849086003581	0.0165892329050874	2
0.123821275470406	0.221644969475972	2
-0.0158967255518832	0.0390599132187785	5
-0.000531025575733104	0.0014001701496143	5
-0.0505995340930164	0.17463510500666	5
0.0176685731609947	0.056400211455176	5
0.0551852262363349	0.221745030627313	5
0.0280559391219137	0.104240705936227	5
-0.0296303429713702	0.11672760984329	5
0.0920156760482822	0.439130063201318	5
-0.0769537310293952	0.33788291892231	5
-0.0565977191597938	0.235703735274742	5
0.057496889546238	0.243773625811083	5
0.0528752517178292	0.229223220903539	5
-0.0638870254223562	0.2876158524633	5
-0.0336095938081452	0.13785524228891	5
0.00713961313489287	0.0263699731348837	5
0.0259575633044237	0.102539744056424	5
0.0339988784228311	0.137800758766436	5
0.00688281000474808	0.0251913778925398	5
0.0207671890016265	0.0815276985255523	5
-0.0386740069538017	0.16325297586448	5
0.0274488505276768	0.110952560263871	5
0.0677509213235011	0.319976306947095	5
-0.122942202084397	0.696860410879943	5
0.0483349435792137	0.210847240116692	5
-0.0416301664381545	0.176230288033093	5
-0.0266147691107204	0.106537443471987	5
-0.0609352752078733	0.245082091837488	5
0.095718653195716	0.337049514513851	5
-0.00485222057006331	0.0174880159876647	5
-0.0965986770742337	0.498176514261624	5
-0.12098305725948	0.651629829166611	5
-0.0504643338551479	0.172241012588051	5
-0.0425475383628975	0.121504900398156	5
0.0126596136214394	0.0339921484765369	5
-0.0394731208570813	0.093280993530205	5
0.00721249350665437	0.0190246988345623	5
-0.0833274158066562	0.2246750432376	5
-0.0526199320255042	0.131279714480423	5
-0.0240474241770063	0.0386093852191996	94
0.0148645942410043	0.0206005273213558	94
-0.0472041227706036	0.0907915059931464	94
0.0412187563894142	0.0652539465059875	5
0.077035110167877	0.150861929753156	5
-0.0768963820743123	0.122647872717492	5
-0.0303671822639974	0.0383002832257532	94
0.00894898215779983	0.0145357418202888	5
-0.114028443790687	0.237669185641315	5
0.0603271345657567	0.0931113907979814	5
0.0410858495513212	0.077699591633291	5
-0.0243616916238165	0.0238296601668172	5
0.102688518910209	0.115170514742978	5
-0.0230138348171579	0.0224948886463567	5
0.0323976145468632	0.0361485203849891	5
0.109995989340002	0.438797426284371	5
0.00219021932287586	0.00588432198075571	5
-0.0716197804843578	0.222209103176082	5
0.0576531508828316	0.164881169068322	5
0.0961880968869783	0.285054223963512	5
-0.0537213435453909	0.131243017148294	5
-0.0132657327333188	0.0261824794523328	5
0.00837363535362908	0.0178814275370784	5
0.0945713403905433	0.139475189512712	2
-0.0619595986825482	0.170472002250505	2
-0.0622019653312066	0.0883948085715307	2
0.0634051318811807	0.0955494674077208	2
0.0244164056092548	0.0704728121807225	2
0.0977348471176923	0.289283860427888	2
0.0591053333981079	0.211183840891045	2
0.0517181691116824	0.172236850164116	2
0.109707290692235	0.42556400837484	2
-0.0794948402536091	0.211389781224641	71
-0.119857047245642	0.29127575630224	71
0.080231553592237	0.204591669648116	2
-0.0864568266463325	0.127670091763498	2
0.121410005137976	0.281328731196605	2
0.0705986472594915	0.13582337525191	2
0.101751558128467	0.146402997749052	2
0.0217255122908273	0.0306742692380262	2
-0.0322321546112016	0.0492868559361311	2
0.0861523043896162	0.144077524950506	71
0.0692338696359087	0.156982798777276	71
0.0272562751920281	0.0439582533783816	71
0.0730059148302317	0.104905161928957	71
0.0333510496716992	0.0198349784489694	71
-0.119375728829834	0.0817249618598234	71
0.0837231163927982	0.0890822202352928	80
0.0362120931996162	0.0287054523285623	2
0.0677027390113362	0.0643414030508699	2
0.0120312163002413	0.0315504685914555	2
-0.00172793338672721	0.00530912698446411	2
0.0258026306299688	0.0856147092985919	2
0.0311440956289113	0.101853237473473	2
-0.0186500827038775	0.0439449935164879	2
-0.0428589125799337	0.0955331855993161	2
0.0871060604594005	0.180443798918688	2
-0.107032204785523	0.183556784587643	46
-0.0496027071071868	0.0782525076345515	46
-0.0945536184960003	0.119827196630362	46
-0.0506001750894596	0.0492562719193981	46
0.0854136962339907	0.11648716925872	95
0.0082621020499503	0.0124451474464388	46
0.00865836525639552	0.0170071379431689	2
-0.0160426498960674	0.0368909211696386	2
-0.0306429704416282	0.0735968924064857	2
-0.0915370911421558	0.20767194369484	2
-0.0869295641758682	0.159964064598988	2
0.00934439048736151	0.0107263681695049	2
-0.0602639707074149	0.0651330126551112	77
0.0356168535690319	0.0336620722288791	77
0.0471628748657385	0.0518443150407607	77
0.0152292558034693	0.0230129037140299	2
0.0812415504854196	0.124124969410579	2
0.100516695927499	0.169940551624156	2
-0.0165295869048483	0.0411176607235497	5
0.0173859831939963	0.0497852286436159	5
-0.011364404908824	0.0350694960749803	5
-0.0448018022462313	0.162266795007849	5
0.073758855928232	0.308292833538334	5
-0.0870490177125994	0.385793843418785	5
-0.0338672811716021	0.132227304729879	5
0.0399456026566589	0.158874381901267	5
0.030706736811052	0.121961266872498	5
-0.0614128985518042	0.274686621307358	5
-0.0015575777948549	0.00541034284156294	5
0.0365250678426829	0.148276251795701	5
-0.0849827838490035	0.425558463663411	5
0.0666138999319742	0.301255050140232	5
-0.0863558982719431	0.433444234452353	5
0.038563586830887	0.163127548918725	5
0.0116545307818433	0.0442786417707395	5
-0.032298220620071	0.133049793570029	5
-0.00641459639041209	0.0237905026233053	5
0.0338455620901367	0.140195081045439	5
-0.0443700907036361	0.19050783589052	5
0.0435225266511956	0.187371872839806	5
0.0952572797197158	0.496100018861334	5
0.0410735037605408	0.173602106838315	5
-0.0432451668291912	0.174413389523406	5
0.0647008896585182	0.22101711794996	5
0.0816704280187821	0.206992193701466	5
-0.0991236790091928	0.28474006223074	5
-0.109894708664213	0.570814966671336	5
0.0948257682415105	0.454863118086158	5
0.0214411239955458	0.0557037117416103	5
0.00346842056341223	0.00768306347306039	5
-0.0916599078781432	0.201976024875372	5
0.031678952656451	0.0809849243671165	5
-0.040087828060323	0.0926338115627942	5
-0.0362642590433524	0.0656048301190432	94
0.0873421847497876	0.171578835832557	94
-0.0208653777500481	0.020363746418789	94
-0.118918698588134	0.133698042676051	5
-0.081979138378373	0.0880224674166498	5
-0.0236250309885073	0.0243431326450992	5
0.0887841508372744	0.154381735939513	94
0.0554941566991324	0.0788073206227409	94
-0.0273307245950718	0.039635778039331	94
0.113044704723357	0.276120787639941	37
-0.104838554071213	0.142524637219252	37
-0.0974559126197734	0.136334323607136	37
-0.107993359308628	0.110263397021261	37
-0.124671337127438	0.159472109942034	37
-0.123107595305863	0.162326419177788	37
0.0808952733449878	0.174751257446001	5
-0.0235443722549628	0.0590950865160314	5
-0.092657787088938	0.263154230712026	5
0.00657257591916454	0.0152546581103574	5
-0.0260250518145576	0.0583279588613379	5
-0.0933704347896855	0.185461699379118	23
0.111799519673806	0.107562234627632	23
-0.0964439583199545	0.0740951720075079	23
0.108765473202957	0.225629354957017	2
-0.0810586150853697	0.116060231654562	2
-0.117976162394636	0.180984052220613	2
-0.0157956827999411	0.0487273164660801	2
0.0448092640669599	0.140451120713466	2
0.0100551950288163	0.0199927287028806	2
0.118848259655165	0.400201485448605	2
-0.0744018245058454	0.281313522938752	2
-0.0902376736757025	0.365427272399987	2
0.0884184423552516	0.330706758738689	2
0.111056314056754	0.284683162270198	2
-0.0787516081637487	0.152974645792327	71
-0.120275202702788	0.281718934700967	71
0.0264418337194681	0.0560879713892629	2
-0.0239774178294288	0.0497101956731833	2
0.0812588758532104	0.0981764605216585	2
0.0525350894824557	0.0994205812047464	2
0.0777155378416424	0.11707038437288	2
0.107306143866299	0.140775578538614	2
0.0906761766917721	0.0988347895729413	71
-0.0672906615144529	0.0941037604888317	71
0.0430521284731766	0.0607863512809425	71
-0.121865458777967	0.220807556479468	71
0.0228943604723955	0.0209693038157408	80
0.0963518857897243	0.114696705968042	2
0.00570650076206832	0.0053581145875446	2
-0.0806731759549516	0.13565535906456	2
-0.00483588504615988	0.0129091063803365	2
-0.0635831920201243	0.239103569950734	2
0.0802146730566867	0.325333274980677	2
0.114121704363547	0.537738793675389	2
0.0263193432954627	0.0377370194417198	2
0.115497751896276	0.182276394447208	46
0.0417933634351644	0.0716140973233705	46
-0.00652522562360114	0.00522930039726823	46
0.0843322117546579	0.0666580571789429	95
-0.0767144426040476	0.103935217026335	95
0.095482534899391	0.141010521690701	95
-0.076479283994622	0.121903881729376	46
-0.0134084799373958	0.0209317962417078	46
-0.107374290613562	0.321572111277742	2
-0.00271781988464346	0.00574805055818594	2
-0.033198789548625	0.0793666140795168	2
0.109340310450167	0.215541365074157	2
0.0506591179560209	0.0707863621225058	2
0.0408779591942958	0.0884838127493395	2
0.0577010024437087	0.0532147013858587	77
-0.0169646045471085	0.0417712362299226	5
-0.0172437271413711	0.0502084473995813	5
-0.0131944534431371	0.0411627019132498	5
-0.0510311415901768	0.188197261534331	5
-0.0140836932453506	0.0481076292500573	5
-0.0508245296457755	0.217363659332167	5
-0.0148730987068074	0.0539939646436676	5
-0.0632447649230076	0.252758774479432	5
0.00463702724133438	0.0152748607258088	5
0.0105639152005256	0.0374532993392272	5
0.101347765323316	0.528604455421392	5
-0.0196631995831552	0.0736889819254609	5
-0.0482291777548347	0.203456621669642	5
-0.0784312381591494	0.383139626400669	5
-0.0233233913826591	0.0903337967441495	5
0.0748923395277308	0.349549048726435	5
-0.0574938109419244	0.250849485508072	5
0.0500506750384436	0.221211875529208	5
0.030301835386001	0.123863796423369	5
0.0188745845040602	0.073336167399328	5
-0.0289074153259741	0.117591781115239	5
0.0496686602707574	0.217051295905734	5
-0.0324978469556405	0.132735279222775	5
-0.0582217018015486	0.260550769808046	5
-0.0134798468348087	0.046681224925582	5
0.0632432703730446	0.206559762416157	5
-0.113143258538888	0.307863960164564	5
0.123050942574462	0.553501236836332	5
0.123792710655641	0.662613018981576	5
-0.119474886426765	0.668996048320258	5
-0.0863274255763561	0.419285174278506	5
0.097410920426976	0.372127553687324	5
0.0817535232230369	0.269310973983697	5
-0.0615240945771162	0.170802973793585	5
0.119275887421773	0.408706475441454	5
0.0209353627181109	0.0509266075372328	5
-0.00585904383314975	0.0124531767612862	5
0.0159054767251796	0.0372236727428146	5
0.104672094044894	0.300627115307555	94
-0.114814511150323	0.317891051963739	94
0.0454783995126788	0.0956752418383061	94
0.0176620013275498	0.0322201366437071	94
-0.0778453148559329	0.108319697422969	5
0.0228270062075078	0.0272903632931703	5
0.00504387468984552	0.00721080540767208	5
0.0616450525820777	0.0665239864435722	5
-0.041094857896839	0.0482484076704883	5
-0.0238230857611574	0.0290346580420248	5
0.0384001213157097	0.0639851007532025	94
-0.0210365052778197	0.0314590060998424	94
0.0578006920993778	0.0881206763270285	5
-0.0314898988075075	0.0667258140827919	37
-0.0454339246627392	0.0593570653679327	37
-0.0312832001330783	0.033681455747841	37
0.0337670618917916	0.0267356283890734	5
0.0434783464994367	0.0387415068515791	5
0.082590035523897	0.0739124198510721	5
0.063667114526234	0.198864499683527	5
-0.0334861176036708	0.097240208769529	5
0.0655360796478175	0.182391623439942	5
-0.00403765554655314	0.0096719920579203	5
0.0777577896730883	0.205503703145354	5
0.113421730948377	0.316770558534833	5
-0.0203594755577279	0.0386417838452634	23
-0.0262562147525711	0.0208797018062396	2
0.0344598810418097	0.0548888486983315	2
0.0765548349017839	0.116191225296727	2
-0.098133681772792	0.140930980079894	2
0.080660026000912	0.237358637597066	2
0.0215409110745419	0.0565698235184815	2
0.0427610379360429	0.127445159022947	2
-0.116261295439078	0.45186438301273	2
0.111522848352702	0.351618529463244	2
0.0323848259318962	0.0657303218437356	2
-0.080316223742058	0.191051092247074	2
0.0171390303535191	0.0324423822215215	2
-0.00185675404146353	0.00224838067847534	2
0.0163375213710696	0.0220567148980872	2
0.0500725059533068	0.0769085082459603	2
0.0481587241021381	0.066407937617836	71
-0.0187958167161723	0.0243597456058973	71
0.0824852034056138	0.105415687685009	71
-0.0188370270342245	0.0211597099598569	71
0.0726088241464915	0.108599592121165	71
-0.0273832261566575	0.0217870186758273	2
0.00137541311711045	0.000753697661087296	2
0.0127412889503554	0.0129168888911031	2
-0.0496406978546111	0.151882467192193	2
0.0838656757333399	0.351926694113486	2
0.114949061082304	0.503280873462254	2
0.0446356484594164	0.154242631058905	2
0.10439708804279	0.227912605320306	2
0.0977804744826294	0.163224237935754	2
0.0587835177898728	0.0937558668564364	46
0.105051889600885	0.0746244918172204	95
0.0145554931403364	0.0120385975042329	95
-0.0829594878581758	0.0804062275995667	95
0.0811916810303482	0.103598335492196	95
0.0417934833494772	0.06232142051134	95
-0.0595559600423529	0.105725727990584	46
0.00886500510179853	0.0150806050175799	46
-0.00451278548395716	0.0103572086961214	2
-0.0184824326048716	0.0411081734612318	2
-0.106271682129097	0.300511951009033	2
-0.0330048846271847	0.0630366140603968	2
-0.117821231494802	0.213897437384892	2
-0.0373082294417136	0.0779642224143185	2
0.0235579811403199	0.045156356838803	2
0.0913554979494466	0.138561426070328	2
-0.0637343403914933	0.0805226183817392	2
-0.0393123153060687	0.102440766524031	5
-0.0122373062834215	0.0351537757721635	5
-0.0209147357715637	0.0667984646575256	5
-0.029204136214867	0.0973271760511029	5
0.0266161818558597	0.0924642078625814	5
-0.0878222391260177	0.377082177789059	5
0.00158001933391591	0.00549612637325229	5
-0.00522610925300184	0.0188002682632158	5
-0.0494404844277095	0.200042709698603	5
0.103734360055874	0.508751884793769	5
-0.0128762164588961	0.0489305294724593	5
0.105982289403662	0.547161683503064	5
0.0089849909281169	0.0332628509091198	5
0.00496945255309195	0.018329988698858	5
0.0772649900835946	0.374869817648475	5
0.0187611834152113	0.0720996974529479	5
0.0567959760022992	0.256947960939434	5
0.0836324130373141	0.414657921006102	5
-0.076806213579324	0.372857811453383	5
0.112268741732023	0.618806960934307	5
0.0978825714840854	0.352774488928725	5
0.0338835535709253	0.0758740204174028	5
-0.107869650046549	0.188895513180278	5
-0.0687825249068452	0.180281563781432	5
0.0472341510149144	0.201762100515533	5
0.100570767487976	0.515514754812006	5
0.0255203678706907	0.0713100702559409	5
-0.0943305003456538	0.177558492905373	5
0.029154718233267	0.0726385594089659	5
0.110298356487888	0.306464871671973	94
0.096837989183818	0.219041557354167	94
0.0525502737091404	0.115411850198277	94
-0.0155353206298067	0.0206713059467197	5
0.00909581343197911	0.0100444462460969	5
-0.0376982629159418	0.0346591373851909	5
-0.0706479691555513	0.0983317853296496	5
-0.0604497651389644	0.091056097562289	5
-0.104888334947325	0.118082271017316	5
0.109374142589295	0.160640134964048	5
-0.0381059642866667	0.039304658239799	5
-0.0207242445729305	0.0223359428889312	5
-0.119799685331832	0.259955840379732	5
0.118238244622551	0.221615278661201	5
-0.0709876935991291	0.150713765506032	5
0.0478544023774454	0.0726391614198619	5
0.0690115399213478	0.174072617281338	5
0.117045717999039	0.177272544546718	5
-0.121534546413095	0.176249432751486	37
-0.0702033292767979	0.0755915673112571	37
0.00330667794386708	0.00405172147071498	37
-0.0496789822809423	0.091071516549681	37
0.120346505862834	0.184950448885397	5
0.0805632792567742	0.167138567044378	5
0.0208760924812708	0.0504810982940244	5
-0.0237217338243365	0.0569382495013347	5
0.0331968950984274	0.0732830503539163	5
-0.0389157556477666	0.087451794310737	23
0.113578414354564	0.264214719548328	2
0.073203220741379	0.178537984963761	2
-0.119419465854429	0.245625212925546	2
0.0245652269776935	0.0877227798095773	2
-0.0584695318820055	0.212510881612635	2
-0.0339378278188065	0.127177138512999	2
-0.0643515014410997	0.254697005594061	2
-0.0563880604585483	0.127898205516072	2
-0.104731609965178	0.225276332757196	71
-0.0645272996597659	0.16779436403528	71
0.0470010880332644	0.120407250528152	2
-0.0180870049699344	0.0218943902733781	2
-0.100471595160634	0.132077716183021	71
0.087211959019653	0.107527714317166	2
-0.00979926152321327	0.010559534387472	71
-0.00806246530016422	0.00745092240910929	71
-0.08678490933557	0.155775346348233	71
0.0984609714592443	0.117468430675821	2
0.0481982391190048	0.0504887733703513	2
-0.0186115719370557	0.0200188351662184	2
-0.114993214887458	0.123560790278372	2
-0.0328109311037163	0.0353759416242222	2
-0.032808180937299	0.0336814494100651	2
0.115018364743145	0.187148075377591	2
0.00810674495342303	0.0260639917285952	2
-0.0783196718320259	0.311434315359658	46
-0.0241161368885363	0.0822084644566777	46
-0.111670686011546	0.493953812562363	46
-0.03153600452259	0.0824510552112598	46
-0.089508207769981	0.235641269424902	46
-0.11337054088564	0.178624099693865	46
-0.0571636148026762	0.111456953037129	46
-0.00601569425529968	0.00482275638251061	46
-0.0858183702722273	0.116425135086103	46
0.115705972550518	0.239167146365936	2
-0.060121080117168	0.176957098931299	2
0.0925798597977905	0.260939644125165	2
-0.0861342793822522	0.243400966008338	2
0.0205313951606466	0.0466103931204473	2
-0.0787877683370591	0.204796832559314	2
-0.022693132048258	0.0180102517109596	77
0.0357663398926866	0.0460163401845775	2
0.0861841482083808	0.0999727164988308	2
-0.054492061495048	0.0687900928220307	2
-0.00817428911979924	0.00917678183270818	2
-0.0297828344250791	0.0755283399144879	5
-0.0022278545777847	0.0059917773679748	5
-0.0284268778304165	0.093013550867853	5
-0.0670331707911997	0.264757379972219	5
0.0219324914266	0.0761681828291974	5
0.0285660496427004	0.107748405157175	5
0.0888382182042508	0.425599612057176	5
0.0696537780156828	0.308487230184759	5
0.0519272511844582	0.219864186177026	5
0.0509931427621167	0.225083598366424	5
-0.0740101995069888	0.352064410401827	5
-0.103466981733538	0.550916446934267	5
0.0288840958399206	0.117568961102465	5
-0.0186971553469694	0.0729913331792921	5
-0.124982812064414	0.714490786222078	5
0.0785971097163447	0.385193166905172	5
0.00703974383993768	0.0261858293578876	5
-0.00182032976220093	0.00663073058874685	5
-0.0118551447621889	0.0449744702265159	5
-0.0613845413492094	0.282392638980207	5
0.0672505233332191	0.315327485066136	5
-0.094635946731261	0.45025032289717	5
-0.0746332248600788	0.284818520967214	5
0.0362223192981812	0.145571944934534	5
0.121410945247839	0.63644630532756	5
0.0231263486198753	0.0647190395467543	5
0.0556107254699884	0.119846821133171	5
0.119078955034008	0.373137460592818	5
0.00751317421413561	0.0194589926765524	5
-0.113631364603335	0.331257207649674	5
-0.0634091532703672	0.152676894321355	94
0.0958707150122383	0.220880723307858	94
-0.108921682039457	0.157046527764992	5
-0.01300994931254	0.0152352331754537	5
-0.0647581018799281	0.0872525766026216	5
-0.0701567432006073	0.0918216777667577	5
-0.00134058625892852	0.0023417540149591	5
0.0546501467731712	0.0775146870559347	5
-0.0516919610754228	0.0910909957998421	5
0.00138650293024898	0.00204797691793561	5
0.092924713231529	0.261243975821758	5
0.0365528657098296	0.0862881061575879	5
-0.0743625088657109	0.106520927217167	37
0.0673126529503837	0.0824156944285367	37
-0.0604794139238515	0.0891955732348208	5
0.0713607232172933	0.188778164812958	5
-0.100463870470881	0.252429838177364	23
-0.109761616330473	0.271705709649358	23
0.122611504204303	0.301467669007578	23
-0.0569561080171952	0.0665312298705501	23
-0.0653413272547035	0.0405285421028048	85
-0.11242103325812	0.293626377589908	2
-0.0153959342317187	0.0483273026692388	2
0.0276936497991306	0.083388420425475	2
0.00599777745003169	0.0186418302701702	2
-0.0408018552652627	0.141723073568986	2
-0.0205617927331964	0.0644183806817625	2
0.0409988143756478	0.0736924967318879	71
-0.111366671789422	0.22743182826732	71
-0.0566014656917392	0.149440587934365	71
-0.0764250713309726	0.182703713256318	71
-0.097661785050624	0.133046525089235	71
-0.118256992344036	0.177051633947445	71
-0.124505139291546	0.222031566579958	71
0.0766968168680829	0.119915958662965	179
-0.0764822733955343	0.109867923259167	71
-0.0897531213686131	0.125607341570661	71
0.0889466584098205	0.10346504782568	71
0.109697148001178	0.184254774642582	71
-0.0775228554794297	0.120218614504692	71
0.0149011821746829	0.0283829364152984	2
0.078432011298002	0.113500489170667	2
0.0227304846688969	0.0154342270722359	2
0.000169367605057454	0.0000963422095379189	2
-0.0440682663970853	0.126274467671309	2
0.0471159253670897	0.158865497232003	2
0.00718782920379507	0.0222589398261395	2
0.05155452194007	0.178013286647838	2
-0.0566463849828987	0.0896765137339533	46
0.124402120161931	0.183636946621754	46
-0.0783727714005299	0.122706721658048	46
-0.0374687976408106	0.0365918639795788	46
-0.0946939168615471	0.0726598899458364	46
0.0589193176348044	0.037319104540149	46
0.0883270026269357	0.0960442630935604	95
-0.021547199790303	0.0424621908319638	2
0.0935886062958452	0.242948184277398	2
-0.123773750535613	0.39067855309161	2
-0.0099835918836449	0.0222745216552254	2
-0.0841602057570869	0.196688636845369	2
-0.0565982619098856	0.104434815925518	2
-0.0581461007431175	0.0897938448180444	2
0.0328958401867488	0.052282963289659	2
0.0114863101414471	0.00949624400193743	77
-0.0371562256433302	0.0468329981535961	2
0.0806160481507572	0.11819003243436	2
-0.0183424537427671	0.0459610506156472	5
-0.0258648403582517	0.0773756813742528	5
0.00970831166494642	0.0303281923999508	5
-0.0401129707302137	0.143812390845555	5
-0.00616960666425329	0.021799773246954	5
0.0421170467944825	0.173870054820957	5
-0.086951439093413	0.404787160795923	5
-0.00798076092309179	0.0284946159031391	5
-0.0558847089994792	0.251978574292025	5
0.0534216633700193	0.226922384763884	5
-0.0831426369451074	0.412179319696403	5
-0.00934078088421881	0.0349640969785521	5
0.0999121645161516	0.519185972013833	5
0.059647497854896	0.269504623162723	5
0.0474302970659763	0.20655346183802	5
0.111504108755142	0.611309140423412	5
0.0758335525227063	0.366277835507085	5
-0.0535740907207088	0.23882462925616	5
-0.0345514191128924	0.143678185387848	5
-0.123145150815445	0.700557526406778	5
-0.0952531134106434	0.486373268937442	5
0.0486156471777328	0.196576104696529	5
0.057200330766054	0.174715898597829	5
0.0854451005279135	0.222102553360493	5
0.053834715459056	0.193097235690665	5
-0.0988029337488598	0.478535282347613	5
-0.0955580252521535	0.456397272055886	5
0.0389449979695722	0.143959462033519	5
0.0539988520859608	0.129885733130322	5
-0.0278582764291754	0.0652121564455255	5
0.0926301222010972	0.205701532074653	5
-0.0862149567647184	0.249482759694582	5
0.0629498765778568	0.154855311665947	5
-0.0131238766925496	0.0267086047361919	94
0.0833852013142368	0.180062468903708	94
-0.00170380563186723	0.00307896477839557	94
0.120641201170554	0.183611640348248	94
0.112889733229833	0.216871754608133	5
-0.0100112740744967	0.00925478851117658	5
0.0658832601945867	0.0805363699322346	5
0.041964126038773	0.0525355811494571	5
-0.066414199914325	0.105056902444473	5
0.11394698692968	0.179466703333021	5
0.103785404841072	0.171328254079242	5
0.100104607052811	0.207606626059401	5
0.00582330188655147	0.0097944270162894	5
0.066950427967853	0.164470127005346	5
-0.080158332238425	0.118434522173024	37
-0.0637320143986675	0.0907791525395318	37
-0.0560108428928423	0.0602830396916885	37
-0.0727048163261612	0.0663702098276127	5
-0.054298696170918	0.150787801354843	5
0.0309169194843311	0.0772978098082083	5
0.0813287335536333	0.191337448314979	23
-0.0223857250275039	0.0382578550806786	23
0.0644737749177247	0.124456242039354	23
-0.0605449101831972	0.127764097147384	2
-0.0962289812830362	0.180427340272726	2
0.0309618777069662	0.10008699407417	2
0.0280048960365948	0.0448842628069942	2
0.117583978856101	0.560763888428242	2
-0.0304338805434247	0.10172404426282	2
-0.103585911088824	0.308062444030493	71
-0.096160025292124	0.265407372613682	71
-0.0390472623516827	0.071008436544867	71
0.111430413939952	0.138767928707316	71
0.0415948732545266	0.0520526867923306	71
-0.118032080930858	0.165842491969061	71
-0.0969415829856262	0.193774527634328	71
0.00136326181659124	0.00230311357415287	71
0.104890676812722	0.19449234732248	179
0.0816232540154161	0.0986506271557625	179
0.0463258271951711	0.0637283928569642	179
0.114089508924901	0.179727655977346	179
0.0655148617916691	0.0842534005304304	179
-0.0652341685882023	0.0633248879715444	71
-0.115250262403039	0.1862365190089	71
0.045254793391623	0.0708561685329154	71
-0.115459469145481	0.157256627483163	71
-0.0950220281949378	0.0729255773474424	2
-0.0636834070072972	0.0716195578064455	2
0.0220114895956167	0.0149516879071883	2
-0.103100556508285	0.062491000507201	2
-0.0228917408945156	0.0605332263683057	2
-0.0905690133538677	0.349438776666778	2
0.0405083300812524	0.132530631294193	2
-0.0316787207069348	0.0449761773191625	46
-0.0304465571669779	0.0342472268597762	46
0.121203574503771	0.143050083412381	46
0.0821951757348128	0.0735338872162188	95
0.0102436941514479	0.0202839450676739	2
-0.0595103844096837	0.141041311196294	2
0.100061841390258	0.24751300840164	2
-0.0124297122042181	0.0251746775149315	2
0.0862737819311342	0.128710901777009	2
-0.119907702563253	0.194981400288668	77
0.0290669452131127	0.0249893577320722	2
-0.12456619865393	0.18614693391448	2
-0.0253460887266315	0.0633069375045164	5
-0.00572342826403488	0.0160346685418736	5
-0.00149836579164708	0.00447922003750247	5
-0.0138909592529311	0.049355076593931	5
-0.0939609719568659	0.462694444304769	5
-0.0543486391897499	0.214385392302276	5
0.0313806884232025	0.115369553191428	5
0.0652115562448286	0.304190208941801	5
-0.016544749444014	0.0578457919642506	5
0.0408055736599549	0.170850674868032	5
-0.0344404810659492	0.143006340070306	5
0.0358768451092087	0.149595774732909	5
-0.0240398637929999	0.0923332594638333	5
-0.0462074087722689	0.198883479032773	5
0.0487022020969913	0.20894974293759	5
0.0987401922556547	0.515509163106172	5
-0.0286109177438758	0.116110119844744	5
-0.0247991906999149	0.0983521838404268	5
-0.101065363229134	0.533386306522124	5
-0.0657983012520454	0.307141955821049	5
0.0172630162466454	0.0645365413572086	5
0.0463192850811979	0.135863088719662	5
-0.0212525989701792	0.0299516166420827	5
0.00849220815558466	0.0268553681568253	5
-0.0675665172913203	0.309926691005553	5
-0.0914628232693988	0.432387715293994	5
-0.0696747632808224	0.293601634006923	5
0.0995099237341354	0.294835329536778	5
0.0548497363924807	0.154308133779737	5
0.0572891535220828	0.111454710628697	94
-0.0865537670657338	0.198727009620322	94
0.000903276520295194	0.00149891329751216	94
0.0690817400587688	0.0977633217303766	94
0.0605921432327636	0.0802853393964002	94
0.00725901458270471	0.00751416558523775	5
-0.0997159841319048	0.117518209824376	5
0.0819528791644305	0.120361165744985	5
0.00711484131805662	0.0112858751652857	5
-0.037906977188567	0.0523038861844567	5
0.0502776217374235	0.0490811559319437	5
0.0545389215955606	0.106199529235299	5
0.113237461623558	0.208949957013003	5
-0.00810185293987988	0.0119638866788283	5
0.0599297265752355	0.0856156262994227	5
0.0978054696193762	0.208601401188709	5
-0.102013151125745	0.283143659060243	5
-0.0827569516935269	0.195848778707004	5
-0.0690147167002277	0.117788384392666	5
0.0309920125987476	0.0266707978026625	5
0.0814750412625653	0.0642910819626576	5
0.0263706622093912	0.035360205456106	5
-0.0806329336387331	0.177866283509502	5
0.019704366377884	0.0641856897439842	5
-0.0470945628697535	0.126267050888893	5
0.012922118057121	0.0307600969875971	5
-0.120602713600892	0.353044949838869	5
0.0834349064485411	0.19803410214257	2
0.00971431020129813	0.015129452788868	2
0.0286138925672422	0.109928545194324	2
-0.0749895152896459	0.316753851088066	2
-0.00916757036163519	0.0139640927384379	2
-0.017806572203228	0.0641846219953297	2
0.00347332435605458	0.0124878932673448	2
-0.000397363427883201	0.00133895711520833	2
0.0142182189529793	0.0250322495536629	2
-0.0763454138258063	0.228465466674381	71
0.115545422034802	0.350039375255831	71
0.0462148693040232	0.0560254781435617	71
0.0892178451922639	0.192351272562933	71
-0.0203288723898238	0.0353149798648925	71
0.1174179805606	0.230633175786435	179
-0.0772459008000723	0.117245396066435	179
-0.11873180758989	0.191003870088244	179
0.0754084728353127	0.113238681660783	179
0.035996792227292	0.0340319394909498	71
0.0777266416526041	0.126253089915818	71
-0.0698518333500012	0.100357846671989	71
0.0605217088315276	0.102630618180351	71
0.102946090420081	0.217254226810237	71
-0.0766691657475313	0.0400991233906083	2
0.0586162103336609	0.0587588756604513	2
-0.0458265867485562	0.0653380055781904	2
-0.12038086947786	0.384520538901817	2
-0.0839159370434273	0.317355194079201	2
0.0498503241689686	0.173703295453924	2
0.0877065089691818	0.25669305706733	2
-0.0240654872877703	0.0311389684821187	46
0.0362666706338512	0.0342914340237375	46
0.0212279307467513	0.0262412891107562	46
-0.0255654455563911	0.0331440402694811	46
0.108670106107573	0.173658223250477	2
-0.0125417799058076	0.0245190007849902	2
-0.0911450300472437	0.276039955330984	2
-0.057501386893743	0.123151914221347	2
0.0847594740466804	0.230933381188134	2
-0.0672737300047576	0.162089022939359	2
-0.0807907384365869	0.16994139853936	2
0.0994548911357843	0.18144200587178	2
0.0453379486496406	0.0622881551306537	2
-0.102268705964862	0.255664470860481	77
0.116892610491801	0.115567285139784	2
0.0821596168733471	0.0551772795733618	2
-0.0366861598854613	0.0478231368424876	2
0.0669505786143175	0.0819375113066199	2
-0.013547643934617	0.0326619858967474	5
-0.0449113569487915	0.140022730442528	5
-0.0967334879309312	0.428805399544111	5
-0.012513517820821	0.0451065184340244	5
-0.0259305460307722	0.0903535674316024	5
-0.0135848552204564	0.0454706957282721	5
0.032570116771309	0.134107569322469	5
-0.0609101899984922	0.232348532570171	5
0.0469088682189889	0.198773984057859	5
-0.0297634666467456	0.121395433566265	5
-0.0715816429544703	0.313511083336166	5
0.00870610546376866	0.0320304885153851	5
-0.0843881958966368	0.415290026975841	5
-0.0839190424216694	0.405976700213718	5
0.0604499153316981	0.273766718195832	5
-0.0952188256481177	0.493761365097727	5
-0.0969299959879396	0.505508150234051	5
-0.0405742016391064	0.172551244899303	5
0.00924706651374251	0.0330984944785887	5
-0.0742998075115475	0.21309022000186	5
0.0981315381138004	0.20697801428407	5
-0.0843817280454783	0.114250707085642	5
0.0687282054683621	0.157083609422959	5
-0.0587465779315001	0.22541782056763	5
0.106646633006948	0.563070869386254	5
-0.0177415608263348	0.0631851369893666	5
-0.0406922296486217	0.153420226054935	5
-0.0527340637117555	0.141170011306112	5
-0.0215004803915068	0.0484599013632103	5
0.0831541938695387	0.147053877481936	5
-0.0215790709505973	0.0550753382024519	5
0.028475744949288	0.0642997818615598	94
-0.0177815162658612	0.0335761586177428	94
-0.0612257926016425	0.0896372615720594	94
0.0180791707302653	0.0283117141335915	94
0.099856896499819	0.14830932700363	94
0.0633954081622554	0.0685497532713871	94
-0.069547168277899	0.131709844217073	5
0.0795809103814335	0.106546212135726	5
-0.0372269654231735	0.0363495283634761	5
-0.108373539898238	0.110691789658726	5
0.0168709874550016	0.0218804953913637	5
-0.00943268129773338	0.0114108117639021	5
0.110438757916915	0.234168191971484	5
0.0488995058514279	0.0884384466837148	5
0.0967699027792677	0.14930324736727	5
-0.0311876815019843	0.0488252683303586	5
0.0156038743774829	0.0300658944135444	5
0.0678789980098712	0.165804212102831	5
-0.0505676878489248	0.068152494180167	5
0.00650154175491491	0.00771738754611645	5
-0.045585820510047	0.0615764371526495	5
0.0512237920380505	0.0599829566044222	5
0.0899352749786497	0.130504403095884	5
-0.107351021972852	0.0900443347190419	5
0.0445955062916542	0.0319350549336932	5
-0.102969009513228	0.321704860387008	5
0.0296417661034377	0.0746700787984381	5
0.0240271787881913	0.055995021129229	5
0.0304054453335735	0.0675518166347927	5
0.0593621004943763	0.115749531209415	5
-0.0876154250388152	0.178084414779623	23
-0.048412443231044	0.0470429700845676	23
0.0410324756751766	0.0654493059586418	23
-0.0987385390708529	0.106147488574384	23
0.043294919621192	0.182426429799404	2
0.0221988594837942	0.0333343275068377	2
-0.00488288971811786	0.0170457333291234	2
0.00881571324186009	0.0328392187217	2
0.0656903722949093	0.281790566795671	2
0.0164039749756714	0.0267884581030107	2
0.0992181908597631	0.20546402598325	2
-0.0728571873528784	0.19282464088492	71
-0.0723111549259108	0.0948907825169433	71
0.0627038617297893	0.138355177032872	71
-0.0740306219748987	0.145583323985834	71
-0.102686515472192	0.139239472985024	71
0.0858594257812776	0.128000127357639	179
0.00286696222753027	0.00257150424448621	71
0.0907447342772993	0.155386595501943	71
-0.0849397976372212	0.148146348732895	71
-0.0905400915209554	0.191869489800659	71
0.061635466067542	0.066529887759394	71
-0.000962291839817242	0.000520206061590138	71
-0.0823659343925227	0.0572515752451192	71
-0.0539076907348929	0.0380961796557771	2
-0.0976901768980279	0.0750934278589245	2
0.0174355889939286	0.0177302991145275	2
-0.106461902493373	0.12457084334628	2
0.0811444281223615	0.0796887489892437	71
0.0205772257352284	0.0517844240790207	2
0.0179099436906325	0.0548466615683995	2
0.0512772127934538	0.179064271335395	2
-0.0851424791017823	0.309820483270116	2
0.00676241818827895	0.0193625056103385	2
-0.0795099941659921	0.218563316404365	2
-0.085423211449468	0.100474832856778	46
0.123068768484797	0.147910699183346	46
0.0394500455518415	0.0532330793773438	46
-0.064438982397461	0.106389634869872	2
-0.0870024141109134	0.16286103747528	2
0.101125183334064	0.238160524106614	2
-0.0849381325021726	0.222198060705166	2
0.111047895460341	0.261665122341602	2
-0.0648533902785861	0.0629305817174472	77
0.0826568365276533	0.0555222355603472	77
0.096537618976062	0.142768482629613	2
0.0332807012047804	0.0454830199557148	2
-0.0895674163890122	0.1359121053687	2
-0.0153522944765314	0.0374010878727649	5
-0.0581132259779894	0.189460756002534	5
-0.03907934385095	0.132221022147162	5
-0.0220444736914233	0.0706864584131644	5
0.037602721304545	0.129390529588578	5
-0.0289125163645754	0.107507173573711	5
0.0921404743150012	0.470038024092792	5
0.0658111899708385	0.270418412303331	5
0.0662043684477548	0.293198387933556	5
0.0203309950191225	0.077791694338068	5
0.0713895278912523	0.338150835232278	5
0.0144584433754978	0.0523718043903055	5
0.0701988024768179	0.31777143110941	5
0.0418393927402472	0.179216207685907	5
0.0947524415483842	0.489526379402027	5
0.0728410006507087	0.345551139391085	5
0.0289840529873946	0.117111891251871	5
0.0267639022412471	0.107844405009316	5
-0.0744248046403873	0.279899047609122	5
-0.0278556207537146	0.070579686466369	5
-0.0436536570240774	0.128802854866053	5
0.00515264104203883	0.0184939521888292	5
-0.0000195229642787685	0.0000720280639171076	5
0.10717130774499	0.574528059953616	5
-0.0419221364911704	0.172460597240238	5
0.0698859376639002	0.225363061953931	5
0.0526803911533747	0.144728830233596	5
0.0389168192675992	0.108738260224925	5
0.0653256092044107	0.203072532879979	5
-0.0651995411827275	0.154043265494773	5
0.0838844070509976	0.271127569671481	5
-0.0282054876794628	0.0663073079524019	94
0.0323205192087844	0.070649060054178	94
0.000507422215090228	0.00103450661493798	94
0.00859221952686708	0.0185643132489758	94
-0.0247045736835486	0.0415158367304752	94
-0.0151516903762771	0.023577254661648	94
0.0815487553844434	0.178526656879067	5
0.0240530726961916	0.0262150769233069	5
0.0792345156489963	0.111055123269266	5
-0.0157399813711454	0.0209530600054809	5
-0.105818187736681	0.268135610759352	5
-0.0979170517176501	0.191713276223032	5
-0.0297916466918052	0.0487933457192618	5
-0.115508459069165	0.222623651724857	5
-0.113079998851736	0.214840539343733	5
0.0780523788555787	0.191266080401753	5
-0.0786721400029951	0.227143550718699	5
-0.0209336178512322	0.0521845355294812	5
0.106530892011911	0.184822300383784	5
-0.0289711606770811	0.0443852176711322	5
-0.110743811424808	0.130232911132982	5
-0.0606624475510297	0.0517051512569778	5
0.053105429250413	0.211097716866106	5
-0.0762157390317433	0.242568103991805	5
-0.0392356105885258	0.111102210507963	5
-0.0806771004734636	0.226563443668985	5
0.0628867886770141	0.131670396622709	5
0.087569544935372	0.101738078515395	5
-0.0235129226396512	0.0216959056994474	5
-0.0335352251095303	0.0473544545840866	2
-0.0740486754031242	0.331989617396819	2
-0.0370463300116965	0.141478827137277	2
0.0516478400004636	0.158978196980041	2
-0.0135077726697823	0.045949208109567	2
-0.0686813870147825	0.307229726826992	2
-0.0750733395168497	0.175253032747505	2
0.120739420912019	0.274148111976014	2
-0.0857438763691354	0.266560712807051	71
-0.0934417047316921	0.27362738753267	71
-0.0668907389317871	0.142268465435586	71
0.0695809684532962	0.0985212023113408	71
-0.107797667366153	0.151183331169442	71
-0.105685207019202	0.143832963931535	71
0.045445748451624	0.0945866905031583	71
-0.0645748290255792	0.128663993881322	71
0.00596298143506289	0.00874511248844161	179
0.0950953395523849	0.170990158534057	179
0.00819179266194919	0.0121578920769588	179
-0.0662912361662042	0.080722813933668	71
0.0534257378980239	0.0910996712856835	179
0.0361734968667738	0.0793361914842953	71
-0.097014712419575	0.155443048851309	71
0.02314963496999	0.0286812993511764	71
-0.00141667134662683	0.00144322214369046	2
-0.083716263012284	0.0582414191049517	71
0.0904940238369599	0.091414495932596	2
0.0108767568647606	0.0267031328610127	2
0.0312622695638758	0.103442152575625	2
0.0584709720057624	0.199516960103029	2
0.0677089266445269	0.242013246809082	2
-0.060643108390576	0.205952971533807	2
-0.0018605056203023	0.00432309970069347	2
-0.0570740059813205	0.0837555074754069	2
-0.112660001693036	0.242906101229253	46
-0.0585703378831267	0.0714829701983603	46
0.0437398724114586	0.0313118039996444	46
-0.0479973893736903	0.0721295338257022	2
0.105508758515181	0.338080520826911	2
0.115926393449817	0.321536003660999	2
-0.073462387900698	0.177013515751209	2
0.049793374523721	0.0888863566817824	2
0.0353339637745455	0.0925143465960548	2
0.0205078971524546	0.0487556314022366	2
0.0605354096398335	0.0764697968975995	2
-0.0205274217968268	0.0514773949667746	5
-0.0163134099578851	0.0433046996564379	5
0.0082398158339156	0.0251648290614211	5
-0.0637163021922754	0.254378957951068	5
-0.0563986726587702	0.204818318553196	5
-0.0976428053069718	0.402354183448528	5
0.00797270648502047	0.0278422104370595	5
-0.0692002045725254	0.275355379123607	5
-0.000828121843117531	0.00261218751093467	5
-0.00591438786512998	0.0192106739923368	5
-0.0246699307412835	0.0978437027928652	5
0.0590240523612901	0.269618596898263	5
-0.0446677754869651	0.186470691416555	5
-0.0248818649046102	0.0995517295016709	5
0.109665363425737	0.592899014229155	5
0.0466487184263496	0.200858576870587	5
0.0722611164658605	0.345884890960719	5
-0.0464007841759035	0.201123027205927	5
-0.10151672415496	0.521792033058865	5
-0.0937213533890608	0.481480881002157	5
-0.00128042487795776	0.00457712032597221	5
0.0010510613375017	0.0035424317200931	5
-0.0905411693150096	0.425100027019182	5
0.114656380077431	0.505496688024011	5
-0.0973214976406961	0.355662467999615	5
-0.0467551666444707	0.155462868076212	5
-0.030227775770082	0.0833999228030919	94
0.111924595663405	0.353117695481005	94
0.0474075876150976	0.124895087163137	94
-0.112797734409803	0.304788689357072	94
0.0365614066639368	0.0813113147569592	94
0.115970797639564	0.304362809564735	94
0.0239335507296573	0.0468640508767876	5
-0.123080310510789	0.280564997115826	5
0.0310262502022979	0.0661837418438526	5
-0.0771683335859935	0.198759744687746	5
-0.0423558779228573	0.0829980636864128	5
0.0386680744175335	0.0802312610027181	5
0.0172645435876894	0.0325157782266499	5
0.0840085825996894	0.212215203963672	5
0.0889832582449794	0.255866233098307	5
-0.0462963191637908	0.113539003142797	5
-0.0789503269243235	0.14675588617334	5
-0.0405510778900646	0.0739583730586733	5
0.0892504671182367	0.174383759924255	5
0.0846774657882746	0.165598039219774	5
0.0862221890771031	0.188185221947822	5
-0.111707265258659	0.20248061289961	5
0.00628203586003037	0.0125038418342121	5
-0.0746055847614722	0.175848127934971	5
0.0323522151849619	0.102234700968291	5
0.075517901139894	0.234031918272451	5
-0.0812767995896939	0.183712047326223	5
0.0649343512680145	0.0489007644010196	2
-0.0240403417538343	0.040720409968337	2
-0.0585770254979977	0.0835922962930803	2
-0.0755373012801672	0.22026523248789	2
0.12275713270771	0.176763647956542	2
0.0691133964197878	0.17932936874464	2
-0.00187725212026945	0.00432778082378828	2
-0.0928641433537903	0.371767050547302	2
-0.00804511342018783	0.0204690252559349	2
-0.00000165543911716582	0.0000227663131172341	2
-0.00180528815531882	0.00426590998404838	2
-0.0680494405132135	0.222925880098769	2
-0.0000902798794630743	0.000204462852986248	2
-0.116504315405268	0.302318516519343	71
-0.0613838114575398	0.11595117887069	71
-0.0549898368402153	0.0974830618874741	71
0.114658632972893	0.243387732866571	71
0.0937727572278838	0.172524800783584	179
-0.0731613636315545	0.124806416821583	71
-0.107934269557409	0.194418990808178	71
0.106595444372281	0.17145036632345	179
-0.0976216946190046	0.161192900629285	71
-0.0803652308481306	0.134027748415746	71
0.0029313130828446	0.00547164903775745	71
-0.0886207403885682	0.190656720722493	71
-0.0186646183833532	0.0326562708426409	71
-0.124010786062132	0.229907683936516	71
0.111418089763441	0.095888374239468	71
0.0370016897947891	0.0350049687896012	71
-0.00704529923209584	0.00758281396064037	2
0.0805493042965884	0.0854543918907299	71
0.0743146316333118	0.247408708916721	2
-0.0333124096305803	0.0982393271382679	2
0.0667965880499195	0.219081726813057	2
-0.0491435532668004	0.104379651220728	2
-0.0388115133141822	0.080510193480329	2
-0.0732696502544041	0.133580771903014	46
0.1069430265087	0.197346542794785	46
-0.0916012176540238	0.103223262517719	46
-0.0452583833999363	0.0488205535010325	46
-0.027771429494752	0.0349169217607069	46
-0.0136552193992545	0.0160012377880672	46
-0.00566944431255857	0.00838865072669163	46
0.0163649302035713	0.0331189088970981	2
0.103251347213471	0.302900805217501	2
0.0837054689431988	0.238780186071395	2
0.00515758246088597	0.012303646441203	2
0.0426984939221266	0.111599928689064	2
0.118994372781274	0.318727098544338	2
0.0510740635594881	0.114439960825144	2
0.0692052871711786	0.14162662213817	2
-0.0782539097949802	0.0954968927735569	2
0.071060149603807	0.100824817086376	2
0.114867073717427	0.179344093684676	2
-0.000576163609179848	0.00138488258413359	5
0.0439567628777142	0.140943145334017	5
-0.0263636750694138	0.0895731168530822	5
-0.0236508279799243	0.0767338500804509	5
-0.0158418268277459	0.0507226978700458	5
-0.038034765059967	0.146469361682741	5
0.000115920747286729	0.00036864285119062	5
-0.0107694622535263	0.0353868060503329	5
-0.0247480855930863	0.0861724152350137	5
0.0890630416308071	0.449635940631393	5
-0.0779547043752098	0.380820593832498	5
-0.0702091204943954	0.3222250628403	5
-0.00285738446944047	0.0104294524726811	5
0.116587131725862	0.650933725860384	5
0.109199856483846	0.591719993904907	5
-0.0289084569254477	0.117345269142443	5
-0.11121462817113	0.608699780624443	5
0.00408467835072264	0.0147178465385196	5
0.0537806409878995	0.215900551050223	5
-0.0188848465485765	0.0686711183417558	5
0.0583068739155402	0.246128549658898	5
0.0673423244946218	0.311681085079176	5
-0.0808121672376018	0.397579260147124	5
0.122621042088564	0.690885382366398	5
-0.0349964061110412	0.136858833223473	5
-0.0882984513281447	0.393435722099638	5
0.0733411738138577	0.318026067602315	5
-0.00190372078827296	0.00582315118903806	5
0.0912536140256368	0.345181345153216	5
0.0141888631600485	0.0412542245656287	5
0.00981152559489366	0.0286045475521985	5
-0.0289012803715408	0.0887348604532274	5
0.071487698358485	0.227157740012565	94
0.0395970724060313	0.106974942692675	94
-0.0373995271369101	0.0900108415968754	94
0.0904898428199289	0.213521267418908	94
-0.0225687814178668	0.0448731522548172	5
0.085313124410051	0.202338755326978	5
0.0764699149227856	0.179969907660322	5
0.0451670290091418	0.0981106506650033	5
0.0291891384910224	0.0540605473860778	5
-0.0085600441354868	0.0144336170646911	5
-0.0490067972399101	0.104068131208009	5
0.0198189832015881	0.0398144584297647	5
-0.0709881702649591	0.152186870211576	5
-0.117963805764713	0.329376215334546	5
-0.0627851674878748	0.146242184358746	5
0.034453660838172	0.0877681691726447	5
-0.102186268791368	0.2302642947544	5
-0.0415567454973989	0.0728607357646297	5
-0.109625300464044	0.246493920159839	5
-0.00457035552681848	0.0065901347510205	5
-0.0286124979428897	0.0404476552612625	5
0.057600830252315	0.100310258917599	5
-0.0975774922859953	0.227275279782818	5
-0.1180642332386	0.285378391974991	5
-0.0855192249321956	0.280609194822085	5
0.0471219906636032	0.158853565682577	5
-0.111965575867197	0.456338025764527	5
-0.0599806689332569	0.200910716369629	5
0.00946297565598878	0.024685945916263	5
0.0320340634807883	0.0883696989436419	5
-0.0747392199002415	0.200317920111178	5
0.046421163310817	0.11294505563053	5
-0.0205054794725495	0.0410170727314734	5
-0.110631716696681	0.276976579390348	5
-0.013644432362321	0.0153819981986936	5
-0.102161180523248	0.0618831031946756	2
0.121170387241089	0.145322088845132	2
-0.106548076306231	0.33759268927527	2
-0.0561796679249932	0.0781138361513159	2
0.00444124433126477	0.010669331245714	2
0.0795729371489273	0.299640250904011	2
-0.0811505139547276	0.246576389306751	2
0.0386238578449859	0.0970448642417911	2
-0.0374717229998377	0.096675522417323	2
0.0920990474392975	0.290756430809709	2
0.0633225641114177	0.139683358146143	2
-0.00722329757522512	0.014806395752462	2
0.064827918480453	0.145017312030675	2
0.0643140393050599	0.114077425628262	2
-0.0729437812450904	0.132913819641627	71
0.0818971765577579	0.154866787570354	71
-0.0680091980570565	0.119594074874554	71
-0.0743384745750886	0.143193752088417	71
-0.0916163453476088	0.164541985529749	71
0.122557237534145	0.188933475259286	71
-0.0212951511303328	0.0338222376053102	71
-0.0901097513562282	0.15249385648627	71
0.0318151235010772	0.0573864893712186	71
-0.0234376049211704	0.0430735606063485	71
0.0877326951180502	0.114212233200549	71
0.0665073706599485	0.0768634116599728	71
0.117791395052329	0.116551452711194	71
0.0237337066004492	0.0247028472239593	165
0.0838622330216423	0.235004327391057	2
0.0185065607034311	0.0510842307005331	2
-0.000885718991467248	0.00252377878923037	2
0.0238864711290869	0.0664328722178378	2
0.0402664795592106	0.0878887692600574	2
0.0853163744460388	0.179540252140314	2
-0.00237742809393058	0.00392968536025096	46
0.0881618461516182	0.127630353432364	2
0.104456804854503	0.108962203023744	2
-0.0163380436513661	0.0260648902337936	2
-0.0710657134003776	0.136124082188927	2
-0.00487468860467519	0.0092573881791661	2
-0.10402546101214	0.263757304017262	2
0.0775889677957179	0.160995218086645	2
0.00819075372718827	0.0144389561727061	2
0.0362666706338512	0.0342914340237375	2
0.0800419849468061	0.10200796332043	2
-0.0122389440449228	0.0148453538676707	2
0.0514773564570992	0.0690258042849693	2
0.0170404317933614	0.0230256946230182	2
-0.101976593198378	0.191646427232308	8
-0.0411145625701442	0.107590772843372	5
-0.0294436684982959	0.0879113190054777	5
-0.0506148153512106	0.179619979957097	5
0.00247890740212349	0.0083165186201489	5
-0.0297000464427215	0.104816407962636	5
0.0236187149495863	0.08538827777114	5
0.0597556352349638	0.252668659545032	5
-0.0839531553473143	0.395854387713802	5
-0.100153078589539	0.486912775063419	5
0.0118015046423199	0.0431597416919351	5
-0.00257904437818047	0.00926544493416181	5
-0.0303396136690584	0.121857660488879	5
0.0595553584657156	0.26295034497222	5
0.0497617125889065	0.217225861753516	5
0.032733520091807	0.135092231753564	5
0.0469515279830075	0.192388899933778	5
0.0353908347347916	0.104578883275167	5
-0.0628426986350569	0.211619733165703	5
0.0175934510582156	0.0675368498526767	5
-0.0188777487318484	0.0738105762620567	5
0.00973635174168717	0.0366555241476306	5
-0.0402452136020782	0.170445892151035	5
-0.0874392032655184	0.2609161860601	5
-0.106328374176623	0.171169836284784	5
0.123974504904347	0.283177991351746	94
0.0746171438632263	0.128202949523661	94
-0.0454660446892172	0.0685811070775497	5
0.0742041241797523	0.0975631948429649	5
-0.0161135410290458	0.0245217137679216	5
-0.0759043401584356	0.129021136409899	5
0.0455518214425859	0.103212535836817	5
-0.0769585008975774	0.0866128832394666	5
0.0600398295238424	0.0926298519088457	5
0.0473576098350287	0.0937743925207074	5
-0.00880942471266656	0.0165490273225586	5
-0.0566966957392196	0.10680539436671	5
-0.0600948273422127	0.141529187851354	5
0.047712755239066	0.118061341876327	5
0.0373892919126773	0.100790460517973	5
-0.00447265571818377	0.00677039760329727	5
0.116438448060955	0.174407737260024	5
-0.0397743313842361	0.0851492091750797	5
0.0172228088892051	0.0166430139365914	5
-0.0563795387299795	0.0607053654414174	5
-0.124857699233616	0.152334047582847	5
0.0950728754778514	0.0881398116510672	5
0.0083825692593441	0.0191575707008269	5
-0.0229945844300237	0.0819299372754243	5
-0.0339310758782856	0.109472341764581	5
-0.116155851585661	0.446128452654096	5
-0.0320496108208441	0.0908252473685291	5
0.0628832889152376	0.172451854708606	5
-0.0129122502822534	0.0281118767818061	5
-0.0496074257822249	0.100522909599152	5
-0.0350756164156816	0.0189519589431525	2
0.0707415247073736	0.145961745484157	2
0.00634019364351991	0.0167307009561382	2
0.0458106771920196	0.170831594741007	2
0.00678956031478394	0.0216617365811523	2
0.109084710200949	0.312180626043232	2
0.0085321474272894	0.0210733554422304	2
-0.0578717128194768	0.153166677520015	2
-0.113427425489535	0.17872897905705	2
-0.121660837371646	0.202776957143489	71
-0.103514969296329	0.240984362762884	71
0.0205375324659312	0.0358624890922532	71
0.0625454026821941	0.103004624936644	179
-0.0535913714304866	0.0766103020765732	71
-0.00527715063399786	0.00661145770724894	71
-0.020157578603312	0.0301080552880516	71
0.0122160631842325	0.0210315510178332	71
0.105095697226301	0.223992177385545	179
-0.0728794879891477	0.0856336236247183	71
0.0921271691410139	0.115735330362087	71
-0.082042374437015	0.0693513002073663	71
-0.0952115803674168	0.11167025855995	2
0.0553321625148345	0.0982026062475491	2
-0.109265819313949	0.398011078185615	71
0.0270383734010947	0.0947098730687038	2
0.0266837985391704	0.0893041408703429	2
0.091614180020602	0.371382803692117	2
0.00930150221555991	0.0212369120849371	2
-0.110998048000376	0.238546511465661	2
0.11772982364683	0.244132175131237	2
0.0178083138494124	0.0240863267181248	2
0.0281981011562532	0.0455338890402596	2
-0.0408228247918321	0.0699264138503386	2
0.0209381709222542	0.045414436134914	2
0.0378965870019318	0.108881152114016	2
-0.0251559357018432	0.0592517737287591	2
0.0361578679200198	0.0906626306842132	2
-0.0244079778615929	0.0548668231764545	2
-0.112267956157105	0.198111773048831	2
0.00187789641198265	0.00415431902503866	2
0.0399970998229052	0.0456365858240268	2
-0.0309654119544491	0.0426489551006267	2
0.0943443170084881	0.17505033555998	8
0.07052734621309	0.0912111688947305	8
-0.0284438680545335	0.0719396192138356	5
-0.0307155652583123	0.0939957806296774	5
-0.0247625572486313	0.0876055769475027	5
-0.0529244802862684	0.189977200675672	5
0.0424792474640106	0.158076840176392	5
-0.063748767298312	0.269011469325016	5
0.0419407570402545	0.171748575896096	5
-0.00263705021369186	0.00864815034180287	5
-0.0613875226379976	0.259179276113125	5
-0.0777236189213229	0.372004135598136	5
-0.00445616589427213	0.0160107595525742	5
0.0776424051674559	0.364129721493292	5
0.0178354613672022	0.0667421642643766	5
-0.0283795630034015	0.11335013348166	5
-0.0443231587070413	0.133945691270951	5
0.0707308640411257	0.14165697313002	5
0.0534484191569323	0.171128276340867	5
-0.0428138544403886	0.183740293148671	5
-0.00187757053616899	0.00675005261132655	5
0.0229700808164298	0.0912553614930468	5
0.0659974340885551	0.309475381377188	5
0.0407786252327236	0.132233683365125	5
0.102867632004755	0.246780067354958	5
-0.0135339763843504	0.035592236149074	5
-0.10274181352114	0.399475445651324	5
-0.010282546568919	0.0273943357890163	5
-0.0610387369307564	0.178741923061165	5
-0.0618253160176557	0.126436496113977	5
-0.109647560434876	0.162248371899575	5
0.0301864309594842	0.0616239260708961	94
0.00689781954142527	0.00987964134197848	5
0.122005728623533	0.254246641264281	5
0.0733989439837448	0.142787643918559	5
-0.0597582088320104	0.155886479042859	5
-0.0119964803889215	0.0248277888644975	5
-0.0220852580069786	0.0384844703852539	5
-0.124692441059568	0.358624797469112	5
0.124214835744296	0.378495349207459	5
0.0334938122070551	0.0998940987419573	5
-0.039704781269694	0.114878127513372	5
-0.0680847444537913	0.114899438747727	5
-0.103787452844987	0.254603145150883	5
-0.0908453827730048	0.145479462143117	5
0.00353303000991601	0.00364865302201349	5
-0.121873879507114	0.117570519221099	5
-0.0191397509914668	0.0205958666741153	5
-0.0778722884990359	0.1363110602068	5
0.0316532845472701	0.0869463689169009	5
0.00331094265656614	0.0119333832479556	5
-0.124036507402751	0.478949752148532	36
0.0296616089505086	0.0873449993541675	5
0.0320235025690444	0.074290382084977	5
0.0615238403985417	0.136833791031104	5
0.00890198659060016	0.0183597310854286	2
-0.0156850880510413	0.0353760437453596	2
-0.0252702273236526	0.0487791054901257	2
-0.0227668302012934	0.0876110980122093	2
0.0417273493738665	0.162603174899731	2
0.0331963632077079	0.0640448520308117	2
-0.0356701696704851	0.139875352019286	2
-0.00733700763940896	0.0268336860288437	2
0.0326438780440733	0.127578238879511	2
0.116223245667536	0.300616340331631	2
-0.113567371051929	0.240179913401745	2
-0.0316214756160805	0.0826902706124162	2
-0.0144713544588491	0.0289287196771162	2
0.0964207819070192	0.148694568065468	2
-0.057143332962481	0.0723755828914658	71
0.0390644931674777	0.0883868686920413	2
-0.0338420973677289	0.0721100446493297	71
0.0360128078352209	0.0597713979223088	179
0.0634027785814274	0.111491483488518	179
0.09651703758654	0.107590824955049	179
0.121256001789749	0.254626832773834	179
-0.107049494540954	0.176262762318708	71
-0.0505805876704713	0.11597044479958	71
0.0372526252190038	0.0818375408404	71
0.0985192362974778	0.178107332068264	71
0.0176304104347251	0.0206933249716791	71
0.0819852386552891	0.064715441443917	71
0.0820788136040127	0.0734282470226137	71
-0.0535931536445157	0.0926263162280372	71
0.0525656365982763	0.161510054790919	71
-0.00747521400134473	0.0232083722986852	2
0.0629031543105229	0.243779279491949	2
0.0689241654583082	0.198041578827303	2
-0.054155045751251	0.137204128392063	2
-0.0847211494725275	0.142258173673543	2
0.0502721046361786	0.0673088251149349	2
-0.0488765320684632	0.0385044010530434	2
0.0526159517819889	0.0895996649144966	2
-0.10886244629748	0.236453855306893	2
-0.117546173863742	0.273897543479108	2
0.0114913434121859	0.0254626473912409	2
0.095305021528287	0.261018201725794	2
0.00931534630078091	0.020317530537354	2
0.0634003843385492	0.0991302680838777	2
-0.0281214055196709	0.0720867055016231	2
0.051231833841021	0.134876727038938	2
-0.0358981994073697	0.0639950071216996	2
0.0381224394446255	0.0434088578689855	2
0.0216534821892862	0.0305675676505903	2
-0.0619875642050546	0.110493834329237	8
-0.022681867985856	0.0575816295237355	5
-0.0123581935308626	0.0341614934069493	5
-0.0451009748378969	0.155559388703557	5
0.0677182175123037	0.252870284949757	5
-0.0036221730073977	0.0110294027475114	5
0.0138864216593309	0.0443887611114817	5
-0.0882294972441887	0.408707940455037	5
0.00226302747892749	0.00802873128423788	5
-0.0339869463160734	0.131682941747055	5
-0.0203990072829163	0.0775613041452268	5
-0.0141292162465244	0.053492167062463	5
0.00698290218517032	0.0253704376174836	5
0.082116663352663	0.407289250286041	5
-0.025997985229278	0.100546796874586	5
-0.0210377118743575	0.0806344699042063	5
0.0231108724852635	0.0912071310774225	5
-0.0152287335546638	0.0586350074224314	5
-0.00728904970094096	0.0271972233619611	5
0.0514747686474411	0.228634301060095	5
-0.0586715344486418	0.267107786562986	5
-0.122725991479864	0.684836815811655	5
0.00661993539983332	0.0246368747107314	5
0.0175278936148256	0.0677950199282209	5
0.0641324627672495	0.293170632978585	5
-0.0661136207309795	0.307639538329882	5
-0.0476191587339576	0.198851794946794	5
0.0128958875661564	0.0435602041907655	5
0.0506355818375427	0.200139177974336	5
0.00112629533561742	0.00369718487343881	5
0.0978015664756584	0.469756867429563	5
-0.124288676349485	0.587976339117386	5
-0.0318440738157955	0.104908730527402	5
-0.0749158870802633	0.28749788996575	5
0.061978570623799	0.219319540598875	94
0.0134258469604408	0.0373254296068173	94
0.0133953241493732	0.0419993791326921	94
0.0288944950518026	0.0833481997259483	94
0.0893601855031698	0.284276083830047	94
-0.0767520116273023	0.259106470013983	5
0.0613325367205003	0.204433751583091	5
-0.0417918019342051	0.144329397718632	5
0.0580417157379604	0.188070728332769	5
-0.108208327436048	0.332409987302525	5
-0.0635932868295678	0.163596918445792	5
0.102979997857822	0.334918071678541	5
0.0285608496812534	0.0722269781317605	5
-0.0218993503252993	0.0529445559124597	5
0.0244448929853434	0.0678192401448587	5
0.0431609361741537	0.113391646996474	5
-0.100924457476859	0.337463986333352	5
0.101345499620727	0.363683681948073	5
-0.0725605594446827	0.232320587930381	5
0.021611649779064	0.0619038655030092	5
0.0382775690071141	0.118265356468214	5
0.109930398025079	0.340440030522539	5
0.12331113459539	0.345005975256293	5
0.0321733744813694	0.0802037927014334	5
0.0515390147929094	0.124207745428115	5
0.000106369092553562	0.000255705142383554	5
0.049391250316261	0.125483643854463	5
0.0974921041588424	0.232919348876655	5
0.0368176418427205	0.0794432856659163	5
-0.0865837017926402	0.206546401376783	5
0.0343011480361267	0.0858788076913884	5
-0.0794366757680465	0.246737740528142	5
-0.0819412839318183	0.335727237292198	5
-0.0360118880415374	0.13319233897423	5
0.0948895511872595	0.337682973852311	5
-0.0932543197476542	0.361701639940541	5
0.0300939509613858	0.0982756648015476	5
-0.0760987775616019	0.248248296167034	5
0.0562953880689046	0.15302682867782	5
-0.0878131370813075	0.134109160134288	36
0.0223636499363682	0.043428384903795	2
-0.0989611220196053	0.162401828223278	2
0.0836187553036802	0.133217135045764	2
-0.0986820008369967	0.339659533449042	2
0.0874044889549344	0.3620103300246	2
-0.0123349942716956	0.0397372153251135	2
-0.00326844588531749	0.00907233484964518	2
0.102241693649859	0.350220547192778	2
-0.120517078413624	0.468615491160543	2
-0.114032758656624	0.327040207786223	2
-0.0777885852849175	0.206047016481617	2
0.0262522587671234	0.0663817025926842	2
0.106325162808978	0.23745551183676	2
-0.0416873746789431	0.0835253291362949	2
0.0545522771590752	0.112287197056367	2
0.0710530384333418	0.15268835550205	2
0.0528157802984036	0.110366977354999	2
0.0126504942433318	0.0226112127841225	179
0.114177589041796	0.248787194425219	71
-0.0462474751590792	0.0904028510534061	71
-0.0332454565694809	0.0677323311200543	71
-0.0829285022271693	0.197201207223847	71
0.115827926998177	0.283030263471697	71
0.055780071325215	0.108867625043279	71
-0.010322588871395	0.016489670567741	71
-0.0248694803537042	0.039056488585422	71
0.00385431560252268	0.00457303135079028	71
-0.104348003848936	0.151116402061581	71
-0.0900411210524811	0.101276587842681	71
-0.00816194963575067	0.0111535234293642	71
-0.0472561943853954	0.0908892215595753	71
0.00102826585876824	0.00263134423736101	71
0.0347501984116137	0.110475592690012	2
0.0847868361853915	0.210460078808531	2
-0.0213252632457953	0.0513304046589919	2
0.0361166222280484	0.0730830127116984	2
-0.020961486651224	0.0402851841058706	2
-0.0309845063920206	0.0496790334066168	71
-0.0321752706241422	0.044407818641252	2
0.0429088304792222	0.0767957909886453	2
0.0739160717223568	0.206444572318651	2
-0.0901301547307961	0.258206451631637	2
-0.0076765895239544	0.0183582212672602	2
0.00888852925356689	0.0193666061194728	2
0.0148491548243618	0.0329205243703653	2
-0.110936561378928	0.32587552237456	2
0.0392721187696571	0.0783393412438907	2
-0.0287840439044608	0.0484265076050985	2
0.0669637982650999	0.12450276042099	2
-0.0961364078511069	0.217967960103695	8
-0.0404295292196286	0.0755423856454561	8
0.0411187745447059	0.0744008337762138	8
-0.00424462079032471	0.0103200965693141	5
-0.0298028996916338	0.0929146355738316	5
-0.10115638912905	0.412391852323574	5
0.0303172254471464	0.0999087957960123	5
0.0322894543478556	0.10752573754625	5
-0.030886115386397	0.121864439345497	5
0.0121543491551099	0.0459784116170591	5
-0.0141545653527664	0.0515160872688067	5
0.00521476471744436	0.0188152487291619	5
-0.0656326525020715	0.305687924663127	5
-0.0171074764377517	0.0655819529463121	5
-0.018816903350653	0.0716406286053672	5
-0.0643165340870792	0.279156293619351	5
0.118304443734583	0.626870753369313	5
-0.0469759810494988	0.193220383251985	5
0.0724992178121383	0.33946698702514	5
0.0357412326325216	0.148435025812878	5
0.0372933291317138	0.155800695699366	5
-0.0868812072759413	0.43071807325294	5
0.038314988535221	0.16109957510349	5
0.0587010769148119	0.268009463864752	5
0.00330758594301857	0.0121351585786651	5
0.00204390151930364	0.00735347681550135	5
0.0319724618235262	0.129425245057572	5
0.0978101544860943	0.504233156380925	5
-0.0947350679686453	0.409691478997574	5
-0.0167591175750908	0.0618019998882528	5
-0.0338240804955203	0.135220083240314	5
-0.0880254011199873	0.38612526474846	5
-0.0471045992213633	0.173789598312367	5
0.0391746639734097	0.136539089937191	94
0.00329103171086244	0.0107615931348484	94
-0.108501541829529	0.475564793076859	94
-0.0389767580620492	0.143560944875196	94
-0.0638646645394214	0.236824273998812	94
0.0701898428341362	0.244640325430613	94
-0.110234150361013	0.47243855474659	5
0.0750555212019598	0.29573566908813	5
0.00354140409784164	0.0105721484920607	5
-0.0708388386290041	0.228333911286943	5
-0.0909629724376899	0.277067274167737	5
-0.0436185501419427	0.128606983087468	5
0.0218856237577283	0.0595222019114218	5
0.0598278688543911	0.189306390432785	5
-0.0151742556042125	0.041465992049752	5
-0.121827610529299	0.430490810607154	5
0.0301744524269167	0.0874605726549913	5
0.0177513181439762	0.0479994309407059	5
-0.0230362923583312	0.0572026200175649	5
0.0955033486464637	0.269166982549816	5
0.0705746962357163	0.206231221709503	5
-0.0573054000366461	0.151448782918447	5
-0.0116952393646365	0.0313834952962122	5
-0.0654397855718831	0.182607009450332	5
0.0667862493627988	0.189526259485599	5
-0.109919544494962	0.343275805802183	5
-0.0499273846492617	0.188527458173669	5
-0.0388769233912217	0.140155863803748	36
0.0709206691458515	0.231395163735914	5
-0.0296266439636127	0.0860836231743651	5
0.0876715499750383	0.298391225839989	5
0.0221522052461708	0.0240998066717008	2
-0.0895331521667355	0.143097441102294	2
-0.0338156342550923	0.0544610814082365	2
-0.0129893226178642	0.0198943206151348	2
-0.0859824111307389	0.278318532855527	2
0.0956258364703709	0.141246423635373	2
0.0430017025306902	0.0830858547272285	2
0.0222152914480468	0.0440064798675857	2
0.12211467711694	0.635242339990434	2
0.0837644876394502	0.327998703450508	2
-0.067855011468238	0.171762142112137	2
0.0260320491289609	0.0556761231108211	2
0.0963844013106721	0.370531043605132	2
-0.0909728108252556	0.261274053108165	2
0.036309316325763	0.104740621819819	2
0.117798443407032	0.277685170921874	2
-0.0712179060403612	0.169077701494783	2
-0.0112241426948089	0.0237206379968536	2
0.0656753384985987	0.120257838101109	2
0.119453575513612	0.272686453023159	2
-0.0304331115948565	0.0563879036042238	71
-0.0569922854028698	0.119970494449836	71
0.102961835817221	0.227264867131751	179
0.0534187028626583	0.0971909685897559	179
0.120596830910637	0.311180472865756	179
-0.0866038073224962	0.165797589033055	71
0.0836841738219126	0.180798771446546	71
0.02329680247009	0.0471328647003688	71
-0.0945912520628635	0.198084279943234	71
0.00788198891049484	0.0107233176199221	71
-0.049741406383803	0.0707186457498066	71
0.103351070124969	0.170501341440596	71
0.105202248995348	0.153602984802757	71
-0.0396118553756125	0.0731102647299869	71
-0.0210745661258851	0.0504742424762787	2
0.0864355285785653	0.183324878301551	2
0.0648576393155123	0.198903815256164	2
0.016459744534537	0.0372952961241676	2
0.0786243176464581	0.133526747716284	2
0.0431580421714107	0.0690735059704342	2
0.0327963459163347	0.0508588084386662	2
0.120531698346848	0.24136655308706	2
0.0537463193841917	0.103908065501818	2
-0.0808145773930911	0.165507435126887	2
-0.0974760877731548	0.253042856336823	2
0.0149916267285739	0.029972873300736	2
-0.0787852933739092	0.195811215265903	2
0.056665541377258	0.147316390189847	2
0.0169633423254131	0.04103846766303	2
-0.100462706320703	0.316255625852586	2
-0.121625249916897	0.318923203420723	2
-0.105691600786743	0.223166269468197	2
-0.0489015953882826	0.0844040011063706	2
0.11284286893736	0.232103482001826	2
-0.00986477705513386	0.0157454219401445	2
0.0206402026351876	0.0380622952997974	8
-0.120493935624566	0.261867734255431	8
-0.0309892323628857	0.0589526338068527	8
-0.019512141329439	0.0484514332090369	5
0.00440837426023416	0.0124657690597539	5
0.0147174325969346	0.0460559790482155	5
-0.0199655399001947	0.0654594301482209	5
-0.046374748394727	0.166255978878216	5
-0.0247707520881965	0.0860524684153378	5
0.0413501980086887	0.164751494536888	5
-0.0533423333736351	0.219804170139591	5
0.0429554566244713	0.170837335278171	5
0.0102744636146548	0.0363291877765475	5
0.0347643056304778	0.136865959153501	5
0.000329334883245717	0.00113160426579419	5
-0.116143723103183	0.645987288781696	5
-0.0203124521303433	0.0773285669381097	5
-0.0271995645146403	0.0787141643378973	5
0.101505151269649	0.530711588847899	5
-0.103142951850975	0.511973361015752	5
0.041057625179993	0.171040852477955	5
-0.0750829365120436	0.360942318807173	5
-0.0277883879214819	0.106748741915907	5
-0.0275790582607793	0.0966603568781276	5
0.113899367328039	0.410937956854995	5
-0.0897370710005415	0.39885278379579	5
0.0337565140477188	0.125064399683768	5
0.0270593284047429	0.0997972764283341	94
0.000605866120758724	0.0018853344885055	5
-0.0945385991798566	0.388629749973978	5
-0.0483502635883357	0.162988219577723	5
0.0256282694777452	0.0803922359689316	94
0.118267317829831	0.517191313548079	94
0.0545533837124598	0.190677570728344	94
-0.0766355532263165	0.175985272087923	5
-0.031124496638147	0.0765561728251008	5
0.124641985559055	0.416990301685572	5
-0.00126975566040627	0.00385269518663333	5
0.0814676802040208	0.254779811662064	5
-0.0452564284184245	0.0967561004740642	5
-0.0152162709295601	0.0415468226510967	5
-0.00570182458784547	0.0143680413635596	5
-0.118093805892834	0.379397707965439	5
0.0588408996071348	0.16575881959047	5
0.0846325147606995	0.22776922882478	5
-0.111247011022066	0.487324864632238	5
-0.0503219721687892	0.165121090428988	5
-0.00977324337644607	0.0196798098626548	5
-0.000175840055418927	0.000298501280458379	5
-0.0451380279963805	0.136853039065257	5
0.0783469419426774	0.204028669591287	5
-0.00950058182772773	0.0173124652829755	5
-0.00495888924070022	0.00751038966071259	5
-0.0946772484268236	0.151119650210556	5
0.11984603941361	0.232762685002629	5
0.0108814282549556	0.0230981356514581	5
-0.0313695589574844	0.108221830126835	36
0.034420035764456	0.114325174114475	36
-0.0586703607430549	0.213537819738464	36
0.0635713082127837	0.186658394767077	5
0.0909352177127538	0.324473861481411	5
0.0640843702547869	0.100305441593647	36
0.0230813736214005	0.0156769710990492	2
-0.0758198633965383	0.198196742469252	2
0.0507925238044665	0.14940625526317	2
-0.0806187437591436	0.158512392647806	2
-0.020008665693901	0.0683314370439425	2
0.0694173401338308	0.28180153188588	2
-0.0207271281633482	0.0653847199009613	2
0.0906137958732976	0.396944501631468	2
0.0347268789153861	0.128449943319427	2
0.0398891021779749	0.0877214987135259	2
0.0642287895751014	0.159704572422681	2
-0.0242116741781955	0.0667736384421781	2
-0.0707948780900379	0.12117515728517	2
0.107931840046753	0.186017675645381	2
-0.027261060362379	0.0677711469007119	2
0.0116091295577414	0.0238839877069998	2
0.0602159550965986	0.136561876894869	2
0.0850941999238557	0.181058939157957	179
0.085770614323775	0.131844414493338	179
-0.106477977551106	0.234192423672728	71
-0.0470992585600937	0.106138883172134	71
0.113167941002024	0.121266907397424	99
-0.0136010064250342	0.0165205399660867	71
0.0733574188934498	0.10546108917872	71
-0.0904865733937772	0.137483780141499	71
-0.0345327849940245	0.065331799624886	71
-0.00342483278434916	0.00891901013052422	71
0.0731916948864355	0.275807525981401	2
0.108452121944883	0.423692324206269	2
-0.115951737114614	0.469912160243373	71
0.0690689363969308	0.20221632263181	2
0.0846778739742103	0.184164039307984	2
0.114166223887145	0.21258337888204	2
-0.0819498606727741	0.184297593405728	71
0.0801134043485408	0.102106205217608	71
-0.0605185710628583	0.0710030024894291	2
0.0477728851879647	0.0685321682316675	2
0.121547864103407	0.2587888276835	2
0.0682614295632401	0.1378521538563	2
-0.105183780551971	0.269717130187542	2
-0.0258649814160046	0.0574529875199924	2
-0.101507196996527	0.344708019692898	2
0.0624795024522737	0.172278868104599	2
0.104393520504179	0.321644402066077	2
-0.0279662659480352	0.0750604396060783	2
0.0400612107196629	0.110019060922944	2
0.118304162333319	0.354492530650888	2
-0.0509201754133739	0.112530963080801	2
-0.0430920162462509	0.0805124697846831	2
-0.10552599900861	0.362143931521549	2
0.00636117826533716	0.00805357208107766	2
0.0802194910006509	0.0968062279449796	2
-0.0784198652446928	0.173862037931074	8
-0.00984652803179309	0.0167193350356776	8
-0.0386305706152428	0.10304703454605	5
-0.0357372353821098	0.105379075577577	5
-0.0178427948925803	0.0553551577456166	5
-0.0549420913606377	0.201150742174301	5
-0.00179456306801017	0.00588766888586939	5
-0.0205146340473167	0.0727821420611658	5
0.0317064319519732	0.121435099178964	5
0.00422966188330497	0.0147332496691707	5
-0.00716195370075112	0.0251388001708643	5
-0.0483585395540338	0.200348518023145	5
0.0495225953858675	0.211642057541124	5
0.00878099587563258	0.0319117202867927	5
0.00879120220748772	0.0329383870496841	5
-0.0121391117684234	0.0461718944863022	5
-0.0108208164421036	0.0406971423823203	5
0.0141073259378018	0.0528549878730431	5
-0.113544186571905	0.599561736365664	5
-0.070024746811895	0.310579669484022	5
0.0310898481935741	0.113986898872616	5
0.0432102033434619	0.157974383378218	5
0.0496335877733853	0.187548699499604	94
-0.0219423292386304	0.0778919112364166	94
-0.0598507185464231	0.225915226184484	5
0.046485159693073	0.141758295828864	94
0.0708349316073565	0.235873112302095	94
-0.00637266229577522	0.0166145480475339	94
0.024734996183987	0.0595430573258212	94
0.0395036761478055	0.117778818852278	94
-0.0256028819164593	0.0600000853805318	5
-0.00267537607215988	0.00583965389708222	5
-0.0310116354858512	0.0826208074613135	5
-0.0145517671745737	0.0438537019261565	5
-0.0148913624802948	0.0365681250066128	5
-0.0661566788891302	0.158752525216633	5
0.0319716737244104	0.0732690732695879	5
0.0983952357085145	0.236633197083436	5
-0.0011611373003566	0.00287889135554902	5
0.0311844482488196	0.0754724099461908	5
-0.0532438585394834	0.129708634882418	5
-0.107223466026622	0.326377178689274	5
-0.0276066169422946	0.0727974422577856	5
-0.0968143154157943	0.281800328377925	5
0.100872035316215	0.317759381896478	5
0.00474391078124792	0.0126928909374346	5
-0.0579271517108921	0.130732967943264	5
0.108865243764847	0.258558366163471	5
0.0284051230157459	0.0699357832026384	5
-0.0062154956901696	0.0105327681974691	5
0.0498703286528349	0.09034168998023	5
0.0498881160454178	0.127552354181059	5
0.124490895218321	0.565050190520707	5
0.111498243242481	0.461875863959707	5
-0.102970793611882	0.367189706495042	36
-0.0860047746614979	0.307833188352853	36
-0.0906484454894507	0.305797726453752	36
-0.117221341435429	0.402081953760571	36
0.014311910080728	0.0353601388284531	5
0.112329367048007	0.290028400158641	5
0.0525646506360193	0.13096922437329	5
-0.10247385843813	0.138900982921546	36
-0.0618287416166489	0.0829710737093117	36
0.101354801384506	0.0718654547338227	2
0.0599990021262754	0.122161489796704	2
0.00483078465994543	0.00724502978601151	2
-0.035272519802314	0.0976539746545636	2
-0.00655016935395317	0.00970396300064174	2
-0.123357542217683	0.508614450759249	2
0.00341699069042917	0.00987156729592598	2
0.0103142132064456	0.0315911139243888	2
-0.0213164156449469	0.0587994113472061	2
-0.0313326386561407	0.0775580206437679	2
0.0113440052243421	0.0279003926936339	2
-0.058607054277842	0.152502345048095	2
-0.0569665997891363	0.103582996942888	2
0.00041410797322201	0.000678543696819133	2
-0.0865332044170308	0.155245748120139	71
0.0123433072747831	0.0212651827857781	179
0.0579696064748556	0.102637598244781	179
-0.105954611191017	0.203981537809423	71
0.0972736797917466	0.2274541887078	71
0.0330398401752408	0.0581895802148769	71
0.0894698318974376	0.151666131298567	71
-0.118660515323468	0.186559563481694	71
-0.0625902399223351	0.0789743852767761	71
-0.102246819692008	0.0989359754557668	71
0.0065005887323266	0.00823114255471196	71
-0.00852976268791411	0.0150583020913475	71
-0.0840319375868996	0.260948469323058	71
0.0297062218729049	0.0873795516127088	2
-0.0537113546241137	0.174229608881735	2
0.109359777255114	0.45015381182575	2
0.00338008300913799	0.00945370734441833	71
0.0773016665583774	0.210479859727881	2
0.0258622857067436	0.0578431984844913	2
0.064302062665843	0.132014453373469	2
-0.0362206958588961	0.0498570755317816	71
0.0526298492082027	0.084681974543787	2
-0.0892124062456766	0.16075413782216	2
0.0448204716974534	0.0847402721806949	2
-0.124218750929515	0.334533282829799	2
0.0464091072483728	0.117504383856386	2
0.0577262229991667	0.160961974101667	2
0.00589004670322943	0.0122216494090754	2
0.0190272407052788	0.0453655492532409	2
0.0809656413123836	0.169040909498043	8
-0.067321797868414	0.104573031756585	8
0.0445167883192601	0.0737007650338465	8
-0.0287749091242682	0.0740983003810658	5
-0.0302163201734767	0.0899971053355997	5
0.0425151788420573	0.145331196408084	5
-0.0185305175411921	0.0625561633272115	5
0.00366502911204588	0.0119048229597963	5
-0.0369345069906628	0.137976055709368	5
-0.0335584285352391	0.125545717799	5
0.0134723381863889	0.0470968146874492	5
-0.0211180337352454	0.0806361858624406	5
-0.115347456662192	0.585023342035385	5
0.0429453041209859	0.176165619055043	5
-0.00418415060224881	0.0153688420991793	5
-0.0788513990260786	0.384147766107972	5
0.0316708472658438	0.130323042306548	5
-0.0590582657388198	0.268598822688566	5
-0.0390193550591438	0.164108727889218	5
0.0481484084681277	0.201743744459215	5
-0.0563413231557194	0.25367259156192	5
0.0776662898336939	0.368327741215669	5
0.045058254224943	0.183737974455664	5
0.0720718559496833	0.322532892211463	5
0.111778856959992	0.488226554700527	94
-0.0041516939569204	0.0129378505449156	94
0.0150479518710141	0.0542014201738103	94
-0.0246475790859623	0.0829366285539105	5
0.0851359744873094	0.329705449752023	94
0.0457080602338943	0.1502268973966	94
-0.0243972997038931	0.0803194634573955	94
0.0674679860551967	0.220971310344316	94
-0.0392495668102169	0.131403338667162	5
-0.034441973826391	0.0987564454690101	5
0.0373682597456218	0.0936790409992755	5
0.102320972293032	0.378434083568106	5
0.0858528585751106	0.294790244712346	5
0.0870979710912281	0.244793687279924	5
-0.0145468989904259	0.0372296806992305	5
0.105759270900222	0.338111420246078	5
-0.0257200708087885	0.0639392860237776	5
-0.118949105206489	0.390282913751831	5
-0.0255486469519871	0.073067665596858	5
0.0870776458098864	0.221151186788047	5
0.0251979812786542	0.0569334410972268	5
-0.077611727887047	0.231380595583932	5
-0.0182292160697482	0.0414314354672774	5
0.0284243435000162	0.0540505786319376	5
0.11216129520141	0.237074019968619	5
0.0765553810811105	0.211908855683991	5
-0.0442323724681859	0.161292875508773	5
-0.0903881947797455	0.420492903995528	5
-0.0393544423476943	0.140581594607307	5
0.0376161092861028	0.134377735232316	5
-0.105597494630827	0.390415628996121	36
-0.0687679849306929	0.213036489180248	36
-0.0574532227817279	0.0800188227915972	36
0.0145596250922213	0.0290821142143569	2
0.0244888591537371	0.0716924896781332	2
0.104117248004457	0.186448539868661	2
0.0520331859052172	0.0757739840302327	2
-0.0242218111165493	0.0756884866828241	2
0.0889602262726488	0.36010823232297	2
0.0685250640576738	0.226955682954177	2
0.0919525693791479	0.294155239664525	2
0.0103830293373277	0.0291126662781204	2
-0.110367516150046	0.308421635191519	71
0.0623306156249383	0.150047077128312	2
0.117052153549215	0.228110031151391	2
-0.0892855935886351	0.149801036766392	71
-0.0911350806933555	0.163545003584358	71
-0.0259516820865228	0.0452965373928483	71
-0.0713737175483839	0.128771163209233	71
-0.0397207114055832	0.0764816769519948	71
-0.0911082707758973	0.203084652042409	71
-0.0109668115113139	0.0177290297754699	71
0.0257855511455078	0.0399011860216469	71
0.0217560964691137	0.0278165607248117	71
0.102107879275458	0.1240907928066	169
-0.0581605492656254	0.0829536967266787	71
0.040317768390932	0.0567126873191761	71
-0.0367857910844679	0.0506764114572423	71
-0.0558000001588882	0.164700669032588	71
0.0743122403230988	0.250340122512151	2
0.107559162101942	0.39475889206927	2
-0.0837446714453824	0.314864400862841	71
-0.0365993623132621	0.116880133004819	71
0.0759340936178081	0.206009216615481	2
0.00085207869153188	0.00165984844752342	2
-0.0536939098760675	0.109694524394134	71
-0.0687493169552485	0.139185151011996	71
0.0522982312404326	0.0841035036406246	71
-0.0615560965468101	0.092880519731244	71
-0.120112531508475	0.152920010185265	71
0.0106436854224	0.0117662158823846	2
0.103990700723744	0.158451348818607	2
-0.00616153554864898	0.0112018951635329	2
0.101216194700716	0.261920227025718	2
-0.0496625977941101	0.115150416559283	2
0.0900464254339614	0.248861399126088	2
-0.0328636176172737	0.0891881852060441	2
0.0354003727395553	0.0845993533093058	2
-0.054832002872785	0.125698821765697	2
0.00742625050294052	0.00982063668270347	2
0.0635046855289784	0.0774106931967718	2
0.0147508566839302	0.022805511920368	8
0.0906795181148498	0.206186397877084	8
-0.0219873942727976	0.0359899391945949	8
-0.0316494152910393	0.0808427577572559	5
-0.0209153675161383	0.0625935657161632	5
-0.0106632028774284	0.033757455259231	5
-0.0545321270746564	0.202083703730673	5
0.0474787828782489	0.179720634293352	5
0.0170657912807939	0.0603913062793358	5
-0.0305119842801728	0.113390088857954	5
-0.0363155419101962	0.147449096087327	5
-0.0762492336510225	0.344935226866512	5
0.0562376447062258	0.239775038749846	5
-0.0475060755370405	0.204456157110207	5
0.124175708824347	0.711933111343462	5
-0.120882181830834	0.682288804443537	5
0.0725824480260435	0.348608517416695	5
0.0587062758170114	0.267253763557894	5
-0.0934023151396033	0.462159966994652	5
-0.00100375123725782	0.00364684602362715	5
-0.0450309871070992	0.191117021272467	5
0.00889077571478194	0.0324969251503945	5
-0.0792269425303881	0.386020094248514	5
-0.0518501375269648	0.218787499199037	5
-0.0998804955570531	0.423437291601334	5
-0.0482240073510094	0.183842227494024	5
0.00490106297582169	0.0168536774956807	94
-0.101166094441955	0.429029675367566	5
-0.0616083215241004	0.223257720663746	94
-0.0480088460245215	0.150298649360412	5
-0.0969905187338102	0.379984301698268	5
-0.0872750408389341	0.27429865853129	5
-0.0800296336936812	0.257465053591338	5
0.0322788725385871	0.0997506446249659	5
-0.0088393612813331	0.0251424017226731	5
0.0502229358792334	0.16487677775407	5
0.0262810665833413	0.0750483335619155	5
0.0531276676825183	0.14838415800904	5
0.0545823021840526	0.132561542944415	5
-0.0836321579044747	0.261913114011201	5
0.0134107896847001	0.0345746191130445	5
0.0898750499657554	0.295497420278579	5
-0.0450304493005094	0.125301444089444	5
0.00502145561404916	0.0131697788017168	5
0.0240131969402362	0.065861285017679	5
-0.106337497589128	0.348729435470773	5
0.0327514280175304	0.0976741396996549	5
-0.0968324479994176	0.33028524896465	5
0.0343939653154827	0.0796562325050393	5
0.00450198880014303	0.00925690439795224	5
0.0665200892908253	0.188868028983742	5
0.0827276579338279	0.238799484164426	5
-0.113864506110704	0.280989020604957	5
0.0205750659095043	0.0408064483731914	5
0.124259976651492	0.392117110400735	5
-0.0462810300161517	0.183818141418343	5
-0.0484275394900762	0.184178607642708	36
0.0137695859418445	0.0401056212817618	36
-0.0654431394835754	0.220628407561196	36
0.105621590094622	0.400963906463028	36
0.0556672924419528	0.141777723851042	5
-0.00619102962145705	0.0153026174489262	5
0.0147776702812823	0.0185230104657318	5
-0.0955748299619655	0.350042459060643	2
0.0313188944072187	0.0439697579910689	2
-0.0682352939345372	0.0923578858863315	2
0.0395224242374308	0.0981593639027884	2
-0.0694573272450918	0.203969787964759	2
0.0354724607557698	0.120206091834478	2
-0.0638528012384977	0.221954449724168	2
-0.0496851556246751	0.142280433049219	2
-0.103059376083737	0.284133206998868	2
0.00126551972650416	0.00300940675552763	2
-0.0359985706931968	0.109755031101671	2
0.0369491659461784	0.098316720251526	2
0.11347614629207	0.318212726854695	2
0.0540184632395846	0.130441286410318	2
-0.0483418669586819	0.0992846045288828	71
0.0723190384769364	0.131841024317406	71
-0.0234014202864824	0.039836784797016	71
0.0556776577371518	0.0923041999052203	71
0.0806320777281449	0.173183741811965	71
0.083569154503319	0.10824567744682	71
0.0334028445938481	0.0373046021953248	71
0.124617051062995	0.161907070580306	71
-0.0855395461886651	0.108525734469633	71
0.0102686709115285	0.0117942858980885	71
0.0783515718786729	0.239684465104816	71
-0.0399296227620458	0.117745062913183	71
-0.0412273248083139	0.144948970738547	71
-0.0201776038604151	0.0577983540212221	71
0.069032246024059	0.185209063745172	2
0.0723197559276943	0.192372648046226	2
0.121982774293673	0.302566797753384	2
-0.0242789962810245	0.0503554966067026	71
-0.0945083512871181	0.19892631626264	71
0.0410294490800633	0.0537139380879546	71
0.0713022944744358	0.105448278143712	2
-0.0680620464144532	0.125769345193995	2
0.123580804880893	0.285797044229	2
0.0438631706258118	0.0942042744210197	2
0.0937572172600657	0.236826274080999	2
0.0189047073114277	0.044444135932008	2
-0.0656188587009389	0.180491956083764	2
-0.0228876433245128	0.0565739597896415	2
0.0454083888442684	0.127148411753806	2
-0.112601512089836	0.326296287163959	2
-0.0138917572942346	0.0304078930328875	8
0.106918977683165	0.239004461481725	2
0.0696114239628869	0.106783172712748	2
-0.0522715914675069	0.0658028032355149	2
0.0821352818493553	0.125622757450888	2
0.116261098123602	0.193070380353857	2
-0.0364543151782252	0.0571512642776393	8
-0.0999059993999738	0.148868379088195	8
-0.0888599554429145	0.15188574946951	8
0.0317132387139107	0.0593411585185627	8
-0.00739709724032816	0.0120704230852136	8
-0.0968829779050723	0.17096166056809	8
-0.0187466526354546	0.0463975884507539	5
-0.0461355906992699	0.147524842013152	5
0.0520298192453532	0.186949685019393	5
-0.0689313475975738	0.269995719752601	5
0.0427839987488847	0.155911293803113	5
-0.0379996094274907	0.140035957489344	5
-0.0143602119885264	0.0500097982282031	5
0.0354910451928525	0.13809695718598	5
0.0772747852627644	0.373906549736155	5
-0.0132723036390616	0.0430548237820797	5
0.012035329923688	0.0389802376985434	5
0.0117912569917625	0.0444160416206236	5
0.0498695653932036	0.210495333993519	5
-0.025959724828866	0.103464076943253	5
-0.0615703443119347	0.283164214529509	5
-0.0374070444390637	0.138070353176757	5
-0.0968924678832637	0.364452650395685	5
0.116057460054445	0.331538369633562	94
0.0821551565800199	0.258336630111254	94
0.0551912920896167	0.207185029811365	94
0.0610325517364086	0.221894467829347	94
0.0822165441713069	0.292509872311554	94
0.0853796895784117	0.257498828510066	94
-0.0284962949557631	0.0815141017031495	5
0.0177295141674645	0.0426944936232875	5
-0.00930310740140559	0.0151587985353609	5
0.0789424352446159	0.134123230425556	5
0.105022887134175	0.349339693995421	5
-0.121416178362821	0.301096445507964	5
-0.0752075550725249	0.107859104908163	5
0.086421289772297	0.162065576570622	5
0.114670468409805	0.220948830796329	5
0.0742178892165162	0.213206602004896	5
-0.0544643234518913	0.139637775190314	5
0.00692411280485723	0.0137370813786936	5
-0.0307310371226425	0.06567159757268	5
0.0883189418592114	0.273099116865459	5
0.013146723115977	0.0233782312008779	5
0.0291743335967186	0.115760352710793	5
0.100649218859761	0.411684866029666	5
0.0160490766534452	0.0496146701422656	5
-0.108686790314794	0.444328479090314	36
-0.0427851885323769	0.136045000178438	36
-0.0648749610982306	0.198494125168603	36
0.0674553329050818	0.109933297711949	5
0.0532809445000293	0.0186782367557064	36
-0.0719803871178198	0.202571043320742	2
-0.00443725246853968	0.00705380091813151	2
0.056936185056269	0.230483604372158	2
0.0996829264517692	0.469983788904169	2
0.0999002464862365	0.223315506163956	2
0.0960086851791004	0.415174060200319	2
-0.0522050678419037	0.197255363164832	2
-0.122453371753067	0.177776152144666	71
-0.0114418305808739	0.015694538210676	71
-0.0481159743965489	0.0702797538713483	71
0.118523277288565	0.343106477626809	71
0.0469155684700807	0.0932923377922007	71
0.0189959093824851	0.0328807240983995	71
-0.0653218641688448	0.140793004691787	71
-0.0314453836636878	0.0725809349877838	71
-0.0355554616792207	0.0346688515229478	71
-0.0924292680579394	0.133098885501448	71
-0.0137350274780496	0.0233652820814768	71
-0.025564842450051	0.0873061203406546	71
0.0238743537914262	0.0779181960958025	71
-0.0452572940793794	0.162268189022435	71
0.0564031140954118	0.146525640303706	2
0.0973465509527036	0.199668674768161	2
-0.00163634471241534	0.0021175607644234	71
0.0908568343271358	0.126121884544063	19
-0.114615363085267	0.198944481510529	2
-0.0807600985958793	0.134725310330329	2
-0.0999257430883216	0.191777531425313	2
0.07094914013576	0.166046533040882	2
0.0189302344486998	0.0516766681984051	2
0.0375635061331658	0.091906085357501	2
0.0915746922775368	0.270546536939322	2
-0.0446131970765128	0.122258969820583	8
0.0969671057536937	0.187646240737198	2
-0.119323507778125	0.134192440583755	8
0.0594382760696091	0.100640304087278	8
-0.0289635333610606	0.0473767721505368	8
-0.0850086341451735	0.132159848040042	8
0.000354025822163298	0.00039973502643852	8
-0.0262458898504045	0.0661140632376472	5
0.00749960426107285	0.0215835700644871	5
-0.0230922939478699	0.0740974701282678	5
-0.0589423182033992	0.215446333935623	5
0.0120764574699327	0.0388961266587178	5
0.042450523982862	0.158007935358225	5
0.00265616301225592	0.00902943481279546	5
0.0858695466547806	0.357521968554926	5
-0.0574090415316755	0.148240451864384	5
-0.0467967278066525	0.177757450974371	5
0.069648982864439	0.328498677106273	5
0.0795836114883221	0.375145344898345	5
-0.0329696916257207	0.134783625432783	5
0.0309052073765789	0.126846827962495	5
-0.0699533536108447	0.274052140042697	5
-0.0439461867405749	0.113597129309819	5
-0.0997400133980064	0.400580022432727	5
-0.0300513897685151	0.106936176230619	5
0.116658352025344	0.539490917472792	94
0.0921833023931451	0.371037639881274	94
0.0364444830404908	0.0994427177847875	94
-0.00246617385057017	0.00598928446741672	94
-0.0889115688125603	0.294964492048583	5
0.0366750117587817	0.0879175474344673	5
0.0328865282087808	0.0630872370979319	5
0.0926047253904554	0.211386269398988	5
0.0524592896307543	0.137870672154678	5
-0.074233539247593	0.109759190944819	5
0.109971241166462	0.243864195473919	5
-0.0206872776196152	0.046477337182284	5
-0.0351238484807813	0.0704271214717133	5
-0.000946907323859507	0.00197046268342222	5
-0.0609686748676501	0.176868501884823	5
0.0583115801884615	0.17157654401019	5
0.000899697461355232	0.00260829248861972	5
-0.0381028341217198	0.117704610664796	5
0.000395105882971343	0.000716491511817714	5
-0.0256630496808955	0.061634082869752	5
-0.10132707172567	0.137151536383445	5
0.0275815803495518	0.0343389615362017	5
0.016877480153466	0.0429563843574472	5
-0.00609454928419528	0.021998480696615	5
0.0320391652133721	0.112059193316116	5
-0.0084397754273312	0.0258089934447396	5
-0.117938496506188	0.460994797563299	36
0.0375129545473638	0.09468048412424	36
0.107625457302702	0.283004962472291	36
-0.0497985239191678	0.0583807677428825	36
-0.0270755603886251	0.0586046104512744	2
0.0342742685534993	0.05013965398551	2
-0.0893785294743833	0.175726239714248	2
0.0517478310418635	0.200087815417252	2
-0.0103054013886323	0.0273686938051496	2
0.00826291887529859	0.0269471544026328	2
0.0986274521255346	0.433816106910892	2
0.0846740312344153	0.208366530967134	2
-0.0896785300044553	0.294956504819868	71
-0.0838905315444035	0.257945707493539	71
-0.0509667425340263	0.104056140929788	71
0.114325599965751	0.185841004487965	71
0.122267639450309	0.186441982676335	71
0.0412021955674074	0.0597228316609499	71
0.00747586460394396	0.0156881448693807	71
-0.115735338806462	0.304473689565249	71
0.1069132248123	0.214797796543463	71
-0.0399095263927363	0.070167605875173	71
0.102977674464777	0.125273500673552	71
0.0805473625195546	0.159711823372301	71
-0.0175598038240587	0.0315061607586489	71
-0.0946760257104744	0.208735243707973	71
0.0252531655019192	0.0559779548643549	71
-0.0990330962380374	0.235207965336725	71
-0.0933144888652203	0.0848591218777198	71
0.118779559420189	0.170237767834144	71
0.0254815754426884	0.0457597551192486	71
-0.0554467861078375	0.172188986496077	71
-0.0117927522772554	0.03754475114054	71
0.00958735659516673	0.0306240925075922	71
-0.114042348084389	0.489768860138409	71
0.054382759389728	0.201054190045881	2
0.00812857581524774	0.0107558589430241	2
0.0372605953600753	0.0740349369762853	71
-0.0368590736313222	0.0430681075551414	2
-0.00664164166217252	0.00930981588486053	2
-0.0100674102226561	0.0170197569010619	2
-0.0154316469218379	0.0291240640291052	2
-0.0576070448920416	0.153326155618834	2
0.0663247951856296	0.201760051623744	2
0.0144216361893889	0.0341097555023578	2
-0.092263930120663	0.229899232421326	8
-0.0671346626567323	0.187353257675588	8
0.0802562507847711	0.155743304935281	2
0.0544822418492597	0.061266049547564	2
-0.0891316162055018	0.113534219493539	8
0.0716670343812345	0.0683589834842103	8
-0.0679341143437128	0.109839101318223	8
0.0232214224913262	0.0346298971418792	8
-0.0041931864503902	0.00680637869140174	8
-0.0102560845428039	0.0250021861601905	5
0.00361559695801295	0.00960877244366941	5
0.0664762488605174	0.244037679234732	5
0.0383093652519455	0.130576964696486	5
0.0065947764467437	0.0217672336436372	5
0.0506512231038191	0.201128310305703	5
0.0325099344216822	0.130814223816272	5
0.00853824587378038	0.0318417020045864	5
-0.0522121965589043	0.201547221543697	5
-0.0274970208296704	0.109206411405948	5
-0.116601858348885	0.648684406176959	5
-0.0491251204287685	0.210983818553628	5
0.0711914728417672	0.327281144579953	5
-0.0198827507148197	0.0779382141966909	5
-0.121716032851662	0.628074808561034	5
-0.0450894509370078	0.175740110636383	5
-0.114458266754786	0.545910941126713	5
0.0829817688908461	0.369679848263524	94
0.0649035003928547	0.258940289516655	94
0.0202032404652495	0.0676413625593913	94
-0.00137759216007483	0.0042837470184682	94
-0.000157770279428896	0.000450045270101418	94
0.00812530717141129	0.0240099800079225	5
0.0426597967697075	0.0997658631667561	5
-0.0579608222725854	0.164582774970422	5
0.0677462089264639	0.177308859071408	5
0.117075569272639	0.303331275934059	5
0.0518588230630169	0.114252570013522	5
0.0554042799934854	0.14674337501399	5
0.0840840249269431	0.255832084480284	5
-0.050784039148312	0.130914275505416	5
-0.0579252949917052	0.11461545849619	5
-0.0132669544210836	0.0283275150152058	5
0.0430557594034132	0.0887742208207872	5
0.0202215760049009	0.0398938681195958	5
0.000397637750205813	0.000977507901190749	5
-0.0505243359053623	0.128317576405492	5
-0.109237256405651	0.313733171372459	5
-0.0789264341657587	0.253023045491591	5
-0.0355869755945163	0.100566272939152	5
-0.059024869883335	0.199662451281552	5
-0.033753790733568	0.108398621909587	5
0.0808926002047225	0.190963678994814	5
0.0201875609943884	0.0384437422876864	5
-0.0541639173542543	0.137221748656867	5
-0.0192572093367053	0.0419076456087274	5
-0.089234926034906	0.262149618876162	5
0.00983836745687481	0.0336610034303158	5
0.0269323137525374	0.0914119844369885	5
-0.0962119413013421	0.404400777159362	36
0.0269119932197963	0.0813649368837822	36
0.120513105253958	0.48601429944213	36
0.101472576189729	0.376128909481054	36
-0.118386485962306	0.263826314566824	36
-0.036413721282519	0.090609952745816	36
0.052270568144827	0.0812297296789904	2
0.0075829774073749	0.0108696744017488	2
-0.00293662440266225	0.0078887517120057	2
0.0566928182455787	0.177824830132032	2
0.0665792292158066	0.219822280751433	2
-0.0753392885679049	0.272065722425135	2
0.0408129194424245	0.117025622171786	2
0.00676728819975347	0.0190466737408977	2
-0.0933808801630356	0.299785266881957	2
-0.0797744569972206	0.209679576492099	2
0.0145664459545531	0.0332109607016093	2
0.0788629898583744	0.142987006249717	71
-0.0406294054935097	0.0684632076290566	71
-0.0506888573356675	0.123373365690682	71
0.0607872777593526	0.141361561466579	71
0.0719195740388163	0.134000250701549	71
-0.00812476567046355	0.0142736274261183	71
0.0252388863077695	0.0444492219918553	71
-0.0902928449092499	0.144495121434528	71
-0.12326787891445	0.253467502331261	71
-0.0950760003423064	0.205968254518766	71
-0.0341504867553961	0.0697089779440971	71
-0.0620764146933569	0.148760642815314	71
0.117499068482692	0.276823838364195	71
-0.122137574807867	0.221382607182026	71
0.107949902971526	0.103581917205272	71
0.0371592486580737	0.035160407942256	71
-0.0828227848767071	0.0802657510837084	71
0.102468547146562	0.131976678426032	71
0.114842797147253	0.134731716956715	71
0.0976304163279387	0.138240585731536	71
-0.0581594477929931	0.0810715300196197	71
-0.0651430617739484	0.0929839542518533	71
0.00048801316505516	0.000852899860503454	71
0.0773233331004089	0.277230195054634	71
0.0164687587705411	0.0544312310818376	71
0.0666458414797496	0.275387989518655	2
0.0640668995012295	0.234331276709855	2
-0.0469133877475957	0.135145540055906	2
-0.0583150556861709	0.164935494161762	2
0.0441038162398983	0.0951745156764205	2
-0.012952733243861	0.0231524113856397	2
0.048012021952128	0.0830237023688778	2
-0.110371798462483	0.257681695842348	71
-0.123668518272761	0.145293141597005	71
0.04256346174847	0.0465683721591556	2
0.0370671935783018	0.0477703616040567	2
0.0994583182121978	0.179969841169725	2
0.0456972138718237	0.079919374980616	2
-0.0936217636609679	0.328493404424634	2
-0.0671911187857984	0.216173467304345	8
-0.0429076705971383	0.125261195190704	8
-0.0738984611991622	0.166909424689085	8
-0.120694350306642	0.270090525803381	8
0.0324944673045469	0.0430226589610408	8
-0.0897062010286774	0.100883256818329	8
0.0135427709978695	0.0213831351391186	8
-0.0675666257316052	0.129392092265968	8
-0.119300680723555	0.25870068612242	8
-0.0250538663867337	0.0630564904044034	5
-0.0434001176224084	0.131954964190612	5
-0.0130452037598452	0.0404070194869701	5
0.0134581331775695	0.0434539484269805	5
-0.00509435407786148	0.0167155355150237	5
0.0359824329715797	0.147474865756451	5
0.0426028884436671	0.179194952707506	5
-0.0218541672726994	0.0740376641383282	5
0.0622925637648624	0.282552951982575	5
0.0696436306380309	0.3297700801056	5
-0.0105977399629157	0.0388959447544435	5
-0.0428342569547339	0.181418155177302	5
0.072409761453395	0.281504540162604	94
0.0242999867363967	0.0708728020432779	94
-0.118110658387121	0.543611066645661	5
-0.0267366220728077	0.0890066093635702	5
0.108881522776981	0.507401251509637	94
0.0178146046154664	0.0552733012468194	94
-0.115532677641074	0.449951709114724	94
0.0995223074977877	0.358206621889035	94
0.0239227030067455	0.071742623530199	5
0.0125392958909328	0.030479044904478	5
-0.0820621207300331	0.270073614285457	5
0.000574727136945943	0.0011454599467975	5
-0.0531611337052448	0.120937485822853	5
-0.0551285611838131	0.140458122150929	5
0.102263649580896	0.317896313140122	5
0.0702219972724803	0.219537734337821	5
-0.0100913076677878	0.0224066359177836	5
-0.0138370004931534	0.0280057950416511	5
0.0518174731147766	0.109773267169249	5
0.124312073002065	0.289537854785391	5
-0.0505782073696074	0.137363256607444	5
-0.0706545861476508	0.197012011542878	5
-0.0002572907485182	0.000586403042154175	5
0.108123912755995	0.317959079427887	5
-0.0473825744550045	0.122805426805028	5
-0.00327041371988362	0.00792142908368437	5
0.0440451577437758	0.130641961886033	5
0.0321350942566576	0.0699207073174937	5
-0.106836013650889	0.250891132227575	5
-0.0359542730293413	0.0758737264210002	5
0.0245817797238288	0.0415255971947273	5
-0.0457348238113894	0.0790242105860075	5
-0.00106730421036358	0.00216700030288447	5
0.0335496160432352	0.0841720645981276	5
0.0475172814337934	0.194110338019048	5
0.00818070621949447	0.0264656829872447	5
-0.0462654469717112	0.155771075735067	36
0.0387492913205328	0.125476440066122	36
0.000298310262838036	0.000815433350739051	36
-0.035102569252983	0.0985029763679579	36
0.0851494337410681	0.264828298520186	36
0.122938965280101	0.285642372343873	36
-0.00364453594781133	0.00425434289304123	36
0.0923332692000455	0.165284415269527	2
0.0441839117862868	0.0725873669171699	2
-0.0112303219639479	0.0335427547517382	2
-0.0484668050348529	0.127278088688556	2
-0.00816303578178619	0.0227411778432015	2
0.0439454810813225	0.151527193825224	2
-0.0441185476227113	0.114107229220983	2
0.0976746847695328	0.246143658697647	2
0.103638333903323	0.303936565577669	2
0.124899022771978	0.391915896754073	2
-0.120224344891998	0.227601190265652	71
-0.05701238666518	0.102333119537547	71
0.0668857972836848	0.151589466451962	71
-0.0653781734643441	0.138651385387971	71
-0.0295770055989471	0.0615713591953401	71
0.121304894326454	0.254787394708741	71
0.0891525868900124	0.167968089097176	71
-0.0423760695277635	0.081594272382152	71
0.0199929481087509	0.034670832990457	71
-0.0727946304272594	0.137719436279437	71
-0.00866537464296292	0.00933079687742104	71
-0.0510585821572565	0.0843361736977315	71
0.0629363981791887	0.129546742800683	71
-0.104230418482668	0.231491935623608	71
-0.0641904064526066	0.0894061370560477	71
-0.0570690930368294	0.0524005008879133	71
-0.0478995276404259	0.0465224429390716	71
-0.0229097748654719	0.0223927302966429	71
-0.0341337843517506	0.0472360931684942	71
0.0653024489180088	0.101520746703718	71
-0.123243550153352	0.18848843978849	71
-0.0516869760687198	0.157179774633924	71
-0.013308452214925	0.0416309428975092	71
-0.00064022261589841	0.00194342157068471	71
0.115151612949052	0.500017190330905	2
-0.0741540693868578	0.224882076826811	2
-0.0785037903308601	0.233914607530127	2
0.0311953862009261	0.0381137532331062	2
0.104704776544564	0.204725722078342	2
0.0045533390652584	0.00698238740781419	2
-0.109605134180504	0.223124938964487	2
0.0718366887021079	0.172951790174998	2
-0.0799596062397875	0.201176610871569	2
-0.0489018230762883	0.146476915208682	2
0.0799406135740842	0.246949220891543	2
0.0875643346874175	0.275052582248975	2
0.0859893734204351	0.267656523924462	2
-0.0954948789890315	0.234991804979709	8
-0.0471968888701137	0.094052926078678	8
0.0925790064175478	0.256077052737654	8
0.0391376381875084	0.0942429502660927	8
-0.0549235706573861	0.0693817279090273	8
-0.0926162712320227	0.121962452419283	8
-0.114666377132965	0.135388121250688	8
-0.061809503215281	0.116136693410281	8
0.0808817027842261	0.1561174463434	8
-0.0724857602824509	0.114798488000213	8
-0.0167932210564167	0.0412199759685338	5
-0.0240516055288185	0.0706846362219754	5
0.0243525647147171	0.078979423731406	5
0.00988388820641913	0.0319797142410001	5
-0.00286043127383114	0.010293281041171	5
-0.0291612027989466	0.118618524604088	5
-0.0673496814248721	0.300199121426641	5
0.0381550987403598	0.156650046212751	94
0.0157348034951869	0.0602256185149839	94
0.0598720320848439	0.22343835436641	94
0.0148373192473519	0.0440603926436777	94
-0.0733530194673046	0.26629028124419	5
0.0401230588003192	0.136811721325144	94
0.0784777991078317	0.249452405363209	94
0.00312829180054993	0.00919844177754192	94
0.0911328579658687	0.310627263624066	94
-0.0392052710756186	0.106755779696836	94
0.0854443364292023	0.275281764949678	94
-0.0671699034191045	0.161583288799848	5
0.0987715204007775	0.209827343274622	5
0.109368609265024	0.340361678183877	5
0.0066542713300102	0.0106856790661003	5
-0.0423981762986397	0.0830940097112832	5
0.0314883167668898	0.0775657976623285	5
0.00485001020719287	0.00927545082986718	5
-0.0510938853019213	0.0749748591772192	5
-0.0490248144095709	0.0792869177745112	5
-0.0870791919271972	0.249725023870094	5
-0.0213101082838776	0.0458623622876301	5
0.0137929733798549	0.0289911971972093	5
0.0822484198288404	0.205874483687765	5
0.0777371109446022	0.203735540863936	5
-0.081160113111522	0.224824033305051	5
-0.000760290273226583	0.00124234849709465	5
0.104387582709355	0.214923228939938	5
0.111011040386105	0.18680521300549	5
-0.0176200608373642	0.0377373757959542	5
0.0580454936088889	0.103495558809293	5
0.0206567851820923	0.0251993868077472	5
-0.107505399426837	0.15469609772582	5
-0.0875489413089651	0.122166531314954	5
-0.0429085010699651	0.115547222934605	36
-0.070647678202599	0.319550459300245	36
-0.0559124403659749	0.185183230107026	36
0.0682162167942156	0.2277649256667	36
-0.0537263207099264	0.133760987364247	36
-0.0671773957969315	0.19668665589124	36
0.107966253084279	0.314344150743353	36
-0.0686915736609231	0.171775830929624	36
-0.077448103661571	0.185545779839465	2
-0.11902868665199	0.191564370354137	2
-0.0571828522577493	0.180295093223711	2
-0.0613108160835407	0.109166640220301	2
-0.0856222584337682	0.359509649284284	2
-0.0512951403072948	0.188938724811113	2
0.116530332697561	0.341498549247111	2
-0.08126456105585	0.281874824594073	2
-0.0117137042769379	0.0403112652498781	2
0.0831968725777349	0.175390656892201	2
0.0527221747168936	0.117387660288637	2
-0.0400834285644199	0.106127944772586	2
-0.0961253749149725	0.273808353890712	2
-0.105225174927906	0.169106438541149	71
-0.052001730298355	0.0823494380855236	71
0.0948294947092886	0.225363006665443	71
-0.10275565758069	0.220235923655139	71
-0.0344133922690943	0.0524023580776147	71
0.00333110585200486	0.00344029933219722	71
0.0527275026199738	0.0870068982425415	71
-0.045121986615358	0.0761161581383313	71
0.0372944105219808	0.0586857941837233	71
-0.0416209905625309	0.0760620670395709	71
-0.042146635634549	0.0903137474527733	71
0.00571518658604703	0.00678034434989545	71
-0.0238227957010565	0.028774461718006	71
-0.0200167247416493	0.0694272715936994	71
-0.00250070517147863	0.00811691209730659	71
-0.0237459164932614	0.0840063524181954	71
-0.0459842429448311	0.164400028903177	71
-0.0480450807869835	0.0935205767031997	71
-0.0576270288518054	0.0621284870108252	71
0.108036054629978	0.194623459269685	2
0.0458106533396134	0.0904281926654905	2
0.0643914422856305	0.192213185098901	2
-0.00368305209363728	0.00922704483703871	2
-0.010264558290908	0.0257582452626966	2
0.0528944036789691	0.145841989872429	2
-0.108134849414253	0.311398119942115	8
-0.0232574074403	0.0375170333541322	8
-0.044804319457113	0.107419377781072	8
-0.0853485316175311	0.16919758283149	8
0.0236100273235571	0.0257235528921458	8
0.0173053278447066	0.0195395912253372	8
0.118393922119918	0.150662883406355	8
0.084259293648977	0.0960519624070385	8
-0.0809436764634756	0.142391288373544	8
-0.0779639255849616	0.13302367305789	8
0.0820438466157748	0.16307234519402	8
0.0458565447703266	0.0604009660231737	8
-0.0755145633599502	0.12018678266714	8
-0.0317609686049461	0.0816432027222014	5
-0.0248769600822981	0.0717692990954552	5
-0.0790323072595393	0.303196497380765	5
-0.0775225551046695	0.344465243840851	5
0.0669366070877052	0.314435572692263	94
0.0110354383717722	0.0331558509305033	94
0.0293763794064862	0.118158328042007	94
0.00135169645553141	0.00477164265728219	94
-0.0487917622554051	0.199149397428492	5
0.04071706272487	0.161389349253482	94
0.0993314809641836	0.480935364019525	94
-0.0721319464411089	0.296398232467153	94
0.0305400376014368	0.0957090783623727	94
0.115793353855139	0.557935245361918	94
-0.0900444566903525	0.35336111463484	94
0.0467671823480207	0.186439686642324	94
0.0682704006907542	0.280697414207273	94
-0.050348371128761	0.182460688488746	94
0.112724788385256	0.51562201315562	94
-0.0426757940537704	0.1327459921611	94
0.0503888840722496	0.155601088676621	94
0.0956130897237526	0.377288831955668	94
-0.0102708509043012	0.0239671299201548	5
-0.101581970175423	0.242486067095398	5
-0.00350577846543013	0.00879533625786738	5
0.120686410931328	0.392042870802947	5
0.107514313302472	0.258902988681093	5
0.0253441026890222	0.0487440194252981	5
-0.051185395554807	0.116393075582752	5
-0.0552132367642006	0.124920179588181	5
-0.0782708623099737	0.125094879186978	5
-0.0863059818586268	0.245879855951756	5
-0.0623043626704886	0.16557667562518	5
0.0318210793706248	0.0768754625241813	5
0.016587496296793	0.0456659752067445	5
0.102697803409876	0.411023186488209	5
0.015228288064578	0.0284294499495031	5
0.0106180610395039	0.0207503484603745	5
-0.0448365410254122	0.0947938448424144	5
-0.0590876135362979	0.108130543763718	5
0.00569343211356383	0.0129687072113936	5
-0.00719611771309398	0.0128413396066484	5
-0.0154746883666566	0.0217907366818916	5
-0.0422643139514486	0.0586640937712276	5
0.0802991690491787	0.257139195630033	36
-0.0357557047959815	0.146722669137389	36
-0.0702655281567205	0.297327231847377	36
-0.119185387244907	0.559371905446074	36
-0.0333808458218912	0.117265596814546	36
0.0405610856184179	0.138569511566873	36
-0.09290156636905	0.303298108901007	36
-0.0221098026883286	0.0658066390690385	36
0.0257726566710465	0.0708527666353197	36
-0.035436058455706	0.0618210924955067	36
-0.0557085801423062	0.144399318273097	36
0.0501591926812622	0.155039747963072	2
-0.076020918603268	0.296653609466042	2
-0.0495646230403529	0.201528925091245	2
0.0419423978854549	0.162267975041419	2
-0.0395449708029517	0.148181596273492	2
0.0560499552105408	0.142921386721332	2
-0.0151879922614904	0.0300904162599009	36
0.120181646721704	0.420183921572598	2
0.0339710374537603	0.0776760551928908	2
-0.0737308122232263	0.131378806740895	71
0.00106065074254296	0.00172760078573711	71
0.0477796797120954	0.08442967278439	71
-0.0127452425373489	0.0280562586255124	71
0.068923797898412	0.120296898321773	71
0.0306572908831027	0.0626453829249839	71
0.0605695050540832	0.142762140885964	71
-0.0881852722253253	0.187117623072674	71
-0.016794707522451	0.0280006002579887	71
0.0688810372967724	0.0932544289000225	71
-0.0990396306244079	0.0955460198080796	71
-0.108774387175645	0.0913287408601275	71
-0.030729391642576	0.0400987016279321	71
0.0188116383123346	0.023971086838394	71
-0.0577120970121109	0.0622230880935986	71
-0.0505035150552551	0.0567150637072894	71
-0.0580211623247796	0.114804991569522	71
-0.0839143661096557	0.369288833924048	71
-0.0557905760938495	0.22970713181297	71
-0.078297688663283	0.33610708940924	71
-0.0742934997015552	0.244796744857851	71
0.0161078033753534	0.041021125844887	71
0.120949452835538	0.304465062013823	2
-0.0440750996572979	0.0663372954535043	71
-0.100518296172488	0.250357988372694	19
-0.0374971428121734	0.0438457798820349	71
-0.0316218967137905	0.0307266321017672	71
-0.0612810251707563	0.0628604372903109	71
0.113021985497975	0.225738293068398	2
-0.0601923375330133	0.162658791793329	2
0.0704444910810801	0.237228621010108	2
-0.0961375983573075	0.333169336854655	2
0.0591714615478518	0.19549860846103	2
0.0449091737297301	0.104654515878298	2
0.070809510788927	0.201126254724335	8
-0.00314256082829754	0.00366738938515875	8
-0.105500541100021	0.133698643761736	8
0.00106907981057271	0.0011091410743542	8
-0.068154689008963	0.111122449046654	8
0.110707371202699	0.217183002014154	8
-0.118907471587126	0.224601632384061	8
0.0867394713255349	0.180644047791328	8
-0.0361911222397979	0.0581317003993412	8
-0.026697045174453	0.0675026207540157	5
-0.0168971357822127	0.0489417756146709	5
-0.0127248140688754	0.043593485271523	5
-0.0110569578713427	0.0418724529432964	5
0.0921162698744853	0.474382105057454	94
-0.0583975975658922	0.246013410383113	94
0.000824039112365276	0.00272227811078644	94
-0.0642356716821685	0.282032021690533	94
0.0809630581900304	0.341489323354087	94
-0.11877984102686	0.440087115908865	94
0.111943640249092	0.534242659668836	94
0.0450769489246297	0.184104377755895	94
0.0858241479544253	0.33163630222688	94
-0.0854375383041331	0.389763105035311	94
-0.00656247225238521	0.0227873186348481	94
0.0603957864712672	0.237666720534728	94
0.0868121316800237	0.385094767541763	94
0.0734264138487637	0.283484926557799	94
-0.105172593742166	0.456165619777409	5
-0.0256294053682251	0.0682853950845495	5
-0.0722854028640061	0.183877604172139	5
0.102969791238407	0.395764070767733	5
0.00725610372523062	0.0171362750173777	5
-0.0507524889524506	0.137911496442256	5
-0.0646151832662395	0.220980036394197	5
-0.0548055395721303	0.151533085427725	5
0.0336181086929265	0.0667187096011627	5
0.0152320032292143	0.0326424952604911	5
0.0725406232306711	0.146576189737568	5
-0.115411358379658	0.452989316017715	5
0.0818059940853177	0.263867688724377	5
0.06404576395467	0.171153380910946	5
0.0371426550328795	0.094225829659587	5
0.0683087276526155	0.192039477684816	5
0.00118244275452819	0.00272577628603804	5
-0.0627036925122721	0.187402928421637	5
-0.0465110006036007	0.174308903305533	5
-0.0209341434707702	0.0441898174238095	5
0.00807916577758939	0.0168398618285497	5
0.0561387214467142	0.122944712079679	5
0.112589071386326	0.285123009601098	5
-0.00622523746950101	0.0138792552561808	36
0.112698642626839	0.436693115162077	36
-0.0390576714991919	0.164509513210813	36
0.0815127881343293	0.344700149995055	36
0.0779569466032095	0.303725131460318	36
-0.00434890227772429	0.0135392663788872	36
-0.00057312270593518	0.00168682101123066	36
-0.0748285683635515	0.270906576088153	36
-0.0988215429540622	0.359635889471037	36
0.0660893923924945	0.0498051481856555	2
0.0506747905715723	0.11608583414934	2
0.0766832679116729	0.348524489879265	2
0.0696423721823593	0.29339672061333	2
0.00451200112737643	0.0103840085885844	2
0.0354173208099918	0.110726824998576	2
0.118425796985003	0.576859091006275	2
-0.114427028600672	0.59136634886254	2
0.0741777408060753	0.321505028697027	2
-0.0427563715549461	0.100801484271776	36
-0.0941197969059971	0.22130950406755	36
0.109210255892373	0.37904445099957	2
0.0433287735836963	0.104298974121727	2
0.0486988100513562	0.130776231373395	71
-0.0920904760204684	0.243830050763347	71
0.0224648928751518	0.0462407755861966	71
0.0970271168403848	0.226756630449488	71
-0.0679624682335545	0.149959594980833	71
-0.0686745896144873	0.131792940706694	71
-0.0480686297800046	0.0865698178317002	71
0.0766219975989732	0.183055279955743	71
-0.0297358233612653	0.0569726473991506	71
0.0972648722411999	0.283762430026271	71
0.0291725921717398	0.0643860226655249	71
-0.0236739734709498	0.0440719014418128	71
0.0411639901181713	0.0366152161319295	71
-0.117471618563652	0.131881178468749	71
0.0887282982676692	0.121495060018257	71
-0.000461323747160415	0.000659353609857623	71
0.0472513383432771	0.0550921631981366	71
-0.10693271768431	0.120630166287446	71
-0.0745716326178307	0.257791977438381	71
-0.0940134493661278	0.427738171153384	71
-0.0117616604715425	0.0376096883810864	71
-0.038716258344433	0.137868819075358	71
0.037409499748646	0.129365217277742	71
-0.0884046952366284	0.272191499044355	71
0.0808931316857237	0.252574714512118	71
-0.019810698090138	0.0355120578686126	71
0.0487232724550055	0.0720312358463726	71
-0.0197296136196889	0.0461356231451793	19
-0.0467042901031686	0.0646696089434624	8
-0.0731044513544385	0.130119514362473	2
0.0056089985858026	0.0104362834747812	2
-0.0139479735026548	0.0345804536007321	2
0.124414834435046	0.474385052472716	2
0.0918411671542589	0.308987674298974	2
0.0686820673800073	0.178691678851267	2
-0.116560561391562	0.391301110343949	8
0.0517380538053751	0.111122968259443	8
-0.0286059837675084	0.0395924334122105	8
-0.0620409850859118	0.0936794015473626	8
-0.0185959591327626	0.0217243029978284	8
0.0335081680988901	0.0594420193308219	8
0.08155818835663	0.139133490232205	8
-0.0189509788642062	0.047999218775655	5
-0.0157182740255253	0.0467102918925818	5
-0.0648163134046081	0.24876703709228	5
-0.0416668402828525	0.166314600232075	5
0.0313903529884434	0.114134932290473	94
-0.00292470752362303	0.00930389214630933	94
-0.00126560531249619	0.00403419343739112	94
0.0181059460427599	0.0623043073345523	94
-0.087097318655413	0.399096080822363	94
-0.0656117955272619	0.303819574639354	94
0.0137284750721897	0.052594108858604	94
-0.0322799782484583	0.131318360983394	94
0.0720664585189473	0.345722212865853	94
-0.0515120560887245	0.22811376796902	94
-0.026419004684901	0.105035502574728	94
-0.0491513023529222	0.216182861561935	94
-0.0348989375402315	0.14507889371894	94
0.00395581212858206	0.0145579204607274	94
0.0613368078014268	0.280683085137746	94
-0.0703905627724033	0.325203875732681	94
0.101111635248427	0.51820459342176	94
-0.0276991460328094	0.100603345689049	5
-0.0467330603036301	0.165836350473143	5
-0.0877387819823528	0.414319021096912	5
0.0194017858275852	0.0646219087002998	5
-0.112010606451626	0.456241866929329	5
0.0131836987941576	0.0431833072745139	5
-0.072050151061591	0.291346681499217	5
-0.00870063026613578	0.0305904603134995	5
-0.0871437200267674	0.354536648170815	5
-0.0810388408958963	0.254408979572069	5
0.0792980122560163	0.34467106169871	5
0.0871838870038275	0.365273243438363	5
0.112990631157227	0.453016548243582	5
0.00861316023923267	0.0262698882432313	5
0.119802165526321	0.56526858518804	5
0.0124353079053585	0.0383204676850539	5
0.0842287674624385	0.370136977025554	5
-0.00952359704217835	0.0344220708936493	5
-0.0298288868385659	0.11148568202634	5
-0.0572299884944876	0.168030942558796	5
-0.0559585985295449	0.160068354569447	5
0.104776104610991	0.353800307059865	5
-0.10945631864926	0.378708671352267	5
0.0827231086591995	0.225119102378779	5
0.0369668324714214	0.0903494060853177	36
-0.0272978386662715	0.0827567822195817	36
-0.111121873667921	0.528987920415668	36
0.0415255773618002	0.177709728882597	36
0.0538301679376398	0.235462192639011	36
0.0507935629137167	0.215154566653454	36
-0.0145725438095942	0.0541691265213209	36
0.104272559674546	0.506434958583547	36
0.102555662985783	0.506230058323492	36
0.00747107840109538	0.0241875843761377	36
-0.0842343103646443	0.376028993497759	36
-0.0613013550863747	0.242390663045356	36
-0.0434303518516923	0.0373053947626675	2
-0.0829015395865473	0.214737170440411	2
-0.0437967261978635	0.13894339311466	2
0.0187439685389594	0.0577530577443109	2
0.0244169687753373	0.0732432774067379	2
0.0337999828997728	0.112664731261542	2
-0.0632267033663001	0.239422830892336	2
0.00192728689781436	0.0056827503013957	2
0.0358345977324247	0.125659687995879	2
-0.0117398721094568	0.025572877697622	36
0.0195793913752391	0.0541246929554075	36
0.0560137992995175	0.180419147696184	36
-0.107361910220703	0.369473418942543	36
0.0822030248478016	0.199531135514939	2
0.0978708676976794	0.271577831444625	19
0.0840081015103835	0.198723363535779	19
-0.124762750661025	0.432722200816645	71
-0.0701951490231281	0.21559433875874	71
0.0299424537321192	0.0714712687732147	71
0.0107195377091805	0.022381730957722	71
-0.089083823889922	0.236382829122831	71
0.0499187147270819	0.0980989005183648	71
0.109938749969462	0.230014697294294	71
0.0168689857317709	0.0364217300818271	71
0.0239976258249281	0.0577010752101479	71
-0.0148604354188933	0.0316267468695336	71
-0.0587105953758268	0.153670142653912	71
0.0609365126261818	0.136586394246837	71
-0.111411352806986	0.161176805969597	71
-0.0370856789743732	0.0433428906135572	71
0.0616132502976726	0.0779353687386966	71
0.103777608427292	0.141038661053969	71
0.0142316631672553	0.0219877368670604	71
0.0272114001655135	0.0354137799168004	71
-0.117490174570027	0.34596562465203	71
0.0134673688721448	0.0419922473617407	71
-0.0292969820639643	0.0994470576854983	71
-0.0212485362258202	0.0663675994787182	71
0.0336724140711734	0.0924882951143665	71
0.000155433051373952	0.00040145503313579	71
-0.0126557579443298	0.0274748808654489	71
0.0292732963788737	0.068788938211985	19
-0.039079090709117	0.108384332733642	19
0.0104487358781947	0.019930475495478	19
0.00522131970574523	0.00916125277630274	19
0.0663964277869894	0.0966179289380245	19
0.0633017419181317	0.107851135183181	8
0.00351798753580484	0.00589952950955993	8
0.0936648671137601	0.231079957937977	2
0.10043682666037	0.261592237225656	2
0.0910121595277271	0.247212359480307	2
-0.0330103079634772	0.0877448278486803	2
0.00770108393898594	0.0196046052052744	2
-0.0223428364635703	0.0723146858492557	8
0.0951125791324446	0.324358374379907	2
-0.0352086898989172	0.0885264866131543	8
0.0665954203842474	0.205308607074441	8
0.0703651724389387	0.10806341840551	8
-0.0221278693889677	0.0329302030333815	8
0.0352898902161885	0.0698438938179349	8
0.0140639753022086	0.0280623390001096	8
-0.0402286743128457	0.0968580995400755	8
-0.111350577582502	0.242970116100413	8
-0.0135593095368402	0.0333780494507408	5
-0.00181830745476508	0.00503734958757703	5
-0.00661285068971978	0.0204356417533047	5
-0.0446419902425721	0.154386710536326	5
0.00909870067788827	0.0287379902119316	94
0.0369511891456852	0.138088264322715	94
0.109639128527537	0.518467353268688	94
-0.0221280804248396	0.0799222163854943	94
-0.0363980654382046	0.140743812877186	94
-0.0158091657695119	0.0572159204465846	94
-0.103342942389457	0.516491256736946	94
0.0439225644754589	0.182164603827908	94
-0.0835377164475437	0.407392429499172	94
-0.0786633473104966	0.376985339527858	94
0.0376666220689739	0.149926403114604	94
-0.0709738177111098	0.327943520967165	94
0.0395843484316187	0.166106424266432	94
-0.0552480944388534	0.248182611379096	94
0.12275506844048	0.700126036250711	94
0.0160632308176431	0.0613460995519423	5
-0.0124091290185579	0.0472592689987097	5
-0.0710407478608826	0.338467675874395	5
-0.0145396447067587	0.0553197833682785	5
-0.0101342077475938	0.0357047666636332	5
0.0295868479338647	0.11537894830697	5
-0.0378372317385641	0.157204566132651	5
-0.0290160171016388	0.117464374639755	5
-0.0114186169343483	0.0432535521393913	5
-0.0709113894040875	0.329523198174193	5
-0.0220384001642308	0.0751194185688055	5
-0.0672261501883852	0.281027485487256	5
0.0155596929878764	0.0515837430687444	5
-0.119364611760159	0.529379261159243	5
-0.0680870671861645	0.312310320870351	5
-0.0418447148111589	0.160650929032574	5
0.0809633561057737	0.363734842613375	5
0.103055546054959	0.502897160082016	5
0.00614504959161653	0.0220274113894887	5
0.0628360734255918	0.278547248878201	5
-0.107698892118298	0.540996108664622	5
-0.0761187412117238	0.35751718818118	5
-0.0870937994537607	0.434092565305335	5
-0.0686558566066607	0.26976805217446	5
0.110470325971833	0.446855945289393	5
0.0162477391701999	0.0511125588011817	5
0.0615348925129704	0.216192753439482	5
0.0357835267012382	0.135488756755455	5
0.0948011512595803	0.386038847661932	5
-0.0170891342972144	0.0492448651726395	36
-0.0361247185294558	0.110855025033704	36
-0.0329496840601274	0.104004138749121	36
0.0639727986698411	0.280121089450035	11
-0.0565197518165302	0.225626568822662	36
0.0119163880814816	0.0430988823026703	36
-0.032033688357046	0.128533459199608	36
-0.0832840464037376	0.408242610458518	36
0.0797632208736144	0.367442047567754	36
0.0677264818896552	0.309614066236314	36
0.0926156604755337	0.46630697938316	36
0.00351476972703338	0.012574482967999	36
0.0167953301747516	0.0633660235071666	36
0.0668481152676046	0.306347044931703	36
0.117450061902353	0.285924874889573	2
0.0564279518023899	0.181737632840588	2
0.00251678249787835	0.0032740461902264	36
-0.0406610200987893	0.104530145917737	36
-0.0982403126688952	0.413469649389996	36
-0.0483413680486735	0.156325006555941	36
-0.0773144385863839	0.262007508057177	36
-0.0137696958998796	0.0342499999912744	36
0.0745796460431065	0.230216817161878	19
0.0206415800458483	0.0593787209200349	19
-0.0902051468669638	0.28206756647115	71
-0.0306517837374333	0.0809762749186111	71
0.0957379774323256	0.300490893868995	71
-0.102136274078863	0.301918426311594	71
0.0744757497225795	0.212321018378109	71
0.0589832991430463	0.156407288217901	71
0.0393407571049095	0.0987026938203128	71
0.122861199386117	0.392282175771355	71
0.108088425402966	0.371107841116005	71
0.108841859970524	0.323668131606699	71
-0.0779551937818256	0.127026070601858	71
-0.0195172572482318	0.0283782384584457	71
-0.124607684273595	0.275171458327467	71
-0.0231764632109735	0.0360600366156017	71
0.00978613966968737	0.0137068096496595	71
0.0865032758931702	0.196054091241714	71
-0.0186632170950407	0.0563342909366554	71
-0.0520527442916049	0.152812645701333	71
-0.0563775752887719	0.163099978791131	71
-0.108379184515203	0.414395497467472	71
-0.0331640601108177	0.0876471464187385	71
0.0234439503722878	0.0607892838513536	71
0.016952903790397	0.0526838583775876	71
0.0845634694055715	0.253500557180749	19
0.0348832128280878	0.0560231946469195	19
-0.124491602150956	0.290598278422495	8
-0.0641834155225605	0.163376424505899	8
0.0085919862774619	0.0207291770172543	2
0.0663330126338079	0.19610660985616	2
-0.0682072079342096	0.204008882250665	2
0.045722497579724	0.133842093617419	2
-0.0554120278295892	0.156409356070971	2
-0.111616196374971	0.446241124949885	8
-0.0891399741461512	0.313133288732498	8
-0.00202320353424946	0.0056822536279863	8
-0.0270374838693075	0.0777323991924211	8
-0.0708331748975279	0.182070593463715	8
0.0134917047780246	0.0296927182091773	8
-0.00523551444045313	0.0107880704206704	8
-0.0249737530151782	0.0650699468581479	8
0.0119579175318067	0.0278406638938349	8
0.020411855100265	0.048504765977555	8
0.094100953201351	0.244168943109624	8
-0.0109511380874598	0.0271649160123773	5
-0.00720878185006481	0.0201275273774074	5
0.0163314307524537	0.0487281774908153	5
-0.0529648097808407	0.191068197908541	5
0.0045205242666984	0.0155547953750081	94
0.0423297174516434	0.16968686630972	94
0.0224739452713796	0.0861278948650288	94
-0.0111125543916107	0.0378259262059889	94
0.0784681116569352	0.331898010030379	94
0.0576319824704642	0.224365071086424	94
-0.0244371188668832	0.0892841587224189	94
0.0502492179065906	0.215043481361713	94
0.00496196976493489	0.0172800309932332	94
0.0151398618362496	0.0571120291351823	94
0.096644467858181	0.465637162198225	94
0.0759023742444518	0.342755723963884	94
-0.00500937131016612	0.017920278418636	94
0.0748085270334455	0.351201877953435	94
0.114553848282087	0.618972802764356	94
0.0279065445512699	0.109590661630215	5
-0.00461688900926556	0.016369093148459	5
0.0494494755503404	0.210410605567599	5
-0.0151605115572858	0.0579026382816811	5
-0.111625089399987	0.611122339104489	5
0.0886169281257425	0.448151818485438	5
0.0711640898626626	0.331873344130679	5
-0.0183794867393508	0.0698494103210199	5
0.0636901265666963	0.290183405963713	5
0.076794116751827	0.370690790587934	5
-0.00343933301135767	0.0125930162136833	5
0.0279266084788487	0.112580774309998	5
0.122694491208005	0.694525095999123	5
0.0322070331085076	0.131812431012741	5
0.0668330338977528	0.302995852742403	5
0.0527325702463727	0.230700585848769	5
0.095289102266934	0.490884325890957	5
0.113363425867195	0.622512310985377	5
-0.059324052055091	0.269608779091411	5
0.104462865479173	0.539661380051887	5
-0.0436632437279664	0.18752375875484	5
0.0465282951251056	0.200470163869895	5
0.00273480392409838	0.00970488438339668	5
-0.00971789468693485	0.0353062909298039	5
-0.00183138706131646	0.0062801401060776	5
0.101930297123132	0.498184898196976	5
-0.0111879758177418	0.0408221591841684	5
-0.0162718104108067	0.0620405681412568	5
-0.0346908711858828	0.135534690259024	5
0.00267712932741073	0.00941337379178383	36
-0.0667038839992611	0.289039106361356	36
0.102725012873816	0.523718330879733	11
0.000200356270921061	0.000721914563927951	11
-0.0286197686503631	0.101099171269036	36
-0.0750404875213569	0.279259936581288	36
0.112008331852404	0.586083179695119	36
-0.00257620463409927	0.0090202468092147	36
-0.0208698286668587	0.0741354996203635	36
0.049417806557529	0.205716907074039	36
0.057170558404784	0.257509410581983	36
-0.05453399835304	0.23169947872317	36
0.110589638573889	0.592283570808251	36
-0.0425880888515518	0.180259887877556	36
0.0110146868886087	0.0415995451934469	36
0.0591974212092513	0.119072388455175	36
0.0140453232619531	0.0314180979550918	36
-0.0355190971285269	0.0727140588205008	2
-0.0616333281527478	0.0855330415823168	2
0.0697365681490004	0.0866872019495665	36
-0.0832317053374767	0.327473600343791	36
0.0452276810623278	0.0683979352814321	2
0.116092728496211	0.264899767638551	2
-0.0758453599789057	0.279626639147842	36
0.0390624747595485	0.114957858132428	36
-0.0284356330322895	0.0874990467395628	36
-0.0649267260416635	0.217023703309564	71
-0.0695497563433213	0.189643081443819	71
-0.0157143921129574	0.0374447530028043	71
-0.0749135695744854	0.223720308283226	71
-0.0814620305937049	0.20245757859048	71
-0.0475597433966276	0.11843420106661	71
-0.00240789318423963	0.00617787999602347	71
0.00699913510561905	0.0167235411928294	71
-0.0463313773272337	0.141690671559389	71
-0.0297965677542454	0.0735974655559891	71
-0.0804821102759078	0.210775691351939	71
-0.0599305876911177	0.146136913986398	71
-0.0129689116605834	0.0255810184809161	71
-0.100550139572895	0.20852210547671	71
0.10263700158429	0.234346429336465	71
-0.116679590268901	0.267913416510202	71
-0.0593316077663181	0.124873544229753	71
-0.113258392710845	0.271224793486118	71
-0.0293519514453048	0.0563076565416419	71
0.0149185008088583	0.0285524207495363	71
-0.0170821017955415	0.0345449862483198	71
-0.105915345729609	0.315802325388071	71
0.0505141787052386	0.109854332282518	71
-0.0109157958538558	0.0246733290468547	71
-0.0817144610211496	0.214046038497469	71
0.00919336753561675	0.0291855743251837	71
-0.0163585799399283	0.048415061329065	71
-0.0407926791858703	0.125052064733223	71
-0.0270129726459868	0.067619904027557	71
-0.0828425866064457	0.226598993332215	71
-0.0574084817859734	0.18478983098754	71
0.0854033680168569	0.265775306909575	19
0.0540189391834545	0.1334648551682	19
-0.0903759345673816	0.246692919612155	19
-0.0355837904413516	0.0920177433376094	8
0.012745292329591	0.0303203175074401	8
-0.0497176279077657	0.142759826439419	8
0.0162281638013207	0.0363495462594062	2
0.113939766630424	0.289270638796795	2
-0.0903777120083078	0.251228131848071	8
-0.0172376500734338	0.0441436565967876	8
0.107857278771327	0.334610764923724	2
0.0663106255876124	0.206211846030755	2
0.044407375475635	0.102971265517091	8
0.0032915871485504	0.00823293565757661	8
-0.0265642241421827	0.0756555493538174	8
0.067261776743276	0.174426112731246	8
-0.0282479524714838	0.0708978020888834	8
-0.0831279629691735	0.251594732576466	8
-0.0327600070610912	0.0880298906480739	8
0.109053226201175	0.349934597963137	8
0.0126534422189216	0.0286212429009233	8
-0.0623341091603838	0.177621209254057	8
0.12174858270672	0.487207470005817	8
0.0394184929400045	0.109577087026636	8
-0.0604672178772892	0.17581598268696	8
-0.00633448980619081	0.0151854011826658	5
-0.0244927419182383	0.0712612587803656	5
-0.0134942567214072	0.0446712782242849	5
0.12182561394581	0.692500776709527	94
0.079156662238441	0.388372151155154	94
-0.112186004806415	0.59324044389954	94
-0.0223999139163044	0.0822241231318712	94
0.0242661240237765	0.0858030480548735	94
-0.0783316236609378	0.309843012067397	94
0.0710781620763092	0.313654188579595	94
-0.0361292262387693	0.136533222227313	94
0.0709950173165558	0.336283723101013	94
0.0701433322449433	0.320282085897072	94
-0.0969888636498197	0.468914204079991	5
-0.0952862658656642	0.492420430414644	5
-0.013627836276393	0.0512578646702639	5
-0.055017921757895	0.243751935248487	5
0.0930001587041324	0.478314364748262	5
0.03698878248766	0.143880289035678	5
0.0169408670234053	0.0587873201810584	5
-0.00882107455051533	0.0320653506529706	5
-0.00637400991792154	0.0232098801790785	5
-0.0603688420042347	0.264201324087029	5
-0.0091232477922919	0.0315984597664811	5
0.0586648056570854	0.246923450150173	5
0.0721381804606074	0.312712922613323	5
-0.0408020474189215	0.166109896334635	5
-0.0177164303572141	0.0688738423093259	5
-0.0314295773175681	0.127153896454449	5
0.0691521399137743	0.312147924268478	5
0.00653629512626475	0.0235893661374042	5
-0.0603414311667494	0.276040301319196	5
0.0551667257046165	0.248569032000209	5
0.0124246200328142	0.046874730306947	5
0.120507980005682	0.637168290161448	5
-0.0443175489375024	0.185975347177824	5
0.0504032638262318	0.219106983055775	5
-0.114035142388358	0.538090236324602	5
0.0979358339456918	0.51427788064804	5
-0.0401414704084364	0.160141024422343	5
0.0624669668273664	0.252938200628535	5
-0.00919953378953114	0.0267218928397463	5
0.0185435519678834	0.0724402988015498	5
0.0597440875309346	0.269953081944883	5
0.0605664149863336	0.276709001076204	5
-0.0297345983668493	0.11971011998398	5
0.106854497558569	0.458929356041744	5
-0.0584588656619975	0.265156132198473	5
0.050164864812197	0.220875805014777	5
0.0649586935453482	0.299242323975128	5
-0.0185001606678327	0.0715726685908343	36
0.0991468418288336	0.521761482549612	36
-0.0964209842146661	0.495978933062413	36
0.0256870532157683	0.10249223718289	11
0.0977542256834415	0.312100345452318	11
-0.00456352080254516	0.0141611761006045	36
0.0409611939234922	0.143745910629582	36
0.0509662480597179	0.177081089596999	36
0.0323461102705042	0.0980646914277228	36
-0.0834018253793788	0.347095183850272	36
-0.0152111006354048	0.0564301237073868	36
-0.0395727888500477	0.140048547769989	36
0.0311767264549793	0.127187666346599	36
0.0719883302794898	0.322894034239142	36
0.0522067515197509	0.0731057758350008	36
-0.107884644622981	0.312803420706872	36
-0.0137117526381102	0.0288498436867793	2
0.0380400270316196	0.0301785413925768	2
-0.107960313488976	0.137250668784531	2
-0.0671105010259471	0.173509144733715	2
-0.0250475071152706	0.0199089289116618	36
0.0187131819374053	0.0230674644191608	36
0.042712263447688	0.151678258704523	36
-0.124694850945278	0.396094942564816	36
-0.0894086364369037	0.117255383168277	36
-0.0358560585205937	0.105183084197259	36
0.00587837848615419	0.0103235735782518	19
0.0540755437068763	0.0766305147233066	19
0.0832463470856023	0.253451588671866	19
0.050402794308151	0.150875706862772	19
-0.0307161174967625	0.0631836146050563	71
-0.0752199866961533	0.170377506834222	71
-0.0872750408389341	0.27429865853129	71
-0.108611183795011	0.458573107724469	71
-0.0508187320471625	0.19790423456546	71
-0.0484874152733115	0.129183348419066	71
-0.0789000554432493	0.191570220063053	71
-0.0705935670833258	0.159090118161194	71
0.101918744178677	0.220304109300911	19
0.018221983650779	0.035990320405855	19
-0.100895448967347	0.260619299290427	71
0.0205558754112077	0.0571890667721125	71
0.0606772772851536	0.16773336604337	71
0.116962803125903	0.361002256218196	71
0.0426587244518314	0.109028881852719	71
0.00167496965091846	0.0030719301937266	71
0.0108095549589174	0.0251812454829515	71
0.00248346345406452	0.00478599964521429	71
-0.0177068754554699	0.0243252958421763	71
-0.00613899634571698	0.00818088185684827	71
-0.122534566706639	0.529968507537025	71
-0.0424437770986474	0.128782227002553	71
-0.124141576654325	0.477538021464862	71
0.116692778116903	0.26509750226072	19
-0.106040730805956	0.186830452655205	71
0.0195929461794351	0.0565324132071355	19
0.0757240100921194	0.245097667194032	19
0.00458184929550654	0.010096767767248	8
0.0789935047384114	0.221391517060351	8
-0.0477934457980993	0.10535032781203	8
-0.0530979423907034	0.114445422042226	8
0.044982279182905	0.0972609393383268	8
-0.114209751238252	0.304310774040797	8
-0.0730144327729936	0.16017317526407	8
0.041619003802308	0.0685959360460808	2
-0.0702339767480162	0.171046740535319	8
-0.123303114667584	0.294225973926281	8
0.0697183068977732	0.187361077018428	2
-0.0943943433903288	0.333725512539037	8
0.0128676225080542	0.0182698683373604	8
-0.00549820703224791	0.0115079738311674	8
-0.0107575158558088	0.0333047976923497	8
0.0246845791740145	0.0712406747036945	8
0.0233629706896099	0.0703589134546191	8
0.0229432955160152	0.070588851061964	8
-0.122483876866885	0.293901475064089	8
0.014592590574654	0.0381069935130276	8
0.0497585485574499	0.214327943333864	5
0.0840339847228193	0.412967048492347	5
-0.0638100712838217	0.274290640807748	36
-0.0500507003661738	0.200660587124071	36
-0.0271140182119583	0.102941326747201	36
-0.0388293709111306	0.15038363107813	36
-0.0107893438075663	0.0392013510596268	36
0.0613968616380444	0.281502104349714	11
-0.0528808276281571	0.220401501713003	36
0.0393737995097314	0.141527405737181	11
-0.0353518666961964	0.14277675572768	36
-0.0463238202478539	0.195461592536691	36
-0.0393193364289478	0.15709245585191	36
0.0864923829946307	0.420072109443557	11
0.0638628575303124	0.292508888148014	36
0.107339425475212	0.568465962626046	36
-0.0328357208893714	0.134168119747194	36
-0.0171759243725806	0.0309352856021262	36
-0.0985132305334732	0.276780872903597	36
-0.106541684986713	0.0893175247576867	2
0.11612051413083	0.114710185517214	2
0.0386029513159232	0.0608691185687076	2
-0.0661904437059104	0.209412606560367	2
0.0461146013211869	0.0698219998163909	2
-0.0425373758894929	0.145835806875012	36
0.068001887293464	0.221369628517805	36
0.0352569056555801	0.0733898480846628	36
-0.0820474370689491	0.14974595412688	36
-0.0588857309180511	0.191334731887467	36
0.0345392951321888	0.0836382894934688	19
-0.0200116113086834	0.0578001811754263	19
0.0356713877651484	0.105500122353784	19
-0.0179241514988751	0.0443910718382481	19
-0.00740121759167536	0.0178890307519037	19
-0.0927206508702205	0.283128900941509	71
-0.022534555938207	0.0505023687870604	19
0.0433642554612901	0.104388814269808	19
0.0417462820342402	0.117450685817357	19
0.0666006006620762	0.206237825587697	19
-0.00965726159184724	0.0259630735214921	19
0.0455994488091426	0.126172460557946	19
-0.0828606018836144	0.262058867411728	71
0.0840545911429319	0.241558805567778	19
0.0436854728405301	0.114148017703072	19
0.045999144555212	0.112253041684916	19
-0.123451279913614	0.281526614736113	71
0.0398927545632938	0.0720286979163117	71
-0.0939316190906061	0.186782247713526	71
0.0445595531562422	0.0931138965506706	71
0.0196269854678226	0.0399866581622243	71
0.0307738549313033	0.0518006190664181	71
0.0130911116496511	0.0220029740779952	71
0.0216529125780556	0.056736201730588	71
-0.0370420406355784	0.0827384793658183	71
-0.0604857122323169	0.129733153658582	71
-0.0506913686152666	0.123833196347222	71
-0.00534343034790848	0.0117006157165849	71
-0.0892542489130936	0.330500801050732	71
0.0632331079050704	0.184317946333033	19
0.0726178713893158	0.212645085659497	19
-0.0681417711816353	0.208726617396262	19
-0.00830967835235853	0.0172351945391274	19
0.101554741599567	0.253127063733739	19
0.0302184253540431	0.0671722004602264	19
0.0424224669526348	0.10723470322093	8
-0.0115663536987145	0.0270464572574767	8
0.0968659703153532	0.284988561987434	2
0.00350803809002954	0.00729879838395806	2
0.102842765255238	0.317074145909494	2
-0.0271607175547085	0.0731027790923717	8
0.0578051452194744	0.150176740661237	2
0.102352180204174	0.288948209341083	2
0.018755805357274	0.0472748658313696	8
-0.0535922347182637	0.147936903842818	8
-0.035575653095991	0.0904506047775779	8
-0.029045071859678	0.0710741216844919	8
0.00511058700164434	0.0137792255781246	8
0.120799791011716	0.405992198042747	8
0.120280662241462	0.406211657676503	8
-0.0994052538489795	0.263253575382527	8
-0.0019265874882574	0.00682671013625436	36
0.113577575753732	0.495782652422325	5
-0.051154097978192	0.140989614808409	36
-0.0743466440690024	0.218051331284421	36
-0.0544262309464017	0.207198037211816	36
-0.0443174906470184	0.187778594445023	36
0.0620832166065291	0.285303229528445	11
0.0741811261354551	0.353905553978166	11
0.0150905156857125	0.0568091042116241	11
0.0468597272527553	0.203391748079484	11
0.0627031705077317	0.287513033872967	11
0.0716371305975547	0.334482865206749	11
-0.0967709824673645	0.445415352041064	36
-0.0469524713025758	0.198578933415328	36
0.0352930074302818	0.143955303979843	36
0.0715113775143466	0.315297705380834	36
0.0208124047589866	0.0462211389221747	36
-0.0777704805359364	0.235826208088144	2
-0.0139450776162356	0.0221585988955878	2
0.0325923292690167	0.105656503026294	36
-0.0908480327095168	0.374303598386852	36
-0.106926398912046	0.41672899680675	36
0.0824080721049567	0.289792621084699	36
0.00432011381716284	0.011091456323696	36
0.0591079227381556	0.161128424009233	36
-0.112295396032695	0.37002862421893	36
0.0767812416563046	0.259050835664543	19
-0.109773522458229	0.286455372325556	36
0.0502484040648394	0.124221767943866	19
0.113470227199033	0.281973523527481	19
0.0460413010198692	0.151598419748753	19
0.0327952030155044	0.0982489171963263	19
0.0351548511252321	0.10100290973781	19
-0.0257274070759948	0.0615163014535366	19
0.063289199403451	0.141759645752447	19
-0.0731295673971765	0.21258302783155	19
0.114751037609383	0.409593492225988	19
-0.108488171445625	0.381248233975036	19
-0.0123948814336222	0.0274313140568873	19
-0.0657991670911979	0.207426144394023	19
0.0384634245912555	0.0518466439931024	19
0.113145734042161	0.18362710323374	19
0.0976821934770903	0.150883827704758	19
-0.0291242518642244	0.0545288621328479	71
-0.0566896780622229	0.164119118828173	71
-0.124127394647679	0.514375615225611	71
0.122984293216247	0.518230703233882	71
-0.00347252490895935	0.0101894667195339	71
-0.0474616540891535	0.138550764978967	71
-0.0502522920200102	0.122203822945371	71
0.101607245895087	0.255939412010114	19
-0.0833054438885188	0.188650642549146	19
-0.0818667661753053	0.140563895850056	19
0.00308444141420517	0.00477406682826098	19
0.0556478412486458	0.103807640249407	19
0.0942419107514715	0.202424247841877	19
0.0362790817224087	0.0865943343579566	19
0.034526225929348	0.0787284978023542	19
-0.0622267518305254	0.155832497578864	8
-0.102667273015494	0.299852319392272	8
-0.0595507371139268	0.182593514951278	8
0.11331814910312	0.436377027408685	2
0.10862963984923	0.376975924637965	2
0.0633125813323059	0.20655366359391	8
0.0774150604335711	0.242188802580928	2
0.00274710022300284	0.0059776695227301	8
-0.0215172007165041	0.0696971159025319	8
-0.0189605702360475	0.0509493092072724	8
0.00454244239214704	0.00804484624889351	8
0.00468478520853993	0.00809991503683466	8
0.101040041006142	0.170900244126634	8
-0.0620430838777502	0.159070350349008	8
-0.0704578629391977	0.170994218719416	8
-0.0118541151357269	0.0377471758497646	36
-0.0990517943412929	0.217855001421585	36
0.0163616685719073	0.0301173222932095	36
0.0147013042743606	0.0265239843225536	36
0.0272059660631273	0.0499173041808886	36
-0.117599035861434	0.4173217167318	36
0.0424924974828637	0.166328623664509	11
0.0376302316857053	0.156671280289815	11
0.0917823360629443	0.458665484520697	11
0.118868565927496	0.639505253284163	11
-0.0109501171612287	0.0404800559604386	36
-0.114922054773625	0.609734276744728	36
0.052507333592031	0.222995097860553	11
-0.0727291047621038	0.275245159913411	36
0.0995161344060518	0.465135536957973	36
-0.0887468251770216	0.378665138982983	36
-0.104297679360723	0.253185881896695	36
0.0321938557405255	0.102363605510487	36
0.0872077891425556	0.0474686683793069	2
0.12135147194383	0.230312004003806	2
0.0854117533668026	0.286816516783982	2
0.0435192986159745	0.0800521223698095	2
0.0579534583940825	0.227569249645396	36
-0.0197102035553798	0.0697847055797153	36
-0.0218124081794815	0.0640592784561495	36
-0.0460937454935525	0.175064201359307	36
-0.0579563298595334	0.226646134601537	36
-0.0239879097502267	0.0594602534104456	36
0.0838043081709646	0.28774773970854	19
-0.0409806420777751	0.131303376259536	36
-0.071658788480914	0.216969941477714	36
-0.0243115976347717	0.043133026167626	36
-0.0250061938798869	0.0695062055908144	19
0.00772500865578697	0.0191450203013163	19
0.0343221998831331	0.0896950614525302	19
0.0470782078488072	0.0910289443432429	19
-0.0443506288900349	0.114408940502381	71
-0.0318024148903673	0.0713512341038655	71
0.0426053413901765	0.0636266040956065	19
-0.00900910151967117	0.0203228344766054	19
-0.0745711275540296	0.207897557790781	19
0.102765816767082	0.266784175075435	19
-0.0769036436280945	0.237295857865583	19
-0.0875314601745529	0.10318625610667	71
0.0983163807141723	0.117276609140884	19
0.0358855028554924	0.0424569394854069	19
0.118932832023141	0.243266121879978	71
0.0487503158258861	0.0787012271643775	71
-0.0179186311998391	0.0384023470366085	71
-0.0796578245387066	0.355301308122159	71
-0.103163297011123	0.468323353924138	71
-0.121206834484822	0.565359132747853	71
-0.0796884573221785	0.273874467057131	71
0.039929721003879	0.119272522452062	19
0.00187118473472721	0.00313787846328846	19
0.0182932568665798	0.0470916591354092	19
0.0143203479856738	0.0374906382116676	19
-0.0162124220779469	0.0269950355485806	19
0.123799421642066	0.14888259898068	19
0.0601787947112624	0.13590575471058	19
-0.0220974284770096	0.0468577641370148	8
-0.055976891544404	0.160316009292477	8
-0.0925172825971137	0.29663981234336	8
-0.000789192652634409	0.00233599957464968	2
0.0707538241334015	0.200733366768256	2
-0.0792180112327568	0.198162147616054	8
0.00316960933422216	0.00853273668642551	8
-0.0569727751522835	0.148117032352856	8
0.0438603106806848	0.0643983308858979	8
-0.0992701518684129	0.171094954187727	8
-0.0992648311252395	0.151289992876411	8
0.049150041115436	0.109681786368271	8
0.114336671932403	0.218521948451026	8
-0.0373149099204446	0.115360518511412	36
-0.106721311008068	0.31849725334068	36
-0.00265438862011275	0.00503707002927018	36
-0.103722128306273	0.439797302250347	36
-0.097626860137502	0.509360193941059	36
0.0877634739592959	0.424963245130472	11
0.0674252497851575	0.297201938341618	11
0.0253981618480435	0.0993554161617917	36
-0.100268907617507	0.486067995176247	36
-0.0206989203036385	0.0783293158106371	36
0.0228678195624858	0.0795572343860597	36
-0.000700746332407267	0.00226680452030332	36
0.00780274498084472	0.0230788264470233	36
0.0620317294691118	0.0994466114091856	36
-0.0301978277074289	0.0908483342482448	36
-0.0634919638532396	0.217944886404352	36
0.0522421294088335	0.152464072345023	19
-0.100104539977602	0.365578174647182	36
-0.1130245512497	0.443300733111295	36
-0.0802043697542923	0.283638560185214	36
-0.03827276104107	0.126772810790942	36
0.0429776143942998	0.120175446156056	36
0.104955774512055	0.350025715650703	19
-0.0483108698940184	0.141012918158094	36
0.0350113061308951	0.0681263969992858	19
0.0951402618841472	0.214544274760097	19
0.0292594512707961	0.0759587616399594	19
-0.11422925717738	0.378115173585602	19
-0.0118316238959547	0.0264407705974758	19
-0.0655638312121018	0.15865365201396	71
0.0406718422248549	0.0872468389998022	19
-0.0669709358117255	0.123495344568375	19
0.0660093253630266	0.111017609507604	19
-0.0439180820143973	0.0954342954430252	19
0.0226251907317556	0.0525411226197975	19
0.0446575353801517	0.114583830058033	19
-0.0195503435622055	0.0479143659855541	19
0.0766173429634523	0.205131591923217	19
-0.102750413670007	0.189944132776779	71
-0.0265458970685904	0.0394953236893204	71
0.0907245101730776	0.137495593664115	71
0.0436067125012444	0.163329725578962	19
0.0898510251163563	0.404477524138614	19
-0.0634232643694572	0.25917808058876	71
-0.0232101857313477	0.0810079035154162	19
0.0577838593039262	0.176893402790022	19
0.0508599932636486	0.142221853709084	19
-0.00422511230933557	0.00990050832276606	19
0.0863272535335705	0.236584784203966	19
0.0374162243615427	0.100564680748158	19
0.0300191726090995	0.0522644092558362	19
0.0268519549931351	0.0337981337842354	19
0.00919432335104454	0.0132000765542507	19
-0.080412415853119	0.131535427201309	19
0.00561992184061137	0.0115530175151303	19
0.0878828058118417	0.270282314762757	8
-0.0999990424922469	0.381102708927913	8
-0.0392572580893106	0.120417798415188	8
0.0706884544381234	0.230748518514523	2
0.122377336025961	0.530643410518198	2
0.0563774765255106	0.196400994397565	2
-0.0931915700669036	0.330236143933739	2
0.121855093768911	0.426640653752641	2
-0.0622922794137339	0.158690485976441	8
0.110537634179717	0.418457437894267	8
-0.0737599029292644	0.226332768302708	8
0.0110893976521682	0.0261804479402753	8
-0.0258847257298048	0.0356918041037298	8
0.079293040226512	0.175729702487992	8
-0.105492173513993	0.258427936210027	8
-0.059650531266947	0.138977241290999	8
-0.10056467148344	0.205884777591917	8
0.0789196419053254	0.138626841298879	8
-0.0361016422221226	0.118063535461761	36
-0.0152001984767382	0.0278803826176587	11
-0.0441207117380926	0.0809987989500644	36
0.0816986108425527	0.15339097428342	36
0.0768516361180519	0.154457419066265	36
-0.010471046982962	0.027506761516798	36
0.0229798859180441	0.0914191224329827	11
-0.0482834250528911	0.201251831004547	11
-0.00280751038429267	0.0100253044614308	36
-0.0332753933663262	0.128796914537398	36
-0.0553188710117415	0.223716828038893	36
-0.00430162747550656	0.0133705469089869	36
0.0832962979756503	0.390672390454389	36
-0.105253420659323	0.500201376311847	36
0.0471013466377519	0.166842410011794	36
0.0579195796861797	0.0971101956679663	2
-0.00439411627185948	0.00282384711557275	36
0.0820867018774502	0.0647974540152432	2
0.106463880090984	0.369836454565399	2
0.07204013775864	0.129376627956512	2
-0.0911605053440493	0.163571186276899	36
0.0466490249204334	0.14768920928177	36
0.0130776440177814	0.0323097321645027	19
0.0867073977610783	0.294625535376323	19
0.0506585365030039	0.165310398182116	19
-0.109785019854554	0.414888242757451	36
-0.0122038752460167	0.0315873338767268	19
-0.105717639096277	0.383053589865998	36
-0.0431452944084298	0.0899194655131988	36
-0.110699420439867	0.255362088817828	36
0.0269350904815238	0.0625133687769239	19
0.0611101191308147	0.181506442317931	19
0.0654413499317904	0.194630615593079	19
-0.0286546253823039	0.0687012872182456	19
0.113312258708653	0.287353474149401	19
0.0134196088312049	0.031750819887502	19
-0.0792131766262286	0.202402776894276	19
-0.0936371682086153	0.288330443652275	19
-0.0255593653928418	0.0684843563763809	19
0.0319888262485	0.0519780073583081	19
0.052899113496615	0.0556764839191849	19
0.115270117192327	0.198587732297887	19
0.0621627521527072	0.0996552199446533	19
-0.120999244808612	0.136335765614341	19
0.0965663490842184	0.166751780899365	19
0.0533863590654989	0.134305592803995	19
-0.0536413170586426	0.211375635642266	19
0.0561448507276076	0.202969862777562	19
0.0969715364174374	0.426007526622794	19
0.0534233843893277	0.198028527925378	19
-0.122156174027517	0.430375263412529	19
-0.00278554520540608	0.00602804844416633	19
0.00550746726355817	0.0106024142731027	19
0.0825653393868895	0.243063907278151	19
-0.01880576220721	0.0509961330779195	19
0.0209099160830929	0.0396651477964052	19
-0.00833113443252336	0.0146385752765315	19
-0.0585044833150321	0.074214272458391	19
-0.0655981955731374	0.101632746112834	19
0.0292675230809212	0.0447799425976788	19
0.0914507645249024	0.240533296979497	19
0.0554349251936332	0.152452890580191	8
-0.0565479472479138	0.168382446239536	8
-0.0866837028321187	0.269355957586076	8
-0.10247379744674	0.403080875542539	8
0.107973954651728	0.3682493515471	2
-0.0185094274844115	0.0423648903281392	8
-0.0182815574509007	0.0537744501095953	8
-0.087575847625315	0.318343162835137	8
-0.0206410243521194	0.031209762407404	8
0.031525923555296	0.0499847850383036	8
-0.0924579878276032	0.129834264761534	8
-0.0283827723927429	0.0589252663338687	8
0.104299212880454	0.300376421780221	8
-0.0144621882937901	0.0303052199448027	8
-0.0998832702269948	0.222897092745305	8
0.0633081670484764	0.118705958367093	8
0.0100833539286931	0.033092174820151	36
0.0637737349744514	0.235938394705707	11
0.0607251490303035	0.201967179814076	11
0.0332596225836071	0.0947543160889385	11
-0.0193182437446462	0.0563532131478059	36
-0.0469162832396603	0.139296756461929	36
-0.0839675049461641	0.346702300080291	36
-0.0590656332325535	0.243594681885662	36
0.045748928236494	0.186527551312891	36
-0.117414195558185	0.578656295292344	36
-0.0341148139761501	0.126596318932521	36
-0.0665008482530118	0.299157394781945	36
0.0664329035377841	0.279162630158462	36
-0.0614731725627957	0.241100891350946	36
0.0524572143661922	0.224147448324998	36
-0.116879440810549	0.105848270196844	36
0.00468011549705323	0.00627003976117431	36
-0.0953932040488736	0.133073986403016	36
0.0478898963841448	0.0965443749928031	19
-0.00914916524926733	0.023609603817302	36
0.0424327407780622	0.120810993119094	19
0.0380922047094514	0.0853434804333872	19
-0.116537354241029	0.322968334315463	36
0.0184647407892145	0.0544910042546402	19
-0.00440515430653161	0.0115824477701102	19
0.0190367707352249	0.0516392459617129	19
0.00596938646735822	0.0151647300829679	19
0.0412025758314114	0.101615353842109	19
0.0450770035931019	0.109726392035621	19
0.062012138458803	0.162708432962596	19
-0.00356662793160683	0.00745428220570518	19
0.101790773570518	0.299727342559786	19
0.103795960283019	0.310225578134306	19
0.0766903145651538	0.226399888413432	19
0.0197447327656043	0.0505514147716639	19
0.0368258368773257	0.0993915023320848	19
-0.0335115189565689	0.0954069068364255	19
0.0746432781261752	0.241644000950641	19
0.0417414740256033	0.118386118892978	19
0.074879026021726	0.178235622050903	19
-0.118733179735668	0.201391648431013	19
-0.0893109585465949	0.159786219336766	19
0.091633591599773	0.2005201549922	19
-0.00889548642524074	0.0128270373457381	19
0.0196433960234682	0.031549407018085	19
-0.0799102008777684	0.221466384582407	19
-0.0527947329230039	0.15484758553547	19
0.0409144708221167	0.104782876515719	19
0.0470704018311435	0.108403972360927	19
-0.0649950668770978	0.177168072792469	19
0.0181092845924461	0.0550797474097467	19
-0.0473855033342359	0.118888067457044	19
0.0529961194130696	0.140943256128366	19
0.106459559140374	0.314834658280617	19
0.0318359212342951	0.0836456381052244	19
0.111987840198757	0.348321087371754	19
0.0306685083170704	0.075618328749523	19
-0.0682075632932152	0.186159593162172	8
-0.0908151778968795	0.275562307189901	8
-0.0541025807585496	0.132041869315679	8
0.0384166022706122	0.0955511300890991	8
-0.0621394528293917	0.174545160140165	8
0.0671705339076501	0.201407683886867	2
0.0411105848302079	0.119188224800352	2
0.10276918143292	0.348496597347962	2
-0.0998701872742479	0.315256496003042	8
-0.0301963734105291	0.0796590733058125	8
0.0816042360269364	0.217278001497677	8
-0.118607581589996	0.319813857379787	8
-0.102619513903796	0.289933386829909	8
0.0901750933397707	0.211576295281201	8
-0.0121516987407185	0.0422451717430048	11
0.00724989470936525	0.0232657261103312	11
0.113401486518045	0.458738534266355	11
-0.0983110267628267	0.423504607721982	36
-0.0431107093755897	0.150770258105266	36
0.0364677994240129	0.137993315018578	36
-0.00823591297726319	0.0296042991974125	36
0.050666631792049	0.177898221309133	36
0.0408384897271146	0.141476915957779	11
0.112671044537612	0.531108809354331	11
-0.0784828474478527	0.34931607830058	36
0.0305954159512665	0.108479952765259	36
-0.0295460713531415	0.110092186810276	36
-0.0405628905677697	0.169303607829048	36
0.0225951441501268	0.0819537379713486	11
-0.11823805829194	0.639083049665598	36
-0.0723048923182218	0.140489675307117	36
-0.0175598038240587	0.0315061607586489	36
0.0823187307080699	0.145364170425824	19
0.0510034852747745	0.119899031020214	36
-0.0577431506944549	0.121707322149556	36
-0.114944613414262	0.398493890924068	36
0.0626123781117317	0.165000297265272	19
-0.0357450892198555	0.0674470536695349	19
0.00415458647779922	0.00650848588395342	19
0.0617237533387478	0.122490308609955	19
-0.0195317548410601	0.0455155255604947	19
-0.123736812869199	0.295956482951263	19
-0.00158458849680763	0.00313617197628894	19
0.000890760038726387	0.00234309063247007	19
0.0201723537057493	0.0614098114425115	19
-0.00644452296196615	0.0190100143933996	19
-0.101353437689175	0.338796989476303	19
0.0924533036134179	0.301397591319911	19
-0.0387996135968059	0.0923433453994134	19
-0.0569486565442005	0.140855600019424	71
-0.0465427944129079	0.0957343073626085	71
-0.0334573299981244	0.0909502628822388	71
0.0568617097450111	0.161383229037081	19
-0.0497956714074535	0.16260629639825	71
0.0232256656622147	0.0614605699525481	71
-0.0138985149833454	0.0248846135280579	19
-0.0946333264560618	0.194164813415156	19
-0.0405774250751475	0.0801861666753102	19
-0.0538258728348023	0.120190147936315	19
-0.062076744797896	0.148785911344742	19
-0.0642693274364277	0.150655113318901	19
0.0673331654080283	0.176679319361502	19
-0.0545644740742941	0.127422261753893	19
0.014502810025307	0.0302713568931202	19
0.00533637287544647	0.0149856214210154	19
-0.0580740027644489	0.17690472038866	19
-0.123415456403715	0.367345893501465	19
0.0920105483253458	0.251430465115813	19
-0.104509070753886	0.371073838656315	19
-0.0891164483714321	0.274926364560303	19
0.0808613597080885	0.223995419501979	19
0.0632584315713854	0.157106038890228	19
0.0406073263026314	0.102180921516884	19
0.12081458349695	0.418987057136287	19
0.00708227848730962	0.0167127216382261	19
0.111366847162087	0.333105889382159	19
0.106986977640074	0.288940556194395	19
-0.0189658230891645	0.0443895411970848	8
0.0232699007275156	0.0492694582680439	8
-0.0321378647362022	0.0650372200631837	8
-0.0307831891740567	0.0860176927081397	8
0.0730386852981663	0.237142593214843	2
0.0389737708026762	0.0966645210260633	2
-0.101025876920653	0.2988489575488	8
0.0781512246446846	0.251608979712239	8
-0.0744458436332374	0.226466074061069	8
-0.0428465248995415	0.112819043272599	8
-0.0546866484141254	0.125329008596983	8
0.124529892641994	0.363151981089155	8
-0.104475365053505	0.350046401004197	8
-0.0726809730460538	0.196337759893747	8
-0.0483748065049897	0.182448383818866	11
0.0964378490574142	0.49369679158603	11
0.0676812753546371	0.312908691145859	11
-0.00679951451522324	0.0233272702844782	36
0.120176715310748	0.662345420989213	36
0.0275544698252849	0.109247023378028	36
-0.102667188046689	0.530230576378112	36
-0.0119726309913689	0.0331520000727648	36
0.121460190676738	0.383975554786102	11
0.0678064240923814	0.265120168460883	11
0.0112376625909305	0.0365051323288819	11
0.0880170362793365	0.383636953125506	11
0.0422967087770754	0.175406953477381	11
0.0437265309030136	0.168571922645646	11
0.0529356355144243	0.236379268579675	11
-0.0394561200913885	0.163781300837994	36
-0.0125008633136244	0.0156892048905356	36
0.0573854408164427	0.127148497217362	36
-0.030451805194261	0.0464325381835157	36
0.0938057702626741	0.111346244019986	19
0.124729862708987	0.463251197942311	36
-0.0439759080369686	0.102527495105518	36
-0.0650301786527305	0.0876536681892531	19
-0.0891541968891166	0.273130484102695	19
0.0906484374710204	0.294417242830119	19
-0.0267803710847115	0.0878339406830044	19
0.0455693384116084	0.1388440217239	19
0.0222135813496653	0.0559480402061578	71
0.0426159357516105	0.0855587302024065	19
0.0738679725603316	0.168042484136878	19
-0.0728532047038512	0.209248056617389	71
0.0543232503248975	0.167270548392103	19
0.067335825929625	0.184555778233996	71
0.103148697936309	0.269142225319704	71
0.00316995979882522	0.00849846195419481	71
-0.000719606645925402	0.00163652902660759	71
-0.034572118540593	0.0768048623400371	71
-0.107149009910985	0.276396122685261	71
0.0823167598596125	0.2044353986822	19
0.0540259412663863	0.126208408781496	19
0.0821843058854549	0.191905230813784	19
0.0404670631861188	0.0735784898336924	19
-0.0308293755674896	0.0589112969403172	19
0.024215694850004	0.04838933764423	19
-0.0531026194930435	0.129060518425491	19
0.0481855798648555	0.0971974804223237	19
-0.0628196791959556	0.170329900485055	19
0.0697759436635135	0.160508057013435	19
-0.00775270604363512	0.0120002907893716	19
0.0301362218418562	0.0915869275272057	19
0.0413427112406509	0.0928082662135125	19
-0.0517385241887783	0.104027168282322	19
0.0244913646754128	0.0642833515603911	19
0.010700929980035	0.0256533731519211	19
-0.0559112222702584	0.157591095680542	19
-0.0464288999557298	0.123043547782845	8
0.12125412733555	0.313338376371531	8
0.0833839889958154	0.194846549373452	2
-0.0246610421831254	0.0598609045744324	8
-0.0519320966527114	0.169014832740309	8
0.0857457062927386	0.195382921964263	2
-0.0117733686363021	0.0364145228806953	8
-0.022291320298396	0.0637162308525575	8
-0.12455431540669	0.447364356346342	8
0.0471058930325357	0.14611413512892	8
0.123724643554998	0.415671120390354	8
0.0699198595094954	0.208480110801168	8
0.109248673053311	0.277710016740681	8
0.00447048957863416	0.0119504094669891	8
0.0273606992680661	0.0618412837147547	8
0.0724631883631727	0.332845739126987	11
0.0237861217379471	0.0894851979315651	11
0.0816607336867999	0.338524505473598	11
-0.0655846666430455	0.237125272841255	36
0.0282897188667022	0.0941990262898548	36
0.0620852981462679	0.216708697963045	36
-0.023341054707005	0.0780340737936113	36
-0.0169981015410891	0.0632463935149191	36
0.0721715143818464	0.302925002694536	11
0.0415699252950775	0.162106277143943	11
-0.0424510344247344	0.169586707384882	36
0.097125997349488	0.448017439801976	11
-0.0230530689925599	0.085339335489597	11
0.0372221183279973	0.146635447548319	11
-0.0147722544264975	0.0546751588263944	11
-0.0828611668013126	0.39834381017879	11
0.0823471067826653	0.364007941900265	11
0.0583713086531286	0.253503972166541	11
-0.029777645590629	0.066501296528083	36
0.122577854552162	0.259773244813116	19
0.0795854361094523	0.215044659969729	36
-0.121627859279096	0.187475512237512	36
-0.0209534507661689	0.0263538899437916	36
0.0201714907181974	0.0429704275607109	36
0.0949054825837688	0.21977813363613	36
-0.0986083189608124	0.279550326668509	36
-0.121045288064576	0.296385290092017	36
0.118397650508094	0.33691167017764	19
-0.0591026434404197	0.14567404452965	19
-0.0993450855640147	0.271544221560885	19
-0.0460115410822022	0.123368599291273	19
-0.00347882441809456	0.00811687764827338	19
0.0847186351561058	0.23602744971561	19
-0.11105404335518	0.359591243216025	71
-0.0151406246583159	0.0363782641279069	71
-0.0311188092009559	0.0787798352131076	71
-0.115105850303178	0.351556397754453	19
-0.06855070066197	0.175312324778476	19
0.0166637568664218	0.0409042338662118	71
-0.0814882424587101	0.237190823101027	71
0.00266364744540581	0.00603150658790821	71
-0.0791754191530706	0.235609959144625	71
0.0780588825996576	0.189701874489098	19
-0.111520653607135	0.232886988155542	19
0.102855521983498	0.194845446817015	19
0.0945873022064114	0.179809169656812	19
0.00125447117913959	0.00203307466053669	19
0.0777550037124905	0.147288065848418	19
0.0238684018710859	0.0522946855327815	19
-0.0274812359381538	0.0591791421497278	19
-0.0209488147818531	0.0515266264964825	19
0.108770256922757	0.349833721344287	19
0.0246432124316595	0.0558043105516414	19
0.0795059677582895	0.220581673809152	19
0.0585924817677671	0.155872368118726	19
-0.0808124679062033	0.252132089049557	19
0.0560376696064679	0.147175289980083	19
-0.0292165388596407	0.075226127008559	19
0.0884250593911689	0.263982317343945	19
0.0547049670167612	0.149609754200513	19
0.10494128365215	0.220861987864428	19
0.00697487144437992	0.0173000805837699	8
-0.0174240835959849	0.0430922305244455	8
-0.0182382048646131	0.0414615368023712	8
-0.0523621569465609	0.129033540490172	8
-0.0575218799267832	0.142479263577616	8
0.0247323882822815	0.0553683473953957	8
-0.0566283717068183	0.127181546294087	8
0.0960090233831677	0.278012489321212	2
-0.0995897581509931	0.312869173902736	8
0.0150338792204254	0.0361953168562467	8
-0.0885816133467349	0.226152442599606	8
0.0201584764892204	0.0458868834867468	8
0.0573304962836229	0.155254107230359	8
0.0347108996383397	0.0904225476675395	8
-0.0670350739272269	0.189491011458446	8
0.00305402732093404	0.00974293001392097	11
-0.0855514025808819	0.272982686620143	36
-0.0522679437268515	0.148462659083742	36
0.0708280092519673	0.206476808685939	11
0.000293914334703843	0.000663267731282947	36
0.0311203229940352	0.113613939543587	36
0.123105314414194	0.6039712012777	11
-0.0920561013369342	0.453588029355866	36
-0.0260743183080095	0.092667887805763	36
0.106555183255534	0.499667714043516	11
0.109933028221949	0.536492657532009	11
0.00239556368081486	0.00801102483158822	11
0.116724434460529	0.562789960898779	11
-0.0446530865999368	0.187786322946731	11
0.0379619043508912	0.15145461952854	11
-0.0816358520600807	0.274739334069991	11
0.0726576703732458	0.164904318917945	11
0.045760946824581	0.0327898248315412	36
0.0284321480767991	0.028253885671179	36
-0.0332736574746106	0.0632583033266879	19
0.0110488558378239	0.0240123493161293	36
-0.0530913296794426	0.0774747308765838	36
-0.042897363546048	0.0595911957719527	36
-0.0228261899786324	0.0515434418427555	36
0.0548135458975187	0.140933204984859	36
0.0485211145216891	0.11988841473826	36
0.0379930953873658	0.0966861175824724	19
-0.0824638937505225	0.209774543941007	19
0.090690048378764	0.293386646473552	19
0.0353907818952248	0.0804750303906657	19
-0.00985234386555005	0.0230696416415406	19
0.0662200086969458	0.157806592802201	19
-0.040914573082282	0.122688447414707	71
0.123444910005989	0.410521454472276	19
-0.058224046207142	0.145675484471044	71
-0.0939979845661154	0.203215552247955	71
0.0214392348723288	0.0548992652010409	71
-0.0429475338903192	0.12065800769261	71
0.121664140834324	0.413466433930856	19
0.0375196794744961	0.108283064932859	19
-0.0407243792241567	0.101498100154439	19
0.0806569512879032	0.186584338152889	19
-0.038664221382159	0.0517582861814323	19
0.0609038369264615	0.0966464401247771	19
0.0717784830185763	0.161846275757293	19
0.112710414054009	0.20068155085456	19
0.00936958002438147	0.0185192900689416	19
0.0330035334529099	0.0843478119973154	19
0.0795253482653562	0.23665219630513	19
0.086335349179972	0.233234242620585	19
-0.0406656044731492	0.109441808331016	19
-0.068641604623036	0.186729219157699	19
0.0842790504897125	0.237245754715877	19
0.0313387582124333	0.0695099356636057	19
-0.096278793813006	0.248213569381819	19
0.0511172947409496	0.1217154330254	19
-0.105523455262332	0.209872699494801	8
-0.0682785741347183	0.146559168343497	8
0.032986551044199	0.0629548119605485	8
-0.00413750335008126	0.00829545117615234	8
-0.0490937805231828	0.120034216179562	8
0.0159121985765842	0.0399398918485466	8
-0.117301377363887	0.353896702773332	8
0.0342885831597146	0.0919987630967707	2
-0.115589963306819	0.363388267263132	8
0.0737839039088101	0.224640163322762	8
-0.0129627369833717	0.0280791138853899	8
-0.00201244969126747	0.0050169678161453	8
-0.116740279642598	0.36373137131449	8
0.0128356772778965	0.0233433500668169	8
0.0308991739634055	0.048956211651984	8
0.100315953610472	0.25912082999612	8
-0.000298383579632239	0.000647916465628781	8
-0.00101675321669315	0.00244964562076589	8
0.0457008077434155	0.188269855855037	11
0.0903844271202515	0.441876772595494	11
0.00252289403733469	0.00843120212798683	36
0.0921105420089677	0.450407015306505	11
0.124533037931573	0.660246017695817	11
-0.0135112104371448	0.0487133304590056	36
-0.0572332677691922	0.187325046693429	36
-0.0686244715350114	0.22190568468768	36
0.115581127170065	0.489546583451937	11
0.12482677708489	0.506540052078933	11
0.0496621400609818	0.190528468399554	11
0.0177141168647557	0.0578226967717407	11
-0.0630668575578394	0.250148297862628	11
-0.0224894920143961	0.0855660602392569	11
-0.0973874955057951	0.422794289394672	11
-0.0207468231028997	0.0718794965021108	11
-0.0253157481806193	0.0993543459497533	11
0.0129813562852594	0.0466730614722614	11
0.0184322091545829	0.0334857524759473	36
-0.0987852873396514	0.0760025879374696	36
-0.074641896403646	0.184592110483305	36
0.0297160052841312	0.034462003183143	36
-0.00998106553000974	0.0102731640417625	36
0.0633794205512054	0.17748674613993	19
-0.0159059458285166	0.0351492984918905	19
0.105814537788923	0.268423032362353	19
-0.0514626606805691	0.0912470588264906	19
-0.0682788717139019	0.178511149293636	19
0.0384384739688415	0.121185907591804	19
0.0940610527211448	0.33357662484974	19
-0.0243925694410259	0.0611932719906684	19
0.114424187295671	0.255316043252045	19
0.0749002357368195	0.170766303467706	19
0.0833878280605292	0.177790008471047	19
0.0800125102310615	0.19249931369441	19
-0.0761948609291724	0.230120242892206	71
0.0836216243681373	0.274474229596768	71
0.100500483840512	0.290595154959256	19
-0.069407149387335	0.175403693244994	19
0.0453354628276515	0.10705817483435	19
0.0522850609930142	0.119586620753144	19
0.0028929181937901	0.00637560032640707	19
-0.0246404971552595	0.0482459704847755	19
-0.0328890596931546	0.0641644351132022	19
0.0821816866760767	0.204030281574849	19
-0.105741237913779	0.269111184145559	59
0.0173456767813792	0.0346906615081825	19
-0.120656091222462	0.425054148692052	19
0.00718995345840475	0.0170788103257877	19
-0.000986002093387478	0.00194874759357606	19
-0.0922057772898707	0.207436429854468	8
0.00894508453998244	0.0204747544042132	8
0.0103953467358904	0.0239525423777713	8
-0.0738982560557831	0.197667833267709	8
0.00524814542611127	0.011751344118107	8
0.0253435738117789	0.0570692611915736	8
-0.0539127507079651	0.118677057447504	8
-0.00438768166393664	0.00900046157178701	2
0.00977539280034448	0.0212576495194401	2
0.0106058828802217	0.0243711640294062	2
-0.0941359885855279	0.300531898808904	8
-0.0614399172796114	0.126193726206669	8
0.063916618066425	0.201186913643127	8
-0.0423346975990661	0.116545724319361	8
0.0708707212529805	0.219325389681016	8
0.0549578937484038	0.170363195142634	8
0.069665954443144	0.197421862898583	8
-0.00987537121204058	0.0196255132744164	8
0.00795629055971191	0.0159652525584187	8
-0.0122554121052007	0.0307270158462551	8
-0.0599034169675218	0.142339943581325	8
0.0945539180901008	0.474571410220631	11
-0.0925957071883992	0.406348925449409	11
0.0488292721924011	0.15157326275922	11
-0.0593690057099141	0.168833496630925	11
0.00841995220408462	0.0291268643011387	11
0.0842598681710553	0.405715801968893	11
-0.0416007860061815	0.150445891926045	11
-0.0176548727306341	0.0604924561837343	11
0.00738035852440551	0.0259791200972448	11
0.115810791227113	0.603405425282653	11
-0.0402511468338897	0.159868124123396	11
-0.0829957034922145	0.382994660599842	11
0.0249720750923123	0.0974166097198924	11
0.0856070792076322	0.330090538991646	11
0.119480479798143	0.242911433433498	19
-0.0669895727933291	0.174002900567914	36
-0.107022210305637	0.168658757169209	36
-0.0443475050239086	0.0630986666834714	36
-0.0901502619729579	0.218016909938568	36
0.00144761118973597	0.0031675286628487	19
0.0508551205673593	0.117033032164507	19
0.0610296210551754	0.131524111540344	19
0.122154933904671	0.333327889820048	19
0.0401532863399182	0.0848163113697479	19
-0.0100583681796133	0.0209426682108489	19
-0.107771781989065	0.313444021411339	19
0.0115252129266134	0.0277622889282966	19
0.0214836180252329	0.0559529369018842	19
0.0842571097804145	0.224564556486652	19
-0.0944419129883472	0.286573396789875	19
0.0194364375146408	0.047309099273604	19
0.0911675504233639	0.243656002171775	19
0.0764406366252447	0.209759118669896	19
-0.0585291695322861	0.16355924235331	71
0.090213297778787	0.270503999496671	19
0.0787642014834873	0.253099243757493	19
0.0169413227329548	0.0416161917972234	19
-0.0123488364218009	0.0335039329722397	19
0.0942757665308107	0.328003421674256	19
-0.0256921274988132	0.0739259925818423	19
0.0651575287195082	0.183263807812999	19
-0.0628264790891214	0.151087945115965	19
0.054647017436843	0.0911299754351289	19
0.0935740417333049	0.243969019137203	19
0.0385568226332285	0.0647150305528839	19
0.0412966309713487	0.0712006918706949	19
-0.0891125317085292	0.215052403947651	59
-0.0410091165950047	0.109760050562393	59
-0.0892626935923561	0.304876038162342	59
-0.0894148601914499	0.259939401720455	59
-0.0691831203452121	0.196254581662327	19
-0.0731081310190739	0.201339645160939	19
-0.0943585204153867	0.267113052331785	19
0.020922243779457	0.0536495502875476	19
-0.00578623427539401	0.0134815270906519	19
-0.098539621301835	0.332667005512078	8
-0.115510975750546	0.344627934353906	8
0.0343987753749455	0.0679473674697782	8
-0.0123920940551801	0.0251873600384353	8
-0.00050920266874422	0.00112785655526927	8
-0.108257763104299	0.310232803289265	8
0.0830200885189596	0.234038245906271	2
0.0556627118971817	0.147040511593624	2
0.0556415261543948	0.151582672744843	2
0.0617090544256608	0.167546613659255	2
0.0350337117702291	0.0830912811244711	2
-0.0236873377836219	0.0492416238610109	2
-0.0555010874824267	0.150488949900011	2
0.0260689081828862	0.0698742443838204	2
-0.119528973849181	0.398781554416558	2
0.0586520809353723	0.183967906371907	2
-0.103269595979938	0.332435335782953	8
0.0237236897423329	0.0672888872112772	8
0.00169963576861626	0.0041654242564092	8
0.098662351316559	0.264551887911169	8
-0.120240668643268	0.245822957981369	8
-0.118369373045402	0.346092818903271	8
0.0720945363125216	0.192595584615613	8
-0.0502279807309101	0.121925558420915	8
-0.0579429286535108	0.163075183939574	8
0.0613644483314042	0.282396972966843	11
0.0373403919008201	0.155981542442015	11
0.059448411837172	0.251085021242415	11
0.0447617730778783	0.17665954424535	11
0.0294876373032339	0.108141144625875	11
0.0556458408750469	0.22033322132328	11
0.124864654823879	0.608079279947097	11
-0.0632879774371445	0.285643046795622	11
0.0994296415152917	0.50971638028486	11
-0.0497372174733548	0.206256027262483	11
-0.119950781323941	0.626171119286668	11
0.0454205202794378	0.18426774108063	11
-0.0448910581241034	0.185923805184271	11
0.0111066450505158	0.0410120237253413	11
0.0202022988167576	0.0780902231830388	11
0.00544079081509547	0.0196502330439713	11
-0.00135830266423104	0.00455983112006695	11
0.106535318195845	0.565263282170787	11
-0.0640387612161557	0.150902062734332	36
0.112189000271242	0.139805299896289	36
-0.0647510121332183	0.119733366383971	19
-0.0306279212978652	0.0780814446190276	36
-0.0615875735639347	0.133876874089467	36
-0.049360755831687	0.12580715771996	36
-0.11679202368334	0.334163201361154	36
0.086722821577741	0.191432136210908	19
0.0101178514955065	0.0188029575778352	19
0.0882352994679498	0.254089768651992	19
-0.049419577503754	0.125590228749187	19
0.00414420227848085	0.00896597249967567	19
0.0462044611861056	0.111059762851662	19
0.0706431156820352	0.175204462871977	19
-0.0731538641396322	0.231491444038069	19
-0.0524116727090697	0.141410549644907	19
-0.0927671289101886	0.294843964471863	19
0.0324741143475376	0.0852239668313425	19
-0.0110963149683881	0.0287910973559617	19
0.0367819376000165	0.0951845920225772	19
-0.115980272988194	0.398347319266768	19
0.0577642110409308	0.14513560743147	19
0.046498258173351	0.120986165812071	19
-0.0826494169179582	0.249825213249685	71
0.0600528426112822	0.17519944024942	19
-0.0726992063443633	0.230521862280858	19
0.0700524723182806	0.193632850907097	19
-0.0270255838651579	0.0723675672160198	19
-0.0909789401724753	0.278589504848091	19
-0.0517499737484584	0.143275353053028	19
0.000859945562856459	0.00204130217418128	19
0.0294291007125332	0.0691749636875241	19
-0.0659227654547542	0.109112466721343	19
-0.0302325291196135	0.056724474073064	19
0.0218312111814879	0.037740282044028	19
0.0198927438116941	0.0447484996660639	19
-0.110743540422747	0.260697380032829	59
0.0894339646612973	0.236829454879243	19
0.0744517420347589	0.185231769749405	19
0.0720900639808073	0.183515844812809	19
0.0131392923090427	0.0301680395605955	19
-0.122620864182883	0.359108478741383	19
-0.0773747215821718	0.235954944332374	19
0.0952434561784457	0.305190676110439	19
0.096524783749735	0.318435766161421	19
0.0209233129999067	0.0553063166190594	8
-0.0308902140764126	0.0831868833191403	8
-0.0105573421739505	0.0207196352006007	8
0.0352938373317864	0.0962887509100677	8
0.0800596892351299	0.219145190199528	2
0.00669295868085139	0.015237862507788	2
0.0163921247864339	0.0381976614954279	2
0.0626475657362648	0.157872482096749	2
0.119326884801589	0.379592172989462	2
0.0831656287993519	0.247692103755585	2
-0.0921706095105623	0.287057691851835	8
-0.026220986644979	0.0682892382096963	8
-0.0618955677001338	0.186930262002673	8
-0.0968721426248175	0.209333737623725	8
0.0695474934209737	0.18952917053341	8
0.0336043584080544	0.078231814652038	8
-0.0960035398058836	0.262550126505561	8
-0.0341451966869741	0.0859973434363189	8
0.120356567394173	0.384578516527917	8
0.0567182063934581	0.255858659047079	11
-0.0102323351922499	0.0384851901069116	11
0.0458498807676945	0.193691103565857	11
-0.0621225850338353	0.277260159718171	11
0.0438303573374496	0.182546903955177	11
-0.0525633418854675	0.224154824203406	11
-0.00344064450388881	0.0122813227706616	11
0.0921178027834562	0.469773873592824	11
0.0531637114335455	0.2156454819434	11
-0.0447704765025406	0.184244664385017	11
0.116220859057673	0.590023920406299	11
0.041073471824398	0.16809203958238	11
0.000854167329935711	0.00294019683361468	11
-0.02701694965981	0.106065836906819	11
0.00754603008640236	0.0277307500870292	11
0.110682195875146	0.581503363954772	11
-0.0269423186263225	0.105443988538851	11
0.0536078795050878	0.112726109400008	11
0.0058511039341543	0.00938415038398385	19
-0.0674392510619097	0.0879577442468727	36
0.0562019064249369	0.0732511410409975	36
-0.0523607618247188	0.144658958581023	36
0.0949302863151696	0.256835120225437	19
0.105531109979635	0.222336931567158	19
0.0868413389889696	0.189761645520192	19
0.0430665439440164	0.109365671532883	19
-0.0752757498465515	0.206992297804971	19
-0.0854813005262221	0.181441362357767	19
0.061556036608199	0.190245276247562	19
0.0266895838428633	0.0653950177584616	19
0.0176055581140664	0.0389734421799428	19
-0.116523278831632	0.338035031388808	19
-0.120967991522505	0.363529255847206	19
-0.0867981778933904	0.24962407812094	19
-0.0684693375150471	0.202483985743281	19
0.0993413215845402	0.316212070293437	19
0.0996315815747737	0.316044085009561	19
-0.0530317113681273	0.151512994595035	19
0.0456640505014988	0.132889267161945	19
0.00120261942097249	0.00299889508465677	19
0.0493925874671749	0.137134437898435	19
0.00345135039283435	0.00821751924192003	19
0.117359754123887	0.31302786865855	19
0.073745000296742	0.158232940079568	19
-0.108226683559188	0.265368329437439	59
-0.102710602779215	0.246157023887	59
-0.0922828053127749	0.255260633257155	59
-0.0620700322143553	0.1482226499332	59
0.0336440224070773	0.0801404795563657	19
-0.0856567930139017	0.254831265882892	19
0.121548238734988	0.30168368163249	19
0.109818397252474	0.390588357928555	19
-0.0865936799771081	0.270923256778602	19
-0.0170512024504475	0.0433779409410952	19
-0.0472719047318883	0.130469102303545	8
-0.0233184414649651	0.0525367318500657	8
-0.0340871584189041	0.0886540266666047	8
-0.0602737344835075	0.163046056724213	8
-0.0955102418392137	0.307213264519996	8
-0.0472197394571549	0.121044399416674	8
-0.124237662900648	0.371929340875468	8
0.00118557462614545	0.00244340502684925	2
0.00806949565657165	0.0170903427111174	2
-0.109324922254374	0.310403090747482	2
0.117450507999032	0.367917637429776	2
-0.0543175242328942	0.142317646431475	8
0.0382320910757345	0.106261606997802	8
-0.105715945360475	0.279897047515092	8
-0.0431974916094906	0.113074052139523	8
-0.0949778975338247	0.297056280519073	8
-0.0222089260208384	0.051511578882713	8
0.0438685268582431	0.118052148034457	8
-0.0255674681133803	0.0669505324901396	8
0.107525597115043	0.265750227022563	8
-0.0249970916759971	0.0999383555720168	11
0.072566717060678	0.345551306452639	11
0.0715284269870784	0.310530624694346	11
-0.113137191334985	0.535043897879423	11
-0.0347482884115302	0.123077372213375	11
0.0770812965460181	0.366916090524714	11
-0.0182525314552338	0.0659194594220287	11
-0.00738598162675412	0.0259830269505501	11
-0.0438495964706441	0.177384438288386	11
0.0434538953063759	0.178213333121485	11
0.00844992489344031	0.0299766436787125	11
-0.0105398230117238	0.0377742554439857	11
0.113135100895853	0.601929067720059	11
-0.0969719527463397	0.495007953539255	11
-0.0688152535080917	0.291824274245447	11
0.0659055757537083	0.305234868510344	11
0.00161995101795645	0.000886972279084719	11
0.0184870363953892	0.0178792028398191	11
0.101994899305885	0.13834142072464	19
0.0630792741052048	0.132125956235011	36
-0.0417536626461003	0.096522563993552	36
0.0461239757087277	0.115497229652669	36
-0.0427928284951357	0.0718935499740493	19
-0.11290473072361	0.313070901575885	19
0.0631883896293187	0.158689259531681	19
-0.073577578539151	0.182245361007467	19
-0.0900196500716496	0.295136442503023	19
-0.00322367146571825	0.00775387705771967	19
-0.0038652127537416	0.00915482568905314	19
-0.107867861574431	0.323018954287918	19
-0.0893687598937767	0.28160025935506	19
-0.00630843790278505	0.0155683246026194	19
-0.10562248523012	0.319854172726239	19
0.0708330813367056	0.192134435626807	19
0.00777800865206446	0.0180486571791478	19
0.0666744672794058	0.177305031713758	19
0.0163153004112443	0.0374781153246234	19
0.0112324146615263	0.0293111311322543	19
-0.020649427282093	0.0506573745787756	19
-0.054978689926394	0.132373085545989	19
-0.0827323251281723	0.151188865946532	19
0.100335421639627	0.274297136829881	19
-0.0389224247011952	0.085965545097145	19
0.0208036922130568	0.0472633116066119	59
-0.106452571472898	0.286664752703554	59
0.0935449667866619	0.279407373913084	19
0.00497271500573006	0.010254382571074	59
-0.0649977826275383	0.152605993324984	59
0.0797527921914361	0.189828909165371	19
0.0733579681523918	0.200172336996956	19
0.0669492970765073	0.201182765720508	19
-0.0919961438490374	0.262670389413506	19
0.0199434471673535	0.0512733451415333	19
0.0949236096074327	0.305663676757346	19
0.109790530982382	0.345914401335697	19
0.0776619326117984	0.215499059550597	19
-0.0209207702633308	0.0537716569469834	8
0.0561775376157998	0.150467515273721	8
-0.0960127590666349	0.280696322839559	8
-0.0850154133115164	0.212483284195167	8
-0.0909104948235753	0.236922809989586	8
0.0713789310103977	0.190384058711586	2
-0.0727865525885239	0.223862971802124	2
0.00705394648252173	0.0174465504025602	2
0.103209915869031	0.325453931540605	2
-0.012729002510242	0.0306824671849305	8
0.10795666844966	0.349033106257183	8
-0.00658798906150788	0.0149321182425625	8
-0.0771174371489296	0.212017880573041	8
0.0855349604440332	0.215675093227321	8
0.0305167082054963	0.0774948685642922	8
-0.0628260992233315	0.15832970367836	8
-0.115573417973048	0.640071956354019	11
0.0785220597694227	0.385553552652383	11
0.0259419300293921	0.103013770527293	11
-0.0348791745893675	0.140359071261852	11
0.0157989809073441	0.0582661590156955	11
-0.111955411548641	0.572808881618012	11
-0.108283475275737	0.560587789802813	11
-0.0570357688233259	0.25689615049453	11
-0.00731957079802414	0.0233138578004211	11
0.0556630791970519	0.233537413296549	11
-0.0569078944221532	0.233848529450872	11
-0.0544501562177312	0.218590583304702	11
-0.0707590768121982	0.318679026674145	11
0.00790540807895476	0.0285848368335764	11
0.0225706775027806	0.0873774856278737	11
-0.111884285522916	0.597567562657313	11
-0.0296918320929537	0.111817542477691	11
-0.00327876758678681	0.011850476108919	11
0.112119658828056	0.319271689379701	19
0.0911361364666741	0.106277818855539	19
-0.0654678491085565	0.182497917357995	36
-0.119469365719797	0.188040834788457	19
0.12218520975107	0.357905140259283	19
0.0691301394459644	0.154332522017275	19
0.114615314659037	0.358701073882811	19
0.112250730468704	0.326259219559165	19
-0.0541057191127233	0.132772584180945	19
0.0721243478259371	0.216055314823956	19
-0.0130926477064907	0.0308455124630504	19
0.0435545486317722	0.114199733925608	19
0.0613246610695883	0.166485865375502	19
0.0407479433279712	0.112704397131056	19
0.0168201336157118	0.0423140305421152	19
-0.055452460149055	0.141585216050018	19
-0.042064462608757	0.1032223663947	19
0.112544933927693	0.305827582198481	19
0.012218819435766	0.0304697401304104	19
0.100962374595883	0.308900419044728	19
-0.0345118262053305	0.0861201045115724	19
0.0454369556085644	0.110303277738822	19
0.0986742166904046	0.223928509709838	59
0.00262791639747699	0.0052272112885801	59
-0.0687095656874813	0.189870292295844	59
0.038736227104566	0.0976555892735906	59
-0.0464262244718505	0.118388104487647	59
-0.0952775361538992	0.289708847285469	59
-0.0450981324322116	0.0903594797500934	59
-0.0575491821732227	0.110720567248095	59
0.0397119976557365	0.0749174436962754	19
-0.120953353375316	0.398979575007705	19
0.108339613062403	0.329308693687897	19
0.0233639075968333	0.0543876053865394	19
0.0612044241665579	0.171136263275034	19
-0.0750315615413906	0.213960514962794	19
0.116357954355253	0.356039783118569	19
-0.0307396195948948	0.0759352361025561	19
0.0373139204674573	0.0838508617564382	19
-0.0182532704153682	0.0414190164904546	8
0.123516498834006	0.413475285081694	19
-0.111770364087794	0.33052959474338	8
-0.0427350981707718	0.0986517066331695	8
-0.0697495044628694	0.183250950691832	8
-0.0814818120918036	0.215008940819644	8
-0.0546216724322453	0.117563534393362	8
0.122168512008134	0.308179958069279	8
-0.0322580871149019	0.0607546082203036	8
0.0623786245536684	0.159373781830065	2
0.0258303933488815	0.0636281189816535	2
-0.0481872287238092	0.135503905789487	8
0.0826186435330551	0.217006240948959	8
0.0893602600227891	0.211398871505951	8
-0.092070181283888	0.255774086703665	8
0.0836716682245543	0.212993830521531	8
0.00746208241800024	0.0161478556753689	8
0.12012937193842	0.381521066696576	8
0.00490346065549729	0.0108540651074981	8
-0.014117276635717	0.0540677283190317	11
-0.122428425105555	0.694210365489086	11
0.0376070164332559	0.156564633698123	11
0.0746384306913487	0.345240871321066	11
0.0281326975199947	0.109128918141571	11
-0.020422644864437	0.0781793214164424	11
0.0572749713084184	0.247364132231671	11
-0.0719487254144695	0.297355980508387	11
-0.116789577668087	0.61777941401087	11
0.036541554778334	0.143322249972864	11
-0.0562576601524688	0.228113465985699	11
0.0264720781393745	0.104493669308976	11
0.120925683397914	0.676371927753987	11
-0.0734751286784306	0.330052931452528	11
0.0532773126284851	0.232468815712264	11
0.0319111116972373	0.0189808378609091	11
-0.0937702385819645	0.251434009925456	36
-0.124801487529314	0.291483808103708	36
-0.0534533718400086	0.120488237247105	19
-0.0274145674090509	0.0418995514060252	19
-0.0983102984798744	0.189440581033491	19
0.102149598714628	0.295381705197224	19
0.0186113275434167	0.0406597684430745	19
-0.0157438309732361	0.0342109574340598	19
0.0821042622023569	0.241698499915601	19
-0.04935264374629	0.12677416707251	19
0.0125838439524302	0.0301111488359521	19
-0.0945905268169953	0.25785092298944	19
0.0865935934785726	0.261576123198171	19
-0.0949702237877813	0.266972558742324	19
0.00396170167608133	0.00815223268530156	19
0.0595275083804669	0.162451460189754	19
0.116146473528393	0.377328490762216	19
-0.105591803880796	0.310864451362307	19
-0.0661116704182056	0.188543607789862	19
0.0181627903657201	0.0429241273531856	19
-0.0214485444711247	0.0387635510072543	19
-0.0478147967750476	0.0842412821499218	19
0.0337076550787692	0.0644056627533687	19
0.0577091362399829	0.159411797562858	19
-0.069489319866508	0.149591789666916	59
-0.0589615694651457	0.124625283129468	59
0.0255322716692323	0.0662286425289677	59
0.0158362790441152	0.0365923701335605	59
-0.0116642559687119	0.028030715117673	59
0.0921772522064102	0.233415511299897	59
0.0817328116858741	0.180075429075905	19
-0.121972681818193	0.369183712054129	19
0.121151970437568	0.39678079886156	19
-0.0333987253825619	0.0870419616106881	19
0.068119449047596	0.174896776781572	19
-0.0713878244338584	0.183788528603546	8
0.0222420382159021	0.0505161334758011	8
0.0567672389499265	0.155890504044248	19
-0.0752152541014428	0.218872499417419	8
0.0000404564432688732	0.0000900167445697121	8
0.0197691691233023	0.0420583175929326	8
-0.0680134810302477	0.1713426064925	8
-0.0144868306192831	0.0321168250582765	8
0.118456745989174	0.31087556481268	2
0.0432970415368288	0.107341793594753	2
0.0771516004630024	0.207290665032916	2
0.0615672677212592	0.169904409271124	2
0.0438983633029993	0.105328836145736	2
0.0915039682043936	0.231353857252139	8
0.0445099918736527	0.117093394706115	8
-0.0120371075569838	0.0292356745021475	8
-0.107886231952991	0.34830147016846	8
-0.0575688231148637	0.258297522828017	11
0.0366106699798433	0.15346170814109	11
-0.00854707751595501	0.0315486696148827	11
-0.0315058568053448	0.126481486896523	11
0.0454617843304771	0.183483618335723	11
0.0342199784056387	0.140851781081808	11
-0.036968597956204	0.149288450848525	11
-0.041056018229928	0.169916464196103	11
-0.0248542135805949	0.0975544182669355	11
0.0290514443792087	0.113445369008244	11
-0.0683576571294309	0.314763199939956	11
-0.0456639516194185	0.195805760312927	11
-0.0458606242238326	0.195781149145673	11
-0.0412123353064068	0.174620747678459	11
0.0773011327741612	0.377523283557687	11
-0.0447750984738619	0.183412117970533	11
0.0194359469766337	0.0760698483744517	11
-0.0112740049728058	0.0250849420043261	11
0.0873390248233708	0.142352589589308	19
0.05952760043144	0.0549552384368759	19
-0.0739100902060074	0.131734041282479	19
-0.114741597372807	0.15614872152573	36
-0.0896159254599782	0.193187930400124	36
-0.114316022184519	0.283607637715879	36
-0.0200399909912032	0.0453868736182872	19
0.0097995992742033	0.0173185927874035	19
-0.0924528554592883	0.209176672932592	19
0.0836508292024618	0.221000583182368	19
0.0735837338236515	0.18349558461048	19
0.0614036913233612	0.180916687203984	19
0.0881147197263115	0.290179036275162	19
0.0660807960734132	0.20922264719876	19
-0.0847884207696631	0.262742747927818	19
-0.102083170183458	0.324977713182065	19
0.0568033019735645	0.150961691390842	19
0.0252186710612144	0.0630020628094718	19
-0.0534497013265633	0.135598306676549	19
0.100360422717139	0.261786682423313	19
-0.108930963033704	0.359519507865604	19
0.0843914473951862	0.264152432876444	19
-0.0286029292061179	0.0759005992278596	19
-0.0312809877467263	0.0849433240353745	19
-0.0985020353160524	0.316165253055086	19
-0.100937284031872	0.340383440274681	19
-0.0519996311080924	0.108875437581875	59
0.0121475638861807	0.0224277182769451	59
-0.0967070761529787	0.299477595483099	59
0.0299625068577669	0.0725349840842671	59
0.0246323633469481	0.066298724147972	59
-0.0514410018480936	0.135382345900958	59
-0.124126432791153	0.302582836810563	59
0.00954874665608291	0.0182703948858491	19
0.100610613657033	0.237961037123568	19
-0.0452476541678243	0.113668898681588	19
0.0203069782908453	0.0507350995919365	19
0.0326406724026666	0.0867297412936053	19
-0.0527485142570812	0.13931076445029	59
0.105366707621077	0.345401959630044	19
0.123048291206129	0.449937902605274	19
-0.0262727183229163	0.0645830313637083	19
-0.0837143639631346	0.208637084684157	19
0.0112884743289902	0.0269332171832298	19
0.0844508015782739	0.260656609685117	19
-0.110569009897064	0.325147806690247	8
0.124756808239847	0.365508955464445	19
-0.0864263948532125	0.23094783507815	8
0.123542312912093	0.413056012887724	8
0.0549972957139222	0.142383909669312	8
-0.0898242353438046	0.236625916513993	8
0.0794436033068848	0.189798267895593	2
-0.0632230879909519	0.158667445113002	2
0.0209276501612791	0.0520895550336263	2
-0.0302463152013415	0.0782979898046617	2
0.0393074175941808	0.0828730305327677	8
0.0111953913301314	0.0275139798221219	8
0.0711113320889211	0.193030127461271	8
0.0395148293674668	0.103577602397211	8
0.0212147680433254	0.0451090103860567	8
0.0739843345017068	0.224747897912769	8
-0.081106738320489	0.397889580055758	11
-0.0305140826931458	0.124358664868667	11
0.055711847197971	0.24953738868069	11
0.0348740310023942	0.145284142459629	11
-0.0259700200275242	0.103654181991523	11
-0.0202592816013139	0.0794539738107725	11
-0.101225209885308	0.359034837913727	11
0.000523958585029868	0.00176118243172521	11
0.0819523745527764	0.351914154095945	11
-0.0502558256875217	0.202019773030484	11
0.0158761633582218	0.0599596661704462	11
0.0433810748550634	0.172026133986239	11
-0.0515609636325551	0.221882265559504	11
0.0651593346428529	0.304484141070617	11
0.0183736338891805	0.0706167777962051	11
-0.101084074733094	0.0976939404502287	19
0.095581417123168	0.14723079849632	19
-0.0385973881726057	0.0499732211971455	19
0.0703755076532555	0.0920849252142266	19
0.0745131755345459	0.206157384689199	19
0.101068099319646	0.151886806641111	19
0.0020937007153335	0.00444406871360299	93
-0.017287782215747	0.0365339249382646	93
0.0998099000061731	0.266923201948861	19
-0.0661363458624439	0.127110734008307	19
-0.00801966832266591	0.0138332036551198	19
0.109665430861727	0.316539309187397	19
0.0730025561900409	0.245018603928601	19
0.0647238470840491	0.22571726231014	19
0.0516876314966378	0.142607941093441	19
-0.12326123848384	0.288725578832415	19
0.0354429815862936	0.0815684238128865	19
0.0993964543797091	0.260947040400249	19
0.0992967390026318	0.310628631016202	19
-0.0301032544100461	0.072873267718741	19
0.0817468656581696	0.196457823576631	19
0.0580800446103069	0.174060261445029	19
-0.0803954471821668	0.225493201740452	19
0.112795826912429	0.313390508820147	19
0.118994967187095	0.336140164725494	19
-0.111332158532663	0.308773010273411	19
-0.0430797459720654	0.115287504508695	19
0.0192098895900447	0.0466978686008432	19
0.122663813654582	0.362412232925071	19
-0.0494647920997515	0.111426107431036	59
-0.0134645315900481	0.0273317109860777	59
-0.0423739240242133	0.0922476911042776	59
0.119515074166722	0.34672166532161	19
0.076533275890851	0.205629816131316	19
0.0270019858880963	0.0581062425193656	19
-0.0446119877935328	0.111533716178225	59
0.0396066359559148	0.0728787496524191	59
0.110891484367964	0.179430998895301	19
0.0400685192222028	0.0723675856117158	19
0.101452380691353	0.333877795647752	19
-0.0406534154056283	0.106305215421825	59
-0.0908518558538135	0.211759059285768	59
0.105544634892386	0.3674924088822	19
0.0195137014753451	0.0538927539098741	19
0.095516395051497	0.302442094222318	19
-0.056782249503256	0.179148964254873	8
0.123666784185184	0.455283916877663	19
-0.0127844435866198	0.0269315042732683	8
-0.0853034498507858	0.155419854820602	8
-0.0973568310741838	0.168628602518798	8
0.0139490303391651	0.0215366150675698	2
0.0647076195212953	0.128160759086335	2
0.0683416489221809	0.159977771087114	2
0.11008205372808	0.248900504601795	2
0.0392105397042298	0.0765178868673235	2
0.0117966630288241	0.0332831144113302	8
-0.0544998042635104	0.178053670906096	8
-0.0230361235147487	0.0690520154692855	8
-0.110298300766575	0.368509169203887	8
-0.00719600919915593	0.0179449410362414	8
0.104877350551995	0.281884109230424	8
0.0317188133864884	0.0706797082845547	8
-0.0438274749678398	0.112559184599012	8
-0.0923601835415041	0.238204942347493	8
-0.0490659215769642	0.124987512354818	8
-0.03009786928423	0.120241563979762	11
0.119325233834314	0.663078775968002	11
0.067243620257801	0.305506024942173	11
0.016511726038133	0.0624641563575081	11
-0.0526995461722749	0.17755377031151	11
-0.117650470237197	0.523022437566634	11
0.0933837497985843	0.389722651405439	11
0.080321959186119	0.301217048082725	11
-0.00143140140068416	0.0039169602352931	11
-0.0159047287216979	0.0538213851062272	11
0.0566015335457378	0.241732834540673	11
0.0692255663129662	0.261769162745254	11
-0.0982619707682603	0.439634598681112	11
0.0330419015098693	0.135306743005617	11
0.0335038739586516	0.132525723110901	11
-0.00770556015052384	0.0114339637748741	11
0.0851130054502365	0.213523959982855	11
0.0131668835385707	0.0196701706031257	19
-0.100421643605447	0.235194732712711	93
-0.0369348402230686	0.0807965254570659	93
0.122762728232908	0.31811217281415	19
-0.0145684680638775	0.0189199041716068	19
0.0966151099163507	0.230431443259279	19
-0.0735689816637217	0.251752034520367	19
0.0216124042755478	0.0632724283451704	19
-0.0564313034467816	0.155560733467271	19
-0.0450984243648897	0.122456837837387	19
0.105288630464335	0.292073808413801	19
0.0398715990086398	0.0757174271319175	19
-0.0777902476108558	0.164409402074492	19
0.00252953677311016	0.0049109018694047	19
-0.0729138059574739	0.179622634143156	19
0.0110332701964963	0.0322007294955143	19
-0.0437809094096831	0.108387115060813	19
-0.046102262073195	0.0932205817398485	19
0.0303517435408557	0.0589012364507464	19
0.0481723120056923	0.151698608649177	19
0.0453332261191608	0.138637583613433	19
0.0600991470202032	0.185006368242964	19
0.0044710297123159	0.0120038451128757	19
0.0576468444585364	0.141399088868114	19
0.0884276292952977	0.195836232206467	19
-0.0880991522501369	0.229078601933326	59
-0.0556717453721606	0.154277191173891	59
0.0981643469419986	0.31242531529912	19
0.0575665028042297	0.13002680013942	19
0.0932819289017809	0.212758448028627	19
-0.111932395155999	0.119905236863035	59
-0.109278891673797	0.139165698540195	59
-0.0944593773182247	0.155276067724162	59
-0.0698771688519084	0.178356682947069	59
-0.0284361920415443	0.0475261794044906	59
-0.0543139470782426	0.149988786313954	59
0.102096738896242	0.391476173709607	19
0.0760300980187087	0.25658067424733	19
-0.118125817500672	0.390427214372563	19
0.0930117490499072	0.24316947465248	19
-0.0400208559445277	0.0832374251120109	8
0.0950508149024945	0.180814582540926	8
-0.120493935624566	0.261867734255431	8
-0.0867759200506962	0.120943788302608	8
-0.0103358638323575	0.0133581189312657	8
0.0248842670289093	0.0405993283379654	2
0.0382575843344956	0.084271561627767	8
0.104397700361639	0.425704317525406	8
-0.0156806105089153	0.0441524830797059	8
-0.042816498443391	0.0810313701932577	8
0.0112182411422587	0.0214281724193569	8
-0.0571552360254236	0.140738146396482	8
0.0143307791305105	0.0339009321644166	8
-0.0966897485223464	0.48251418130916	11
-0.0655432987093233	0.301626591504521	11
0.0611942357469876	0.281852638536954	11
-0.122958000310712	0.698315156960053	11
-0.0328593799930925	0.135720025147438	11
-0.0330209713239811	0.134063718074084	11
0.0130615143418699	0.0448235044181242	11
0.0955773524430654	0.474079080734172	11
-0.000726202675596368	0.00256321904770514	11
0.0802922823403305	0.378454266589023	11
0.101165435578116	0.519185857991364	11
-0.0218848265335395	0.0864632086171178	11
-0.0377387277312659	0.157269242432616	11
0.00444294893042902	0.016171853580387	11
0.00448442018512472	0.0165317761307926	11
0.0973004511376381	0.510234262227031	11
0.0597660162602427	0.156531096067465	11
0.0330888310288495	0.0424240384894621	19
0.000777430046064185	0.000835541364936052	19
0.0743910599430246	0.140114014555768	19
0.0256212368893875	0.0500737034010667	19
0.067461853396226	0.149400268086472	19
-0.0122415873871788	0.0302027499896428	19
-0.0246730871928795	0.0670059781076558	19
0.0587353144504316	0.173801744825945	19
0.0884785602699225	0.252918136546609	19
0.0634886316153595	0.176039336777709	19
0.0309765924780267	0.0821739535276151	19
0.0897708024175179	0.284028383234765	19
-0.122221728568554	0.430644949688952	19
0.114160715101296	0.340942646924331	19
0.0998235492889679	0.300425642361361	19
-0.0494646916032443	0.127496000849231	19
0.0607825946121083	0.178414651897506	19
0.0156303515644943	0.038042817376435	19
-0.0515313278849603	0.147015354387181	19
0.0538045614665621	0.147379764884026	19
0.0266514523928025	0.0703559303114773	19
-0.102343233696138	0.322689811929994	19
-0.0823527819210947	0.281958412131006	19
0.0503753882126953	0.126876271961258	19
0.105332892582893	0.260486411887174	19
-0.0196898088237514	0.0404379830516607	19
0.115447043047527	0.312884840661343	19
-0.100231401130786	0.27459270513326	59
-0.0811319147811143	0.204627564294048	59
-0.0523823126181067	0.135132335656243	19
-0.01504407684456	0.036732837318942	59
-0.000426608687653702	0.00080448698083253	59
-0.0107897998055574	0.0175341415723253	59
-0.102837079121585	0.209617397484261	59
-0.090340498532597	0.191390350554827	59
-0.088506387853796	0.262374524837312	59
-0.104262854493747	0.3278542843132	59
-0.000837997492179211	0.00196146605877717	59
0.1134401627712	0.386924773794039	19
0.0970490758032529	0.312057791438793	19
-0.0456430619133756	0.120920963712739	19
-0.0177593091603251	0.0419349285405592	19
0.113179117768797	0.360137705904753	19
0.0252018508027082	0.0678992963746352	19
0.0492603996290194	0.129043381699274	19
-0.0312266114167032	0.0735763533672236	8
-0.0444684206582856	0.10988442730286	8
-0.0941055693887063	0.241227490495279	8
-0.103516703030178	0.206568118317699	8
0.0285941694997147	0.0528945449636044	8
0.0883799701328904	0.220135256244955	2
-0.0323589186329555	0.0733432590983238	8
-0.0711582628209031	0.171982936886921	8
-0.0638416400523196	0.181856859683788	8
0.0800950037040278	0.244725248942345	8
0.0705056642171269	0.201355065124046	8
-0.0167564382877626	0.0450532781590463	8
-0.0268220673024322	0.0734991491304274	8
-0.108779215676009	0.391934552297154	8
0.077952507930369	0.22025634856268	8
-0.0116331905778723	0.0292700307139054	8
0.0559032609245864	0.163474085400898	8
0.118351927758673	0.396642270432525	8
-0.118719396649379	0.381857151070609	8
-0.0647518444562776	0.161312511096844	8
-0.0512750687593923	0.227316388585137	11
0.0591864977703352	0.268076378159562	11
0.108610539734131	0.582259294058609	11
0.0619606939099365	0.286076876091155	11
0.0918142152797588	0.469252622939487	11
0.0922291128358776	0.472934401507452	11
-0.0570746459459886	0.257445518544066	11
0.0187680583629636	0.0732682960477912	11
-0.0749668633048404	0.328569675638583	11
-0.100126533990743	0.395799417642493	11
0.0766488561823487	0.344123755215851	11
-0.11028517160191	0.526867071455539	11
-0.0789355732516306	0.338534340259819	11
-0.0415880085357457	0.164087787817158	11
0.0633377849555585	0.2905765947264	11
-0.0562416123675941	0.249328954298386	11
0.00608269312911666	0.0225758032320183	11
0.0333584696439095	0.137517840632216	11
0.109873970259023	0.233147808850185	11
-0.0694174862015224	0.167152257836035	11
-0.0488785784750268	0.0678824757158163	19
-0.0550235103620438	0.0804849694976198	19
-0.0161237586651242	0.0209790836304552	19
-0.0689761994410854	0.171327069539395	19
-0.0965719457189372	0.225600874185076	93
-0.0544135100526141	0.116322367841412	93
-0.0875144143680018	0.173134279291589	93
0.051723825098775	0.126783802511977	19
-0.00957952387543885	0.0240457680843006	93
-0.104364691590061	0.381003856426819	93
0.0664541710471842	0.195099224537482	19
0.0721466671132013	0.166792740288105	19
0.0102442339444055	0.0233655386532337	19
-0.111535975669236	0.339033218809845	19
0.00643312673168239	0.0141938353678064	19
0.116496638144604	0.324452516547305	19
-0.0150594984692179	0.0371606871621946	19
-0.114405079989802	0.407459643053751	19
0.0325435411524218	0.0720084332376633	19
0.0565408826508186	0.147086710639689	19
-0.0215418536637289	0.0484974335070393	19
-0.0910356786070156	0.263600560561582	19
-0.0697560839793867	0.194643313380603	19
0.0628501916091621	0.182501829096857	19
0.0807311629952447	0.246155092370938	19
-0.0311067512681181	0.0834272021122347	59
-0.0669203631742218	0.176972489494789	59
0.0483535850526901	0.12560627928718	59
0.0183282146813139	0.0436281356893544	59
-0.0405178877291455	0.0920371097693488	19
0.102479946324587	0.250784408924365	19
0.043248134214906	0.0762920489231758	19
-0.0482674050039674	0.0725568251396063	59
-0.0464121532167717	0.11433458871648	59
0.0444795229694671	0.106863714524695	59
0.0191379297872139	0.0482846563939597	19
0.0866061932456324	0.297981950591821	19
0.120906783219135	0.43114658084187	19
0.0651479159929172	0.200950593194374	19
-0.0654132370438048	0.185495571033922	8
-0.0390562014008937	0.0889287287125431	8
0.0591260664821811	0.122863501832576	8
0.0466262560592296	0.10632223582458	8
0.0347409707158867	0.0526752490098821	8
0.0781148751345806	0.153259306784442	8
0.0304793820846317	0.0712722040070361	8
-0.00734528193568366	0.0183560718635048	8
-0.00760632745785375	0.0210385052039763	8
-0.0654896356576848	0.213954712326465	8
-0.0352520133573958	0.0707027968971337	8
0.054368413991639	0.136657514637873	8
0.0886577939286209	0.243293880522386	8
-0.112322854624703	0.328188513851572	8
-0.0249218163389232	0.0978212047024887	11
-0.0308951504065296	0.126119775836101	11
0.0477017537277409	0.203341300646722	11
-0.121994160634216	0.69129622082974	11
0.0143815055623782	0.0544596430755194	11
0.0864389487997845	0.425393385863531	11
-0.00431866449027673	0.0156495403197829	11
0.0287823873803097	0.115472813931013	11
0.0144581324594348	0.0454008151630823	11
-0.00615606547844875	0.0150258806060588	11
-0.00576472397592348	0.0179862195217869	11
-0.123796106648102	0.558200277833178	11
-0.0686911036046103	0.258272548521125	11
-0.0210390556931652	0.0728792816934761	11
-0.0922921218323764	0.435781592204721	11
0.0733573765067688	0.288376514759153	11
0.00259427872261382	0.00878610687138335	11
0.00575345029525005	0.0213329569145758	11
0.0509627676357177	0.209546152580308	11
-0.0178869249122315	0.0224160537769205	19
-0.0499520334346513	0.0486043468830795	36
0.042418791104426	0.0464030245698912	19
0.0435554139671258	0.0934840464204074	19
-0.0150399368414469	0.02513371342226	19
0.0385296720010957	0.0413339193289811	19
-0.0375954572853238	0.073343439144085	93
0.0250808290130633	0.051390559038461	19
-0.00875985171749641	0.022580434822511	93
-0.0344631982892068	0.0957579365030922	93
0.0783873520299046	0.224187505641137	19
-0.00981249919915641	0.0159203239336869	19
0.121740836592983	0.292152847034278	19
0.0778877882980307	0.164665123149425	19
-0.00324599112641236	0.00733474854811322	19
0.0631131776015064	0.136576750673235	19
0.0977699881823201	0.239643904539446	19
-0.0600796640727132	0.160872421496707	19
0.0430010436882066	0.124338681123689	19
0.0736075930141404	0.155435564219563	19
-0.0869187954108796	0.180457313560031	19
0.0783112564192244	0.210476984305506	19
-0.0969326722184454	0.337254742793042	19
-0.0591983194616445	0.183402239937345	59
-0.122849295431861	0.448933812184733	59
-0.0308924337590886	0.0863511656690667	59
-0.0317022014853719	0.0721062669007919	59
0.0401456868194324	0.0753578340714492	59
-0.0275722564727534	0.0680057647906504	59
0.0313922217988867	0.0767515313229137	59
0.0487940520460441	0.101749181618078	19
-0.0176597304407792	0.038281470670232	19
0.0603423237363178	0.116493175787126	19
-0.0961737938061663	0.142586647731548	19
-0.0212095607985525	0.0238806885463474	59
0.0675115848873677	0.102331130093147	59
-0.124160036048381	0.322112064152954	59
-0.111512963514893	0.299274751498357	59
-0.0238347541036071	0.053950120723618	59
-0.0254299620754209	0.072403337830096	59
-0.0546400663905307	0.161502678663155	8
-0.0377969713405944	0.100520605317937	8
0.0863374208728647	0.229500858162531	8
-0.122024338334785	0.292567687533335	8
0.0862737819311342	0.128710901777009	8
-0.0342170571826581	0.0511320427295007	8
0.0488791129530334	0.0821290177694306	8
-0.0771971074434097	0.160066765708922	8
0.0352908983025801	0.0769314416304407	8
-0.05816137919572	0.0982123979962812	8
0.0500240858732574	0.0795344321852888	8
-0.11000380459032	0.373006816952166	8
-0.0729323108161321	0.254028909825663	8
0.0600578999634825	0.199771393935532	8
-0.112459237139323	0.335668232402169	8
0.00609254395516464	0.0108181057270089	8
-0.0913959732066648	0.206348678169475	8
-0.0334221278366366	0.136023315384963	11
0.0255892629872018	0.100669228716585	11
-0.00563536109426866	0.0199239462439782	11
0.0226256883061813	0.0892870386649643	11
0.0566793222892169	0.243198661670472	11
-0.0211860446076399	0.080427273397387	11
-0.0693991597118558	0.315630628943318	11
-0.0737265548921189	0.354269321894124	11
-0.0562820781045492	0.135364219920043	11
-0.0843280170984593	0.357500135454613	11
-0.0941317699803001	0.366103848429127	11
-0.0551036865151772	0.223728349055084	11
-0.0287400846755679	0.109249740547351	11
-0.0617639050419805	0.266710172164045	11
-0.0654707675672619	0.303657691448117	11
0.0599699303031603	0.265376060354436	11
0.049587721728638	0.0781316664035831	19
-0.121687552109613	0.142649923771845	19
0.0571281008097449	0.119648498741493	19
-0.00802536225438649	0.00864041713255526	19
0.0798942000480096	0.210403889443105	19
-0.0568517709420873	0.102648565432658	19
-0.0304316819129732	0.0327374155368081	19
0.0761193207457294	0.163226746638377	93
-0.0358284276281249	0.0733939566144262	93
0.065224046084719	0.140177268806189	93
0.0981825059120282	0.223817299557505	19
-0.00279439186279674	0.00694216109318261	93
-0.0213021140029193	0.057573293002094	93
-0.0453326615429299	0.109914854486467	93
-0.00794270352080102	0.0193340685772081	93
0.0538825114999542	0.110424642337459	19
0.0859922303807169	0.294859614003366	19
-0.0851087586279133	0.21982322476501	19
-0.0575450848915693	0.110992192397111	19
0.11434889124978	0.333545102971079	19
-0.0603460565530104	0.129979214770258	19
0.0551949965537731	0.111522213444288	19
0.00489579125234175	0.0100485075336608	19
-0.119504941097541	0.362377961649449	19
-0.0219845645939415	0.0602522665062576	59
-0.0615127603450239	0.196502132021945	59
-0.0435217450851786	0.124527765598092	59
-0.0453505452507848	0.102016666460956	59
0.00827251880689416	0.0183286215396638	59
0.0342924045309761	0.0961062479583784	59
0.0492518173755483	0.140041541719066	59
-0.063582200171074	0.159158898618518	19
0.0938007649615108	0.210952726301073	19
0.0513939698945689	0.0665406898511241	19
0.0101897593493334	0.0112613701267329	59
0.121077419956687	0.154544099727715	59
-0.0767395990395899	0.189535362165848	59
-0.121218497009762	0.341297464788237	59
0.00992901773103075	0.0179616581178933	59
0.0732870463631805	0.137785816001409	59
-0.00484648154306972	0.0110189165883683	59
0.117923225310013	0.358699378844763	59
0.0233814315009872	0.0673117237114294	59
0.00749380486574641	0.0156017618910992	8
-0.0738303714684096	0.148042505967009	8
-0.108504016783694	0.138057399917721	8
0.0753639587739847	0.116539807450515	8
0.0263609284399381	0.0388221843666854	8
0.109577592908131	0.380702620748908	8
-0.0707383249230504	0.244125261978592	8
0.0506320013222943	0.102605376113781	8
0.0516968728645276	0.121084400125554	8
0.0291799756203724	0.0555652779153233	8
-0.0192194251032063	0.0744219009212224	11
0.000629789658860246	0.00220268545094265	11
0.073571519050765	0.338347757834648	11
0.113334430534225	0.616316917765994	11
-0.0199351213398068	0.0766396003320732	11
0.0470498647219198	0.189511216384772	11
0.0095472785982751	0.0344578357938786	11
-0.0213885133081496	0.0760708916876651	11
-0.0902248855487634	0.400356651080867	11
0.0984644668873357	0.511134716627131	11
-0.0639031593751291	0.294503422221117	11
-0.0250574934927068	0.0996325270396941	11
-0.00396047924841984	0.014394793600619	11
0.0902913775785071	0.460126364463435	11
-0.0830904350313039	0.172279194415052	11
-0.0720201814214002	0.193951094107047	11
-0.0109661766599423	0.0241882117770622	19
0.0926948526572012	0.187389498538683	19
0.034736893500069	0.0371323245519069	93
0.0333425146229267	0.0708037431144862	93
-0.0067527264740805	0.0142141681889797	93
0.114620272341425	0.291356204856901	93
-0.0623862973837035	0.120737201478934	93
-0.0823789972107935	0.244642783081588	93
-0.0828690271427213	0.185797361852518	93
-0.00356788469263513	0.0073674358392868	93
0.0993926846494587	0.282231776676463	93
0.0388561971410567	0.111494006030306	93
0.0393523651040938	0.0902113994464961	19
-0.0707979665544239	0.188816034480157	19
-0.120059612709409	0.352751099499778	19
0.0315931742224136	0.0883759529098125	19
-0.0273585002877234	0.0689612187611711	19
-0.0441135054419568	0.111362702239615	19
0.0215697556698505	0.0521050568721132	19
-0.0841019361583771	0.206804118073738	19
-0.0445878850358376	0.102053128716286	93
0.100868790318161	0.287675772682825	19
0.0390722579301975	0.106740911562009	19
-0.0338664200846508	0.0779596679868279	59
0.0198834652325459	0.0460535161083109	59
0.0893618020976781	0.232120610515121	59
-0.0338098163088806	0.0753807147286602	59
-0.0437346745734579	0.0976709241233906	59
0.0124755368298037	0.0279065690281173	59
0.0272571027264312	0.060920855446774	19
0.100449811726139	0.129058793812128	59
0.00266124627871332	0.00308351899800333	59
-0.02832895364615	0.0645810109436409	59
-0.0410291861778024	0.112278183968905	59
-0.055711964746584	0.121469243704081	59
-0.082432585383214	0.179325866415186	59
-0.00799072032776654	0.0195436315421558	59
0.0645329917910916	0.184820733017535	19
0.00730914495887409	0.0186841761106793	19
0.0115983716399548	0.0251430217168612	8
0.0808196653310669	0.195482976417984	8
0.0908816172275894	0.198658359102099	8
-0.0655109735306556	0.10349931020544	8
0.0924200336025213	0.185545634624841	8
-0.11239142447136	0.360973166745565	8
-0.09076763718741	0.285353179520862	8
-0.0820189432975553	0.247516839370856	8
0.0834275106539079	0.252908715793783	8
0.0184634945470625	0.0378549044203619	8
0.111035181870845	0.321912197630984	8
-0.0380651727332767	0.093216814450504	8
-0.114350148640431	0.359673697754306	8
-0.0749155704567808	0.349143166617685	11
-0.0240163604738035	0.0891007990125297	11
0.00699239128392377	0.0243691064056866	11
0.0661165368105873	0.295371121512759	11
0.0506503333065959	0.208775363111617	11
0.00651241520871195	0.0232353529943658	11
0.044358662586714	0.182538033681975	11
-0.0246820676390613	0.0964185119560996	11
0.0939100860032203	0.471054890342677	11
-0.0123800895796732	0.0461003699619589	11
-0.0598642335371608	0.249483358560383	11
0.114911963092784	0.634777507721954	11
-0.0162368078800033	0.062750596503651	11
0.00351401252322361	0.0124243972177511	11
-0.0991005808181128	0.520190783182759	11
-0.0266491312551463	0.105129876231974	11
0.00271741175553663	0.00993886693176371	11
-0.0711683778261567	0.0767113251382098	19
-0.0227845387966574	0.0541637965400453	19
-0.0360467675899681	0.0437421511601491	19
0.0223814023855366	0.025396487447935	19
-0.0629017406215388	0.0923218326165352	19
-0.0519885243272852	0.0702030956622075	93
0.101873133899136	0.114169049394039	93
0.103632828872692	0.151032187244607	93
-0.0854402262356591	0.230562576039066	93
-0.031578935184066	0.0754311787861391	93
0.112954251060456	0.429968187027329	93
-0.0804619246013743	0.19519138546391	93
0.018036157147674	0.0479370177915699	93
-0.0123278026352621	0.0323699598133407	93
-0.0857336109532665	0.251372675174143	19
-0.122974104118858	0.450408083903994	19
0.0556193509900526	0.156748466446897	19
-0.0824049340453266	0.204776913912419	93
0.0162603980794093	0.040352131802522	19
0.00204706876905834	0.00492275294617618	19
-0.0750210365865562	0.21911165260577	59
-0.119478604405617	0.364582550479183	59
0.124755182797236	0.362663862844402	19
-0.0354059794573614	0.0831855215856855	59
0.0676705844012781	0.167417534310564	59
-0.0672979701093359	0.153633186611216	59
0.045283747774488	0.101180562802401	59
0.00669402974450144	0.0152394601081513	59
-0.120026107873582	0.331947271207444	19
0.0188089089001975	0.0285726055454086	19
0.00232798527659547	0.00294331488275979	19
-0.0933087255037151	0.126425043026326	59
-0.106728878625983	0.302005037980671	59
0.0995419619931954	0.220700778707894	59
0.11741655335998	0.387367807615563	59
-0.01113484227538	0.0270880537140413	59
0.0142305282566344	0.0362771835497043	59
-0.0687517423986859	0.194840215030285	59
0.115231701915567	0.368296232222477	19
0.00650418174694287	0.0159788578835718	19
0.0406746312043055	0.100629241355815	8
-0.0601928747777861	0.145572295168148	8
-0.0627433549090717	0.130111457441571	8
-0.0719112736463171	0.155579740244181	8
-0.0116161591019008	0.0215117417110337	8
0.0907586994538079	0.281242580665017	8
0.122596761986751	0.42051686440288	8
0.0819631704448855	0.252891756697285	8
-0.0915564951328375	0.271719867594895	8
0.0541893765175966	0.130372834385668	8
0.102797444543201	0.300900824555809	8
0.0460788289696171	0.124977193850777	8
0.0255755150266694	0.0995166124815515	11
0.063724729631719	0.273104167154878	11
0.0849719926235385	0.400559913006131	11
0.0566635204885826	0.251952787865819	11
0.0343450000390332	0.137468014235512	11
-0.106950820473791	0.570046001123471	11
0.0222573925910146	0.0864458931860763	11
0.00199931111793103	0.00718285655365759	11
-0.0782853716336217	0.306539667059912	11
0.0726613176347813	0.340042738362292	11
0.0646103383222026	0.284335406245201	11
-0.0446407423040238	0.190379607838248	11
-0.00987086289324565	0.0371094242672965	11
0.0234812920318698	0.0922491441291434	11
-0.101671543340358	0.538838874921036	11
0.00165362478755589	0.0060029401563987	11
-0.0812278363591833	0.401173813242856	11
-0.0332748499787012	0.0664419924976943	11
-0.0246808484778826	0.060947836545811	11
-0.0836593142386093	0.0899789389677944	19
0.0159330463320092	0.0352631671827442	19
0.0966864595578148	0.162527689546247	19
0.0557211833608428	0.154720145715786	19
0.093037470530188	0.22723861586827	19
-0.0974369316501878	0.156190253526354	93
-0.0800350033322987	0.224401410513456	93
0.00738144189134297	0.0149877037062548	93
0.0417677831863366	0.082328324457925	93
-0.0447625743536969	0.111084943002113	93
0.120389693088737	0.414256772915298	19
-0.114321342073244	0.374694765778054	93
0.11176429102688	0.376380861619988	93
0.0467312889385404	0.116287213860165	93
0.0966547283181929	0.261141408859349	93
-0.0647871300428258	0.170159661047818	93
-0.0144860545509149	0.0381102769158992	93
-0.0170248744646015	0.0423212228894409	93
-0.0558918026743715	0.145407108340271	19
0.0921628139727367	0.275508860211831	19
0.115021661897062	0.400942795247576	19
-0.0836694745365849	0.260317766103853	19
-0.115407736088399	0.409084536148457	19
0.115865965082988	0.386471617055088	19
0.024584343589596	0.0632618678607509	19
0.0466882668048916	0.122045984966157	19
-0.0897470349490845	0.266832064199893	93
-0.00324290137551235	0.00693119892013534	19
-0.0069102968673274	0.014764536586401	59
0.00405543268472691	0.00895914491425135	59
-0.0546810185693918	0.142469251334584	59
-0.0759383512800165	0.192577151804263	59
-0.0572352244345223	0.139750547714027	59
0.121624218901665	0.355841066223448	19
0.0403863480874085	0.0643571054063312	19
0.0431986430277758	0.0908889168955718	19
-0.0618548132039098	0.165286805331484	19
0.094028263629652	0.266172053573861	19
-0.0307209887209672	0.0823893787085892	59
-0.0823963973702489	0.247388431166721	59
-0.111785601028646	0.350900071692967	8
-0.10293240755768	0.27884748287823	8
0.111524385433426	0.241881393582729	8
-0.0417128261006517	0.0654743161454039	8
-0.0347928212677075	0.0639845672654184	8
0.0032178270777476	0.00633703666743706	8
-0.0339393932819842	0.081915537438552	8
0.00845850221938278	0.0166868712479639	8
-0.0515686710182594	0.135018070437062	8
-0.0792950470237345	0.236033837334421	8
0.050042185131645	0.152446979559926	8
-0.0284113947030271	0.0801693892049775	8
-0.0551372243152105	0.155936548377829	8
-0.104143236153431	0.301823927325173	8
0.0526738049939528	0.140606789978962	8
-0.0362035407941433	0.0821566770166264	8
-0.0344804210000533	0.127954034647532	11
0.0859755189176096	0.402027929607755	11
0.0820716872699821	0.402078178063589	11
0.0600279405125585	0.272449687812248	11
0.0578465764200705	0.262911368619516	11
0.06962394958683	0.330389715389997	11
-0.000428476046422068	0.00155032997547117	11
-0.0725960726606728	0.341835472092863	11
0.0768455792862726	0.372899668587743	11
0.110881506321525	0.604469138517163	11
0.0483363949532918	0.212082111334187	11
-0.048955722691779	0.215109501895314	11
0.0698575362473155	0.331204742371995	11
0.00720262708001926	0.0266685025518863	11
-0.00149327989304945	0.00543632190775531	11
-0.0328524534032348	0.135640222679457	11
0.0425075064183166	0.18257115890815	11
-0.0262992230074797	0.10382819284983	11
-0.0573964566673812	0.258593922807423	11
0.0241020887526942	0.0957956703612493	11
-0.0401329170959198	0.108279460842018	11
-0.0158278590637938	0.0419818096848902	11
0.0234504792634877	0.0343898156016649	19
0.0204642758927589	0.0375252476251482	19
0.0195172441494516	0.0248895918288689	93
-0.0763287372676492	0.164938038206542	93
0.0120744675672459	0.0282104825128713	93
-0.0585060098509782	0.146993999678118	93
0.117978196480677	0.345446048993357	93
-0.0971932589795768	0.285939525550005	93
0.121569473033207	0.383083495252196	93
0.0590812580757386	0.145384679474785	93
0.0234669637540222	0.0667850020433232	93
0.0652001038347933	0.183900928367175	93
0.0138100978557467	0.0361161148434623	93
-0.0492716899658064	0.138829396779117	93
0.108615890561705	0.355961626286537	93
-0.118929834039791	0.382813911155578	93
0.0255646601821356	0.0754194432031804	93
0.0952505291353693	0.316090828841827	19
0.0507417650018817	0.144359818881855	19
0.0396372263794504	0.115672456990218	19
-0.00799469849938247	0.0190869215087229	19
-0.0548366900298377	0.142890675525117	19
-0.0602322405526013	0.179826825768953	19
-0.023729317748943	0.0658570033717842	93
-0.100210961227236	0.340134293387459	93
0.0807630909932435	0.271190483787087	19
0.0652739706334419	0.115964265410296	19
0.00396767239611199	0.00765775843204951	59
-0.0880305587039047	0.196049681595222	59
-0.0934482544012158	0.277338518076272	59
0.0799086256597675	0.237104921684406	19
0.0877530811765064	0.23659409731856	19
-0.0831142531032586	0.174188958044026	19
-0.0533774953383682	0.097901133216015	19
0.0901739252955251	0.238593014759987	19
-0.0441963416924174	0.109527731074478	19
0.025514267780806	0.0620989510729437	19
-0.068603169627074	0.212760345103499	59
-0.110400789221584	0.341597629724879	59
0.0129932077716232	0.032620451732213	59
-0.0486654145163345	0.110501338402838	59
0.0967245137969808	0.240179066672869	19
-0.0151568806482406	0.0349361081687407	19
0.0862340330912696	0.296602490509076	8
0.0497689538860595	0.135373331943058	8
0.10727816982325	0.31074166855641	8
-0.0169886569536471	0.043581133759797	8
0.114385542203049	0.346889891298243	8
-0.0723133307916091	0.173715824008126	8
-0.0185682730461367	0.0383270513140683	8
0.0237600561397046	0.0578677869081409	8
-0.0421765222086989	0.113675541892517	8
0.0392792912536235	0.117039171363734	8
-0.0354635156087725	0.0733561263669682	8
-0.0564658961731066	0.143357713367917	8
-0.0145133738698622	0.0340882002878654	8
0.00924940001352924	0.0218876117107811	8
0.0358425459286946	0.0993336299801024	8
0.00441321171953799	0.0114956832703258	8
-0.0194360300799266	0.0472150088442547	8
0.0425140782032411	0.119539406952066	8
-0.0421350623594419	0.172653332332802	11
-0.0168230435401302	0.0606242902412339	11
-0.11099525231072	0.568626287506427	11
-0.0091021797974814	0.0332746520281228	11
-0.00534604373385199	0.0191909237545175	11
0.00941736654103145	0.034740533518806	11
0.0624792507238105	0.281148545615711	11
0.0359660390927778	0.147930629722583	11
0.0790219302360065	0.379701985949562	11
-0.0167949056448417	0.056074590987445	11
0.0157261208093821	0.0589420286418541	11
0.0180373590402234	0.0687164735339996	11
0.0159889517980997	0.060216333092479	11
-0.0994978141632745	0.487455399248038	11
-0.0202449813454577	0.0782028361813329	11
-0.0471655296278947	0.205781354486702	11
-0.0865112215430082	0.43533936201857	11
0.0349296063260247	0.144788674986296	11
-0.0759857935011581	0.368443299802274	11
-0.042981786951735	0.0974822826745939	11
0.0353898481584736	0.0959900564799691	11
-0.00714323978663297	0.0100686660628983	19
0.036748277041676	0.0573312693585737	19
-0.0833283408844993	0.233889808271881	93
-0.0582545052275345	0.133458956174212	93
-0.0873465134417898	0.14323128445594	93
-0.0791729739605344	0.209610230496094	93
-0.0174466894730013	0.0314476522514664	93
-0.037023275795728	0.096089905969406	93
-0.0637749180887659	0.184861250034542	93
0.0142400609407091	0.0384931364014513	93
-0.0581783818876434	0.165588084544389	93
-0.00770232866304433	0.0189596465170672	93
0.109313262413862	0.3030627128622	19
0.0883947796418351	0.271828780631457	19
-0.0528185542123033	0.140532105212498	19
0.0219649601022839	0.0489099122402153	19
-0.00676206561269727	0.0150156512553498	19
0.0605146021725069	0.173712067543844	19
-0.0228751599158932	0.0607810126511275	19
-0.113432084133629	0.328052667714987	93
-0.0612995496356482	0.167128125244182	93
-0.0805874048391472	0.21929856229111	93
-0.0014914166648971	0.00352316717564347	19
0.121601192799662	0.380097429651618	19
0.106143697775274	0.291072714002198	19
0.0841032885600024	0.217091094703044	19
-0.121806851205519	0.35424685845218	59
-0.0876390849785692	0.225507797279576	59
-0.00226723577981886	0.0045430494362355	59
-0.0336809896283555	0.0753430717777188	59
-0.0933392546404583	0.24917110844202	59
-0.0289864648415636	0.065972522966387	59
-0.00270779199609438	0.00456472545345198	59
0.0970408939046133	0.175014090433081	19
-0.0329293938803623	0.0481438464300364	19
0.0736752704622003	0.122206405042399	19
0.0606480435932561	0.124278693119344	19
0.0306791526097085	0.0731275452860599	19
0.106054752243826	0.321147976148669	19
0.0998852715375319	0.295135709337163	19
0.0100257924568608	0.0236937954347993	59
0.0546043661134586	0.142928151164461	19
0.0344290302454311	0.0854068039235103	8
-0.038041015620407	0.102233510592098	8
-0.0547399765871712	0.137282298047216	8
0.0660294875593986	0.124437663009216	8
0.0227201996524733	0.0352673516629574	8
0.0626625943515738	0.124565066722761	8
0.0370756263247596	0.0748151907675045	8
-0.0631323308036793	0.136326861905033	8
0.046386662401123	0.0956816792290954	8
0.115361803613458	0.397646595459355	8
0.0279486552217895	0.075869166616328	8
0.0771139544514781	0.220751190770208	8
0.0344859913499734	0.0782922351612924	8
-0.0600544649265746	0.143293197992018	8
-0.032192779240325	0.0791599537105218	8
-0.0211113777488294	0.0506324822456413	8
0.0749282103084651	0.176805661250124	8
-0.0342445828874604	0.132947897866731	11
0.0631568892649528	0.265470619893022	11
-0.0595741289972988	0.261347925029954	11
-0.00780385609391744	0.0270033815463812	11
0.0507202881408431	0.207680528052332	11
0.0467313744923521	0.19299709758326	11
-0.113001894064649	0.509312858988629	11
-0.029970099042383	0.0699555478361422	11
-0.0686236979405547	0.286356260690863	11
0.0283465677337716	0.105003826645723	11
-0.0871208261626565	0.350045935598785	11
0.0450940626886399	0.151109879443197	11
-0.0708447210941092	0.300649525436028	11
-0.0010162486307357	0.00357700468269234	11
-0.113178717275582	0.498772686011266	11
0.0525517813923602	0.220002543453335	11
-0.0206308976020407	0.0786887178583938	11
0.0679515385625823	0.124005700158985	19
-0.00510699017975823	0.0084395702398308	19
0.015774449768736	0.0297800218505117	19
0.0577142729974816	0.0532361300958101	19
0.107960895746722	0.29212641110901	19
-0.0602862402887759	0.127984971941794	93
0.108182038191517	0.174404953513003	18
-0.058923037403413	0.137080398004589	93
-0.0711351248330405	0.216568930210226	93
-0.0559484977610414	0.136209458768969	93
0.00334375237049895	0.00619552091898789	19
0.0240688917920898	0.0439009936898064	19
0.00741874371702882	0.0180610552839499	19
0.0682852940762682	0.174110814958171	19
-0.028628169244862	0.0736824167517741	19
0.0373768144554552	0.0887182184154234	19
0.0109624332240189	0.0203017960117561	19
0.115596239025889	0.247364468707706	19
-0.0782242827138279	0.243529144508642	19
0.123195479111169	0.421469842082088	19
-0.0506730968092437	0.141658502616126	19
0.121583950721181	0.4172750088009	19
0.000627425766866965	0.00146719294253464	59
0.114711731908351	0.259571047170196	59
0.116686330917064	0.288475037892931	59
-0.0932642859121355	0.251202325139837	59
0.0698445848508663	0.167740280620702	19
0.0554517626152631	0.133157129375494	19
-0.0280579454437554	0.0440016621714561	59
-0.0866975451961438	0.224666057011771	59
0.102674739469653	0.356066195120894	19
0.11709652309453	0.4282016313676	19
0.0702336134105539	0.19856283138218	19
-0.0293308288041103	0.0746183261875706	8
-0.0825391696355591	0.111499446715747	8
0.0831308678242977	0.117090132984528	39
0.00262665709131096	0.00631628763475915	8
0.0777681397340158	0.27201400717703	8
0.0702949394243337	0.18571468377852	8
0.033522315139016	0.0990248982613149	8
-0.0303547953707358	0.0769054798471872	8
0.0588748168740213	0.158367061283728	8
-0.1065564950629	0.240828752459093	8
-0.102297717847482	0.219069364544958	8
-0.00314540713119974	0.0110020609541501	11
0.00603178289720128	0.0216417794134645	11
0.0145576432010581	0.0511550578968018	11
-0.0205101845829908	0.0751029198096919	11
-0.0484821094039036	0.199722567894459	11
-0.102841516604092	0.54744105975869	11
0.041411760284481	0.139230965491481	11
0.105619772424946	0.281616319814921	11
-0.109669226353685	0.498109715136846	11
-0.0740977155088643	0.301179277965974	11
0.0630964598373821	0.213041681455021	11
0.0787510737771089	0.295667063869308	11
-0.00665336727908956	0.0227754493834397	11
0.044163452097931	0.18862444116869	11
-0.0332329458458611	0.131794065028002	11
-0.0967573001693462	0.162883664695097	11
-0.055868700503298	0.137169115062883	11
0.0911902729247869	0.0994423120260367	19
0.0700628771119487	0.0775034544765158	19
0.0743463879188265	0.147864070703548	19
0.0324441765224872	0.0724152565560749	19
0.0866010870543761	0.199531444198466	93
-0.0967232036507191	0.223320365508802	93
0.0472956186707803	0.134155258292567	19
-0.0539295061681699	0.14283933927235	19
0.0354871875967981	0.0684151047123121	19
-0.0997609729924621	0.230512426702041	93
-0.101809650597089	0.337541052274423	93
0.0114571322949939	0.0248295206667446	93
0.104489636908028	0.26713745414284	19
0.0870671368673409	0.172079390371033	19
0.0349177507576523	0.0649179077367617	19
0.0349795498575201	0.0618240009222446	19
-0.0822900543684227	0.188197140064079	157
0.0503757801662436	0.140729069249749	19
0.0899249071950418	0.303121138223176	19
-0.0745301487460117	0.216770954210222	59
-0.124478469390809	0.312666834529222	59
-0.0211797475342287	0.0387505317891294	59
0.0979026014883514	0.243680152964811	59
-0.124050627629154	0.277695850303674	59
-0.0952797159855498	0.26012698111228	59
-0.0519243836994134	0.100235103388617	59
-0.0981494838890356	0.124902194082341	59
0.016923371709182	0.0172033750801611	59
-0.0350856947220916	0.0441102470964545	59
0.111425605313574	0.268657258810246	19
0.0693768847792554	0.154916613214996	19
0.0275118877680003	0.0653362620715039	19
-0.0214519222939279	0.0621411459168082	8
-0.0527731626119943	0.110144460107401	8
-0.0718323444262585	0.116879093991005	8
0.0353004276365472	0.0453888820918194	39
0.0964459127626448	0.162072755934414	39
0.040953513831507	0.0467776917088075	39
-0.0307009486335704	0.0480253835141101	8
-0.0199407421837986	0.0416948522496793	8
-0.0821745240694889	0.276805497603265	8
-0.0506842319910075	0.145155169103178	8
0.0782490799137393	0.208249841345782	8
-0.0921622578784668	0.172806665360104	8
-0.071708666166357	0.172837812623465	8
0.0507761434603465	0.0994270997548514	8
-0.00292920094174365	0.00632714638805406	8
-0.00536224456301725	0.0101952309479757	8
0.0641037378735693	0.287763664227004	11
-0.0945245044271267	0.466042278754089	11
0.0356877436304052	0.14835175001897	11
-0.0143170945388516	0.0534129575311586	11
0.0434734988833347	0.182973728429993	11
0.00724819300095001	0.0266676309442427	11
-0.01971715547357	0.0772937515955115	11
0.00180417803987769	0.00599129970273904	11
0.00832852965247239	0.02368702678326	11
0.0857318995291072	0.385588468620472	11
-0.0632503641741468	0.263339205668136	11
0.035785372046462	0.128428250091021	11
0.0076286921278973	0.0236611450468179	11
0.0157121892154494	0.0544338041916462	11
0.0911409508528129	0.448161625068951	11
-0.0924421951371781	0.403288768098576	11
-0.0769926167486349	0.364576502023372	11
0.0874615055401483	0.443261096321261	11
-0.0246744011362267	0.0975480378524454	11
0.103439507835454	0.182015376457595	19
-0.095258934270287	0.22664214554124	19
-0.0286418719712874	0.0641300870073417	19
0.12148639545134	0.283131099176152	19
-0.0130084188356183	0.0183711432830891	93
-0.0387903438381132	0.0860199957601304	93
0.0235660351573097	0.0468099813859293	93
-0.088320675672572	0.223595990347348	93
-0.00572208197709083	0.012641861889456	93
-0.124714993870351	0.449799644193158	93
-0.0723547448918557	0.243648710139177	93
-0.053087447510229	0.140175036304298	19
0.0413374420978309	0.0944707883549781	19
-0.0175196022367455	0.04218147133814	19
0.00676137964254215	0.0141656123860366	93
0.018389918111254	0.0383635702091821	93
0.0232485265855421	0.0498603795731552	93
-0.0719134225340439	0.218182016046827	93
0.0689929166724927	0.187780743533589	93
-0.0190163231171418	0.0376864866332088	19
-0.107371328017907	0.292550777776856	19
0.0688618049882679	0.157604070321937	19
-0.0538102734885549	0.130350343196972	157
0.123539294394509	0.396407489811463	19
0.0592401374625416	0.166298272099051	19
0.0206648409941209	0.052488417989831	19
-0.026614080323408	0.0558144859321779	19
0.0754136815783845	0.165922377878019	19
-0.0894291169749608	0.224699971145378	59
-0.104322134424199	0.296300781176399	59
0.109209871119515	0.273433291022294	39
0.0172057510707708	0.0384907491492883	39
-0.0721301690652046	0.167361363561709	59
0.107771626044435	0.28634033989981	19
0.103240083165355	0.301374316665525	19
-0.112938323350555	0.38545942224883	8
-0.0696938075926906	0.221187322193566	8
-0.0795564365087102	0.221037422333053	8
-0.0330486693047476	0.0688696879560681	8
-0.0918295322787543	0.185871718860884	8
0.0534256528725469	0.109984596045897	39
0.121719099251064	0.211661523150098	39
-0.0211131995287611	0.0337407712870615	8
-0.0634868034263862	0.11530775113533	8
-0.0107249698044432	0.019824236398967	8
-0.0207525862811997	0.0587587056691174	8
-0.0755626031572389	0.213939371865583	8
-0.121297865241397	0.423587278416966	8
-0.11056766599245	0.310375054292865	8
0.0595925092198116	0.132647380502207	8
0.0466613105764454	0.111341651834954	8
-0.056076348959127	0.118390984141257	8
0.0534859690190991	0.239009032184361	11
-0.0211972062568976	0.080891790968808	11
0.0280419549139995	0.108695361459744	11
0.0881865159426621	0.444191848267986	11
0.0252661076172218	0.0983887028377852	11
-0.0204104765169324	0.0790847850023778	11
0.00832223759667532	0.0307331690782994	11
-0.0236944998728947	0.0944285316827806	11
0.0945275488134301	0.39436742248675	11
-0.0029329488086978	0.00977346659167374	11
0.0279267736020255	0.101990517086435	11
0.0492854750351287	0.188577776213085	11
0.0274495832757572	0.0880569505069896	11
0.0296947959611755	0.105583425048941	11
-0.0120842837197001	0.0444537118919906	11
0.0690486302714235	0.27601787499987	11
-0.020203176604017	0.0741288143995845	11
0.0936410534294694	0.484964934707116	11
0.048466795971798	0.206743296583208	11
-0.0587802086318657	0.104208631414557	11
0.0463407563553709	0.101478423639761	11
0.0569258424032473	0.0524579775365222	19
-0.0772305523086779	0.16598796682977	19
-0.0818917960219344	0.0879122862571169	19
0.0828532039971154	0.107216595937736	19
-0.0189930439501293	0.0387194148783358	19
0.0201953963225332	0.037215660870643	19
0.0586775922088817	0.0775382412369159	93
-0.044970973878041	0.0983406393362141	93
0.0852860192992905	0.209249275990756	93
0.0590435742764646	0.103072781303161	18
-0.0869807763291631	0.205747868354829	93
-0.0485950165937461	0.134060672359142	93
-0.0680140879027077	0.217812411143934	93
-0.0955645154504665	0.269993517041062	93
0.0327968223783038	0.0656110366869637	19
0.0909916576163853	0.202525280666927	19
0.074289026745575	0.201030035637711	19
-0.0514582562789823	0.120255829346464	19
-0.116203672815143	0.294744891545831	93
0.0165720684601862	0.0465759586931861	93
0.0257061133832061	0.0544395165105493	19
0.0160232550144853	0.0307355142596949	19
-0.0624607010905217	0.141063158431188	157
0.100293619211745	0.251963705711221	157
-0.0300671283565032	0.0667174715186429	157
-0.000803820364121529	0.00177269623852704	157
-0.000973963501385799	0.00226185642582181	157
0.0840378848300323	0.251626721286153	19
0.0847453473519416	0.204718402255129	19
-0.069190711204791	0.163506263076733	59
0.093403179309991	0.259762334387908	39
0.0934099838279795	0.269178286975499	39
0.0871879902972489	0.206582314648083	39
0.0337756077348018	0.082444204345638	39
-0.0772760933560039	0.172081935445224	59
0.030513055979539	0.0471497083274761	59
-0.0417227539972434	0.0523714639103319	59
-0.0901046987895037	0.129333458586377	59
-0.020152305583654	0.0471706760421234	19
-0.0613543538768389	0.146823752985099	19
0.0758691096353805	0.140106603255057	8
-0.0689374319060443	0.189161298314864	8
-0.0336184596388969	0.0946947699148535	8
-0.12370860663245	0.393675053960348	8
-0.0324131129663857	0.0810329454218765	8
-0.0581892348801738	0.119355332207242	8
-0.0272403677768898	0.0426640587035224	39
-0.118844223218838	0.21009490956896	8
-0.118434504832257	0.308914792257873	8
-0.061113445472732	0.104394394350453	8
-0.0192398764262444	0.0519221286294611	8
-0.0478816515186976	0.145999381754417	8
0.0406277900082685	0.113305402613533	8
0.0431805333217689	0.119937406709477	8
-0.0432808454379148	0.0902378799150747	8
0.0939929364860307	0.217284162219566	8
-0.0922123490650516	0.459892073089067	11
0.044663185358813	0.193208523381883	11
0.0712749791876901	0.334935185258018	11
-0.0554241176330021	0.249213055142813	11
0.0520260067347591	0.231112150659744	11
0.0022577093974043	0.00714470428264061	11
0.0441843719781629	0.135033455324123	11
0.0476678999411868	0.172818033811513	11
-0.0544461657688038	0.213558951528266	11
0.0444520085033178	0.163369379240746	11
0.0589688741732294	0.254814229363542	11
0.0259885775836479	0.0910212898537153	11
0.0290408181155216	0.110930819046441	11
-0.0241809710224268	0.0960143475951456	11
0.0193752362020181	0.0187489793060004	19
-0.0773365356101507	0.101048716818426	19
0.0301248020885912	0.0602936119995218	19
0.0368909934829818	0.0436938666479728	93
-0.121275055683996	0.186848016077963	93
0.0653666040885631	0.147050619920708	93
-0.00623855735641365	0.0118786930034239	93
-0.0369001886957461	0.06627535618776	18
-0.0435503409659973	0.118231562522725	93
0.0217933569033104	0.0548265386840261	93
0.0434414061400225	0.103002353803181	93
-0.0312765485929669	0.0608171793887303	19
0.0779971305895443	0.20627113268396	19
0.0858596676843269	0.200742174461418	93
-0.0413034545805649	0.0874016831590593	93
0.0668466991496621	0.15946861116661	93
0.121911475468553	0.336501274980858	93
-0.0614690343352984	0.154120396006396	93
-0.0311797316349481	0.0786221371467727	93
-0.0111954124028937	0.0235829799402062	19
0.00591233224152416	0.0106692684544207	19
0.00605212881888886	0.0127639733227363	19
-0.0480674642253725	0.1049456019947	157
-0.0785619626762065	0.186714350898869	157
-0.117178282816992	0.309169545878516	157
0.0164473828852245	0.0358943717995853	157
0.112244695123236	0.303491867959015	19
-0.0280978519563314	0.0609589674368042	19
0.103515020691645	0.253852103051063	39
-0.078230556445828	0.177467793398776	39
-0.0602895885485809	0.0707147469866731	59
-0.0588717410673524	0.0767426609793408	59
0.0610703508521891	0.138180433405093	19
0.0403499979626591	0.0927221029021594	19
0.015803065424819	0.0349685820088725	8
-0.0790252974044439	0.217500086760072	8
0.0431204705098472	0.0924641829844824	8
-0.0369548394144617	0.0755507773787015	8
0.0413726157249534	0.0638808662001383	39
-0.0214665061090001	0.0335313280924261	39
0.0796366089806119	0.106625159612091	39
0.00927724577529773	0.0166671048473883	8
-0.110109606321896	0.262039901017106	8
0.0210084800280719	0.0348101925906645	8
-0.0418778120938545	0.102045675586927	8
-0.0729781850252757	0.178813165148145	8
0.0888953739383803	0.245060778721048	8
0.0344657916642214	0.0729503085225084	8
0.0584402621483743	0.117385272673737	8
0.0370753264360771	0.0782364092031894	8
0.0352906014112567	0.0751647934359019	8
-0.0705110138676699	0.308445047995932	11
-0.0783719711826262	0.364643253031873	11
0.0646624421685214	0.301816132616561	11
0.0859313291647535	0.433162059140531	11
-0.0701981276482058	0.318581616841602	11
0.00848299779164318	0.0310393582524754	11
0.0570304746540028	0.256053834962988	11
0.0613224373929032	0.281480630840105	11
0.0667418032645859	0.310012499062633	11
0.109586206231479	0.594804682688869	11
0.100815315537047	0.529574877469154	11
-0.0242378463202585	0.0959599534854624	11
0.073745629066352	0.34835534508914	11
-0.105600664738379	0.566743336468027	11
-0.0961762537023378	0.500510714902287	11
-0.0465530917609884	0.179900092143545	11
-0.0511266913278542	0.226326156465213	11
-0.0460244843274712	0.113991349582485	11
0.119835569883549	0.0894990022757378	11
0.0277019459444476	0.0517506596654977	19
-0.00792401745192189	0.0183805589949215	19
0.104127880122347	0.17198008769237	19
0.0798496351648327	0.203344383292765	19
-0.0368343037983398	0.0737797885050023	93
-0.0411106911164499	0.0933471949178918	93
0.0699453641711941	0.167833787354967	18
-0.0857040779447723	0.250158233844969	18
0.118784916581104	0.382912725786248	18
0.0847839751791	0.214303764695868	18
0.0448849697603896	0.121020983729438	93
0.0715999697266688	0.220983187155108	19
-0.0054013555605529	0.0123931919938129	19
0.0476956047446162	0.14356686905554	19
-0.0257146492153855	0.0681241762483821	93
0.088947449621019	0.272794280972687	93
-0.084331547958434	0.258030076937881	93
0.0690884549107711	0.216196791919708	19
0.03843545232804	0.0935594188367816	19
-0.0834442820916201	0.249925477136746	157
0.00731508026705957	0.0179021203048239	157
0.0304179514305177	0.0854645321436035	157
0.0249307653352219	0.044724699318924	19
-0.095999215253913	0.190326416696352	19
0.0388842728350233	0.0926376329456839	19
-0.0266380497329599	0.0555455317494839	39
0.0719777787796743	0.14531829199634	39
-0.11008931543822	0.348099708897571	39
0.0860541376171105	0.219200301694573	39
-0.0398761173101753	0.10520791856431	59
0.0885342502738411	0.247922376806111	59
-0.00284658385410199	0.0054950751664191	59
-0.0733304136274351	0.158307942012776	59
0.0258497620311169	0.0510559368266486	59
-0.0098830838762025	0.0199801779527916	59
-0.071100176662573	0.18151598795113	59
-0.0505337292550302	0.126722446107301	59
0.0469444334021041	0.138965241905875	19
-0.0905949874386925	0.228210987373933	8
-0.00481603984400417	0.0099989206168941	8
-0.0167211785113755	0.0326307316175459	8
-0.0227346944442998	0.0480771327928191	8
-0.0623565856860698	0.15428834759584	8
-0.108533035250222	0.278240057424793	8
-0.0000496448263125264	0.000103594334574738	39
-0.011898675843673	0.0223052237221849	39
-0.0458698207959133	0.109318382677432	39
-0.0130549633066665	0.0268253075169149	8
-0.0815299129567754	0.241003323418047	8
-0.0271255375498073	0.0683499383469807	8
0.0196059649483542	0.0472599297191767	8
-0.104092809097054	0.293955789735618	8
0.00668179967583513	0.0112525733662953	8
-0.0178313416860169	0.0447248610915486	8
0.121037089866126	0.316922661929597	8
0.0315418437906625	0.0811990765800959	8
-0.0799841003766386	0.172244052962336	8
0.119973652146264	0.619261418396582	11
0.0172292449455201	0.0626810292737134	11
-0.00989313065906596	0.0362010722234812	11
-0.084655682453749	0.413201063980575	11
0.0468733748761957	0.202710553339046	11
0.0333682129232569	0.138037586874472	11
0.028597852892831	0.115994051339493	11
0.0843859197556906	0.413339942372031	11
0.0398031614008737	0.168478782624633	11
-0.07688242398437	0.355055440703612	11
0.0435079745793149	0.18321065717273	11
-0.0537592506734555	0.234315611622293	11
0.0417070565790982	0.173782435330836	11
-0.101867367461316	0.511332162303341	11
-0.00630802799387239	0.0228847788327832	11
0.0461319737603189	0.199941884102859	11
0.0662611392052759	0.307139367822374	11
0.012041182190071	0.04575196317732	11
0.0825357703350189	0.403254390311884	11
0.0875734663968541	0.443965372484046	11
0.119873383033433	0.363641797781145	11
0.041457567284263	0.0566496480445814	19
0.0948449183943187	0.26296846629729	19
0.103318651143664	0.142015611725912	19
-0.0073060755215576	0.0150723091984469	93
-0.0794191031294681	0.141856602505648	93
-0.0132162710059033	0.0301848327689579	18
-0.01361094704437	0.0276354684548783	18
-0.105794523207167	0.325927633151695	93
-0.0550189569929341	0.148732802716096	93
0.0102881960405086	0.0259560830051595	93
-0.0967634299749942	0.28760206463829	93
0.108894998067103	0.331547236598049	19
0.0445324585400094	0.116131014378095	93
0.0394249909890317	0.104914762623879	93
-0.0448762073680055	0.119978079570035	93
-0.0222127831527444	0.0534346863454714	93
0.063292865105301	0.178971220797146	19
0.067771629670943	0.183858163420981	19
-0.0740004843607224	0.198940510440946	19
0.101369488387256	0.310449308496388	19
-0.0218420395094384	0.0579997059238295	157
0.0265391427419447	0.0704102389465235	157
0.0755689230351821	0.170636647295203	19
0.107361949021725	0.247316691541536	19
-0.0582505530583852	0.150231262041604	59
-0.0122435505332765	0.0248773311755823	39
0.0767226567145681	0.202330407582482	39
0.0455643410831151	0.103245747353051	39
-0.0820517791395572	0.14720147228812	59
0.0830349547244992	0.151582268824411	39
0.0460919962279259	0.103588740270394	59
-0.0306698367365918	0.0721788468066189	59
-0.103397966541464	0.307975947271555	59
-0.116184084373934	0.316783015842859	59
-0.0978414712505344	0.26272416726891	59
0.111737860219262	0.325499102060808	39
0.102194153666321	0.316628179086965	39
0.0497001758375091	0.119417174553837	39
0.0951698343335668	0.275038034922472	8
0.0245194429790905	0.060017361596855	8
0.0594599842404908	0.147670089773546	8
-0.0151912364314841	0.0326807099659066	39
0.000611061615578463	0.00136130869220632	39
0.107842365903762	0.248629034673149	39
-0.112294374678562	0.216912483867035	39
0.115604664145911	0.299969652066739	39
0.0193067459755064	0.0446648750497488	8
0.0755361620013462	0.193809353214255	8
-0.070674027298677	0.187585399287883	8
-0.0578061056933558	0.154135919948906	8
-0.0274775781612862	0.0679590457283834	8
0.12109139763587	0.375455419890715	8
0.04797654828936	0.0951149847278414	8
-0.12100151163997	0.620319633018275	11
-0.025451441619588	0.0940599512871074	11
0.000840190562425455	0.00292161718938394	11
0.0990688398730182	0.501625022041242	11
-0.0501488695786141	0.217026296706442	11
-0.00855586696225232	0.0318736599512258	11
0.0776635022694043	0.376113717057726	11
-0.0846330691737164	0.412429080914884	11
0.00302100927269673	0.0101776660073381	11
-0.0355104535635458	0.145279451304822	11
-0.059748432178174	0.258660660896319	11
0.0375796072530389	0.156304898071792	11
-0.0225321560954369	0.0876736360876575	11
0.103287460819406	0.542226949314775	11
0.00491819068091342	0.018168678458372	11
-0.0112141872697919	0.0419373313980478	11
0.0263335974670636	0.106172555401917	11
-0.0686680995507976	0.0533595681794526	11
-0.0961306389700824	0.267649245553436	11
-0.0921870788577566	0.116486006075884	11
-0.123988005068455	0.283097466118063	11
0.10587355104141	0.203071523326549	93
0.0562888137118696	0.0971320200032637	93
0.0204876580368943	0.0473369559389101	93
-0.0561149804998127	0.147877863131602	93
0.0739260909067706	0.184411237213424	18
0.0032484501452679	0.00634813119063535	18
0.106358140170401	0.315204770334327	18
0.0494318283016343	0.129002234027734	18
0.110490547739496	0.326527752607963	18
-0.0204450373381929	0.0506905755522071	93
0.0748726586857187	0.216865132030394	19
0.0739390643899871	0.206326193936589	19
-0.0636743122282556	0.178683666647074	93
-0.0737965183807483	0.208974695976707	93
-0.0871809944920233	0.271373398410121	93
-0.0570340004917018	0.151765954371585	93
0.00437931363578173	0.0103337572974474	93
0.12014139741115	0.395038183253203	93
-0.023120954256861	0.0597193986417393	93
-0.0370914429375666	0.0987881484046814	93
-0.120962882192117	0.404565313501363	93
0.0208184675603461	0.0533267560433467	19
-0.0474852379829887	0.120850657615878	19
0.110753359200205	0.34362117421668	19
0.120585529069466	0.374777972888679	19
0.0398676801791723	0.106894582757943	157
-0.123535065822074	0.394658033834095	157
0.123851772667219	0.298407080346933	19
0.00234631093518814	0.00470556305266742	39
-0.0178337849301676	0.0416195693412174	39
0.0829548830494607	0.223434115702628	39
0.0694262198776328	0.170346769071177	39
0.120259691442323	0.291326351564257	39
-0.0911069284992447	0.279953173861277	39
0.00029375832190805	0.000670719771472801	39
-0.102688434569207	0.295647100268129	39
0.11519884167877	0.257439759216107	39
0.0302735210557524	0.0509202013185867	39
0.0423997905325559	0.066072620243532	39
0.0219079868300104	0.0388585778232321	39
0.055382524554818	0.139385774102758	39
0.0635630923253712	0.171516027195071	39
0.0545695745029501	0.13926492299128	39
-0.0367214781932917	0.0859530788960149	39
-0.0815402744586151	0.212472907155075	39
0.0621566606783997	0.150164432050934	39
0.0957688037400128	0.270093925932726	8
0.0272498167668598	0.0609096827808593	39
-0.0768053365326481	0.186399658383994	39
0.02287227075781	0.0430816697754088	39
-0.00603079094655872	0.0125211806808097	8
0.0382725795015625	0.0927915305827219	8
0.0394819305129251	0.0883616282125204	8
-0.0633762029983365	0.156331775009503	8
0.0830372207067368	0.246703047110635	8
0.0245528019415323	0.0588940765498797	8
0.0892138583269764	0.257531216062054	8
-0.0182082368122249	0.0390492414157786	8
-0.0487259010256775	0.128037206776792	8
-0.098774839934173	0.276659029088924	8
-0.0882747726472873	0.246955646652974	8
0.0257087104022106	0.0634994036879561	8
0.0634311632715461	0.275285750279664	11
0.0394574868405615	0.154651182608215	11
0.0140141367308544	0.0514474632033689	11
-0.00878921607932913	0.0323224780565856	11
0.0586527616689477	0.264374801547581	11
0.016950070102655	0.0655316145069017	11
0.0330489896401506	0.135903812049711	11
-0.0280148650689578	0.110858650044324	11
0.0924123342842135	0.473782402417896	11
0.0380581242124851	0.158308234586759	11
0.0801909142850181	0.380804419857568	11
-0.0331852209198498	0.129997141547562	11
0.0443325135279044	0.18785331225114	11
0.107701965380167	0.572260745221411	11
-0.122510859640148	0.693480955642649	11
0.0144054324769681	0.0551877512486604	11
0.0487239938086721	0.214244222747186	11
0.00970792367421874	0.0208770765063295	11
0.0995870133383139	0.082286916267047	11
0.0121289530066959	0.0151632670092196	19
0.0555694051858157	0.141982654571194	19
0.0724396448553813	0.0854832615111863	11
-0.047771117066188	0.0822927508957804	11
-0.00866563501069582	0.0207252970759824	19
0.0257992600379808	0.043388812622142	93
0.0541064691236181	0.0759554379940497	93
-0.0246161527780618	0.0587908980164636	93
0.0565563466654225	0.158898847634777	18
0.0846381131220498	0.251207918033754	18
-0.108382128909708	0.343541825229027	93
-0.00676656659644508	0.0176945704939456	93
-0.0724584237849829	0.221865411079885	93
-0.115532112502266	0.367667327583904	93
0.0987363011000481	0.310730385899861	93
-0.0691185859948112	0.191194368229795	93
0.0628414811452621	0.169270217243698	93
-0.0116969028576497	0.0276637946379711	93
0.0789460627428807	0.212273911898175	93
-0.0154454011185293	0.0399236795242001	93
-0.0455248681945334	0.113538180623755	93
-0.054211507240421	0.148631217047172	157
-0.0557191912236635	0.155485022903881	157
-0.034421537444165	0.0931404470802538	157
-0.0784746863698197	0.194137220210072	157
-0.0376378379639423	0.0816027790424646	157
0.0597580351354315	0.144324031873382	157
-0.00826772769821828	0.0196636500694402	39
0.0808058849253852	0.237857372420368	39
-0.062869965875282	0.147768855054078	157
0.0209163993963223	0.0515008582561649	39
0.10453750722315	0.324269517964189	39
0.0251563343078499	0.0419700836213267	39
-0.0457315583591319	0.0820110590151751	39
0.0704761500690651	0.135565415747597	39
-0.00595117425506808	0.0140670877687378	39
-0.0909996701174904	0.267297146695327	39
0.0714632730897118	0.196289439744216	39
0.068924589813475	0.1881334285603	39
0.0656509609759186	0.179147675619473	39
0.113188238269416	0.339949462410003	8
0.0157274113281445	0.0386241697021983	39
0.0843513923881282	0.226868375032852	39
0.104737136364007	0.262197600242118	39
-0.0437134656157749	0.0981566540876951	39
-0.0943858677346342	0.173352486468862	39
-0.0327495921065232	0.0629391399036806	39
0.119307495479767	0.291517299930995	39
-0.00197058417449603	0.00424127152447944	8
0.0854322692324548	0.238390536237102	8
-0.114535587694546	0.306254681118381	8
0.124209526240937	0.341831550508955	8
-0.0139938224869187	0.0326902451200221	8
0.00523460894907973	0.0125277990989286	8
-0.000782207986589001	0.00177879336073283	8
0.0937511430016052	0.258134401143511	8
-0.0214184989738737	0.0767361204210802	11
0.0213222260319203	0.0763841406103882	11
0.0464421672601596	0.188081453270408	11
0.0738820311879644	0.338774913801636	11
-0.077594653268063	0.362337860044352	11
-0.0367912992339758	0.150723293137793	11
-0.0162820023199105	0.0622687787995505	11
0.100608157851794	0.515974981296322	11
-0.0327393104070787	0.135231852270183	11
-0.0483772994191653	0.197798094963859	11
-0.00040304284667477	0.00144973822125327	11
-0.105544184288396	0.546325897146156	11
0.0445567618445715	0.187819898705867	11
0.0667465455547435	0.306475747235993	11
-0.120274056416462	0.675269139441066	11
0.0165194822169127	0.0634610200186039	11
0.0710512318909927	0.3347363938457	11
0.110509555803588	0.605524378696132	11
0.0145278054806231	0.0558131355604249	11
-0.0125099555308142	0.0475911446034375	11
-0.113671654955249	0.306428139548095	11
0.0414284470848332	0.109770271313668	11
-0.10715617854174	0.0898735944580549	11
-0.12220089340768	0.381577134082519	11
-0.0973797268988251	0.114498046654947	11
0.120600463595718	0.379214203948628	19
-0.0382313771215653	0.0872088646164468	93
-0.0979942069466653	0.191877293706767	93
0.113002092102738	0.192394635303523	93
-0.0612832279471337	0.160992842260749	93
-0.00372311813083334	0.00844151022144105	18
-0.104670223536104	0.308613245218594	18
-0.0850230471760274	0.255136323464344	93
0.0344921527222118	0.0906927658046774	93
-0.0895099560788902	0.256160092447974	93
0.0409807400018617	0.112713484806127	93
-0.0400194088230956	0.108235772855793	93
-0.0982603795247441	0.308870780567117	93
0.09423869102129	0.281994374462548	93
-0.112663235604569	0.350186127591929	93
-0.118120524306854	0.375281315345215	93
-0.0934606053989533	0.283810961057011	93
0.112821966233404	0.351691943065037	19
0.0489235990099735	0.129376147919305	19
0.0174277764869865	0.0416529940501747	157
-0.120804171925347	0.405924105645175	157
-0.0130547567369195	0.0335947622624531	157
-0.058669310401638	0.125367670777597	157
-0.00924650281698547	0.0189107708258566	157
-0.0194637354819073	0.0408061511020954	157
-0.0900326006157824	0.233225466355082	157
-0.0791911750383522	0.199686030507914	157
-0.00825211459591163	0.0173781743495541	157
-0.0445281028970495	0.117640585535138	157
0.0367365865310639	0.0956191376857094	157
-0.0653418306716665	0.150091638520921	157
0.110083763727437	0.215727494481262	39
-0.00791259519430522	0.0131289496589926	39
-0.0152438594246023	0.0320546204633096	39
-0.0260643474711307	0.0656774339348246	39
-0.0389340193760729	0.0996867567513892	39
-0.0610289488957454	0.161712924988793	8
0.013910447277824	0.0310027687737154	8
-0.0307265156395381	0.0732441061960436	8
-0.0242056611809051	0.0619864311577117	8
0.0268846858198097	0.069986294674119	8
-0.0248106333581561	0.0602420153736281	8
0.0566693064260952	0.143054660789215	39
-0.0952723782950124	0.206453641650632	39
0.0864288684368362	0.187685972633136	39
-0.0756708960401529	0.135275863317266	39
0.105848699932338	0.268436087825099	39
-0.0923528552728387	0.23617481987349	8
0.0453893480222259	0.12101129373589	8
-0.104352684009385	0.31360895324672	8
-0.0345329287372355	0.0855423359564606	8
-0.0222027381914672	0.0525364553407117	8
-0.11471978775871	0.34117574094707	8
0.0922705874626308	0.411994932827435	11
0.0832764026683086	0.373233750472033	11
0.096562977811451	0.493949824671945	11
0.0294955756061823	0.120134802438185	11
0.0790393376771117	0.387689411092956	11
0.077286413390369	0.376271985987549	11
-0.0184720416785908	0.0710681873449759	11
-0.0364695294672533	0.152542727234179	11
0.07597639962538	0.368247096992338	11
0.100076028869174	0.529819249921327	11
-0.0282523060508809	0.114607571864084	11
-0.0643946683024314	0.29429450944428	11
-0.00818906208249884	0.0306178861951833	11
-0.0605600128203925	0.269098197103112	11
0.0223483273250439	0.0886117748763854	11
0.0348628649321131	0.145308627936453	11
-0.111848975416282	0.588774834948114	11
-0.0673634198438679	0.316895784357825	11
-0.0026064675600314	0.00601059029858783	11
-0.0978549250878371	0.148842226354874	11
-0.0391854661669944	0.0545833908043433	11
0.00324233225840134	0.00800548032845972	11
-0.0549631285895556	0.0890885059035434	11
-0.0264096404754252	0.0657702865334725	19
0.0635884324920773	0.159211269970801	19
0.0883527445740827	0.199025259425235	93
0.0279977707631726	0.0621690027708694	18
0.119038469384062	0.36346709802943	18
0.107546909599736	0.335908639192214	18
0.0269885571991166	0.069452783390773	18
0.124204109673108	0.434416605362925	18
0.0882544738998734	0.309738354256621	18
-0.0899626907041384	0.291903575204513	93
-0.0520212146812313	0.128999443736193	93
-0.0242268549901557	0.0680422415737577	93
-0.00691425694107766	0.01847590231123	93
-0.0901078235369977	0.292047288190255	93
0.012037586424124	0.0292202024947388	93
-0.0944909167060761	0.205567183460891	93
-0.0972431011405446	0.319441959056807	93
0.00449323797803574	0.0114258703817021	19
0.0407897647740767	0.104095485191067	19
0.0146212914779398	0.0351656761983044	157
0.0842488436175885	0.259165922714012	157
-0.00825475059770285	0.0219070861322389	157
-0.0487960926583164	0.119467282908238	157
-0.0886256802904442	0.27413770286469	157
0.0492629342040283	0.102810583931216	157
-0.00158128318856573	0.00397016324827927	157
-0.0168400639318026	0.042871934142696	157
-0.0715527703504146	0.159066350904488	157
-0.109887852419649	0.273713566134741	39
0.0575455329623099	0.141613859586377	39
0.10383484288705	0.327384948346031	39
0.0933767397685664	0.283893883375577	39
0.118009603976287	0.407799855251546	39
0.0761354433988638	0.17666727443009	39
-0.0260539344128477	0.0564595286145134	8
0.0479471499399461	0.111941049015824	8
-0.115848630483145	0.3514526245852	8
0.0166398187062928	0.0419303595558895	39
0.0376693820817684	0.0960820847691053	39
-0.102418015872149	0.226706133896785	39
-0.0555739501750386	0.123524707536218	39
0.0111759799683167	0.0289488360407415	8
-0.0822753861286135	0.181145386611386	8
0.053702934073767	0.105726649240733	8
0.122068790137132	0.332990107031121	8
-0.0903401028957875	0.204571187250572	8
-0.0486999004214274	0.116001414122722	8
-0.124402160031139	0.274649427364509	8
0.0642164727277536	0.185384890664536	8
0.0782361374499475	0.185630900596785	8
0.00873141925331742	0.0202367610807396	8
0.070058375075373	0.303825659233714	11
-0.0105898890657363	0.0352333345138949	11
0.00467202437770337	0.0154645447675745	11
-0.0253218903900167	0.0950015127431342	11
0.119482593970068	0.630532176228007	11
0.0275926318708161	0.106504096356108	11
0.0199002244785063	0.0694974610209565	11
-0.0513021163200396	0.223424434600755	11
0.0543202803382028	0.237144106545028	11
0.0312939941581535	0.127810318556697	11
-0.0422076453599529	0.180831279289229	11
0.0106069742166897	0.0399753340820119	11
0.0348767973125229	0.14533170445505	11
-0.0369313388251818	0.154286188214986	11
0.0631196828985244	0.291484304701137	11
0.0495947042119429	0.104596580943407	11
0.0582508084138678	0.181270672551326	11
0.0315601028703638	0.0543104733808277	11
-0.0835432293992878	0.0707096924699318	11
-0.0618557543844042	0.112730625412569	11
-0.112872893445097	0.373522072480642	11
-0.114026070754111	0.150541573359404	11
0.0700004646166219	0.123288369008073	11
-0.06295145556126	0.192058861102222	93
-0.0585197682284897	0.145291154489873	93
-0.116626090426897	0.217120430578957	93
-0.0105970416445612	0.0119131131348554	93
0.0285249309508085	0.0758768854763334	18
-0.00943074796539564	0.0219977661608278	18
0.0991442897143676	0.269273208711142	18
0.0441405817389518	0.0979793795137452	18
0.0637331544372977	0.186675006930579	18
0.00867793685633584	0.0228309541917785	18
0.090300163097811	0.312982358723479	18
-0.060287783700793	0.15925335593696	93
-0.0418268610722431	0.105657063266811	93
-0.00881536346283643	0.0215041763759675	93
0.0937333844327415	0.279625928296645	93
0.0176378047630296	0.0464518601893737	93
-0.0167064003708495	0.0432313675167394	19
0.100164310702535	0.328198829534583	19
-0.0669480176786604	0.179577784072782	157
0.0766824299461827	0.220019253873675	157
-0.105307822391083	0.328418906623312	157
-0.0479040165286324	0.12688458215115	157
-0.0234060268629098	0.0558983482563409	157
-0.104741903182619	0.280973220547826	157
-0.0140385310052691	0.0308969800441793	157
0.119477258495823	0.343421575925929	157
0.00146471370612621	0.00349696895411518	157
-0.0450034863824502	0.118341752086036	157
0.0644885478562859	0.174190619570278	157
0.0234021408370551	0.0497620059315156	157
-0.0485757320024047	0.087556798963045	39
0.122360831762597	0.259152801399463	39
0.117046261906209	0.245711049514057	39
-0.023696319709833	0.0523695584546426	39
0.0326207621435931	0.0878759004373223	39
-0.0740023971748546	0.205160131991983	8
0.0014397573261246	0.00319751909299469	8
0.0342212866241552	0.0890907367329207	8
-0.0103647548215134	0.0246653366946156	8
0.0954526463479145	0.264791192343775	39
0.00975806760648183	0.0193908273366906	39
0.0833411338096588	0.225218285231116	39
0.109890156351291	0.245177339657908	39
0.00723921569597129	0.012741212288447	39
-0.0835695436872513	0.200196359252729	39
-0.0840440370525593	0.223048187594497	39
-0.00768206361729441	0.0195812460799335	39
0.0806393503424977	0.193139707094043	39
-0.109471665498221	0.335008648462793	8
-0.0828695125356154	0.238404224225477	8
0.0138123418901509	0.0344661919729694	8
0.0259939809367096	0.0686820450788336	8
-0.0830730406563348	0.237559888938568	8
-0.00514899172685835	0.0107983288711138	8
0.107164692861898	0.306931066204384	8
-0.0949613412071709	0.262366915030999	8
0.121358876008065	0.599408086040318	11
0.0648555374619413	0.276179143058741	11
0.033515498085384	0.133670124975561	11
0.044442636299112	0.188385696847511	11
-0.0426041039130121	0.181669406143144	11
-0.0108039850502244	0.0408764300665098	11
0.0315635783891415	0.12986106567359	11
0.103913825743088	0.548235239985324	11
-0.020852090650585	0.0821699269437585	11
0.0125719133161042	0.0477510541702419	11
-0.0101861013275087	0.0383685484104121	11
0.0912539827089388	0.468016072839339	11
0.00122428348224226	0.00443644607848733	11
0.0238508257595165	0.0940661431540924	11
-0.114070476149589	0.625055768817488	11
-0.0267057240191277	0.107682439868999	11
0.000160446817563607	0.000579051872598201	11
0.0271967150908549	0.109851226444756	11
0.117602781007103	0.651740261824942	11
0.0256322898550076	0.102949818824557	11
0.0681961125388159	0.202989881996692	11
0.0501839926581779	0.0743415554099754	11
0.0335071540991193	0.0489601163959302	11
-0.12440293594665	0.310332060623709	11
0.113190902472821	0.339932345173945	19
-0.0425764917327749	0.114874159676224	93
0.0552263886303911	0.116526782066789	93
-0.0348556035998389	0.0754603138000937	93
0.0582333008345368	0.156710803815181	18
0.0114285541341417	0.0262291686382199	18
-0.0629959083459518	0.190785488488181	18
-0.0247578971712909	0.0611965154928136	18
0.116266534969475	0.401654908913667	18
0.0534468109779536	0.154757402644583	18
-0.0802419552268525	0.231135250966614	18
0.0948444160613823	0.328084794482375	18
0.0368960156268518	0.101687609131043	93
0.0452991626647669	0.126110562012481	18
-0.102031119951876	0.321359695040837	93
0.0971913929149209	0.303122212200146	93
0.0399378630240307	0.115143723700982	93
0.00653801178852094	0.0152208782584122	19
0.0750072951355223	0.230533216477993	19
0.0906046878509473	0.280647490338791	19
0.108740561880474	0.359401470583255	157
-0.0248207970694749	0.0649324695812586	157
-0.0652529905520615	0.201231054149283	157
-0.093601056171947	0.291485584654387	157
-0.00173944295143191	0.00426084147614516	157
0.0339713620916725	0.0638159101551945	157
0.062443581774758	0.132128809059189	157
-0.0873437735801292	0.24545225898227	157
0.00171171522794203	0.00353002771171169	157
-0.0617408616803	0.140490019705367	157
0.0164943911505582	0.0399938863627985	157
-0.0856246922704214	0.23291084189107	157
-0.0380144680212225	0.091940180376563	157
0.0278802906737567	0.0740401521648769	157
-0.0316482430532509	0.080460081315292	157
0.0648481201689975	0.147237007532266	39
0.0577827858598381	0.132431681144052	39
0.118132869461203	0.324261065755382	39
0.0122023691831131	0.0255541243274223	39
0.0548377446488721	0.144581131569008	39
-0.079193235967596	0.230145822411444	39
-0.0168426143144476	0.043024690914441	39
0.112426190650968	0.342220284744153	39
0.0588853491492209	0.167374779147356	39
-0.0247294977445056	0.0638276618429655	8
-0.0533872495381812	0.145029759275423	8
0.0568839056487183	0.124762196267025	8
-0.0657414773487174	0.166195216484292	8
0.0248258317144478	0.0595955324123647	8
-0.0496234633755083	0.124767268172136	8
0.0392766671128546	0.0968302810183511	39
-0.0770760249716256	0.201319699508613	39
0.114045256268496	0.352060531766954	39
0.0454023464545583	0.0921180656404155	39
0.0858128895421026	0.21466955957783	39
0.107348185906217	0.300255086367555	39
0.0462384402559769	0.123177460129321	39
0.0382153123530357	0.0935896033986302	39
0.0848106455794073	0.261785018765263	39
0.0682114545038413	0.190080624880147	8
0.0788617680540152	0.21547696048053	8
-0.053250602647993	0.130846990605242	8
-0.010393279262792	0.0243240164703227	8
0.06465631906172	0.174931767703324	8
-0.0895099560788902	0.256160092447974	8
-0.0698955039750734	0.174622014190832	8
-0.11144030433946	0.270801714448111	8
0.00983532621868372	0.0322629650525494	11
0.0545240299062583	0.216332070470472	11
0.096190277042731	0.477510067535681	11
0.0238064112127892	0.0919247006415068	11
0.121356144459258	0.678859259492683	11
0.101682536783482	0.540872558645976	11
0.0240767018882586	0.0961277414380587	11
0.015069814645102	0.0566496670657258	11
-0.0605029830739957	0.275696345847636	11
0.000263442465234429	0.000951506187372363	11
0.073855514125092	0.356267545166123	11
0.0552811565997652	0.248177129641283	11
0.0332931217297636	0.137894014013388	11
0.0407687075602212	0.173768040297749	11
-0.0572399534165186	0.256748405723969	11
0.0487854275038424	0.209743500386058	11
0.0951221349717242	0.320336643665583	11
0.00719611952989042	0.00924009942339789	11
-0.10192912717631	0.272925550840634	11
-0.122248687705032	0.438885053135425	11
0.0607921654092984	0.162434116270534	19
0.0768709881816641	0.227962329860153	19
-0.0539324183379802	0.149795295905517	93
0.02536536156047	0.0564594675735082	93
0.0641792264867661	0.123816763143149	93
-0.106436242995459	0.322944377089217	93
0.0613522526463959	0.17211473845706	18
-0.0736844079682397	0.226447980302808	93
-0.0769117081686198	0.233536752006338	93
0.0445605036290055	0.125121728890958	18
0.0227940174510693	0.0523891916728979	18
0.11899407726929	0.388718766847947	18
0.0989954855060414	0.277799732628236	18
-0.069284360537898	0.236550109888588	93
-0.0990763710642091	0.338218642683425	93
0.0445508955792762	0.128203422305582	18
-0.0298821145956053	0.0841869202782393	93
-0.116470928103252	0.406435128540259	93
0.0275702091176962	0.0731027651943115	93
-0.05838506164945	0.152516732199036	93
-0.109600154879745	0.352135075753045	93
0.0830921037957092	0.274692920829188	19
0.0459059162863661	0.134762999435371	157
-0.00167502171632988	0.00412362208052681	157
-0.0755160623098888	0.223032695231438	157
-0.0822944166446128	0.273247025720587	157
0.0283626535733337	0.0738583737037579	157
0.0659810367422771	0.134203976684293	157
0.103723856664729	0.230553777704787	157
-0.0915898723664991	0.18795626989971	157
-0.112862989170731	0.246982176558429	157
0.0379845234480439	0.107804354228677	157
0.0961320105204793	0.239475246824306	157
-0.0259748240137901	0.0504080202753453	157
0.103809854192324	0.305626572847768	157
-0.0650706076490308	0.202345076000761	157
-0.0324325670389248	0.0840795878010413	157
-0.0432033049366842	0.0941185041161728	157
0.100933501007302	0.231228693278823	39
0.00756249623621563	0.0167806319470075	39
0.00884835417200686	0.0211775406782431	39
-0.0713974922687495	0.203721040979726	157
0.0012993070872984	0.00253368860369768	8
-0.041681178908129	0.0935373833184169	8
0.0135432216738646	0.0292588053061639	8
0.055336742353122	0.128449006810398	8
0.0403254374182102	0.0919552050932826	39
0.0182869012616998	0.0418950879728564	39
-0.069697202786766	0.184539121551192	39
0.0960915945832264	0.292469243737497	39
-0.010510842560909	0.025459880985406	39
0.00644848571706639	0.0138696779603166	39
-0.0498920340961553	0.106133186452483	39
-0.109625934681355	0.301387000502854	39
0.0510514387737239	0.129188304245571	39
0.0371333067672214	0.0910957489520422	39
-0.118772024852107	0.389744525932411	39
0.047589498133401	0.137038406139413	39
-0.0868010221767013	0.203016553002302	8
-0.0291331070505178	0.0749904328570922	8
0.113190902472821	0.339932345173945	8
-0.0770029069710648	0.212548923828489	8
0.0822676823755102	0.345029286341928	11
-0.0253833860548526	0.094173273360896	11
0.00916462240671133	0.0343551237152221	11
0.0610503386419784	0.279008427681705	11
0.111255036384701	0.600266796877936	11
0.0208639912827573	0.0774732205513974	11
0.0761976745081093	0.348045694861328	11
-0.0260006053999327	0.104028753662856	11
0.104956611013663	0.560534949124693	11
0.104243510194941	0.545744407928087	11
-0.073218510366303	0.351534571096898	11
-0.014277395264775	0.0547166961095402	11
-0.0142078226404545	0.0545079777105352	11
0.0844956621364691	0.422088451178089	11
-0.106077201515959	0.570907865004963	11
-0.00534625608832093	0.0197271279581933	11
0.0201758534886658	0.0788590391978376	11
-0.00206139193612337	0.00746535568267598	11
0.0974206217774325	0.511056011385735	11
0.106343217868675	0.341829946200088	11
0.0886340057937479	0.276180132532762	11
0.115446614949641	0.172703172595127	11
0.0326380485130695	0.0258248675271793	11
-0.121445931218471	0.336178853880285	11
-0.056066060991748	0.177476189949793	11
-0.0632615719503834	0.121656000593561	11
0.01172770524734	0.031643144519548	19
-0.111865652703152	0.330561610563126	19
0.0216609488839897	0.0548536329700729	19
-0.119622032345143	0.363331512318908	93
-0.0723444241116534	0.21548010850113	93
-0.0861030201436792	0.285026917761745	93
0.124634717974162	0.454877468508455	18
0.0595936790890543	0.17827059882459	18
0.035067912972588	0.0812628311440918	18
-0.00627202366034973	0.0153809062032111	18
0.0550522283613403	0.195521381960566	18
-0.00026498648041578	0.00074218541563149	18
-0.00279315091586779	0.00767186487685104	18
0.0787742749399096	0.226227065018127	18
0.0918814246666973	0.296626195599291	18
-0.0110345569589541	0.0283717929582952	93
-0.0466776886489439	0.145799901153411	157
0.0635243565920878	0.178493054556576	157
-0.0168356041926246	0.0462612839227326	157
-0.102935725991068	0.358448590835916	157
-0.0620211558562585	0.190520708762175	157
0.0349722408711784	0.0525696899526558	157
0.0852053357768244	0.219303905258828	157
-0.0900844209125802	0.258456499280166	157
0.12269831137496	0.28120075568056	157
0.00937119088913865	0.0227299275310884	157
-0.103694529377004	0.272208692713906	157
-0.0754586998538752	0.237984286565419	157
-0.0933242633867715	0.278618099458932	157
-0.119636218669552	0.357185145514454	157
-0.0846509949168877	0.269970570693331	157
0.00296980133386812	0.00687337109585265	157
-0.104702980721269	0.291258978902559	157
-0.0506863570393698	0.149800670130896	157
0.0266704535885694	0.0804226983377922	39
0.063930339075072	0.16775610569642	39
0.0461429654852119	0.112969739620526	39
-0.0749470235772381	0.160374887011294	8
0.0216942376594697	0.0547614874551615	39
-0.0838260423238854	0.223500582524806	39
-0.0582118723582572	0.146167124901416	39
0.0580042381063188	0.172773555430614	39
0.123983462463871	0.426055103831895	39
0.0691209258555164	0.21975280161041	39
0.0691620574779086	0.182251833587775	39
0.0423763946137403	0.112549781828598	39
0.0268581928135581	0.0742488180209436	39
0.0690312576716281	0.177579433262846	39
-0.0423181337742083	0.125936292507837	39
-0.0255769671579837	0.0656367750992655	8
0.0480911591365107	0.0985748146613086	8
0.0140167978624886	0.0460419803970961	11
0.0692999458403672	0.292055220092286	11
0.045271271236698	0.193326035187645	11
-0.0221987852819881	0.0874997008951617	11
0.0666319632224915	0.302555456314698	11
-0.0404943838223509	0.169601340587701	11
0.108246863843644	0.58569715516383	11
0.0134723328215695	0.0508267899406156	11
0.103131324731284	0.549419160253435	11
-0.0187764082974275	0.0733287474781149	11
-0.0199648022259746	0.0782403598768777	11
0.00872360553227924	0.0323625545106877	11
-0.0754800577924689	0.362426248438189	11
0.00654393886259843	0.0237601084381514	11
-0.0147068739599157	0.0551317464308998	11
0.0593610361674887	0.170815909868181	11
-0.00967901130498943	0.0108760171232244	11
-0.0236436050745911	0.034353551922434	11
-0.0036678916895669	0.00937096256034736	11
-0.00181053230434923	0.00305026105868317	11
-0.03579582730206	0.0973383372994842	19
0.0370498343658078	0.109421873304575	19
0.0441854037444113	0.108538328401058	19
0.0782791483260073	0.234023594346761	19
-0.067525025593515	0.182007964329949	93
0.0412860068321125	0.100401000859445	19
0.0486697175536109	0.132882619749753	19
-0.123430429600041	0.398697975372378	93
-0.0248677348129554	0.0542380352316248	93
0.0639901614253249	0.174137566740744	93
-0.0523005193616251	0.156607660074809	93
0.0296556022083646	0.0855101774821064	18
0.0678437289833748	0.222999302876067	18
0.103284204678607	0.344510974513898	18
-0.119805133846255	0.451034052432442	18
0.0558680878373771	0.167259263629059	18
-0.0198641044204759	0.0550347403747489	18
0.0378579543689391	0.0988759574833734	18
0.0314423992713713	0.0853945314553253	18
0.076558488016651	0.223255782288305	18
0.0954546006540466	0.335270807045358	18
-0.0786783602797324	0.266594010732094	157
0.0456559744145635	0.140796069227918	157
0.0381705344765344	0.121009632953182	157
-0.118273003825457	0.495854471844508	157
0.0160334202162201	0.0401425575606559	157
0.0351770019693319	0.0677766105322862	157
0.0175765296264488	0.0299644002584359	157
0.0596821258576535	0.151690322891267	157
-0.0552435236141445	0.142809053147378	157
-0.069640105875999	0.155619592768376	157
-0.0699484072940968	0.159147970164223	157
-0.101451235988385	0.289863477914397	157
-0.0174920587149258	0.0386158210728941	157
-0.0108975972355213	0.0276215384557282	18
-0.0907854790485841	0.326589174599489	157
0.071816073470266	0.193060695212563	157
0.0156340038026734	0.0403230344362356	18
0.0977478087970151	0.263696640391236	157
0.0394818064177768	0.115476119370541	157
-0.0391670417782612	0.116004090403347	157
0.071930867688195	0.241991559520753	39
0.0717281239322725	0.221857434086086	39
0.0951808378526381	0.25531339614074	39
-0.00345625224148373	0.00821312722346037	39
0.0481184921989702	0.122669833401655	39
0.0924190623028676	0.256825975368263	39
0.0651341323885423	0.178885543399631	39
-0.0433479871764018	0.118255342859002	39
0.0581020875625306	0.165296418347199	39
0.0375400580280492	0.091878884597555	39
0.0540727471063843	0.158588144559377	39
0.104878766057689	0.353973952203357	39
-0.090877447128456	0.267214257006715	39
0.113228180149233	0.310623876106791	39
0.0621679438739597	0.163167698747258	39
-0.0045915850996505	0.0107184211051318	39
-0.10503968758853	0.351143895845437	8
-0.119806360412516	0.399985935703831	8
0.109594813789792	0.359004951515337	8
0.0625654512823074	0.165502187504634	8
-0.0479014754659493	0.0987954535739117	8
-0.00617500600783979	0.0196845659029285	11
0.0812673470769439	0.327994320560605	11
0.063657965863657	0.246225873752256	11
0.0288611278763338	0.104996183806465	11
0.0923746435817553	0.413179623641589	11
-0.00916322739798353	0.0317985659524175	11
0.000115370700245451	0.00038826302905884	11
0.0135067329790665	0.0506947045698915	11
-0.0947262512156434	0.410102527692578	11
-0.0997674834730086	0.505538119158275	11
-0.0840298531902886	0.406700006667582	11
0.0981901342117261	0.483543023525621	11
0.0231629853688482	0.0874880039156534	11
0.0263811429378782	0.106334861175792	11
0.00768160333166046	0.0282263273538958	11
0.0213807393304916	0.0844830553471635	11
0.0484253916352341	0.20537118297419	11
-0.0378929943622266	0.15797284771808	11
-0.087886719027722	0.283656090178319	11
0.0449516244178049	0.0845219217331264	11
0.0532866059758755	0.0440946781380089	11
-0.025110770157148	0.0583118219169004	11
0.0165962079097159	0.0236820650507086	19
0.0335949230081216	0.0596053724793842	19
0.0231414273276797	0.0567367242980641	19
0.00762128761201997	0.0118361067170375	19
-0.0352336957006294	0.0847414900308211	93
0.115646566927322	0.357127398694904	93
-0.0352487453341554	0.0881278531826292	93
0.0866174286758711	0.316779079727148	18
-0.087866064649452	0.25046031673906	93
-0.00485386632984278	0.0110391412422546	18
0.0632142831780714	0.190493910865037	18
-0.005976840852429	0.0153341689488982	18
0.022287818305902	0.0528333964519384	18
0.0863118467782856	0.265574149551525	18
-0.00966805631696597	0.0281472189595455	157
-0.0817200574505006	0.239776074123319	157
-0.0651585897305701	0.179611877893966	157
0.049745251928226	0.129659394537506	157
-0.0863172601380291	0.252271531854298	157
-0.0331139717941033	0.0891589469226332	157
-0.0238819623237095	0.0678896317368746	157
-0.0220246858239107	0.0589932351772387	157
0.0354814654029522	0.0946195210605301	157
-0.0314724086217291	0.0885114445960946	157
0.0221456600348608	0.0594832395597091	157
-0.0518161933653959	0.132451606326607	157
0.0950222490512519	0.277679566045607	157
0.0646554418900951	0.187900950236708	157
0.122270463315172	0.324475058296815	18
0.103555853294839	0.295721709093211	18
0.0253331058565604	0.0606896509459684	18
0.110299384798147	0.250916649674419	18
-0.103244920428072	0.259789732709864	157
-0.111652048747515	0.292532592206524	157
-0.122952275840214	0.410445875113185	157
-0.0407717534663737	0.121414811016742	39
0.121482006738109	0.442460087344262	39
0.0375551622228479	0.105074693844943	39
-0.0247821988292765	0.0613901370789963	39
-0.0574991896112011	0.136953933813858	39
0.0435410398708252	0.0912397626157439	39
-0.0346471343652182	0.0628521411220345	39
0.0246534211767148	0.0465849924152079	39
0.0945501558994504	0.168553840404566	39
0.119768904985253	0.375871200839735	39
0.111991700776927	0.256945830787402	39
0.0516222250244115	0.126067573669392	39
0.0189325410892955	0.0435745307149699	8
0.0730659595732467	0.28500407431697	11
0.052221599606459	0.192221851135638	11
0.0284220718048339	0.0976087867705914	11
0.0826595646176902	0.361805461113779	11
-0.0612510253944614	0.250008290945609	11
0.0616465141155616	0.26662338364154	11
0.101868754055244	0.525446513705713	11
-0.105902572174957	0.548900770501139	11
-0.072203830763559	0.289199204521794	11
-0.0231931717961789	0.0891798667213414	11
0.00937336289199155	0.034159379307618	11
-0.103625726856134	0.5430940446881	11
-0.048576717840397	0.213078986850501	11
0.111105579854991	0.587191188574595	11
0.0583050397738701	0.260790213235423	11
0.0723310216658997	0.345377674783496	11
0.0108848032755961	0.0280657209957175	11
0.0853655415182789	0.147666616921841	19
0.0536857219093719	0.069747919594761	19
-0.0967072287991219	0.264893998604799	11
0.029975588950545	0.0435811880774968	19
0.00188556390102935	0.00291131748897178	19
0.111979458118131	0.34568124883687	19
0.0156125966155974	0.0333506205786615	19
-0.111122578164734	0.164770906136377	93
-0.00594352864515275	0.0131341098912456	93
0.0812888007657637	0.216328396347242	93
-0.0509171107042022	0.126528130349239	93
0.010374662563204	0.0194878536495843	93
-0.0491907441560374	0.130742844419114	93
-0.107464844648977	0.401328337320982	93
-0.0609860710069461	0.165141918604919	93
0.0147452294069992	0.0367962659491853	18
-0.0026064675600314	0.00601059029858783	18
0.101366913721666	0.278773898924521	18
-0.0903257027978353	0.30799344616723	18
0.084721007197329	0.263963942342101	18
-0.0813126821487329	0.231527509283446	157
-0.017351214412052	0.04318965845963	157
-0.0166183378585105	0.0447367666852718	157
-0.0658750589340017	0.192207509877395	157
-0.0522491527603825	0.141900483915786	157
-0.0339817491240629	0.0816275607632255	157
-0.0887547219757022	0.266914824927812	157
-0.117461659223466	0.357667744562042	157
-0.0287532283171838	0.0802501244247591	157
-0.0248242792288122	0.069181139879467	157
-0.0242316698926228	0.0603295562628904	157
0.0205321645047919	0.0513794198498509	157
0.0886744842573346	0.287337059095472	157
-0.00785990184598367	0.0188341927187108	157
-0.0335567746677793	0.083394304088558	157
0.0202207359388573	0.0497563267549283	157
-0.0467591035135116	0.127192642834176	157
0.0489101323471455	0.130126513344418	157
-0.0273155022458331	0.0611906993383296	157
0.12260415526202	0.364001058525156	18
0.0597131847174574	0.085292666472827	18
-0.0201406775925051	0.0298843649911497	18
0.106567312609614	0.233644129970862	18
-0.0706170887543633	0.201092541256127	157
-0.0786099227188158	0.218643214972276	157
-0.124957189953767	0.310491299089839	157
0.0385281883352509	0.100796231317704	157
0.0774758118705888	0.241590306760881	39
0.00324410507393331	0.00778784021680451	157
-0.0948684377432717	0.316115625731464	157
-0.101938213806824	0.325372458195128	157
0.0312964301190808	0.082405156088096	39
0.0507989905159534	0.122215195871932	39
-0.124427162750988	0.303492343034317	8
0.115166313311062	0.239439665310256	39
-0.0669110642098537	0.131387163077808	39
0.0255584795866909	0.0548124445346671	39
0.0710936848962314	0.15430430236423	39
0.062738516218208	0.157394728514792	39
0.084062891319738	0.274883022219826	39
-0.0628514554411444	0.187990677181	39
0.0797921883075644	0.267000040660951	39
-0.0513011506979827	0.150252289621469	39
0.112247528658541	0.355629005627119	39
0.0937658953365266	0.286809978044157	39
-0.0471853104158117	0.110607764445506	8
-0.108646728632554	0.295209042614214	8
-0.0124705279438088	0.0272877356541876	8
-0.0132500374909486	0.0250079621152803	8
0.007915231987107	0.0243337009693115	11
0.0105597160811364	0.0334565184869508	11
0.088188863302071	0.385108747771792	11
0.0713254036285331	0.310796509460147	11
-0.0220911605464815	0.0857937780708974	11
0.0509481011544794	0.222935126339984	11
-0.0409101394239444	0.169743332851865	11
0.015334821528236	0.0590289688392763	11
-0.0319670027121429	0.120412379025196	11
0.00243568164164893	0.00868522571188069	11
0.0686871321583038	0.314832487043565	11
-0.00558004062571482	0.0205545479875697	11
-0.109835174158894	0.596954303398364	11
-0.00261153123098793	0.00951728416631414	11
0.101753468039936	0.541764534703706	11
0.0101150049336214	0.0379501344221775	11
0.0740455230405868	0.234869686043127	11
0.0661788253970873	0.0498749885067713	19
0.0642506594005717	0.0483737865264027	19
0.0163989317154339	0.0208380864258544	11
0.00231543674315046	0.0050367901373087	11
-0.0794824008389373	0.104128468208202	11
0.100479327216029	0.112461456874295	19
-0.0808927578582928	0.162445911851609	93
0.0923388922945906	0.269380583437975	19
-0.0553500935077863	0.074371001577093	93
-0.0267166947211908	0.0457522703740668	93
-0.111841517325106	0.320672740958135	93
0.110213069752536	0.276487284865784	93
0.0593085386145197	0.127378619491024	93
-0.0435482002557932	0.117901021415985	93
0.0669163695848831	0.195576564317777	18
-0.122173846897892	0.385493763432583	93
-0.0855266917850126	0.271135938169592	93
0.079777918085259	0.230796460511493	18
0.0614174514812347	0.179324841000522	157
-0.0310633860820979	0.0857040222797842	157
0.0371427926149454	0.0992290834040537	157
-0.0520664489920535	0.14195414251141	157
0.0543825974472129	0.14713708282759	157
0.104139585470595	0.365024008551677	157
-0.00270029376995356	0.00709046194364991	157
-0.0766212273533299	0.216831356321532	157
0.00108418745979535	0.00233326137949121	157
-0.0578570550071258	0.146168458762019	157
0.0882186932514802	0.276185494457877	18
0.0359095542226177	0.0999848459098613	18
0.0780105836038021	0.217077735566486	18
0.0490120458452681	0.0803944637916137	18
-0.0502046722050292	0.090191653684573	18
-0.114090183174431	0.324508817690428	157
-0.0397487495301943	0.103735423607672	157
0.12045711883575	0.329295090607898	39
-0.0865429359238703	0.23336210160127	157
0.0132664988366985	0.0335377841776441	39
0.00507961837060464	0.0116333351550862	39
0.0505413798508559	0.116228224158889	39
0.0225980310838634	0.0408673305870594	39
0.0576483936674639	0.112895389021074	39
-0.0266536512144551	0.0444070111534036	39
-0.0764992079916542	0.152372988080652	39
0.041485749762284	0.0915583688250984	39
-0.10457416275146	0.265490452627157	39
-0.104243130381049	0.267262974909027	39
-0.0161238120304938	0.0339874121688958	39
-0.0267720480942115	0.0699123403671104	39
0.104432780184307	0.344861417864607	39
0.0853768910762531	0.258980761037888	39
0.000569365213191803	0.00127779879307289	8
-0.0421571026433625	0.100507622050653	8
-0.0103911290109488	0.0175765622560679	8
-0.081337165235208	0.312576246420773	11
-0.0458343328542049	0.158551485199935	11
0.0183573077202998	0.0590913999572963	11
-0.0484147438877799	0.181712769616052	11
0.0378069535719997	0.140136594059556	11
-0.0516397253840034	0.20922634448093	11
0.0562933777593838	0.23703757587805	11
-0.0564681016687651	0.245484474563198	11
-0.0475804684269944	0.162438030045693	11
-0.0548582650251461	0.239870943451272	11
0.0139965401867724	0.0516709607316328	11
0.012432915524668	0.0447342212359599	11
0.0165390518967781	0.0631634004769165	11
0.011640504704973	0.0441987822845408	11
0.0326125699408682	0.132979061952816	11
0.0140552560163463	0.0537767366602767	11
-0.0788308302390466	0.375708220838312	11
-0.0273252626990037	0.110034693800109	11
-0.00798297619079774	0.0166938963085079	11
0.0355459674613379	0.0961943213554343	11
0.029432199863837	0.0412161383093557	19
-0.024303702871948	0.0571124896845596	11
0.022139306874021	0.03155124185477	93
-0.0586759151570507	0.166567290709409	93
0.0680924229899645	0.0878417730707627	19
-0.0528768429158849	0.13399850894311	93
-0.0778746837615929	0.222991001014464	93
0.069032246024059	0.185209063745172	93
-0.0335964057831781	0.0671582179414578	93
0.065884533767756	0.2059751104989	18
0.0477614957444372	0.133933739707395	18
-0.0621899611653584	0.141636005565389	93
-0.0857216850270307	0.242000961712036	93
-0.0024774441475462	0.00581864526866257	18
0.0714573880937076	0.201194276154503	18
0.0522421725484966	0.156292147668306	18
-0.0900648481119751	0.26429848509279	157
0.0488462909095938	0.125144761752419	157
0.0294780139698671	0.0669443615395556	157
-0.0972433480734169	0.280504767680695	157
0.0368588087900246	0.0877661868119813	157
-0.0149532815658195	0.0323270584916339	157
0.01427702803282	0.0363883833852972	157
-0.0111736205725965	0.0282796550115165	157
0.0671756925706841	0.191598273113432	18
-0.0869126440889972	0.277324321505446	157
0.0887656607370942	0.264122174250005	18
0.0204129668978741	0.0438833243684341	18
-0.107433684533389	0.212321745443848	18
0.0657267225934356	0.0845489674333141	18
-0.0606510630006209	0.0913918291215283	18
0.107327324999671	0.236996926908304	18
-0.0249704268330094	0.0621431825858325	18
0.0250311919296017	0.0605116500766963	18
-0.000243795438379808	0.000609268206860254	157
-0.0412971355558505	0.108052597381398	157
-0.0100076086563395	0.0256007834830186	157
0.091986344621718	0.294018122480259	157
-0.0672200206356644	0.19088944837572	157
0.0601876798520948	0.162811924178689	39
-0.0527766934748956	0.116841437606346	39
-0.000219944357739233	0.000436049096123899	39
0.0000748573892239197	0.000110741672755785	39
0.0339272583288067	0.0666379836946566	39
0.103854388610692	0.253662759787883	39
-0.0678328217194663	0.178851916702883	39
0.0837134312687502	0.163442806866185	39
0.0760978980795582	0.181730359156943	39
-0.0345734374462093	0.095305987644395	39
-0.111819658121993	0.382700887899144	39
0.00379647363723825	0.0102185500902148	39
0.0438164577086008	0.122904368316314	39
-0.088374689443545	0.242523573290228	39
0.0879867209096657	0.223935407190213	39
0.0599297330681633	0.157072313302449	8
-0.0462459313443683	0.103434168172387	8
0.00663756909462272	0.017777784759463	11
-0.0270606389652589	0.0856627309396964	11
0.0593519927541711	0.215768322263882	11
-0.0155815821552362	0.0506900690940049	11
-0.0413265707680184	0.153429038381627	11
0.0497829336484455	0.199783371799518	11
0.0595920896184118	0.251585478576735	11
0.0255144134905954	0.0966996462268777	11
0.069050532794161	0.326085423200907	11
-0.0403761261840687	0.171319839041885	11
-0.0653116904936676	0.302523722097008	11
-0.048837364112705	0.211513715595283	11
-0.0918004444433451	0.466528396820645	11
-0.0228559583783863	0.0906051060966734	11
0.0360026011489259	0.149854078066867	11
0.00417176821777924	0.0153615634442114	11
-0.00488270481524577	0.0177652505892748	11
-0.0444229011781054	0.185705422536293	11
0.01129890485503	0.042045103395995	11
0.016169589487172	0.0464711032241798	11
0.0670622666367717	0.120335515176605	19
-0.0173287825837377	0.0319162582195893	93
-0.105277137982371	0.334921045199558	93
0.0583023955570018	0.0953902070840043	19
-0.029418039326399	0.0701225117091564	93
-0.0711195240849224	0.192743102061874	93
0.0785554579398573	0.175603327033227	18
0.0415757119120163	0.119749110196521	18
-0.108939446380436	0.372665253263139	18
0.034370633767247	0.0959264442161694	18
-0.059670375574068	0.181982141086386	93
-0.0242113218375788	0.0573253753086979	93
0.0762024186847725	0.225335384534397	18
0.0892712269632942	0.300600548032272	18
-0.0134681240127224	0.0361389882960201	18
0.00799687427727873	0.0182539072587159	18
0.0837007005414505	0.248894525203065	18
0.0342102527194943	0.0946300738398541	18
0.0216438551168415	0.0564111709211505	18
0.109319711666385	0.353141099082719	18
-0.0318674954057102	0.0883256563381018	157
-0.0603526944196366	0.159469821043484	157
-0.044148707043683	0.113497759423018	157
-0.0132920466016385	0.0309964549212761	157
0.102145011200958	0.342737529484693	157
0.119755104193593	0.410386216854989	157
-0.11612460112951	0.371274695777505	157
-0.0930250752374421	0.25268587658773	157
-0.108793440944922	0.349925770815208	157
0.0550737177844853	0.147741447665767	18
0.0420884002004161	0.10446756008956	18
0.0582942332999284	0.150593321851401	18
0.015352655148616	0.0220646938559257	18
-0.0117862511443791	0.0157221591464813	18
0.0326649909765944	0.0506442668788858	18
0.112466420966246	0.28863326312363	18
0.113893322255719	0.355532554753986	18
0.11321298675838	0.314852250217966	18
-0.0949740032605768	0.255750505224516	8
0.113058282786984	0.363905566560817	39
0.00418293194129153	0.0100663899892044	157
0.0180689383978835	0.0480240059288282	157
0.115380282184153	0.322329748792307	39
0.0551538886068965	0.131864157390484	39
0.113830828788146	0.323749708419024	39
-0.120211047853453	0.237690246914753	8
0.00948323412315127	0.0209934690942463	39
-0.0241171381936276	0.0558721249038915	39
0.085005330556285	0.249360795083232	39
0.0771485089790281	0.231592766752202	39
0.0263765825918695	0.0701243701413766	39
-0.0540157056152265	0.157603486864361	39
0.0185518090926772	0.048081825567715	39
0.0164518710287188	0.0363269046441436	8
-0.0675121465920881	0.177050188024681	8
-0.121939428874158	0.369612301268241	8
0.0101588697297359	0.0247549705268207	11
0.0410580927869608	0.124667833548064	11
-0.0231676575041012	0.075428710880919	11
0.0697845827192182	0.273425618658423	11
0.012362759176811	0.0441044773116568	11
-0.0319334830742565	0.126885150401572	11
-0.00377872923767843	0.0136180967513278	11
0.0773510830593203	0.345262118085909	11
0.0476210687220807	0.196906575357844	11
-0.0768277758264633	0.367979506406777	11
0.0132252182058025	0.0498854131409253	11
0.00408380292672066	0.0148209568969349	11
-0.0333614110350329	0.137107007582081	11
-0.0859577089521817	0.430227175026278	11
-0.0836483553504551	0.402942694604078	11
-0.0186021460577142	0.0724924817261036	11
-0.0208166977218685	0.0802176423360617	11
-0.0137236042135063	0.0495724867401728	11
0.0211760226601784	0.0833041143255757	11
-0.0638971302390887	0.285400935825128	11
-0.0800384263964794	0.300603977699016	11
0.031075956050136	0.0393140652973186	11
-0.0720040102310263	0.111705083957647	11
0.0700942594173777	0.179217171416904	19
-0.0737333379063228	0.212485817593174	93
-0.0814375116181792	0.216747700319951	19
0.000740636013186117	0.00174049305600184	19
0.112730690209939	0.345804172878231	19
-0.0531359252306847	0.15823091570127	93
0.0721720234473704	0.21698576632311	18
0.0176350299124505	0.0428351446012976	18
0.0730024729930491	0.251038276095277	18
0.0441713311569275	0.123282146724562	18
-0.0579622403658043	0.199185547724947	93
0.0381068793754213	0.119475268329771	18
0.0391193844720217	0.103779116957956	18
0.018419597808556	0.0545253919875831	18
0.10716892381183	0.412335921716633	18
0.0086604242921708	0.0228376385647132	18
0.0053053935832291	0.016092098329168	157
0.0579214661049693	0.164671658778402	157
-0.119707365491823	0.433780152731136	157
-0.0838329570184313	0.278818647373015	157
-0.0900009957038946	0.199136219075049	157
0.0544740607700157	0.112364660155749	18
0.120967760129922	0.425075183250769	18
0.0478635024559847	0.105599157219337	18
-0.0048611779462336	0.0121485559357635	18
0.038897450570341	0.110053071618826	18
-0.0935344393845582	0.266172261437935	18
-0.107933405478988	0.235455050030492	18
0.030850720554999	0.0805649053730788	18
-0.108538948523438	0.30725082621663	8
0.0399697913904876	0.113172929710969	8
-0.0241562973708439	0.0664791921455096	8
-0.0818805115328615	0.233182158679156	157
-0.0618980382923158	0.134651613132273	157
-0.0496223038082546	0.105029952124792	157
-0.0526649767697548	0.157907151369288	157
-0.0403834633792948	0.107307994273553	157
0.109325960942415	0.342883937615626	39
-0.0975689298814931	0.267757055239792	157
0.0214622518315167	0.0540933148941227	39
0.0519937121485095	0.133365049239402	39
-0.122424962832684	0.269319064669779	8
0.0674403130348555	0.166130423544037	39
0.0583493389815209	0.163577616438275	39
-0.0712725267626036	0.218996676093109	8
0.0851433470292102	0.292029470002024	39
-0.0656868324411482	0.158069226656948	39
-0.0793859845792726	0.184540022731016	39
0.0352292018077636	0.100793110566993	8
-0.0869666639776614	0.244524082619431	8
0.0517223294571021	0.144875155385357	8
0.000103475654559355	0.000248044017096855	11
-0.0128105989854666	0.0356007227120167	11
-0.0637767218713605	0.23027538344529	11
0.0570743712715223	0.207866592405357	11
-0.0109429840111855	0.0358693215323092	11
-0.00357967950776754	0.0116590241433802	11
0.00299718678155367	0.00977990451666634	11
0.0291573170838652	0.115292336339007	11
-0.108404321676292	0.558374070720605	11
0.001892636008066	0.00680505270877588	11
-0.0771696313699376	0.371779500838592	11
0.0942322850179233	0.488817257805953	11
0.0162731464355777	0.06178616595674	11
0.0160199963255223	0.0606667284688369	11
-0.00841660415522914	0.0309196423664477	11
0.0555638966666965	0.235412105759408	11
0.0138614124182124	0.0497957428035489	11
0.00848655834360916	0.0304100330027929	11
0.0166286657389846	0.0548810783968676	11
0.06458094409096	0.078828617365225	11
-0.019295904266523	0.0349021082111752	11
0.0407494339358053	0.0509389429944274	19
0.0203616569103986	0.0544667786474164	19
-0.00972040850448318	0.0104757418030162	19
0.0755147681508114	0.138397245046226	19
-0.116142811258981	0.340478931741829	93
0.0866735232325861	0.276929469676233	19
-0.0878267052580741	0.25313533369911	93
-0.0341428139838094	0.0732216005509364	93
-0.0590279192538138	0.176281482063131	93
-0.0541126650102169	0.145938552957995	93
-0.0594070506624516	0.173433598517737	93
-0.120346725780259	0.433222988388935	93
-0.00792739648688639	0.0213549924699959	18
-0.034861312894947	0.0986170330636473	18
0.123080714677621	0.438409676645419	18
0.0168482295042661	0.0470691160682184	18
-0.0688207635222629	0.202929898655551	157
-0.0713805276349194	0.213506169037906	157
-0.0404263220493622	0.118520008553392	157
0.0647192536861903	0.204175273064612	157
-0.12367588492232	0.437381794497403	157
0.0429043694041103	0.114091410004551	18
0.012419917752408	0.0285701114233975	18
-0.0197456133228333	0.0467895372128878	18
0.0368226540701763	0.0921003305116712	18
-0.085689746461161	0.266869709374947	18
0.114242895230658	0.346364072912991	18
0.0702582822752361	0.199916762675374	18
0.111276852462917	0.34323529620664	18
0.0445582517981326	0.125895556814517	18
0.0516507961755311	0.150128346077571	18
-0.0146474728653838	0.0363787341378244	18
0.0327742299956548	0.0617845152687115	18
0.112206893169945	0.165371390188964	18
0.0193092419610504	0.0323424909601867	18
-0.0195491727677901	0.0425726413571549	18
0.111819327554505	0.343409568113226	18
0.101367840373207	0.298137116345495	18
0.032135358680869	0.0798394242696667	39
-0.00255352968472881	0.00623604674295408	39
0.0688213117735299	0.199419034828384	39
0.025468419803192	0.0695902288890509	157
-0.0760199105588593	0.219614196240423	157
-0.0804510163531682	0.240890708747151	157
-0.0430439481398107	0.116115560457138	157
-0.0961729095787331	0.258337411336848	157
0.004117106768551	0.00877443733153628	39
0.0863677565355273	0.177200638347795	39
-0.0361020688013515	0.0569589802969724	8
-0.0420146756025415	0.0794003716995168	8
-0.118720846580563	0.312846688090108	8
-0.0737200963895815	0.167473108877338	8
-0.103353637044827	0.327673483890356	8
0.120504365752268	0.420581962211665	39
0.0820616000004718	0.274417712201181	39
-0.0557419400809936	0.150362942391063	8
-0.0679844261851265	0.193641984908333	8
0.103050809467775	0.295043957852554	8
0.00168527239589617	0.00405815340744417	8
-0.0182105225952338	0.0467312857306012	11
0.0189024288780748	0.0557027645077896	11
0.00188655296440054	0.00562137301308646	11
0.00857152889362291	0.0266603085967548	11
-0.00126383442674166	0.00392022539428339	11
-0.0112746287723636	0.0387053063869149	11
-0.0813974203338844	0.402398866420383	11
-0.0204722398532777	0.0592149844896868	11
0.0478923887967099	0.20913062845907	11
-0.12097550884633	0.681711322930317	11
-0.0142240868180478	0.0545017692812003	11
-0.0908473386911703	0.460754122202532	11
0.0550693513414677	0.24546855194449	11
-0.0864285964451883	0.386477195793135	11
-0.0339306388399511	0.137541742540707	11
-0.121114262555072	0.170831146032963	11
-0.0716990241815621	0.160183191852441	11
-0.0539705860423258	0.11108591814467	11
-0.0830343637644351	0.0702505608058338	11
-0.0331154893123473	0.0357235168985354	93
0.10366430935738	0.313496565980651	19
0.0215347577596336	0.0456370370078393	93
-0.104714356939373	0.2754773859133	93
-0.0215499854599938	0.0629465483444847	93
-0.0196897924876935	0.0361010772324874	93
0.023857342946462	0.0603475777504945	18
0.0362502010426481	0.0884300493879202	18
-0.0537747034734065	0.13919785883578	157
-0.00822208897578371	0.023057647108886	157
-0.0804700356899548	0.28604351419435	157
0.0589293107296107	0.162228353054357	157
-0.010385297950055	0.0204429806694463	157
-0.103418666308923	0.327277249884049	157
-0.0152587145495665	0.0347533740859568	157
-0.0318631944566731	0.0827016683014788	157
0.0906183888616714	0.337748304212193	18
0.106443291612179	0.405047485974204	18
-0.0386107844935848	0.0779754798724218	18
0.0641995134491351	0.186503288503787	18
-0.0546801455658271	0.170503675468744	18
0.0735760865137725	0.189627965444418	18
0.0290003297494464	0.0590572751202685	18
0.0337158767958618	0.0360040883392749	18
-0.0784575946528516	0.221442157369976	18
0.078858485898851	0.221671420408329	18
0.0832267642725313	0.266917199291637	39
-0.00558936506444292	0.0139407708105719	39
-0.0167939301620358	0.0490566373923533	39
0.0214298060932712	0.0593598467872277	39
0.02304091455492	0.0590523440309734	39
-0.0259737232980583	0.0676025780350607	157
-0.021855502850982	0.0485015866318673	157
-0.00547113813475299	0.0116543017246106	157
0.0592091124809027	0.111121703722634	39
-0.104996592051451	0.189769128686179	8
0.111200854071572	0.165432617013786	8
-0.025700454451693	0.0427467760799215	8
-0.0205367568150259	0.0333226590043498	8
0.00256855364840116	0.0056230477564088	8
0.0103952414290743	0.0141822473857559	8
0.0557159720968973	0.172177416170151	8
-0.0275496076069859	0.0880561649976418	8
-0.0389203170407423	0.11296447907927	8
-0.114184408168688	0.412212749481762	8
-0.0974330974760529	0.314929471500471	8
0.0512504808653974	0.136707007347366	8
0.0380232002405502	0.0894482567190968	8
0.0199962231928418	0.0541364628728522	11
0.0152825268417312	0.0454389203308384	11
-0.0347886023073965	0.116664051069864	11
-0.0401890593176298	0.140337619214952	11
-0.02988018385843	0.105294759557708	11
-0.103657400171428	0.535605257014076	11
0.051813209726169	0.191432041281345	11
0.0171804428136498	0.0663305859254549	11
-0.0495652120684408	0.21806792107222	11
0.00270601497979647	0.00984610018999354	11
-0.0222917670389637	0.0867347069943751	11
-0.0898893163048235	0.453313266066744	11
-0.0353178352114173	0.145329134363056	11
0.0920905344024961	0.456104636130367	11
0.0106388032601852	0.0372230939185305	11
0.0204941939884642	0.0480521935713665	11
0.124624135992298	0.552224910606991	11
-0.0292151551223151	0.0367990240216147	11
-0.0598917136457433	0.0901464142762105	11
-0.0756614455343727	0.0920504393447867	11
-0.0198440140702793	0.0193517235871303	19
0.121256913803258	0.165765423797038	19
-0.00306919028181289	0.00556469599683905	19
-0.00620557333711255	0.0053807473859362	19
-0.039128850019673	0.0936320875529636	93
-0.0230939650988152	0.05353673664483	93
0.0661792248449391	0.121285497415643	93
-0.0588998305416499	0.148277545487253	93
0.030041565858692	0.0846250159456834	93
-0.0733167364681691	0.229277103708633	93
-0.0388348115199375	0.103069033521504	93
-0.00934307464806507	0.0261015010179138	93
-0.0908834834795867	0.223423095666293	93
0.0119558983526539	0.0307021859495558	18
0.0103398065721415	0.0260205106956725	18
0.0775621904388785	0.213710581223737	18
0.0626161516969112	0.177791185990464	18
0.0671201341231939	0.180678632530492	18
0.0354949192161395	0.0941532086558874	18
0.00681359564480528	0.0187835790112432	157
-0.0428770277719366	0.112804621985724	157
0.0554248211104853	0.142520609781024	157
0.0555194153324091	0.128912675502639	18
0.120508510890151	0.309401356222296	18
-0.100168203348096	0.26041326840072	157
0.0355552793709677	0.0992593435585048	18
-0.00697257111246886	0.0165310496866984	18
-0.0467761136482198	0.10897907219729	18
0.0316343471122789	0.0730740452657925	18
0.00694500248246647	0.0165427900957244	18
-0.0535539947391139	0.146148080044569	18
0.0354183195130269	0.071228090691458	18
0.0745972213610897	0.0828899512402519	18
0.016716367040465	0.0267207265828868	18
0.00878356847517312	0.0198274080326092	18
-0.121545527440355	0.272469115008026	8
-0.0793160690232757	0.2288748065949	8
0.0292527321273606	0.0716342678528939	39
-0.037191874280388	0.0988192187417349	157
-0.0755755515488638	0.143759481623641	39
-0.00490606255722853	0.00945598319826744	39
0.0675638069446169	0.143454412959862	39
0.0735765158264725	0.105788252512996	39
-0.0668663217499437	0.11084853120772	8
0.11605490779489	0.231293957044542	8
0.0108996379120774	0.017759352791766	8
0.0997099620670287	0.162154673659905	8
-0.119480511418672	0.29520523293882	8
0.0527757024791586	0.151857544624562	8
-0.0723634763776988	0.197567032580223	8
-0.0972066926052597	0.302268951852285	8
-0.00585237194043974	0.0137686297955106	8
0.112665833335592	0.269050253438299	8
-0.0445689045083325	0.109312444309935	8
0.10686743670273	0.272894921428692	8
0.00767978484719867	0.0192439067660231	11
-0.0113146054796257	0.0313933328075352	11
0.0836762695522084	0.31492265868934	11
0.050532175612827	0.17786408727128	11
-0.0137224179723887	0.0487708452544219	11
-0.0706284268555029	0.271003048298568	11
0.0625212317652317	0.281024564400929	11
-0.0876270280049398	0.435966094853138	11
-0.0278880823552205	0.112842615162131	11
-0.0790332918888428	0.385414391952583	11
0.026280213601669	0.10409796153402	11
-0.0301679627743881	0.116586236703958	11
0.0836729022561439	0.418266778340747	11
0.0663448287277136	0.299441974410379	11
0.00188049201609517	0.00602188708807253	11
-0.0502880330247934	0.209521036655405	11
-0.107391814501383	0.317921658796	11
-0.104259007622116	0.267234833711674	11
-0.0536548431619618	0.0783616139384257	11
-0.0051807525569871	0.00415684954264989	19
0.0351148816763296	0.0451372020482141	19
0.062560348856051	0.19727659944813	19
0.0497674518790039	0.0581897622776196	93
0.0395166358043336	0.102952874814782	93
-0.10748877098766	0.441581406425826	93
0.0162761502443083	0.0485595256778342	93
0.091813321905154	0.293268494780964	93
-0.039655076907518	0.0807868893824314	93
-0.0634817255454167	0.202739265852039	18
0.00103947022232023	0.00240545962049019	18
0.041573123757016	0.109768692251157	18
-0.0449502562686244	0.120178543298981	18
-0.0356820666864349	0.0966346614360873	18
0.0527838614726759	0.144908344596167	18
-0.0426436999687017	0.151332197454139	157
-0.0286587016497101	0.0745567858194698	157
-0.103798070712409	0.255781387135337	157
-0.00223101330262051	0.00452805153292474	18
0.0681425151392098	0.148021435139929	18
0.0679074695085043	0.196545564746114	18
-0.0802736038719062	0.321026154968425	18
-0.0108248105431781	0.0325998446375709	18
0.0965149337718569	0.381005822227901	18
-0.0813492945555136	0.29012128267262	18
-0.0887507200301102	0.321077385395621	18
-0.0564457519718343	0.156279046214858	18
0.0587717149215722	0.179851637008706	18
0.000182819719721325	0.000448088073425741	18
0.0742753004007319	0.217546470326919	18
0.100089432080493	0.233703402108941	18
0.0614295371049705	0.0851946156619913	18
0.0418194970731479	0.04282046143223	18
0.0809041631478052	0.103210805212937	18
-0.0215963090866497	0.0345404174734328	18
-0.110601918314854	0.221944379548744	8
-0.0475511052150483	0.129060344323595	8
-0.0223306210131899	0.0593800544163398	8
-0.121848496339168	0.516316370417795	8
-0.00971182829154355	0.0305720232085516	39
0.00772502213093905	0.021257856887154	39
0.0264506372088594	0.0742701650350329	39
0.0710627228412241	0.166361817498839	39
-0.0312182841739031	0.0558029426899074	39
-0.0172272833755748	0.0315835113928362	39
0.101484536027973	0.171814139666478	8
0.114985941364398	0.21443152614865	8
0.00257312592205322	0.0069146572634213	8
0.0742401134805016	0.290404648816376	8
0.098943270626528	0.329626921018364	8
-0.0295575701515757	0.0927097814865797	8
-0.049248689830812	0.14121706142343	8
0.0457792989498501	0.0968197668859542	8
-0.0228840995024187	0.0548093471011368	8
-0.110337565149782	0.355507942481482	8
0.0277111678421058	0.0728036918848227	11
0.0208559858013129	0.0605162775611267	11
0.0188408791156827	0.0590412835877297	11
-0.0383036142715786	0.144287249807731	11
0.120173228649685	0.592412546774948	11
0.00657720753041366	0.0232800343165255	11
0.0199987983079473	0.0765355422747034	11
-0.0763641309303629	0.37006297350828	11
0.0654145347305108	0.304460770672588	11
0.0280846700554676	0.111707158263007	11
0.0124642389195603	0.0450705458944259	11
0.0581959317087709	0.264807008240461	11
0.0531970533823457	0.229624154024425	11
0.0154990377840025	0.0518219388008334	11
-0.0367789808569406	0.146476250210127	11
0.0933063047133187	0.252024959682479	11
-0.047550806846607	0.173489111773529	11
0.0206481575703623	0.0314498158687706	11
-0.00614833214501277	0.0139482092573769	11
-0.000706394739080564	0.000863050135250178	11
0.0267339039735251	0.0642680287910772	11
-0.00755162781363825	0.0196691933189148	19
0.00556684013928536	0.0141276347235142	93
-0.0201011401913215	0.0543234214344565	93
-0.0511785861507422	0.087206874738754	93
-0.0606648828193172	0.158277273579344	93
0.0633127539188667	0.241250139237027	93
-0.0362191732094753	0.120949236803689	93
-0.0822391549982221	0.2698212517816	93
0.0956963973984712	0.245119019790507	18
-0.0362219378494092	0.111088501131541	18
0.0472489041930751	0.120206977660015	18
0.0920530559491218	0.277801367843764	18
-0.013230890757055	0.0256339962128824	157
0.071287464083166	0.169361419428971	18
-0.0603604889621242	0.15410886702778	157
0.0825964801954278	0.242055072080165	18
-0.0586565721348818	0.217027856950334	18
-0.0195631822493479	0.0645681580772111	18
-0.084546376522651	0.234140717133548	18
0.0548289163309521	0.158507810532748	18
-0.0711913618475262	0.151978463284877	8
0.0138904064714962	0.0192253763416839	18
0.0858674218487689	0.0980251088303945	18
0.0452133411606678	0.119666955778702	18
0.0777066128070662	0.233830408582962	18
-0.0382736009954267	0.065693410710789	8
0.00172666372558496	0.00443476804784837	8
0.0798893102119687	0.314710068671742	39
-0.00551577915659945	0.015833594200582	39
0.079859297402551	0.264717251144227	39
0.0866293873214363	0.281907443044296	39
-0.0642745752798956	0.153619995105326	39
-0.0113893992510366	0.0207353438386932	39
-0.0135025149821463	0.0169650455123057	8
0.0654338822514514	0.118950215129583	8
0.0174451815939086	0.0197019839533674	8
-0.0418432560095033	0.0580433021055346	8
-0.000744848895715461	0.00106759897009387	8
-0.0878237761799277	0.17005331621513	8
-0.00982244765107249	0.0216081372791233	8
-0.0701448095900509	0.154455454217251	8
0.0603080036350965	0.189015412854059	8
0.0211661329531896	0.0723823220867392	8
0.107859767146411	0.378723737923813	8
-0.0392678951250806	0.129168807777013	8
0.0191178740790611	0.0519054164805792	8
0.0138266920452513	0.0372605913908496	8
-0.0562631981154573	0.121517039001903	8
-0.103598989653874	0.259695883471961	8
-0.032287431239016	0.0790353453007503	8
-0.0244354363825763	0.0625259601500635	11
0.0228676194103899	0.0647718500179345	11
0.0197770237748208	0.0646594397553797	11
0.0528737144262967	0.234467801996752	11
0.00100629032290906	0.00334589323662806	11
0.0814525449433196	0.376470561941893	11
-0.0600799427763853	0.274640446816986	11
0.0674532776532298	0.304846910750563	11
0.010752813440564	0.0374123858462786	11
-0.0630556721662119	0.287888571708177	11
0.0240271375512507	0.0904915287762093	11
0.0276129824762771	0.0950771209227999	11
-0.054412315414511	0.225546633940898	11
0.112145092660124	0.331965959781509	11
0.101965309357163	0.479563621048681	11
-0.0801987058590185	0.214645450753681	11
0.0141748739009021	0.0324090432412165	11
0.0243301712961118	0.039365117207124	11
-0.085074218677735	0.122490636912366	11
0.0846525904178833	0.115334658434616	19
0.0544269645479569	0.178725795864996	19
-0.0554093905176273	0.0508103072638506	93
-0.110914258071437	0.399465992548175	93
-0.0245749387295733	0.0661862431224919	93
-0.0136778664720257	0.0457880877801582	93
-0.0261838640680406	0.08506083084962	93
-0.0377841436093988	0.0820003614761839	93
-0.0442802738299185	0.106400739324981	18
0.0539360151722392	0.182339746320609	18
0.0778303589422781	0.231722788160673	18
-0.0899951019090516	0.303072172992287	157
-0.0656116991626341	0.237775086524105	157
-0.0143383748531138	0.0484054813357152	157
-0.055321563115241	0.168441953338952	157
-0.00608518760290475	0.0147545038288432	157
0.0615410096147412	0.152262562386386	157
0.0202642358896913	0.0479480755016984	18
-0.0913082834352621	0.226077658348696	157
-0.0853174623864776	0.253652439301138	157
0.0789297904790547	0.325986077378164	18
0.0919147040475549	0.384891454789599	18
0.118975599991181	0.531928023972403	18
0.0348394415663905	0.113024828246067	18
-0.0658422369278576	0.185801032051524	18
0.0359836433678837	0.0799212777039557	18
0.0512885773393815	0.151504624122331	18
-0.0440911185417735	0.140092786843244	18
-0.0394000003937211	0.115783191493258	18
-0.110593238899017	0.306339333658367	8
-0.070875616322262	0.222127892981454	8
-0.0902511240667256	0.237977494487208	8
-0.030206754195943	0.0324908907643213	18
0.0868144557556757	0.181862595913139	18
0.0790829306288013	0.241085623466895	18
-0.0313329523916701	0.0909168446084782	8
0.0980406299223663	0.244094663561771	8
-0.0882518350783416	0.181164467434228	8
-0.105309598846348	0.382532096055595	8
-0.04118844952205	0.145318172804908	39
-0.0385546730882329	0.100990129525968	39
-0.0354015215273711	0.0942199882031775	39
0.0605524194893086	0.152982349371279	39
-0.00726411331531808	0.0148446116377443	39
0.121513847866613	0.293411369497209	39
-0.0700487221682981	0.15349678667637	8
-0.0783456961845991	0.125226164601572	8
-0.0031712191608872	0.00524614641011939	8
-0.0199954330064874	0.0490861826296092	8
-0.0593355568584275	0.102868246354296	8
0.0868209496527213	0.317545413142289	8
0.0191734392042963	0.0564303118788633	8
0.0602724973021039	0.221950127879457	8
-0.0234883755356344	0.0618482439101407	8
-0.0220558855138308	0.056075280988686	11
0.00949825029611984	0.0270556312962529	11
-0.0404708194543716	0.150406460650622	11
-0.063798370144325	0.245385594237317	11
-0.0269252908388661	0.0940726202674348	11
-0.034328948615817	0.128434319680082	11
0.0625503589989043	0.270599940526787	11
0.0405216112969718	0.153977911258882	11
0.0340368565332017	0.126036396319394	11
0.0372748456096802	0.143174754087017	11
0.00605016353088792	0.0200666582104301	11
0.0141629289167286	0.0483463072831087	11
-0.0114075009019429	0.0386445798885612	11
-0.0405183547487843	0.13349325900686	11
-0.0493886105227404	0.201920682689543	11
-0.0825087005146348	0.104283572636822	11
0.0356307944613995	0.0826874838628245	11
0.106289945777479	0.184324844674696	11
-0.0535981533784748	0.172314180301484	11
0.0868053036586	0.206501835741452	19
-0.053077511855192	0.196868984288626	11
0.00408275358088767	0.0107296453653991	11
0.101509209425783	0.206585499969853	11
0.0202769507955059	0.0673439166753007	93
-0.0274895746339366	0.0884937366656301	93
-0.0446984623153969	0.130546100417444	93
-0.0000854809780755019	0.000189875788368108	93
0.0790843476580879	0.324433028637375	93
0.0365653320369513	0.126353470545955	93
0.0580081219157919	0.211402741955126	93
-0.00940154265967283	0.0263400344062646	93
0.0780461801986182	0.260334761273593	18
0.0397592661953118	0.118678585589678	18
-0.0853952756583115	0.314980356958124	18
0.0314847859617373	0.0945738307696103	18
0.0681518248134374	0.229206438105965	18
-0.0669820306134217	0.227325994943174	157
0.00739962061208579	0.0234308612814495	157
0.0426633819169851	0.141319721255217	18
-0.124420064354353	0.539089426472921	157
0.119780380861479	0.469614675253934	157
-0.0219494910563475	0.0635659101927234	157
0.117407544172094	0.479175458743631	18
0.0670604882466651	0.231587660177696	18
0.000559753946781534	0.00156677847478309	18
0.0135830896333308	0.0345554625102497	18
-0.10081418987184	0.30633012855428	18
-0.0677243000145517	0.195895088204304	18
0.0260692190558157	0.0719101871384301	18
0.0225105572853561	0.0581221274863554	18
-0.0318416564242168	0.0833195244732083	18
0.0858536350855952	0.237809338230358	18
0.0542948954213737	0.145950403701746	18
0.060805332239509	0.194379688087268	18
0.110376961612849	0.415370833949543	8
-0.0694745528094994	0.235060750506004	8
-0.121705456013186	0.37280133050131	8
-0.0941009244165009	0.209901429933368	8
-0.101274038860319	0.29631204575343	8
0.0411077186037176	0.133655012953189	18
-0.0611633157047113	0.201068572770912	8
-0.0756975672009614	0.26862874933155	8
0.0522206016604346	0.164283662685029	39
-0.0326993431750601	0.0942572828671377	39
0.025147347005505	0.0719326647000901	39
0.120788612290771	0.455713379958412	39
0.0418409482567343	0.112026122455944	39
0.086434743850341	0.278733894368649	39
0.034429148586331	0.0755126577273648	39
0.0595108396411487	0.143606220431851	39
-0.0611466077926201	0.127041093253129	8
-0.107578063271392	0.320923975733902	8
-0.0393789381051691	0.112839622752362	8
-0.0187978843579478	0.0481089096279805	8
0.0985420126121402	0.348733459845634	8
0.0734162622289833	0.248567224309827	8
-0.0995326691643758	0.327052821006726	8
0.0534447083776998	0.16423380057668	8
-0.0676193737266823	0.232861608995656	8
-0.0301418900015928	0.0799332170258708	8
0.111481730562677	0.398942515636355	8
0.120938713834518	0.458759251044408	8
-0.00725166872397565	0.0199116561866609	8
0.0472822233312747	0.142488319343444	8
0.0325708362853529	0.0818125943280662	8
-0.0113224961791066	0.0293646924158273	11
-0.017381860073565	0.052305696881816	11
0.0314216193108712	0.10506267903453	11
0.0514626039511712	0.193073228501691	11
-0.00689432219213394	0.0227470902826004	11
0.0385047657672532	0.147713096356748	11
-0.022937573688134	0.0829873040478697	11
-0.0194795402749597	0.0726366451536193	11
0.0693519730131005	0.301882016990007	11
-0.0704393389320652	0.304636104253296	11
-0.101135753897958	0.534051990854478	11
0.0307108800782722	0.118173008909253	11
0.0233654674706595	0.0762636261625316	11
0.0658292047789564	0.248571279802029	11
-0.0219694664395007	0.0257563955834276	11
0.0383233764224291	0.11751819431374	11
0.0175858167595916	0.0301792322253761	11
0.0482590842637028	0.153750002396668	11
-0.066156519959981	0.247293971381095	11
-0.00244083537531683	0.00686737907810132	11
-0.0454433531733958	0.130519430479917	11
-0.0950667850233329	0.331084410203894	93
0.0661388519947363	0.221613477475942	93
-0.0789797297171309	0.248836670017753	93
-0.0601460790024032	0.188889377701787	93
0.122206204830327	0.507023859771037	93
0.111769421621083	0.447526025914897	93
-0.0624011278951581	0.199851373008424	93
0.0215812548372886	0.0524271130643176	93
0.112062883853262	0.429797245233781	18
0.071562159463656	0.245782814134202	18
0.110219312117276	0.408385843777331	18
0.109399801075462	0.403777975893428	18
0.0752731881783656	0.250992700709365	18
-0.0521956764957715	0.160033409923618	157
0.120024148269323	0.431658800380873	18
-0.123054830442008	0.497515534681017	157
-0.0149540986725338	0.0459592990811992	157
0.0835633883522238	0.289308572536929	18
0.11006689454184	0.420903070147258	18
0.102881495219022	0.358501467226752	18
0.070900306732832	0.240082494008251	18
0.108160463958409	0.196468282093999	18
0.0457149239257771	0.0799614558804566	18
-0.0668020751562494	0.169884035776913	18
-0.0207591905457731	0.0360912353899766	18
0.0681762214576266	0.16021627950825	8
-0.0343071211352653	0.0979315105096932	8
0.000309805096452694	0.000831512280315333	8
0.0854145003115544	0.250551302465175	8
-0.0124003395733754	0.0295871424990403	8
0.111238896059054	0.355039046174615	8
0.0727379882993982	0.235626455717109	8
0.115938206315758	0.376854272595352	8
-0.0528306592465741	0.14332190768365	8
-0.106459285760072	0.293400010897055	8
0.0235673556867071	0.0446812306267227	39
0.115609810058723	0.257047998995796	39
-0.0177402079032941	0.0345485867050921	39
0.0676052174653368	0.156423047564752	39
-0.0437328905280094	0.103694808223681	39
0.0799209305022361	0.217902419191323	39
-0.0789912949785155	0.216617922191214	39
-0.0322045791486697	0.0793164364849894	39
0.0910952662923435	0.306955834200578	39
-0.0725661105487188	0.207023479470885	39
-0.0700930258570403	0.182770677483221	8
0.0238200495129002	0.062439110231922	8
-0.0233358813301129	0.0638981366197028	8
0.0501406541800522	0.115205537068902	8
0.122256265406555	0.433390138443353	8
-0.0819966903466753	0.284812249998519	8
0.00563685251272852	0.015743353210028	8
-0.0588322818624889	0.122281330073646	8
-0.0364841286462357	0.0628132783665004	8
0.00525191537946618	0.0112713396249299	8
-0.0801016877889996	0.181542228521225	8
-0.046313843383495	0.116279059783204	8
0.0235891315505807	0.0411681071187091	8
0.115049729501833	0.394016694034885	8
0.00420683029237016	0.00977318728452411	8
0.0350737087010046	0.0982796472957848	8
-0.00681317937090456	0.0162319492847119	11
-0.0553664410406002	0.185872680715935	11
-0.0123626695091334	0.0387112825166147	11
-0.0525020844289436	0.193140023965425	11
0.0491735238058983	0.18604512579296	11
0.10198675279395	0.479109387055407	11
0.0142431570423381	0.0527685014530256	11
-0.0518237820815544	0.208179856174478	11
0.0257446604066833	0.098139241958917	11
-0.0790659001310744	0.33353187553176	11
0.0160528567393739	0.0604225000785781	11
0.0788267962126322	0.309378592834057	11
-0.102206242990302	0.411413232449718	11
0.0683453460032055	0.181626442584077	11
0.0389095842960321	0.103402803911181	11
-0.0444283034566303	0.191549019271862	11
0.0483717988071072	0.212386183447831	11
0.0342957502494644	0.0904478848235646	11
-0.0199035180315568	0.0709650536797772	11
-0.116365593862582	0.631111346611913	11
0.100821999599836	0.526380624655678	11
0.0481838908129375	0.2113671882732	11
-0.0485324253891187	0.153591265982279	93
0.114327674624924	0.418797897095346	93
-0.0646596960638131	0.281533088196156	93
0.0174688774077315	0.0634621668171397	93
-0.0414187902191048	0.146857942698631	93
-0.116915889252735	0.403432298953796	93
0.0495259498777875	0.178310443117165	18
-0.0881330822141708	0.297823292384893	18
0.113990127137335	0.438496209812958	18
0.0757826592702277	0.244461271574516	18
-0.11373593644771	0.347493033190656	157
0.0796336370580712	0.18129730151105	18
-0.0125265990904338	0.0232389820044919	18
0.0321305713400377	0.0965559842208804	18
0.0223942549581541	0.0682243391453202	18
-0.00792771835500079	0.0227324607015231	18
0.0799164711932629	0.333167250737001	18
-0.0470687577042582	0.165370673511358	18
0.121795686133569	0.460304693920297	18
0.0528870391571183	0.13452890119395	18
0.0432160482354187	0.0628266886302948	18
0.0455932252405463	0.0986908571190928	18
-0.110719764959102	0.187191683559387	8
-0.0573865200107378	0.077313472287271	8
-0.0886374089844421	0.217813513969488	8
-0.064345784872335	0.202634532536018	8
0.0134786445175668	0.048948919946772	8
0.00845387336722698	0.0302967383583738	8
0.00315849644564673	0.0106041096313504	8
0.10860393054482	0.532775230663975	8
-0.068583801073706	0.293957065978257	8
0.0498601716440197	0.177501897471043	8
-0.0241535684267556	0.060150574728853	8
0.044193533862196	0.0959213195453864	8
0.0575596058442501	0.186379336979284	8
0.00709070367931888	0.0228805520564178	8
-0.0502056201009614	0.109650269579186	8
-0.116441267917995	0.300213436526807	8
0.0770483962749621	0.12950784131022	39
-0.0268318107082304	0.0449944655642555	39
0.065351437103996	0.12707314395215	39
0.0392857831400757	0.077094587476465	39
0.028057233858615	0.0751171610183049	39
-0.0403120889691369	0.102515508203424	39
0.0951897486450005	0.43365752215848	39
-0.0752105600314879	0.251929881656683	8
0.082546324660154	0.302102354542709	8
0.0568404529024856	0.202524934998615	8
0.116401679766143	0.470488289799245	8
-0.0423175409465593	0.120686998728848	8
0.112802310574663	0.487182682664022	8
-0.00779090120233254	0.0263948297084393	8
0.0874280274240588	0.174018036641465	8
-0.0859808701245848	0.29687380267871	8
-0.022532288134373	0.0596580939210069	8
-0.0242169821057921	0.0611978891928367	11
-0.0162833378964556	0.0465103024057612	11
-0.04618828307468	0.159652304820084	11
-0.0392580252386808	0.139108165619762	11
-0.0195378960249741	0.0640544553444588	11
0.059876007895619	0.233035900239746	11
0.0949795782071551	0.424466892570742	11
-0.02314958726885	0.0819595610248149	11
0.0371855519109324	0.149388864000934	11
-0.00798830448205892	0.0246726520947622	11
-0.0954632708967997	0.44127504419129	11
-0.112850066460269	0.191393624432972	11
-0.00278993150922463	0.00950274748074349	11
0.0406155133747227	0.136611637385801	11
0.00714973773478815	0.023821894059316	11
-0.0831246631562611	0.381233319117952	11
0.11259071575804	0.519687344779865	11
-0.0294010545683924	0.105364092367355	93
0.0291156466162017	0.0945237626911876	93
-0.114045860011803	0.500483174713267	93
0.0329309704412832	0.105185509597387	93
-0.0992035509431672	0.298086822857797	93
-0.0217317317912769	0.0626092382393876	93
0.000856313241197517	0.00257878455887458	18
-0.0174873536023036	0.0485551922808567	18
0.0525776865573884	0.159274647843578	18
0.0437645401563997	0.109796260407873	18
-0.0667944572646072	0.207375358000491	18
0.0945774438942376	0.337107034820221	18
0.0419574736801503	0.127451224688191	18
-0.0312860945393273	0.0834102608937522	18
-0.00058341464008395	0.00137891647530744	18
0.00756758544856065	0.0210379581379995	18
-0.0781439791506892	0.266851534690557	18
0.106015582703118	0.383891413760563	18
0.0948624413439463	0.314487675661249	18
0.103645094546542	0.352225412455867	18
-0.10025361758162	0.293637637612427	18
0.0402738904830173	0.0722997400282443	18
0.0591060598003644	0.12427327760136	18
0.0285086805837302	0.0617980043404225	18
0.0984115686955809	0.204715522830194	8
0.0260835687433645	0.0616931718739112	8
0.115430166477573	0.348411737418824	8
-0.017703470236261	0.0570717197620206	8
-0.0260595867314917	0.0850024255020221	8
-0.0610856767865789	0.220988365872763	8
-0.0377825845937935	0.123749363399967	8
-0.0851420544573922	0.273046631545278	8
-0.091925971656505	0.322905019408679	8
-0.0585920015700031	0.194854408380324	8
0.00195169366886505	0.0044750112356057	8
0.0275766615562062	0.0659505933199342	8
-0.0865212592208237	0.180550517696022	8
0.0344813504037447	0.0688814532459721	39
0.0957278750859833	0.242812475865787	39
0.03311644636153	0.0840910042855748	39
0.0518923022695759	0.131592329899604	39
0.120490160277699	0.405897399929139	39
-0.00597645889195951	0.0158177070460433	8
-0.0498376955067505	0.14965985975496	8
-0.033898497211023	0.0966086879876319	8
0.0112181951174948	0.0299315922687295	8
-0.0282594355801628	0.0821149316734912	8
-0.033752062027197	0.103241770773204	8
0.0364374575636861	0.111961871189854	8
0.00585827598965859	0.0145671200726137	8
0.0665798976624448	0.214515856698993	8
-0.0649453437620861	0.131230177845889	8
-0.0130799506713471	0.0263258974360257	8
-0.0596025857684016	0.136369559131061	8
0.0363606990147391	0.0709394421330905	8
0.0193850583019694	0.0465596687693778	8
0.00660011381365813	0.0175495917853309	8
-0.0215104416050027	0.0560697075159067	8
-0.00616478735279243	0.0153351010241526	8
0.00805280236808147	0.0196929363581759	8
-0.00738015943570757	0.0177458990765497	11
-0.00747817237798884	0.0208818406467177	11
0.041063437653294	0.140706863512111	11
0.00615899441880672	0.0187937204550656	11
-0.0839552166384018	0.344748765848796	11
0.0144828534747779	0.0489954097495931	11
0.0161565090098537	0.0547811204151605	11
0.0100148654861081	0.0359430262530802	11
-0.0125211329958704	0.0437871926660471	11
-0.0328567680601028	0.112709960089906	11
-0.00428369710567501	0.0139880999377483	11
0.0099014517029385	0.00818867595187516	11
-0.0764765673132939	0.159501198820898	11
-0.0247026109315748	0.0894358316506375	11
0.0362298408961118	0.0766576358611534	11
-0.0811432236545646	0.285624194600938	11
-0.101941278554237	0.434054009654291	11
-0.0160863108939383	0.0485934653765333	11
0.0482458873736142	0.131876693859296	11
-0.0941862500449001	0.399191573171352	93
0.0673806190073667	0.239070825723023	93
-0.114682757360603	0.482190820825971	93
-0.0893273447838485	0.383614401988359	93
0.0685067810024087	0.199900698428751	93
0.017861339047774	0.0580783336220535	18
-0.0887878974985895	0.306506196023951	18
0.0121407084530876	0.0305244901072171	18
0.0408935869499569	0.127229242792485	18
-0.100123101787635	0.293412598791352	8
-0.0575916423859097	0.179655738802958	8
0.0744636557238491	0.256402353973026	18
0.0108670998618513	0.0311249602251961	8
-0.0182794475441795	0.0494126628248648	18
-0.00205212429229175	0.00352255757196359	18
0.0343695654751426	0.0634660196171918	18
0.0380088944301856	0.0924269268221481	18
-0.0721913988094343	0.192355147046548	8
-0.0504267860681404	0.100083323432568	8
-0.0708483711289382	0.139329191312239	8
0.116338186543069	0.26259345231117	8
-0.0133728321799912	0.035946101886853	8
-0.11635809637519	0.346121097808058	8
-0.0822506297103051	0.319196641038453	8
-0.0901241581034892	0.332840861039978	8
-0.0108550993542725	0.0315376878549266	8
-0.0387126160857681	0.121416302019408	8
-0.0555894105059609	0.190279012848553	8
-0.0407378795410534	0.129417269702554	8
0.0693335205374875	0.259673815756536	8
-0.0558238304946026	0.173065128762062	8
-0.0600008242758313	0.19324764188644	8
0.110772563001204	0.395554787235395	8
0.0341593941859648	0.0849642252491592	8
0.120371420178211	0.275217841814994	8
-0.0782804698712316	0.191686974815244	8
-0.0205449811974437	0.0476214794875941	39
0.00186513320380126	0.00450140305765591	39
0.0977958075851627	0.299212179974148	39
-0.0864759232167146	0.254026149030922	8
-0.11905030303418	0.39091815861181	8
-0.0820535231592628	0.285376524614521	8
-0.0416815164506041	0.124104484229693	8
-0.0996015663396214	0.374473275582905	8
-0.00299311743705456	0.00778483726523902	8
-0.0363117638012685	0.101952019714806	8
0.0313497328662305	0.093972250685688	8
0.0630524044930265	0.227297394255905	8
-0.02643185464199	0.057646798870425	8
0.120669601984797	0.326865433231959	8
-0.0989273841253774	0.261268851269654	8
0.0437113763154458	0.128331281017348	8
0.00012721426713928	0.00034126345520656	8
-0.00826780459048238	0.0198325701773082	8
-0.0199530992177322	0.0460498387298076	8
-0.0059917372869862	0.0145321404376604	11
-0.0139263895675595	0.0387491904783409	11
0.0224293464220254	0.0710443190473129	11
0.0128093705157148	0.0403026541103793	11
-0.0450714867722003	0.163276696275648	11
0.0535743735950218	0.205949112018109	11
0.01635270382873	0.0606529433861607	11
0.00909886919546957	0.0312746763052418	11
-0.02684987366309	0.0854437005296111	11
-0.10512101008854	0.446699749539356	11
0.025723959462478	0.0334153166840006	11
0.0109775980582437	0.0192189087338092	11
0.0322546856718768	0.113413880837673	11
0.0543346533780594	0.105740504226431	11
-0.0484907537989258	0.15582870984878	11
0.103400260930801	0.450275565377966	11
0.0798355426391275	0.328498110233085	11
0.0719711065466733	0.29221499814845	11
0.108387141103938	0.349348172280627	11
0.0730628886371392	0.290306811569813	93
-0.120150499955838	0.503825492674743	93
0.0589887477377981	0.211184909761577	93
-0.00599623452903832	0.0194020382538615	93
0.0148952865362166	0.0396295279047797	93
0.0639552842772601	0.194646063048116	93
0.0875251099292643	0.334704009313095	18
0.0134984648596183	0.0412282152111356	18
0.0534743402655936	0.171859641646055	18
-0.113692753788306	0.403744988316862	18
0.0397255711289101	0.121035885521151	18
-0.0855364007013397	0.287734213569305	18
-0.0347375558313327	0.0995427743926164	18
0.111831024450912	0.369797954724505	18
-0.0972633855298652	0.364449528973618	8
-0.110460076869482	0.437154475940937	8
-0.0669126588221623	0.241038989244711	8
-0.116198351668095	0.451019169111591	8
-0.116200671195827	0.490614887127515	8
0.0188091290132629	0.0600537425008864	8
-0.0273763246799107	0.0854351334103927	8
-0.119286503876489	0.387639155866429	8
-0.114661749411577	0.278694794527474	8
-0.0461955212249432	0.0846399004729521	8
0.0883445719444911	0.177222075900279	18
-0.024498748753816	0.0468676551447969	8
-0.0456540451936827	0.113887678591968	8
-0.115155000852736	0.436507730925118	8
0.0631450890999136	0.246855087901785	8
0.0663726062838062	0.222101411037525	8
-0.0293668484217062	0.0936429834313408	8
0.0403506560159159	0.133203632254049	8
-0.0324496774745979	0.0922208858650847	8
0.0338503860438802	0.109721485505822	8
-0.054900839608665	0.182072246692143	8
0.0238817834443017	0.0719903676369823	8
-0.104916502532524	0.419285682808142	8
0.00533647909990842	0.0132522707476822	8
-0.122596626920502	0.309869389073895	8
0.0621580356843071	0.12996424664095	8
-0.0481578808718216	0.115369950921566	8
-0.088551549506592	0.237787246537931	8
-0.0557806943397181	0.170625652379559	8
-0.123355835501515	0.407937984235825	8
-0.0680903675679286	0.197045853507093	8
0.0461596953085354	0.136759946484296	8
0.0156101699581895	0.0449936657528884	8
-0.0728553887869715	0.241970418271296	8
-0.0619295065794856	0.201940930736816	8
-0.0242250960588304	0.0777445020143474	8
0.041979782040719	0.141049697823687	8
-0.10000079580428	0.37703237932359	8
-0.0607958926277444	0.189756020600181	8
-0.056758770840595	0.186680557790499	8
-0.0290398032299188	0.0887043087853932	8
0.0691628305485051	0.229189554691558	8
0.092212875163079	0.201014224302748	8
0.092345686789665	0.242007251964282	8
0.00804687068443725	0.0186843434190221	8
-0.0967383425274892	0.222287395599029	8
0.0307789598014102	0.0841298945066881	8
-0.0616600949641916	0.187622018874164	8
0.00502618937902137	0.0120220123722146	11
0.0295117601866573	0.0874966472186622	11
-0.00453655000033819	0.013723050234883	11
-0.000407334118716445	0.00124430167590158	11
-0.0325404769296788	0.130891218033643	11
0.112603130216449	0.55725056631276	11
0.0728298490564532	0.259727419096039	11
0.118798173821241	0.172205237058286	11
0.0596325283432775	0.120701941220105	11
0.103823063602467	0.212056583127521	11
-0.000374319705765971	0.00101246954663968	11
0.0186957821348758	0.0588913191869196	11
-0.0171171239477243	0.0500486547160283	11
-0.123537446068897	0.516998367661058	11
0.0794256726178535	0.281738770908753	93
0.0349070768211666	0.108476611297278	93
0.113039908208214	0.392534738846067	93
0.00734762983989549	0.0195818546164993	93
-0.0147751036017457	0.0431477161086491	93
0.0891246484758493	0.332746302679244	93
0.124750722190368	0.548276025503151	93
0.101095326388898	0.327931072617534	93
0.110564551068433	0.41624722256186	93
0.0484821316201892	0.171091967099736	18
0.110161583609278	0.469760662178832	18
0.0880280142730801	0.346230484159007	18
-0.00558568834473802	0.0144998455720412	18
0.0456661932363633	0.146989904983013	18
0.111502350015261	0.420155898714707	18
-0.105508192943128	0.305763525528367	8
0.0353092444437537	0.101589984714314	8
-0.00657128792779544	0.0194996566745752	8
0.0799051157406201	0.278300666217626	8
-0.0727512681728358	0.242116808521283	8
-0.0325664881054286	0.092381575998921	8
-0.017139004605038	0.031115929280623	8
-0.0985894511425629	0.20374943747691	8
0.0726050551865884	0.153846730894277	18
0.0270857788641781	0.0713474738647478	8
-0.114341224892776	0.341025336800801	8
0.0308647586200959	0.10081730729104	8
-0.0404949307732523	0.127449267316438	8
0.104195041639186	0.38027196141865	8
-0.0716776061303932	0.222007454146385	8
0.0157732783851695	0.0462719395561074	8
-0.11293798947087	0.431272348735625	8
0.066397249939062	0.212105420884644	8
0.0873800255583819	0.263934480841652	8
0.0158023984235592	0.0437329432579903	8
0.0196224048895821	0.0525013656337636	8
-0.0438734713617773	0.114690723657593	8
0.0595453354847621	0.136239336073403	8
-0.121511921846658	0.333741820839741	8
-0.0258830270542451	0.0613575214877308	8
-0.109439322433504	0.413786055135749	8
0.103495225903711	0.306988950062145	8
-0.0868403375093915	0.263688429966046	8
-0.107360647327684	0.403038433803481	8
0.0309097316996081	0.0896435463771635	8
-0.0218373144847835	0.0659493269388548	8
-0.068043577312744	0.240883810460379	8
-0.0484894148125126	0.165124712108225	8
0.0677460546805885	0.200862241418396	8
0.0951982481261438	0.355083199339399	8
0.0463832022061025	0.145530015737455	8
-0.0433279631120754	0.130665199152542	8
-0.109593939706714	0.275500382517914	8
-0.0138051096441436	0.03175677423927	8
-0.0864223859427921	0.219604435878077	8
0.0557114444753665	0.173485333539266	8
0.115172695071766	0.42576143030259	8
-0.0950383114648197	0.274931716012206	8
0.119736303839588	0.304921571705601	8
-0.0139934689202866	0.0345652326776868	11
-0.006276482311662	0.0173629282225479	11
-0.0726638551408613	0.273083557274111	11
0.036130700206958	0.122303708520502	11
0.0249494001897555	0.0874080691230258	11
-0.0669375820395162	0.269793273561336	11
0.0808101120817065	0.324593218273613	11
0.0792323317810002	0.341913947118603	11
-0.00394797407076932	0.00554514762312554	11
-0.111208860147216	0.242581787808924	11
-0.0171921563669264	0.0431990732058613	11
-0.0521381424935035	0.101762188987261	11
-0.102021528013963	0.421387592998577	11
-0.018411850507814	0.0520117767477099	93
-0.0276894544508638	0.0865599488500422	93
-0.0776240623602318	0.253047909133481	93
0.0354265146266362	0.113918074321224	93
-0.0437488530343158	0.143742725366739	93
-0.124379750178341	0.51136952412058	93
0.066475196845141	0.218752642556607	18
0.0287069190544617	0.0916087636241422	18
-0.107818448082031	0.388552830561537	18
0.0627168043729422	0.223487225982432	18
-0.0561336599934591	0.187210479258307	18
0.112036911107729	0.482299765089162	18
0.0398383796503717	0.135715385562627	18
0.0278246396020748	0.0930648571518069	8
-0.0312687423460533	0.0957328467918385	8
0.0751973694394537	0.197596985989068	8
-0.0179226620999117	0.0380538032088515	8
-0.0242475783649021	0.0488902628784955	8
-0.0202283488384129	0.0435774451033087	8
0.0309407203114696	0.0815508650723134	8
0.124060394558057	0.338373000054458	8
0.0381675412091887	0.0814320087976595	8
0.0204692631217557	0.0539004770284463	8
-0.0759430515168416	0.213179084199909	8
0.00802215940215454	0.0185037795095118	8
0.0566399825164019	0.192996794224507	8
-0.110122898259768	0.378822835692005	8
0.0568559795798869	0.180520527715663	8
0.0504173342953845	0.14091149268669	8
-0.0145446200298468	0.0420043131657517	8
0.00424523242691678	0.0109263631652928	8
-0.0808746685979993	0.262448750184654	8
0.100398757791099	0.287086772658174	8
0.0551948523335181	0.144972398329846	8
-0.0539043558417669	0.163110804104591	8
0.0366829069590448	0.102729757921945	8
0.107648483262752	0.376810858992479	8
-0.082909135761518	0.269780999251937	8
0.0953406464516521	0.351011504801665	8
0.0574870350709798	0.175705385671907	8
0.000101015701774288	0.000272517050639883	8
-0.103560833930579	0.378151506276708	8
-0.00656756671640971	0.0193490820925228	8
-0.103998838391446	0.302890743564762	8
0.0317329124517812	0.064301216663568	8
-0.0613657291107121	0.185223105299519	8
-0.123975414734259	0.447306336798157	8
-0.0553584823409637	0.159703485365753	8
0.11910805684435	0.449215946711594	8
-0.0528192061361058	0.128528042589012	8
0.00213478342075208	0.00507415520733469	11
0.0102279798974295	0.029042069378356	11
-0.0452927859372844	0.155742142343186	11
0.0672539242920886	0.255736677136497	11
-0.0224328300911607	0.0744455966411014	11
-0.019086968646975	0.0686727316844684	11
0.0896503838464304	0.17414591178755	11
-0.0502818684145341	0.181475549644879	11
0.0569600347405744	0.132129519254222	11
-0.0262663104162223	0.0934149369107192	11
0.045763715174052	0.150761427422623	11
-0.0378063991809225	0.090798643228158	93
-0.0281891324199637	0.0943439500442573	93
-0.0146796086587068	0.0431603624438991	93
0.103861001522916	0.412227169987239	93
0.104895027223095	0.337051397411635	93
-0.0383762970962284	0.133928020797226	93
-0.0681279590653858	0.265752145023372	93
-0.0648898966661727	0.198759270725777	93
0.0355931912598468	0.110892991341917	18
-0.095552188858613	0.339305645405978	18
-0.0523118256215227	0.152730562794657	18
0.0813060353204571	0.258097604995609	18
0.0439595795415623	0.147923801124939	18
0.017817480546399	0.0550423937168371	18
-0.0147094316106972	0.0464008064904846	18
-0.11321570421484	0.462687994562831	18
-0.0505212920059516	0.158281181517177	18
0.111213890139	0.405948472524978	18
0.0493495139073596	0.156036454826068	18
-0.012620345090444	0.0296245608164725	8
-0.0517084351775886	0.134190928378641	8
0.0508209803802909	0.122272475641487	8
-0.0353685497053496	0.0930029677892982	8
0.0470250283394867	0.119701988846197	8
-0.0257061211430455	0.0593052680858982	8
0.0834422493877365	0.234441294943708	8
-0.0502487178593298	0.136367952520502	8
0.00534871193354439	0.0129518779823012	8
-0.0559979986043549	0.142488458496987	8
0.0839739171594653	0.254907129513661	8
0.1229353015286	0.467074714881145	8
0.0186679580394696	0.0542438260726984	8
0.0194334117642608	0.0474508940750602	8
-0.0372727257837461	0.0909900422493356	8
-0.0480811523109753	0.129078980514614	8
-0.0164966895323155	0.055906527037348	8
-0.0415153312329831	0.146302914455876	8
-0.111655047980797	0.41830759332025	8
-0.000174359222615311	0.000435099568213978	8
-0.103565219411378	0.434364747504028	8
-0.012188977008229	0.0312572759445789	8
0.0255943448808756	0.0679451773587803	8
-0.0778565809880316	0.238605386217303	8
0.0590808036083781	0.175581070355054	8
-0.121996592733589	0.443471006965657	8
0.030763564056848	0.0784080497788224	8
-0.0867322907944996	0.257936542797637	8
-0.0908691729664408	0.304535445325396	8
0.118097151622111	0.456552870534176	8
-0.0509642388569733	0.16281581731365	8
0.0953701997084542	0.363235250968857	8
-0.0588147935472605	0.210746719456057	8
-0.00255263511140688	0.00615955688056916	8
0.0218385551810994	0.0513384445575222	8
-0.0751625391358867	0.250465375821828	8
0.0249252783960084	0.0705513925377319	8
0.00041189803710052	0.000976216705378877	11
-0.0435830674931124	0.132036473063273	11
0.0391702409157639	0.137256810292707	11
0.0159764192592735	0.0509425326326252	11
0.0595902836225467	0.26334888330438	11
-0.0765512190457781	0.357623845251654	11
-0.069598223899994	0.0678019318280993	11
0.0463977986930253	0.0638178976774917	11
-0.00769428466932226	0.0129577525034698	11
0.0802817336053515	0.266434895410104	11
0.0170613469422785	0.0321313069876114	11
0.0593452588159923	0.181719879817653	11
-0.0300748003447009	0.09342689066322	11
-0.0576275024013626	0.193948823253657	11
0.0968413811559921	0.390332244189534	11
0.0466020443662561	0.143439523735582	93
-0.0791778495591307	0.277137592697218	93
-0.0118734742142536	0.0328558913203895	93
-0.00870044563216443	0.0263769716109062	93
-0.0172863819559061	0.0560370633797712	93
-0.0682350886714345	0.206700882604377	93
0.10214480034035	0.368179789214453	11
-0.0194137457471351	0.0637697936042201	93
-0.0785114946811949	0.275861912318914	93
0.0490250031711137	0.184456069275181	18
0.0134447692746183	0.0431073362580191	18
0.0321074068120966	0.109012835026488	18
0.0711461753102414	0.229815510173708	18
-0.109520019052469	0.406707204305031	18
-0.104325834807908	0.379881256026629	18
-0.0238381416898111	0.0730159326100275	18
-0.0451781116480683	0.129986825648787	18
-0.0956023497342499	0.346759844404947	18
-0.0828638224967141	0.325808514754867	18
-0.037644753617443	0.12983951621963	18
-0.00545355467219112	0.0155371990495425	18
0.08427348454118	0.344609809210712	18
-0.0228244856576614	0.069952046737191	18
-0.021015455863193	0.0558792562036992	18
0.0523082229670529	0.114683153843195	18
-0.099436388799809	0.217596411703184	8
0.0370162763034534	0.0795620410376376	8
0.0655785140207719	0.14173098984598	8
0.0410112977623124	0.108862541313044	8
0.0451355977912162	0.130945051821238	8
-0.0513598277119606	0.121533607087896	8
-0.0832268923765449	0.203095499718563	8
0.0384571891137084	0.106985786555022	8
-0.106479723162335	0.319474981858437	8
0.114430171378252	0.45593662724158	8
-0.0559386509236976	0.20255671232588	8
-0.0460146719990318	0.136701125402674	8
-0.101513090820649	0.333816424572261	8
0.0484098040441883	0.144571959603473	8
0.0879510542618294	0.282589207609523	8
0.122946767296539	0.492072357965798	8
0.104797924143619	0.414374358206878	8
0.0642958586464312	0.19287325496265	8
0.00155677243769917	0.00456464949622591	8
0.0561883295598446	0.208485626944716	8
0.0611696245428087	0.186253448056376	8
-0.0848569820339054	0.275109374533591	8
-0.103750652394155	0.260139926008882	8
-0.0347844585516282	0.0825378566522205	8
0.070108299038179	0.19816711716952	8
-0.11459870401501	0.379225160161189	8
0.115099959943785	0.387732053332717	8
0.0196715330908581	0.0563982778896046	8
0.102312386542089	0.370168870120267	8
-0.0254630394355022	0.0770624553580637	8
-0.0234994334229118	0.0626054439008958	8
-0.0736615311569419	0.243101628419196	8
-0.0442345205640667	0.14003028831656	8
0.116876112966527	0.478358972319861	8
-0.0889169104331612	0.331309661961674	8
-0.115475351061887	0.404507193337953	8
0.0441312966438649	0.140921368679778	8
0.0330233938986937	0.102747127686182	8
-0.0337561387763805	0.0835444889410915	8
-0.0118609794794531	0.0318398535948727	8
-0.053328547021607	0.161868884428007	8
-0.0235210254826169	0.0700910278491695	8
-0.0796043402643146	0.272941576369331	8
0.122358525427746	0.399827454209353	8
0.00678134706017543	0.0162425216252862	11
-0.00340580991586949	0.010024150566013	11
-0.0031024707911967	0.00924713769464984	11
0.0552534539854729	0.249168472687202	11
-0.00638157708254647	0.017113256117744	11
-0.0227946679171872	0.079118618540348	11
-0.0145506671230916	0.0395727087175436	11
0.106842630571647	0.452492245137312	11
-0.112181379735781	0.435066796818539	11
0.0498217780318126	0.131469264924637	11
0.0444123559111124	0.0958769560485366	11
-0.0703058676176985	0.212529605457454	93
-0.0445570503945311	0.148701803282077	93
0.108634376590318	0.444967120976379	11
-0.00521298975129584	0.0158825223577308	93
0.119581554199646	0.501760600371385	11
0.0436832807319678	0.164482920936568	11
-0.107905638833594	0.430856342459807	93
-0.0285448226578526	0.102510948774814	93
-0.029105812969064	0.100867831596338	18
0.0996233197717239	0.391816954730909	18
0.0371948657768821	0.120241557524096	18
0.0178354360226604	0.0561233461566737	18
-0.0691811729541887	0.256815863074638	18
-0.117495943490292	0.538257800530562	18
0.0637932629881812	0.22158326970196	18
0.0749779667997802	0.300623815049636	18
0.0380111238783767	0.136695880646705	18
-0.00403743555135844	0.012239045911636	18
-0.0131147473964643	0.0447047114198049	18
0.0435845038548473	0.162038586525372	18
-0.0302687003806211	0.103227338097732	18
-0.0343112447112278	0.12136482364494	18
0.03517824131536	0.0897922922014543	18
0.0985885139779583	0.260732742958419	18
-0.113429611143196	0.332268077393875	8
0.00202244351640378	0.00513290931873654	8
-0.023753471541638	0.0663811674488794	8
-0.0166594531032515	0.0360373585636862	18
-0.0735616907446439	0.251081285316175	8
0.0644026629490186	0.204139193117774	8
-0.0174174998987115	0.0451075419444688	8
-0.0966933741752812	0.385900854165397	8
-0.090904810362106	0.344022705061585	8
0.00322323218710715	0.00793399139611939	8
-0.116677871933995	0.367744116442797	8
0.0232905539207176	0.0707204496586969	8
-0.0954060937002047	0.351100139943868	8
0.069735542666027	0.264675357349518	8
0.0812089016661022	0.324330583770829	8
-0.0545619850234048	0.174354474227908	8
-0.0127095156439465	0.0360001027809754	8
0.0804151877014801	0.21460689472676	8
0.067031907498964	0.205010303922503	8
-0.00222656501797825	0.00547779151576463	8
0.107071271627606	0.355550077623523	8
0.110697178234104	0.402970793340161	8
-0.054949270770607	0.167642227810327	8
0.00789153083659342	0.0224662934531691	8
-0.00915721809866463	0.0242387192723742	8
0.0925576823647894	0.349711906520567	8
-0.0204258526296053	0.0598429299616545	8
0.0702743475342949	0.261903645698367	8
-0.0377474585024988	0.0831713663362909	8
-0.0558860429630888	0.160432635781162	8
-0.00234923860471863	0.00646774037369807	8
-0.013921287168873	0.0407212833864907	8
0.0978260159076445	0.376045372866827	8
-0.0730754005032188	0.237551493742478	8
0.0410616720402949	0.134673600627524	8
0.118274698991199	0.443190093463378	8
0.0603760077748879	0.157122136304901	8
-0.0299526660088215	0.0772203952038796	11
0.00395928984488986	0.0107484399288115	11
0.027734005030011	0.110343491376209	11
0.0975270356195658	0.501423048183116	11
-0.113331541958724	0.192345906134085	11
0.119301499449276	0.198988336380436	11
0.0673773430076839	0.224975582057474	11
-0.0983425329013407	0.149688236369934	93
0.0425039950113237	0.153888038231318	11
0.105894773335726	0.343156605626959	11
0.0161239353358847	0.0188973924643939	11
0.0143173564190478	0.0228012261941464	11
0.0446270803331793	0.148066156412856	11
-0.0304108158075062	0.103302773956382	11
-0.047376610126089	0.163481543896955	11
0.10167930001692	0.258454259233701	11
0.0450521510846173	0.187287760187569	11
-0.0376619587857929	0.149709571214001	11
0.0521351110169141	0.198896737197285	11
0.017678242508021	0.0619321995705881	11
-0.0920310104463017	0.279365786687857	93
0.0707919634776508	0.281891610393117	18
-0.0467544127709175	0.13316203237199	18
-0.0759267580865263	0.225596835550709	18
-0.0628307956498551	0.22942448796151	18
0.0333570898429109	0.118244806627142	18
0.103437978921605	0.370212587721534	18
-0.0877429940904371	0.297896478385224	18
0.010535806571106	0.0271599909539169	18
-0.00272957227312628	0.00826963073067394	18
0.121520347849587	0.552442499852057	18
-0.0999869832058485	0.398428656168551	8
-0.0218508412897683	0.0597843411479403	8
-0.0958097659169526	0.273143601401937	8
-0.0548843817102454	0.172121119155501	8
-0.000263955243286294	0.00076970240985206	8
-0.124052994077889	0.43608320409926	8
-0.022793825112747	0.0608343345420929	8
-0.0764822995577161	0.263074234167595	8
0.0184952401149629	0.0460404449720093	8
0.114349407282301	0.271138402034922	8
-0.0611865543820658	0.0949247898361542	8
0.062518953444979	0.097608299569554	8
-0.0238256938950601	0.0408182754869791	8
0.0815252859801771	0.321660637332212	8
-0.00775757821433699	0.023894618891426	8
0.0423314030938035	0.113472286642443	8
-0.0618258830863933	0.136574421545716	8
0.0375280219401788	0.135424370157047	8
0.114983717743068	0.523539929819488	8
0.0605128984495695	0.234559076863616	8
-0.0409600561341672	0.148951429346039	8
-0.123706784451911	0.555605211750053	8
0.0577732434234286	0.207749662411588	8
-0.0894252748453161	0.305990677860823	8
-0.0498333557630397	0.122502960857126	8
0.0916471838864424	0.274608208407167	8
-0.0878957268022277	0.164789897386945	8
-0.0294990078299692	0.055942932211547	8
0.0102130704410256	0.0196615988250137	8
0.0372264316420402	0.0818239865395174	8
0.0366223600235752	0.0807195793056813	8
0.0997988896468328	0.262215516262574	8
-0.124027195576433	0.616036883091472	8
-0.0513779072742187	0.195119610238917	8
-0.0849631242572978	0.333160061310318	8
-0.0514120853255782	0.188171181577336	8
-0.029273807033123	0.0666719866682456	8
-0.0163980451842553	0.0457341100762155	8
-0.087523764687169	0.267012061518428	8
-0.0450719759983428	0.141099427316354	8
0.0168081699316552	0.0424959689163528	11
-0.0132639512793577	0.041613280369927	11
-0.0332996531165916	0.124347927651445	11
-0.0853181095624996	0.186653008585605	11
0.11618648300124	0.363226282973019	11
0.110848359787367	0.16482988234991	11
0.0959340698285819	0.31931854168974	11
-0.0360257238683684	0.0802908263889748	93
0.0262736756530574	0.0585510964771682	11
0.0783070748609424	0.247524967235762	11
0.0100465184872605	0.0346406706734867	11
0.0372468727522342	0.124470324469255	11
-0.08538412700617	0.206228458232996	93
0.0565260717440625	0.202833471666729	11
0.0208660934551717	0.0687667181764464	11
0.0289254334289212	0.0924936202117484	11
0.0115138285082679	0.0336718374862721	11
-0.022343930978004	0.0813679577357434	11
-0.00851547452832702	0.0298447942227263	11
-0.120767814716212	0.645394236541233	93
-0.0348805520373956	0.133025179681288	93
0.0978342115764589	0.410387526237222	18
-0.0631161120659453	0.244719403303552	18
-0.0133926110672076	0.0437374623604389	18
0.0858822558154214	0.33923054479654	18
0.0538147816930132	0.188682788173472	18
0.00308962553755533	0.00924283949625491	18
0.00728062021045101	0.0246341039802364	18
0.00597919673137379	0.0204435149176353	18
0.0808317044373851	0.363333411256393	18
-0.0980490251988183	0.430435120105951	18
-0.0482672479613391	0.175115330614299	18
0.0236608924371861	0.0804596064127567	18
-0.0262647233689334	0.0917467677548337	18
-0.0796126035960754	0.262425316523325	18
-0.0585126410057108	0.162488240222513	18
0.0278991635301375	0.074038419610728	18
0.0724524042656648	0.204242521265835	18
0.108513054603013	0.370586999606207	18
-0.0530714851555676	0.183545645627014	8
-0.0538917459370411	0.178463978845745	8
0.0481105070640328	0.108588300786283	8
0.0908693409962504	0.391596869174159	8
-0.0112956159262025	0.0379730211646209	8
-0.105291769598894	0.466145891485095	8
0.0590234514611421	0.210051137767685	8
0.00259645494000995	0.00825468570122085	8
-0.0948947251919156	0.345847816199275	8
0.0201576466643751	0.060582859250641	8
-0.0506839121853436	0.168183557400321	8
0.00680896511423082	0.0195532473687288	8
0.0968260603394861	0.379569407400636	8
-0.0172660460213671	0.0508239918063648	8
-0.0336402908309231	0.0972644051129591	8
-0.00630435748928389	0.0165272381367283	8
-0.0261903466712856	0.0808794789887752	8
0.109763326988614	0.388454460531566	8
-0.104825262102526	0.351223470876113	8
-0.067016804009465	0.188902012510447	8
0.103131450026761	0.355991179355488	8
-0.0609790921221783	0.211623887009589	8
0.0128538368992903	0.0380970422113071	8
-0.0537134877872321	0.15702247751159	8
-0.0663615434447105	0.248674349482306	8
-0.0460243492796385	0.149222492285154	8
-0.0138269509863703	0.0392333521161612	8
-0.00460908289132954	0.0132068488319395	8
0.0311466841225548	0.105982320057206	8
0.0423591508979006	0.141603962017561	8
-0.0886351432393503	0.325679764038422	8
0.0780218403685845	0.229901334034326	8
-0.0114992246556604	0.0372220247834768	11
0.00482982641323481	0.017551759690563	11
0.0970785150060496	0.129303212610577	11
-0.0698167113889561	0.158042470533327	93
0.00627970684360561	0.012501564686929	93
-0.0774203872746769	0.150024790556776	93
-0.000367154312904457	0.000585999608920258	93
0.00525211937337123	0.00946426221383341	11
0.0198799754620875	0.0328788552856228	93
-0.0955675761369136	0.149540012638816	93
-0.0331338085748812	0.0651243874516765	93
0.0331410184494981	0.0595596326749881	18
0.108516586814616	0.166345302552803	18
0.103568548859461	0.205449177303129	18
0.0422314934246571	0.0729065537196431	18
-0.0279180027864671	0.0351091849219924	18
0.0892061951489115	0.18297204071229	18
-0.0732869102001582	0.122734871275827	18
-0.0614252541976597	0.12091287952361	18
0.066876620616966	0.134719002036394	18
-0.0131172987752597	0.0227208260118331	18
0.0444079757427372	0.0688679195675612	18
0.0646862257184275	0.055576332136357	18
0.0404109234715307	0.0461163772965344	18
-0.042331040028735	0.0698832842912211	8
-0.0560913502457329	0.0996236872041631	8
-0.0158321020968684	0.0204443853978982	8
0.0771636682467714	0.120716518376118	8
-0.0301246249201541	0.0338838718126296	8
0.0590636540105673	0.097415475863498	8
-0.0927064339471096	0.14130782409256	8
-0.0560271509561306	0.0886023613316225	8
0.0494508188559592	0.0785523300271838	8
-0.00960955094154737	0.0127863574841404	8
-0.104762248196097	0.151799971159494	8
0.0674553329050818	0.109933297711949	8
-0.0388026572913384	0.0519542610436743	8
-0.114591166815162	0.123088382674084	8
0.0579471167697041	0.0978868068441698	8
-0.0631070110488251	0.097396500127357	8
-0.00689137771261775	0.0209259540543074	11
-0.0914614133122324	0.0935510747676755	11
0.0171072340289531	0.0267496724956205	11
0.115035755252685	0.170080591420719	93
0.0311501889049489	0.0411704716004663	93
-0.0490925414999602	0.105388684805435	93
0.00694456090606573	0.0140881503999485	93
0.0787730218395829	0.158859893024837	93
0.00374942108513277	0.00640472006641497	93
0.028936940633636	0.0559890189012381	93
0.00709849582012332	0.0144038638813496	93
0.0465837469200151	0.0961395739152113	18
-0.0759676571163746	0.146828457289201	18
0.0478964946044546	0.0927782523260536	18
-0.062197701280784	0.118645935920481	18
-0.0760714262737984	0.160287471543669	18
0.115615505680464	0.268478947235931	18
-0.062979154653103	0.130677219956364	18
0.0774702546540767	0.159824593977467	18
0.0341362094994579	0.0659790214949199	18
-0.0461272999134777	0.0963105313878702	18
-0.117901192548573	0.286870746067803	18
0.0790158003726199	0.147706378973745	18
-0.0665376598490524	0.132372957225053	18
-0.0393142193465154	0.0587534798799181	18
0.0442611931522811	0.0644377822888591	18
0.0707261052782442	0.119822118515096	18
-0.0173862540725855	0.0217758945155895	18
-0.0169673486636922	0.0282960951865931	18
-0.0225169474251343	0.0384931885369809	8
0.0704299237895304	0.0779378051703141	8
-0.0647821142349746	0.0729432252732516	8
-0.0167484853460598	0.0300054061086981	8
-0.0591503947647746	0.109631336699814	8
0.0103639958424518	0.0186556551387097	8
0.103747638602612	0.211995755819366	8
0.0760738988325204	0.161138162005913	8
0.0925246920745221	0.15885965044059	8
-0.0284592066834145	0.0424593389318961	8
-0.0137426211174159	0.019306001843392	8
-0.0659399901600925	0.11196800845809	8
0.0368042817180007	0.0583110464327564	8
0.0514245725991473	0.0846815065984273	8
0.0850012338595286	0.126593293487325	8
-0.0169585347168714	0.021929119296672	12
0.0217835749658781	0.0353623067497625	8
-0.0650336141233285	0.103480318164349	8
0.00222777063969036	0.00329407939476964	8
-0.0848006955123774	0.138525295646961	8
-0.0351215027212942	0.0525554819539204	8
-0.0866746816108868	0.135086179351372	8
0.0270365800028145	0.0474670670101052	8
0.0339217767806857	0.0651871715842558	8
0.0219649879832475	0.0836091177371174	93
0.000939255466780701	0.0032512592452251	93
-0.0361383187754996	0.0110881627738564	93
-0.105853263602673	0.119262952870352	93
0.0965482491474296	0.0795577554995206	18
0.0606415958838903	0.0696438380146381	18
0.00103056891532681	0.00114684539486528	18
0.0978598419765867	0.0807758446451291	18
0.104079608355476	0.108532854459678	18
0.0462435222635338	0.05385250108109	18
0.0165982283199378	0.0137327320014905	18
-0.00289820097642861	0.00187255189917245	18
0.069226627141525	0.059687251309151	18
0.0568282735210475	0.0286642323394112	8
-0.0946063875762511	0.0725858385643596	8
-0.108985042592217	0.0915251110463774	8
0.00221240511910358	0.00121023596038422	8
-0.0456974354615406	0.0468620716913463	8
-0.0831412579475435	0.0703502393313146	8
0.0180563792935897	0.00838144545359626	8
-0.0353091041352566	0.0190737704429021	8
0.0553363902905755	0.0193745837048732	8
0.0873805806159487	0.0475686672690286	12
-0.00814954304192859	0.00796750923824368	12
-0.109153409414414	0.111558659499136	12
0.107949902971526	0.103581917205272	12
-0.0239219942139115	0.0190039292346403	12
0.112235242060051	0.535203324897453	93
-0.0453157512469528	0.0356208544443228	93
0.0932451974349311	0.101860150503403	93
0.113254710512883	0.0451133141886909	93
-0.0515351301485721	0.0961539211306251	93
-0.0442261690376382	0.0839154131353832	93
-0.024305188153837	0.0344071348347789	93
0.105975651548371	0.211148513243968	18
-0.0349232495427476	0.0729220973923895	18
0.107376187151906	0.140878291295275	18
0.0722179337073966	0.143909984872577	18
0.0349678603104552	0.0464404716366903	18
-0.110324867085523	0.216079886066187	18
0.0199632996866582	0.0373923061049486	18
0.0392883665464165	0.0958296132690352	18
0.0399448287101533	0.0646817968474507	18
0.109442019956691	0.160750710025836	18
-0.110884413900792	0.130427366953191	18
0.116009314110079	0.173639183470236	18
-0.0732065177623437	0.167716218778317	18
-0.0366127173150469	0.0602746737972213	18
0.00687763291445675	0.00897716801365562	18
-0.101457013755825	0.127980998803243	18
-0.100202177156949	0.164741214504916	18
-0.0410366907724141	0.0676002916145524	18
-0.102700836581863	0.0622269455824374	8
0.0949492466048227	0.103894795101274	8
-0.0652173848587606	0.105843241125392	8
-0.10618362745663	0.13474407460048	8
-0.056261204514535	0.0849003265584013	8
-0.0526610704838216	0.10044148123727	8
-0.121994609069229	0.231618360937694	8
0.0941377838455371	0.156324724361908	8
-0.0102976968586853	0.0177492287748085	12
-0.0357667498726436	0.0686808693092136	12
0.0202029292673695	0.0363858445567017	12
-0.0459065950985749	0.0738670712783279	12
-0.00385135010534057	0.0117171392174791	93
0.0772698363981418	0.239798725134412	93
-0.0724380531551001	0.280958036418428	93
-0.0482190562512844	0.094623551393313	93
-0.0402215792371078	0.154661960703341	93
-0.0586975231354175	0.119916826013477	93
-0.0706819655366651	0.326461682437612	93
0.0767214683649193	0.273041439324231	93
-0.00648795239986003	0.0103021775265641	93
-0.062365538230968	0.0640494130295191	93
-0.00694200260512447	0.0105394750769391	93
-0.095343249098608	0.441348903881443	93
-0.099650069192693	0.381140449900592	93
0.0893969824708196	0.366174711439001	18
-0.0221089736432203	0.0794266078309143	18
-0.0289631092633878	0.0982028798428142	18
-0.0110611471145449	0.0396452972852154	18
-0.0336269951652208	0.0889791683675016	18
-0.0502857515485762	0.161544350752719	18
0.109288889445932	0.353394667568097	18
-0.0338672836647649	0.105050730690994	18
0.0489964935856487	0.179696873484074	18
-0.0704453010327515	0.291780912125196	18
-0.0158309603340182	0.0431248649665811	18
-0.0141418164492733	0.0367926473542043	18
-0.0647679955176058	0.189507225719367	18
0.105961301540382	0.296674477018554	18
-0.0670234311338667	0.185026144141052	18
-0.0540796927175403	0.205104053104252	18
0.0608185316623445	0.230333386558131	18
0.0465822537844828	0.154809596123876	18
0.012684474605332	0.0340526761369166	18
-0.00339850401091391	0.00885098020879227	18
0.122453899876808	0.367657993898614	18
-0.00748223224276216	0.0164158433633134	18
0.00358835923702232	0.00917046952958048	18
-0.108535874673286	0.209844639261269	8
-0.0735545416710595	0.111040462355453	8
-0.0416041858903194	0.0823904273095994	8
-0.0900129098352601	0.302785322445763	8
0.11909802537793	0.264950099607025	8
-0.0902041880703939	0.293970446690338	8
0.0330977997806025	0.0880479887367883	8
0.108497653915403	0.344416631390823	8
-0.0851052869846922	0.21569479635971	8
-0.0211007118606221	0.0515601239604691	8
0.0797918363755203	0.198909727112672	12
0.0252777518151179	0.0520889961725727	12
0.110598170451838	0.259052124521098	12
0.0652395561599216	0.13331258021627	12
-0.0549677943461022	0.0874284340816062	8
0.017899295716281	0.0311294598523143	12
0.0162110095760655	0.0407228684640319	12
-0.0319298942523053	0.0681261397439396	12
-0.0755761465669749	0.226367258948021	12
-0.0829786617764287	0.245721346219447	12
-0.0409750989730179	0.0984799178916692	12
0.0809288926011891	0.255964561273855	12
-0.0562469209361733	0.156242198960806	12
-0.0437085357434915	0.122295556833114	12
-0.0365373973353262	0.0768873895335149	12
-0.0066544908689934	0.0146542733033513	12
0.00327015757489215	0.0082716467906921	12
0.0670356435715168	0.192964108738391	12
-0.0541275904098426	0.190903570345961	93
0.01668729956615	0.0430534565752959	93
-0.0875144143680018	0.173134279291589	93
-0.0378653878188002	0.0639072413128663	93
-0.100948293653981	0.276970154544595	93
-0.096030356554372	0.212264312684118	93
0.0639591843748192	0.131179273547519	18
0.0372486952280168	0.0796592411756368	18
0.0124912128868064	0.024274022117741	18
0.00468643283449217	0.00795697692310374	18
-0.11632110888441	0.216441100516046	18
0.0315506263726267	0.0472155683353838	18
0.0211476947021408	0.0332695220559137	18
-0.052207372062649	0.080524706758267	18
-0.0379144011127883	0.058071115487124	18
0.0647417628474269	0.112195698512366	18
-0.0405320553335038	0.0639584025335108	18
0.0616942383060764	0.0892021815639891	18
-0.0804392854313	0.141392993926347	18
-0.102329480209218	0.138687435170788	18
-0.0511711148353087	0.0625710685893857	18
0.039033910091011	0.0486912648830722	18
0.044592826784571	0.0586454960104019	18
0.0907556436540136	0.0989335243699051	18
0.0669675436932726	0.0904473300646727	18
0.0721782099740797	0.0688711973104623	18
-0.0747432287965976	0.0683371720348056	8
0.0491146788643642	0.0479006911439514	8
-0.095172873000944	0.124268662025147	8
-0.0281059817660874	0.0385686124903173	8
-0.0918903842247701	0.112525173459134	8
-0.071680492278729	0.0773012784139133	8
0.00296430690594805	0.00306157357334518	12
0.0779583468664742	0.0990985040012665	12
0.120513280441115	0.144445098852831	12
-0.116778664609144	0.174512380609188	12
0.042908168502524	0.0518129680559747	12
0.0957814667496005	0.106678951052233	12
-0.053654241387755	0.0743398979895973	12
-0.0635272421096048	0.0802537691557307	12
-0.0284398180957711	0.0860032669990091	93
-0.0328779958737591	0.116242644482232	93
-0.00745632800622284	0.0252070870451822	93
-0.0280133416335698	0.106498579440504	93
0.0020965103107762	0.007637500160191	93
0.0865058100511724	0.421809858108508	93
0.00558685797012055	0.0197224367061486	93
0.0316998213023531	0.128942134111514	93
-0.107396426223482	0.578548100227651	93
-0.0992000142120267	0.520770260019877	93
0.121037624159047	0.669119991218703	18
0.0665442634222648	0.311121202306047	18
0.0641052479855963	0.292032081544265	18
-0.00460993202845955	0.0151179808639248	18
0.0609786250155857	0.264968653108302	18
0.0992214792671803	0.52302072863235	18
0.0554857865148895	0.250277145638132	18
0.0907764446395398	0.335868636981071	18
0.0391949656875296	0.154937916963867	18
-0.00462390827220189	0.0153668703599453	18
0.00478578744345261	0.0130878306707009	18
0.057584290878999	0.224691762439399	18
-0.0242583254777694	0.0796418437899701	18
-0.0944281800407859	0.403510861023797	18
0.098869054714046	0.416451058841068	18
-0.0594038049793797	0.165233664770304	18
-0.0469618662659352	0.171504398756057	18
-0.0757479057819015	0.315838617604931	18
0.0648427106340556	0.275067319743933	18
0.0229150537917999	0.0721117870261344	18
0.0181496602860974	0.0617177784488148	18
-0.0522148935005748	0.207178888478241	18
-0.0427996632636086	0.154159303585701	18
-0.0616535852256432	0.21413619442017	18
-0.0312198641457428	0.0626599635325109	18
0.00999970973889466	0.0242221911294139	18
-0.000563789468086414	0.000982544285040282	18
-0.00699457311946624	0.0130943726571722	18
-0.112606844793441	0.32922648930726	18
-0.0752337622944811	0.20920701287858	18
-0.0109876391930715	0.0315912091314933	18
-0.0582372392454152	0.19235111178942	8
-0.0833019299283437	0.316769060934158	8
-0.0348968683922741	0.110485241210651	8
-0.0561818488131492	0.203906411294152	8
-0.067280165715697	0.201472939117024	8
-0.0320333458797794	0.0801478691614208	8
-0.00730307076660665	0.0208437033390144	8
-0.0561451894005924	0.144065397007247	8
-0.0610720494234144	0.133231419520473	8
0.0181265957237354	0.0362858507306444	8
-0.110681706128216	0.364938915874875	8
0.0971493247027188	0.271506270109923	12
0.116409640632031	0.352130121146872	12
0.0157511024237917	0.0438813159806748	12
0.00434026217795628	0.0114423618754641	12
-0.0313223656029544	0.105673087569408	12
-0.0252422137471397	0.0736286749996094	12
-0.0273337077809395	0.080128846457937	12
-0.117813568821041	0.440246240467904	8
-0.103461087394851	0.378131072895097	8
-0.0532918865912704	0.140350059173592	12
0.0419760436578166	0.0934781660210633	12
-0.032090033347863	0.0991783088118596	12
0.0477437807302932	0.166599922571899	12
0.0756218147483605	0.247244707605433	12
0.104842795920987	0.239101004942664	12
0.0779891362024219	0.127800651751962	12
0.0387521820724923	0.0698216951101473	12
-0.101618683388964	0.255958298032993	12
-0.0808776351763634	0.148313051989673	12
0.0840024967427132	0.236331672292026	12
-0.0218429795319735	0.0583194903548697	12
0.0608068122761484	0.164213257630746	12
-0.040920634775384	0.0826363874491178	12
-0.0857233650591017	0.3409453234967	93
-0.00146979168157888	0.00440576393184713	93
0.050197812370318	0.221861448970898	93
0.0863018517489454	0.415195683361145	93
-0.0332383417018566	0.136612376340386	93
-0.0956322422521117	0.492512518223824	93
0.123500879755718	0.706208056501587	93
-0.00686814985223508	0.0246747269537169	93
0.0626563639051901	0.228296156878579	93
0.0514517099102462	0.17642418690817	18
0.10076944240507	0.440516922041415	18
-0.122855370242187	0.498869155724142	93
-0.0641818335409782	0.224347372970491	93
-0.0204943817352537	0.0663117934752568	93
0.00824944544127522	0.0236024072963472	93
-0.110059256510627	0.406873038214596	93
-0.0125323316741117	0.0299123353986068	18
-0.0716374755744832	0.210108974437675	18
0.00144561152940174	0.00376958870476104	18
-0.0606976504649998	0.169532681620676	18
-0.124763262017596	0.423343176848285	18
0.00447577883163553	0.010369933046804	18
-0.0638620925772141	0.163802300510838	18
0.0260927642397372	0.0628316809325244	18
-0.0823336319571401	0.234291297983102	18
-0.0156141679203028	0.0344138273949815	18
0.0941770178483974	0.245856666059143	18
0.0964717358230597	0.263895353048632	18
-0.0407592170261072	0.0977710655944431	18
0.0769633502280097	0.210833472800578	18
-0.0725847938136387	0.181661277490765	18
0.027511637668359	0.0627215673912725	18
-0.0112372553015648	0.0202832227746023	18
0.108947746559708	0.219653447108556	18
-0.0227550094206542	0.0386937384172744	18
-0.0457173752492564	0.0807396120320313	18
-0.0970243889084844	0.189672883617526	18
-0.047542848249557	0.0767066687039671	18
0.0381860212355024	0.0718272659786419	18
-0.016931193517765	0.0308788835900888	18
0.0583382152353388	0.155086031607915	18
-0.0849942820740371	0.207260675386417	8
0.0700050934930904	0.157960544562006	18
-0.0994711786931963	0.244539501603963	8
-0.0152274956462721	0.0274615165269181	8
0.0878172190771552	0.198541901134422	18
0.122008937390836	0.315733408265385	18
-0.0612418401956518	0.110798869927371	8
-0.0190397815257338	0.0296239954919846	8
0.109665459664255	0.201241316030328	8
0.0297827584786203	0.0471066349547433	8
0.0647263435925204	0.112183099527315	12
0.00634799240895398	0.0103985948319911	12
0.113879101335536	0.278623221487001	12
-0.114181234351561	0.314449438537805	8
0.0459798043735905	0.0981458207262802	12
0.0858380466716712	0.173932285345085	12
0.0580479142905225	0.122383547085938	12
-0.122397604120973	0.29155466851792	12
0.0381720200652885	0.0566502061474999	12
-0.021861563160091	0.0557243910073046	93
0.0077331382382227	0.0236944307801534	93
-0.0906043650535727	0.417910528078071	93
0.0101011457488958	0.0345080772361702	93
-0.0395308184162736	0.152634985768273	93
-0.006708390661954	0.021253817269767	93
-0.0587765474207378	0.237198652069058	93
-0.0142345067231321	0.0540359478752203	93
-0.0134361722282772	0.0513876480784593	93
0.0388774792724894	0.152221211418262	18
0.0645994137655726	0.284679900956372	18
-0.0923055615924903	0.441114766074951	93
0.0905504867923742	0.454891589411829	18
-0.0288771201090697	0.117367675108609	18
0.0281887239226319	0.113159919429894	18
-0.0755944866785028	0.364474979412865	18
0.0646919823568272	0.301238506951082	18
0.0292055040314191	0.119104542159963	18
0.0277160562306336	0.111938641838914	18
-0.0835595302986996	0.415913821379896	18
0.0402237570691205	0.17118289793078	18
0.0837834955322057	0.418849027960314	18
0.0381933928515616	0.160916841723742	18
0.0261849369368701	0.104468097760677	18
0.0609828870913907	0.280688015780485	18
0.0401932082655657	0.169640730504563	18
0.0500384680120215	0.215686027898519	18
0.0822696201654851	0.40613973683367	18
0.0775620649486815	0.379385761020587	18
0.0288602283370806	0.116520250194565	18
0.117289955513957	0.656171732045656	18
-0.0867010251897675	0.431225219303632	18
-0.00947711265482312	0.034127992135618	18
0.0358458360972097	0.136192543166203	18
0.00672264648029554	0.0246685979775704	18
-0.0582344029966798	0.259404199305395	18
-0.0971538205850586	0.44543979055155	18
-0.0567020732735787	0.222234878459101	18
-0.0607224734610797	0.22942423107784	18
-0.0562965780514885	0.225837444501559	18
0.0366765974777864	0.13618549944998	18
0.0475271154644326	0.171961207464982	18
-0.0194404193165129	0.064757221534598	18
0.105214292580387	0.514658363175335	18
-0.0244730423035946	0.0863025608959508	18
-0.031756519390918	0.111815338275268	18
-0.0673017363722487	0.293997646246829	18
-0.113163429795962	0.571884676663327	18
0.087180446337305	0.391563066160784	18
0.0926110858435139	0.432737313461155	18
0.108293498497553	0.547782737292369	18
-0.050258166809995	0.189007438307074	18
0.0972701208801657	0.483406444217938	18
0.064928067120947	0.281966359365908	18
0.0922348077177396	0.418305747271	18
-0.0160101201673234	0.0568547875352788	18
0.039415502496669	0.149623982902554	18
-0.0185699261643252	0.0616589765618496	8
-0.108840775130236	0.439019633444499	8
0.0323411335672903	0.101874297482132	8
-0.088797057257718	0.329742802822381	8
0.055262852323291	0.183910611622573	8
0.0464297576734351	0.153540042430456	8
-0.00510528248255764	0.0158225772145756	8
-0.117822226612485	0.472589848859386	8
0.103231502953845	0.439357505832348	12
-0.111659197652453	0.507108234732687	8
0.030609397596196	0.117655133797522	8
-0.0466481247788438	0.179952990694756	8
-0.0767245476233469	0.339967251838038	8
0.0873644185894658	0.383145347842555	12
-0.0694617008228629	0.294799176547539	8
0.0109978846954162	0.0400964835376421	8
-0.0785936678735574	0.361199938069348	8
-0.00292596952857594	0.00923918001005575	8
-0.0474346560776543	0.175284065363068	12
-0.0357793179567415	0.110437903654254	12
0.0236249120514523	0.0679046633425997	12
-0.0137706135148486	0.0390665758440628	12
-0.0835598212187873	0.284138681876977	12
-0.0738533889328342	0.258993497101404	12
0.0770900770566185	0.319641632785247	12
-0.0601440758288249	0.223475818934018	12
0.0789221829443441	0.326897058885344	12
-0.0762203290667859	0.325012842101606	12
0.0645112541165646	0.251423688115964	12
0.00691464719063618	0.02080301690942	93
-0.0561789811246586	0.247693242061825	93
0.0765776557526701	0.373269339231065	93
-0.00399297564555466	0.0146803073575743	93
-0.0514320716922481	0.208243335711676	93
-0.124662161982926	0.59002388402383	93
-0.0254440804626599	0.0754755886585337	93
0.0299347643797661	0.110034605360013	93
-0.0803202155466345	0.318787040740187	93
0.0247926938876948	0.0740378919333665	93
-0.120854596708113	0.603886454689021	93
-0.03281713855684	0.115835887490063	93
-0.0345717111133365	0.106300287558395	93
0.111714533942031	0.300468817243087	18
0.0494637250574448	0.116886046345338	18
0.0818986115351539	0.311858123484984	18
-0.111081409161827	0.402994478526966	18
-0.0850261767215572	0.278219672600137	18
-0.0594565855161394	0.152754109520949	18
0.071314481422803	0.211920106835515	18
-0.0642412115236464	0.185225757237974	18
-0.0824928355165205	0.253356969652895	18
0.058465782327558	0.165993884637945	18
0.0847000743525251	0.191646703698605	18
-0.111290938218401	0.254349033640275	18
0.104372187800236	0.307543296814225	18
0.0443524842904659	0.126603444126619	18
0.0790653281703098	0.22479852263111	18
0.112403316033335	0.365696032748413	18
-0.000932522404664669	0.00200915039152042	18
-0.0800713964920667	0.152548653870644	18
-0.0696002785282286	0.128981160395096	18
0.09908052286066	0.222291119274337	18
-0.0229850149882443	0.0466007420516362	18
-0.00778196943700103	0.0200363164125761	18
-0.0101073765590069	0.0235119077936501	18
0.0936958316449699	0.279998633799165	18
-0.0947779654624865	0.272773274050893	18
-0.0145691875677832	0.0278814383018414	18
-0.0943223204126035	0.21309930101123	18
0.0300895239317577	0.052378955909436	18
0.0328852564485101	0.0492996563051783	8
0.121732135037894	0.268157732932951	12
0.041099761331838	0.0767323293509976	12
-0.0236507812870538	0.0447708803746239	8
-0.0427382671666759	0.101074046966093	8
-0.102970371663108	0.307470689854837	8
-0.0938687400211474	0.211871456115732	8
0.113198746332242	0.306728608205691	12
0.0649323095533893	0.160269536178799	12
-0.0948210542769239	0.255293048586623	8
0.10665250427187	0.259013869910082	12
0.0219136876875519	0.0409802199299724	12
0.0431379334774022	0.0976026061399689	12
0.110717627611686	0.187872552763798	12
-0.00801001615638731	0.00967950519449494	12
0.0603477889634881	0.0862716903803771	12
0.056382997110797	0.0904990367122203	12
0.0581522193978454	0.131520405941083	12
0.0972913871013553	0.210101565508345	12
0.029816959463569	0.058733786539643	18
-0.00447568794789107	0.0109688151217405	18
0.108722626565582	0.355785121320807	18
0.117640243914602	0.358113433324629	18
-0.0218494407633511	0.0503426696174593	8
0.0290379641061132	0.0444159833120037	18
-0.0804831455236452	0.177476823922817	18
0.0813891004035716	0.21205363317751	18
-0.011625423830558	0.0163904515757149	18
0.0999366153565305	0.141909298377245	12
-0.0463852777799336	0.0765654604246682	8
-0.085341325182564	0.171748455665268	8
-0.0327325589357931	0.0692788690602752	8
-0.0389337154348714	0.0819903625501622	8
0.111644237252843	0.348097523878084	12
0.000617083947820258	0.00129514447090325	12
0.0423192234860035	0.0944449119968057	12
0.0723168927135422	0.166688288853782	12
-0.0289744868415824	0.0592395174533958	8
-0.0629047280268164	0.0978287244366961	12
0.0946122780884328	0.259657446508586	12
0.0725918189018139	0.20406508048205	12
0.0726892328894983	0.0693822145796632	12
0.0159587574299488	0.020032316495424	12
0.0856175848852557	0.116785230733047	12
-0.0231184674855684	0.0225920382956378	12
-0.103347702174706	0.232163018379276	12
0.00563722258432635	0.0101672868058432	12
0.106085502114398	0.168954871962577	12
-0.026077517624963	0.0723896273067803	18
-0.0256461114756134	0.102895170295336	18
0.112927982280208	0.624159696350558	18
-0.0826420724484321	0.409962976967546	8
0.00178550628940526	0.006488350761656	8
-0.0606484435778304	0.278335727490874	8
0.00488469472342969	0.0169748253799254	8
-0.0785179093594123	0.341495764038911	8
-0.0155805905542387	0.0361676639417459	8
0.0488513382868519	0.121757526604522	18
0.0394215714320187	0.0773791621532522	18
0.00436250762239297	0.0119645964641146	18
0.0632548265857898	0.254764253159251	18
-0.0227550094206542	0.0386937384172744	12
0.0582428797510805	0.150297066478175	12
-0.0697664347551908	0.211320731437454	8
-0.0435773723913108	0.164015667585248	8
0.0110425288813358	0.0411479406647451	8
0.0998456536797854	0.423449473208331	12
0.0584459862784428	0.234135057354142	12
-0.119505626736931	0.58749853869081	8
0.0138731407056954	0.0440363031459631	8
0.0638213326683962	0.274102535745168	12
0.0957190229792181	0.314294365153399	12
-0.074218265922992	0.115522683312071	8
0.0189896079084373	0.0304669486593649	12
0.0390247308989081	0.0984515522315728	12
-0.00922642119365306	0.0181913207297662	12
-0.0762240421577392	0.184768914826925	18
0.0228533552721846	0.0794970202641191	18
-0.123618804931521	0.703589380968973	8
-0.0979867845539664	0.513159350913175	8
0.0615805647963744	0.282772420628363	8
-0.0713500452326734	0.339603394592997	8
0.0965045096339544	0.465089711887159	8
-0.0582226571934321	0.248847253883812	8
-0.119654819253106	0.457202752631232	8
-0.0328274261345312	0.100129711504834	8
-0.0713374089645905	0.204129346978919	8
-0.017551498264945	0.0663801678694903	8
-0.00926760323597183	0.0174253040105839	12
0.0706905369426549	0.184756738989743	12
0.00666212719479185	0.0192465833666713	12
0.0300667576897241	0.081153480957823	12
-0.0777419091372048	0.258263837602277	8
-0.0874671388370916	0.384019799711405	8
-0.0264085290870116	0.0984088586550237	8
0.0654521027668078	0.300905645173172	12
0.073135831761007	0.284332858264079	12
-0.101357285253227	0.477603348576512	8
0.106241438750556	0.471907173267722	8
0.0641113775988952	0.263603576670514	8
-0.0973034006996877	0.381147538909788	8
0.0455439853020521	0.195739350120824	8
0.01965932149901	0.0645213009272688	8
0.00319255520015519	0.00478262317260987	12
0.123745542304042	0.327865620692792	12
0.0837875422022497	0.226623037230118	12
-0.0882971851333636	0.224401307534101	12
0.111983157950519	0.183168649957038	12
0.0805344942407804	0.291000497656005	12
-0.111715188189297	0.49267146350899	12
-0.00664165037258133	0.0160876196200181	12
-0.0702093927882417	0.326632801908349	18
0.103449118900085	0.536797786160733	18
-0.119743738418413	0.608693935350741	8
-0.0408665998292493	0.140713489986149	8
0.0970369761016903	0.394510953484598	8
0.00741730000626704	0.0276327558636668	8
-0.0542649392101415	0.241095669156509	8
0.0947772071561034	0.489584611584832	12
0.0577391843006619	0.244737359548316	12
-0.0667002251156533	0.266457466970633	8
0.0847368415900167	0.417810001586281	12
-0.0655003491941755	0.294605464196186	12
-0.02332455478301	0.0869971425953409	12
-0.0475218187865267	0.186400841196012	12
-0.0289663315030055	0.106741505566648	12
-0.107733412147594	0.509549622021918	12
0.113395795209042	0.51857603624892	12
-0.0500754211321827	0.185641809123494	12
0.123209518810987	0.584339667552489	12
0.105183159853291	0.496549632741048	8
-0.0599554785760752	0.245376941764747	8
0.101442781531445	0.379074072380401	12
0.0209828294087719	0.0740825744765247	8
-0.040902608760363	0.154757793842095	8
0.0190212237577688	0.0658290594267552	8
-0.114423704844256	0.561994447477999	8
-0.0297451934525857	0.117897996746632	8
-0.0884119818375309	0.30488122808648	8
-0.0411735540937416	0.166237434395619	8
-0.0201089408159116	0.0734630532258308	12
0.0546618499249297	0.230781627890739	12
0.06442193371432	0.251707719594678	12
-0.108283684762435	0.502583502638052	12
-0.101399822718508	0.504946503823776	12
-0.0145308386269486	0.0501836118633455	12
-0.00160940268383884	0.00566002351010452	12
-0.0201230966431825	0.068460101502298	18
0.085756352114367	0.404798136314639	18
-0.0356443538607698	0.147906683622652	8
0.0291672007622309	0.109518688390691	8
0.0439813750164235	0.181469265883913	8
0.0373144459644835	0.152653258180273	8
0.044330527126678	0.178285378145184	8
0.0858929109046319	0.416085591057888	8
-0.0654597456720189	0.295082257245728	8
-0.0842079221914886	0.402052365609152	8
0.0639616928433219	0.271526020069209	12
0.0445602827218875	0.166204252075871	12
-0.00931156525539003	0.0303882829869861	12
0.101902261993923	0.341674962457023	12
0.0210237460161957	0.0603947491522042	12
0.11962910630295	0.488259663878964	12
-0.0199092024882132	0.0587171762439607	12
-0.0153400666370899	0.0482275725320293	12
-0.0320016292664212	0.102203053865926	12
0.00152518724650722	0.00525430350290808	8
-0.0134187837614336	0.0477675912665445	8
-0.0554553802804795	0.222823578892595	8
-0.11252629876766	0.558587593028787	8
0.041408847208711	0.148952060730643	8
0.0221640045144889	0.0722761965460806	8
0.0533183499864108	0.220582278139622	12
-0.049300886527182	0.163867259780471	8
-0.0727854786661335	0.245953129407008	12
0.0742602250893874	0.262166458768097	12
0.0668373936229082	0.23020126941278	12
-0.0233957166824845	0.0692800803859118	12
-0.0884326060251436	0.364707782176717	12
0.0277153030545842	0.104554866050487	12
-0.0729336337451471	0.302955686226944	12
-0.118967834938674	0.58086841636434	12
0.0387368763500938	0.0815516594627367	18
-0.107737966824535	0.430035800280944	8
-0.0301317727640583	0.122867255867755	8
0.0325712024174306	0.134341771099865	8
0.00357534701540212	0.0131352915403834	8
0.0572430946937754	0.259779324862726	8
0.0844786705953248	0.40719328572168	8
0.0456166830447285	0.182740536003381	8
-0.0549192391710068	0.159673938124741	8
-0.100523699387146	0.391923693453226	8
0.0397277202695693	0.146723096556821	12
0.00667850592957444	0.0149987620034681	12
0.0633447309934544	0.121293140527091	12
-0.00865375286255326	0.01625138811225	12
0.0380185759820978	0.100580151802585	12
-0.0892226604838371	0.258381628708478	12
-0.0436509013299273	0.129956869734267	8
-0.0878114770975967	0.358878501163059	8
0.0743368023441146	0.34840962975214	8
-0.0494248265165392	0.198958437364644	8
-0.0138030461707872	0.0475342906127737	8
-0.0359392927472622	0.129924892902079	8
-0.0375199479076086	0.10979100995781	8
0.0459417421031755	0.111150967244764	8
0.122449081262644	0.563299148914883	12
-0.111749414837285	0.56634872896944	8
0.000792715184499715	0.00202642904619706	8
0.0828746784214433	0.164981320581228	8
0.0713298171339198	0.13654578832532	12
-0.0543421539376478	0.0777188087305082	12
0.027612166566627	0.0680538169571406	12
-0.00493924856060745	0.0126625754937131	12
0.0089432072136013	0.0178243107900567	12
-0.101819595726139	0.290757646463212	8
-0.123718336992573	0.692908874564227	8
0.00819368594547163	0.0305055711721335	8
-0.0324395295503774	0.133849191957157	8
0.108990445890065	0.594806668656441	8
0.0206488947926172	0.0739572255105801	8
-0.0737712978851201	0.185837136311225	8
0.0920062971777229	0.179438780438577	8
-0.083447151012738	0.311746508951922	8
0.118662251809763	0.231840232556725	12
0.0113643263208556	0.0150900243375287	12
0.0852176114435556	0.13727166048064	12
-0.0203993565251277	0.0448948811409676	12
-0.0018186903001837	0.00349756816714708	12
-0.0543879979944113	0.136746749176872	8
-0.0929705235607705	0.272169490760768	8
0.045675987818517	0.155139317444431	8
0.0350826919621629	0.113268868113502	8
0.0747987020337244	0.282229339220184	8
-0.066783352479832	0.249462386351758	8
0.0164392379857945	0.046598420419922	12
-0.0308987567516952	0.112541587755172	8
-0.0379591192048709	0.151341314730117	8
-0.108323067160463	0.195282612199096	8
0.0131851852524703	0.0300747524026144	12
-0.0712668733136499	0.287509513644477	8
-0.0916036621168194	0.461770012912862	8
0.0441809844855681	0.188383601189376	8
-0.0259262956295144	0.103872575788681	8
-0.02733238112074	0.110480187621185	8
0.0624536831956253	0.288022663575249	8
0.0409223231448082	0.171443129395078	8
0.0203969413674802	0.076738518935935	8
-0.103062060329693	0.39392613337694	8
-0.0524731520188064	0.151952400382308	8
0.101362857006371	0.421933816972751	12
0.048090436069116	0.200469649188898	12
0.111965570466191	0.334136862247007	12
-0.0353021352758043	0.0857606781706498	8
0.0344709549599739	0.0740092050231428	12
-0.0133541322837343	0.0371228863154723	12
0.021152774025703	0.053890394637163	12
0.114695683497583	0.412591909243796	12
-0.104753026225385	0.40398816506842	8
0.116656515735046	0.543759291040578	8
-0.0303923852297069	0.12269144337672	8
-0.0283432013246232	0.101183662401467	8
-0.0552234372605274	0.234841454311823	8
-0.00369111837313624	0.0116557999357978	12
-0.0497270148154582	0.16594263729388	12
-0.102481369443913	0.522197371778518	8
0.0902860327792921	0.453357209456872	12
-0.0331739845912447	0.0507792784250505	8
-0.0647659070209164	0.202603750896672	8
-0.0499213680990305	0.167734653024334	8
-0.0399703328303063	0.111445209879741	8
0.106697173288094	0.431236372797675	12
-0.0758519428298492	0.199020211100621	12
-0.123190271901339	0.699337207916244	8
0.0424066642950916	0.181372866044452	12
-0.113411465529077	0.606346250580221	8
-0.105394213688854	0.500808195089565	8
-0.0399154857118746	0.14510502967822	8
0.00979400535927303	0.0344043473403248	8
-0.0852342744306858	0.369968045535722	8
0.0114177510156637	0.0430130118862065	8
0.105574815099862	0.569498442429624	8
-0.0345142548814686	0.142872171367908	8
-0.010518653894172	0.0386618450288051	8
-0.0391935130389131	0.154731378842793	8
0.00608942344087577	0.0222370822574242	8
0.0312352322908303	0.122867422611569	8
0.0735183627634497	0.328203688910615	12
0.0529553343407111	0.209982917033509	12
0.060779736165885	0.243921824397767	12
-0.052988621665923	0.204875383024077	12
0.110732185057266	0.505906600918715	12
0.0552220712596518	0.21375963244386	12
-0.101921671470892	0.453922422706426	8
-0.123172613488727	0.523979891441782	8
-0.0791806428821253	0.294443563399246	8
-0.10249814507898	0.461528802187333	8
-0.0792960588158754	0.34740329255115	8
0.0511733732262275	0.204701516529838	12
-0.0931198103005749	0.416646559997623	12
-0.0542344374702832	0.232066428157222	12
0.0926821995285774	0.397163793750399	12
0.119455460976958	0.53406479040434	12
-0.115012947220953	0.583186252988258	8
-0.0874638253935534	0.377066810953236	8
0.0672714620476409	0.281289268369756	12
-0.116926629128605	0.574683458070515	12
-0.092188138135716	0.427493682230805	8
0.0888249393845228	0.376994897454819	12
-0.0649665310201706	0.27869188402038	8
0.0872403122357296	0.41581020056356	12
0.0977304144167487	0.470500442238913	12
0.0211390655419462	0.0795599057525229	12
0.102753037450247	0.548824600294095	12
0.0761066924076084	0.362729623730712	12
0.0273101025176637	0.0860217164048123	12
-0.0922983810029681	0.32991395770534	8
0.0280406533759496	0.094724294291789	8
0.10425526237637	0.519197904178737	8
-0.0968653817099895	0.498257173862386	8
0.0896060366541953	0.45449440008836	8
0.0966527274501463	0.499290079344254	8
-0.100429578956777	0.491926072292639	8
-0.0117321907496066	0.0404395169102636	8
0.0665240283581627	0.301524830985518	12
0.0613608791938221	0.275924820969009	12
0.0551542863665784	0.233735354858035	12
-0.103702044934667	0.506269434821342	8
0.0241797189806967	0.0886310924759452	12
0.0948815924271705	0.444456286381107	12
0.0597342324928728	0.251758665278909	12
0.0792516793984818	0.339336047657578	12
0.0271722778867373	0.102875474325635	12
-0.037959844322574	0.1416117889981	8
-0.0535519200406512	0.213589314544303	8
-0.0296506536905655	0.104645071875867	8
0.0211768255207936	0.0597817487118472	12
0.0174858029390513	0.0471164938487291	8
0.0245938895614352	0.0813580143715823	12
-0.0218486012657081	0.0748278936972384	12
0.0327079853069307	0.113251303358499	12
0.0212295047941612	0.0780183590573254	12
0.0434938629528051	0.155565121756124	12
0.0841803198269474	0.318339675477807	12
0.0048112416431419	0.01713644711118	12
0.0144095960902904	0.0516381725147314	12
-0.0923191098380216	0.427968808365116	12
0.0268875750515204	0.100582724638935	12
-0.0391319054079679	0.16051330001277	8
-0.046321225230991	0.196149326745154	8
-0.0418037568548463	0.162584946816716	12
-0.0283718157244633	0.114587821295065	12
-0.0386930278531505	0.159428826820211	12
-0.0337112320977851	0.139719090048785	12
-0.0617341198994463	0.28378794606897	12
-0.119378008776825	0.542149208413199	8
-0.100659274016361	0.393890883769127	8
0.0974003751456931	0.413460563944452	8
-0.0349705755738698	0.124433705347799	8
-0.0241827372687895	0.0879500301052499	8
0.124877042352928	0.706784365735395	8
-0.00463404145223673	0.0170171585323389	8
-0.0128323338000744	0.048815737791104	8
-0.0851386741596319	0.420253187690586	8
-0.0361404829195118	0.147850793137517	8
0.0278498970259913	0.106620571682498	8
0.00600594584606196	0.0219980808481516	8
-0.0699447896937228	0.319984038460205	8
-0.0819296927300239	0.384782591512819	8
-0.0908671948918502	0.427037767131476	12
0.0218242639119693	0.0801161917424031	12
-0.0251327331604492	0.0957181920239498	8
-0.0235704396634487	0.0886359863372051	8
0.0536466046672534	0.222657675862727	8
0.0369267386178044	0.141637354950171	8
-0.0176745067966917	0.0664462272606322	8
0.0140888864610836	0.0502673517784967	12
0.0554838802131517	0.184349616049755	12
-0.124721694633876	0.541858601810412	12
-0.00208491818257645	0.00671803867450853	12
0.0674251543548052	0.282655665628972	12
-0.0341674315645266	0.126351801496658	12
0.0929130916030591	0.448265901143428	12
0.104106054033123	0.485709242042352	12
0.0262466984756217	0.0894698283134459	12
-0.0240169422784773	0.0937611750575241	12
-0.121271629362422	0.654983791878055	12
0.00792838004975388	0.027518893867932	12
-0.013897223575627	0.0504250372701107	12
0.0183807686884373	0.070737855583179	12
0.0297096749044768	0.116308963010844	12
0.0118805687642119	0.0440376948201128	12
0.0251753850764369	0.0944421656903403	12
0.109772542632674	0.55615279739945	12
0.0997379102142497	0.524198647210444	12
0.0102832962837685	0.0377794115250899	12
0.0230996540168247	0.086469604863187	12
-0.0338603040960912	0.140285094933903	8
0.0255975297347813	0.101130877852999	8
0.0119877254143944	0.0437535795319504	8
-0.0439410012946837	0.176698269093241	8
-0.107749215558283	0.572575900649517	8
-0.0610055239865478	0.278890060029438	8
-0.0229653491003782	0.091264188351541	8
-0.0327222345399371	0.127081414213156	8
-0.113039499388451	0.571374448311123	8
-0.0145699595785401	0.0491519787743947	8
-0.123831412593713	0.695734577230668	8
0.0968823380587387	0.473033169600313	12
-0.123688903855324	0.526551918253923	8
0.0930264444419672	0.384000387097007	12
-0.0572833320127382	0.192374969960909	12
0.0556977099888483	0.195397377014878	12
0.107996405474981	0.504147338842776	12
-0.0328966735353146	0.107657091301153	8
-0.0329540400103625	0.131192399799466	8
0.0428945472790878	0.17144184900611	12
-0.0188241965501681	0.0621681761483971	12
-0.0394033483829698	0.147984871249145	12
-0.0155758918156767	0.0559995642656927	12
-0.0541065424547995	0.234863616012318	12
-0.0135161007741631	0.0511902118612591	12
-0.110782365296911	0.577263036604441	12
0.0479367864248681	0.167359181081786	12
-0.0598370726612337	0.195374177945653	12
0.104027899056174	0.444783592586475	12
0.0102888746825463	0.0327480993957979	12
-0.0264751269740815	0.0941528790735955	12
-0.00283981684929111	0.00800299489782066	12
-0.0482304518356395	0.17916328178575	12
0.00666906753423284	0.0237868293568785	12
-0.0798346232626506	0.332974046009545	12
0.0245011578000996	0.0923180719987194	12
-0.096310361899251	0.480645844713679	12
0.00763834576477675	0.0262028248039321	12
0.0435623960299873	0.143790099031613	12
-0.0899465456376385	0.452371787356208	12
0.0736451136477081	0.355371084793985	12
0.106686618376301	0.566422325200388	12
-0.123103655654689	0.659621497454457	8
-0.0139434906623767	0.0529037019900361	8
0.0505250846858364	0.221843459854043	8
-0.0794807160747185	0.388688257380787	8
0.0432144131183933	0.166364779184918	12
0.0477014835816947	0.189969934786093	12
-0.110999289039753	0.595872978359599	8
0.0511216234624361	0.226687364043357	12
0.0894738221097701	0.367822939968528	12
0.0436346390266128	0.154932685284537	12
0.0934195734342139	0.295388871517709	12
0.0464892939038221	0.150027798667263	12
-0.0298869550475642	0.104595031318072	8
0.0602203013495055	0.249904500175081	8
-0.0341281043606502	0.136062431927489	8
0.0987416271002058	0.481130413574445	12
-0.089189519391201	0.44324955215798	12
0.0358527184598	0.143544633518765	12
0.114289376139866	0.594627064810464	12
0.00150343387412425	0.00519931162166086	12
-0.0813459027275911	0.347256613712306	12
-0.0115474032093681	0.0351435577128915	12
0.111780061421838	0.596247597810878	12
0.0829537579658016	0.413198735038641	12
-0.0329110132712575	0.129859202693533	12
-0.0407906054724946	0.119194566701394	12
-0.00920856485977214	0.0249753401288531	12
0.0228866601633114	0.0669822210133848	12
-0.102217143271391	0.276034037963475	12
0.0865313433134498	0.395931442455836	12
-0.0494243282852855	0.207393658376617	12
-0.0678920924604667	0.259119664586735	12
-0.0608018367858389	0.260467879790193	12
-0.00467116572995629	0.0164898853681533	12
0.116561734743824	0.651832922190445	12
0.046989990917969	0.205166433859423	12
-0.0626026443836157	0.2619425852558	8
-0.0440817012035589	0.162594356214855	8
0.043113007120557	0.177493392530732	12
0.0719593338476694	0.344981333080321	12
-0.0422080620615444	0.180539149273218	8
-0.0392410681580076	0.165225984951429	8
-0.0502898391308846	0.221103155308465	8
-0.106559698998441	0.568868786853136	8
-0.00907357238440162	0.0337205481641718	12
0.0218904124510821	0.0800699719404328	12
-0.026868892515826	0.0952947695090037	12
-0.00785379889968305	0.0279274843558392	12
-0.0388431459775307	0.151416135948364	12
-0.0654513426636536	0.293655732442772	8
-0.0131274496259435	0.0480795112635182	8
-0.0474111374772037	0.197965151399864	8
-0.0038582909313923	0.0134700459722093	12
0.0362432284666264	0.141415997684123	12
-0.0507741059998101	0.210099190064151	12
-0.0562596538690373	0.222440065897132	12
0.0494406860877517	0.206391290873172	12
0.0866994317534751	0.421698007158422	12
-0.0938145303351726	0.458569758904789	12
0.0716727675125523	0.331431065398169	12
-0.0630316402239371	0.281284705037455	12
-0.107849602276151	0.547662841085712	12
-0.0470302540166553	0.198603935223088	12
-0.123843801454734	0.704925665401002	12
0.0377157413178081	0.153943328915372	12
0.0164097327887907	0.0601236110415969	12
-0.0331578775761596	0.132047181631267	12
0.119030024959395	0.636329424198779	12
-0.0580578276659076	0.247209810575992	12
-0.0526529513190621	0.226729472742994	12
-0.0447863466465829	0.184873996981851	12
-0.0119740759807156	0.0447962514470357	12
-0.0203186377470847	0.0745986302542211	12
-0.00775834506197767	0.0249628968566921	12
0.0225634431112055	0.0890969079986001	12
-0.042519873410391	0.177045751283542	8
-0.0511287193643762	0.194735525407324	8
-0.0185658672566537	0.0441700467049356	8
0.0128623302696285	0.0347257524563989	8
0.0929758303654277	0.371597669774464	12
0.062723345534588	0.290200692627175	12
-0.0554434411	0.249564596880255	8
-0.0450914991582689	0.195315611374318	8
-0.0601831690147711	0.25901996516971	8
0.0316971681778679	0.111836004377827	12
-0.0139911341535626	0.0536001988208791	12
-0.0307246788825214	0.125873440745113	12
0.00371233030291484	0.0136439836212209	12
0.0538107804738404	0.24127436181288	12
0.0484402302195746	0.212617658307962	12
-0.0129982172046736	0.0493257691300267	12
-0.034948391910035	0.142338052459107	12
0.0445724573896707	0.187109821994454	12
0.0227956069336773	0.0863191626733157	12
-0.0826527733367649	0.341686866034244	8
0.0960542196656756	0.341288173386754	12
-0.0549262502525097	0.198939825096964	12
0.0797146699615569	0.311187473402992	12
0.0349941235142372	0.118685286461052	12
-0.0297565480954074	0.11730025913327	12
0.0882354039876917	0.31692260493074	12
-0.0278738904272985	0.107230680414594	12
0.109521334567346	0.597506974871299	12
-0.0223439274170469	0.0883860558222421	12
-0.0296843418234426	0.120694590315826	12
-0.0868757345764481	0.437011859630729	12
0.00606973367440447	0.0223737396381188	12
-0.0543416978151511	0.241294240931368	12
-0.114001668336934	0.557059819569234	12
0.00732186856037454	0.0262464806911422	12
-0.0685313126296034	0.289930042914304	12
0.0210155386065335	0.0797825912392479	12
0.0563735937763614	0.2349911674004	12
-0.047762572419081	0.202405271080308	12
0.0546565773660269	0.235806602747623	12
-0.0779455508998894	0.34237149326625	8
-0.106836400372696	0.374850640195886	8
0.0434662577183397	0.122848141998054	8
-0.106733364849441	0.392655603428295	8
0.014753751218834	0.0410750338589999	8
0.0138300356072877	0.0417355196467061	12
-0.0595054891674326	0.271981213870167	12
0.0945678366273591	0.490586922406178	12
0.0510947283463263	0.225423531676532	12
-0.0740358178463338	0.327046365702302	8
0.00928036110376446	0.0312011999961805	12
0.0906273040835294	0.464290587976676	12
-0.0915851648540158	0.469069894564951	8
-0.11247152084584	0.617973017887109	8
-0.109448504132257	0.593117037282279	8
-0.0659355234433314	0.306847619711333	8
-0.055635622458173	0.249908677893148	8
0.0668528397970149	0.311356446690267	12
0.0682925487988843	0.314699498254426	12
0.0706692863392305	0.314774519451153	12
-0.0342056173502543	0.120302118612609	8
-0.0182826915026625	0.0613838237069392	8
0.0420091758088538	0.158109464158161	12
0.0787599825487499	0.29019407868912	12
0.0828776805279729	0.331368600424298	12
-0.0313746967755991	0.090974320808882	12
-0.0711729464797266	0.248390697754517	12
0.0487318778544093	0.202834564654395	12
-0.1108874282709	0.512379544065087	12
-0.03637319912043	0.117934759126702	12
-0.0828898157471245	0.371568805848203	12
0.0852207074494918	0.424309965395834	12
-0.0822567759220764	0.405364660242841	12
0.032196713959772	0.131991790103265	12
0.116126523595989	0.62793046244473	12
0.029648352417849	0.113920874246528	12
-0.00328997037539594	0.0107798660008029	12
0.0991061643134652	0.445408241641011	12
-0.0293972540763857	0.11068183284607	12
-0.0873507315592792	0.361645047150506	12
-0.109847743444511	0.595207787327726	12
-0.0453063419698662	0.196129294346391	12
0.0511050084007037	0.214757565749341	12
-0.0904611572048679	0.315483209063728	8
-0.111742370076106	0.357443793161627	8
-0.0379520586771165	0.111779445671777	8
-0.0788169653261562	0.278108390923293	8
-0.00671283942131075	0.0231074719707377	12
0.065738903126403	0.308234989952018	12
0.0516134478456335	0.228724446515131	12
-0.0260320264547186	0.104730920930424	8
-0.124881133141026	0.706394367831455	8
0.119251416024583	0.663574765305663	12
-0.101906420365019	0.539581142199381	8
0.118624904843284	0.6606990364666	8
-0.057075466176159	0.250833672240989	8
-0.0939429630460051	0.481813616612682	8
0.122544826032441	0.695394051338628	8
-0.0513081928559389	0.225969925190886	8
0.0581789868868293	0.257615394744071	12
0.0669084055500602	0.297685403013868	12
0.067982251405095	0.247353812695668	12
0.100766434074577	0.399238136450113	12
0.0391481852693298	0.13856679476069	12
0.0397381497051114	0.147737855793537	12
0.0596987762445874	0.254944296662707	12
-0.1164649775621	0.60503898435551	12
-0.0866123021499476	0.403230470878651	12
-0.0886957055823967	0.397556215276534	12
-0.00382510380413091	0.014026455795919	12
-0.00239616559432708	0.00831870823468589	12
0.0464498427850452	0.199598588307228	12
0.0440400486705939	0.189505293031793	12
0.0419169984588899	0.172612411073194	12
-0.0319950533622285	0.13046260038203	12
0.020393559606656	0.07764050937906	12
0.00692820935005569	0.0248731302395095	12
-0.048066945450068	0.193274404349645	12
0.0223085153715317	0.0883264270614524	12
-0.05973714585353	0.231445401026313	12
0.0210667816477768	0.0567649790369183	12
-0.123242674301744	0.427625551996862	8
0.0861223851029743	0.261798116778161	12
0.000158372201139325	0.000397603858001398	12
-0.0722965851163987	0.300480846033914	12
-0.0536128943923743	0.239727059350547	12
-0.0472301068024649	0.206160055070047	12
0.0567871306589849	0.257070062074518	12
-0.0848759522416053	0.412862288274596	8
0.0662088723363313	0.282750645482503	12
-0.0553852578444953	0.248707295920782	8
0.11757640105743	0.659148431308206	8
0.0450681799484866	0.195514033937263	8
-0.10424126658517	0.555825369651654	8
0.0183578522773729	0.0716672295254473	8
-0.0750158307449892	0.362580850973868	8
-0.112319455316953	0.611684561088898	8
0.0521164358880952	0.225744099684051	12
-0.0523803895440581	0.21994176976292	8
-0.0173051247161163	0.0585969115350834	12
0.0650417664332577	0.282347298617329	12
-0.0256743797260838	0.0902897924225724	12
-0.0520933745270839	0.1591722162377	12
-0.0651110751559046	0.200514353637901	12
-0.071001393417425	0.279833995030892	12
-0.0746673809927049	0.311503580197789	12
-0.0442933337763123	0.173470420826235	12
0.12227400575059	0.693216984546611	12
-0.0146270541424435	0.0484466096095281	12
0.0382215690684804	0.15959751914446	12
0.0483284506751969	0.212135964840318	12
0.0548209888483378	0.245237196827496	12
0.0354415962317195	0.147666798206549	12
-0.000710623569904636	0.00257863240207587	12
0.0445317431141835	0.192393307828812	12
0.102603914715526	0.488871889813134	12
-0.035092436145197	0.136478584123044	12
0.00827914556575421	0.0300266751930085	12
0.055660468021078	0.234605462526222	12
0.0492424590895618	0.215597567946753	12
0.0643524745636901	0.29166818130713	12
0.0335089307146993	0.13849978789374	12
-0.117912348556259	0.658825594018669	12
-0.0373056395453306	0.148377905783711	12
0.0741983822106806	0.325286498866144	12
0.00336545630582557	0.0112491339142261	8
0.0677675417452914	0.309864134120646	12
-0.0518784217704753	0.230069680065111	12
-0.0727682015468868	0.334876405001972	12
0.09081650850746	0.411781020463302	12
-0.0546791105172608	0.245346316952216	8
-0.0675440289231073	0.315872196158256	8
-0.11798522650798	0.603914160302498	8
0.11146080876647	0.567288374515071	8
-0.123043458326514	0.591539323677517	8
0.0577179056655924	0.255242307992213	12
-0.0817690860305608	0.366989368250944	8
0.00846125846128809	0.0292071219364566	12
0.0271708743776558	0.108567264992623	12
0.000324867089062052	0.00106864955037451	12
-0.122329947456383	0.673642072258252	12
-0.0504783803386523	0.215375648907819	12
-0.0253135110968049	0.100666833988998	12
0.0430074144643121	0.177741800216896	12
0.0219742068261644	0.0787084135384512	12
-0.0093937069543822	0.0352253133768104	12
0.0996477172774298	0.526740334563394	12
-0.0515959591849885	0.226139896087308	12
0.0736928901984572	0.278522024326792	12
-0.0465639990678843	0.143846744237978	12
-0.106867337226245	0.488032546696365	12
0.010977904153606	0.0373235101704161	12
-0.014670930523395	0.0524620524457725	12
0.0788359769482639	0.276564019755525	12
0.0910189742279887	0.44890186226147	12
0.0407928721308089	0.173180986258014	12
-0.0713271448015048	0.303647081985877	12
0.0639199093449556	0.295992946637177	12
0.11114840434164	0.610651681700792	12
0.0875026435180234	0.412868195954115	12
0.0711871221786645	0.309845974612472	12
0.101962812421352	0.49708051090202	12
-0.0312779368541381	0.122579191091965	12
-0.0639633052260035	0.286304490579982	12
0.0367565291035696	0.136353660924015	12
-0.035303389410825	0.147075567673036	8
-0.0552163411329226	0.23324791354885	8
0.0484786811031123	0.198701742239394	8
-0.0548829499828846	0.202554828581463	8
0.00715515265185054	0.021150419743079	8
-0.0284015572345449	0.0987107336665063	8
0.0869482312739018	0.371789219206478	12
-0.000956953860551174	0.00338815443222225	12
0.0627993216454198	0.267450491762216	12
0.107073854584978	0.533542059414893	12
-0.0697022164963473	0.299542363955926	12
-0.0892150291548817	0.432803132414892	12
0.0214488909830146	0.0801828727705526	12
0.0446559461266323	0.186984627167713	12
-0.0102469927486369	0.0357558849494508	12
-0.0423968737205911	0.172716845168821	12
-0.0392691003437324	0.15959125262987	12
-0.103668249152777	0.539701416387604	12
0.0754596621183028	0.358438980447526	12
-0.00411431064879855	0.0148859457118231	12
0.0705613245094773	0.285034816481364	12
0.0199782431552444	0.0724455170968156	12
0.0928924508678905	0.419437764216206	12
-0.0587185475853904	0.198031163032767	12
-0.0293552463913025	0.114112879352817	12
0.0349890737819942	0.128998291183704	12
0.0823940513161978	0.354742111322155	12
0.00850580290309295	0.0245013895798683	12
-0.0174844413997005	0.0644299295732024	12
0.0436641486795752	0.187497042687057	12
0.0394175155604549	0.164063658033575	12
-0.0199287989387859	0.0699575959577575	12
-0.0139904702610795	0.0447844706159224	12
-0.0501041501069258	0.2017439667765	8
-0.119077042560595	0.551172257237962	8
0.0518368281180835	0.223851523201554	12
-0.0157577333364913	0.0576665831782498	12
0.0142029733673251	0.0508819169693562	12
0.0343559937920873	0.141381858309785	12
0.0128069467414317	0.0483945278522199	12
0.0803407795453024	0.371015187254786	12
-0.0275684820576532	0.0961326264806821	8
0.066597974595292	0.241804398510178	8
-0.0855667023941271	0.379868067547382	8
0.120957723563144	0.59727248868665	12
0.0213256523164827	0.0778747424840362	12
-0.0373913824529606	0.1545060069829	12
-0.0281933853450731	0.110145834627688	12
0.053007045547851	0.224623645268604	12
-0.111594113602847	0.51701436346475	12
0.036957948158011	0.12643604059946	12
0.00906736850078173	0.0309490457211718	12
-0.102496586535027	0.505113629203572	12
-0.0471821915103221	0.199486817097815	12
-0.0110108659955803	0.0399264695034569	12
-0.0409075522450845	0.162193786179767	12
-0.0785130321347465	0.361965672955036	12
-0.0412545744707354	0.168070787652951	12
-0.0979623599658983	0.504525993693973	12
-0.0345057826727531	0.122664392290302	12
0.0460718733328279	0.157275990448378	12
-0.0905629529052046	0.407589440045301	12
-0.0253208759278352	0.0905036275760365	12
0.0961177553034388	0.393619656902472	12
0.109629618675313	0.550309171142846	12
0.0995794294549292	0.509783108239601	12
0.104671828869054	0.48189217107677	12
0.0221311596146114	0.0835440881706863	12
-0.0697371136247392	0.310990125320479	12
-0.0246785563208725	0.0983221444782239	12
0.0414519026266326	0.172601699694	12
-0.0184247169848095	0.0625707007776245	12
0.0663222389811234	0.214588636474413	12
-0.111883690020364	0.503787538946561	12
0.0638867739541188	0.294781463501906	12
-0.0223002269497966	0.0871418214698742	12
0.0432434874739991	0.184648821790669	12
0.10295829373757	0.547848752942343	12
-0.0539457134174991	0.240885033604437	8
-0.0429335327443206	0.179514205118443	8
0.105716868588058	0.561153271443883	12
0.0781327684616795	0.375870282874136	12
-0.0869012062566182	0.43384650567202	12
0.0852278598533046	0.413146948287422	12
-0.0118981783138826	0.041964668957775	12
0.00048505544778898	0.00159747794503522	12
-0.0910611906270567	0.39238783370111	12
-0.0580904048990448	0.240190833519375	12
0.0802616273123649	0.351660080480318	12
0.009264698423402	0.0274118341295399	12
0.00625568853260765	0.0190643902656543	12
-0.100418041190932	0.444065448827543	12
0.0799413617940688	0.350438089555995	12
-0.0238468304867336	0.085742172831343	12
-0.0197748979545402	0.0761610483694232	12
-0.0585764575155916	0.213818188290945	12
-0.0208628371743986	0.0638391630815282	12
0.0807568440186962	0.377039812978856	12
-0.061099678939763	0.277946482052824	12
0.0826653579306054	0.397432461042732	12
0.0718015871626966	0.331815804046118	12
-0.0533322348445215	0.235145753429781	12
0.0336481337338518	0.138723469015151	12
0.0247091713277542	0.0872354123904076	12
-0.088497473264238	0.408434397586294	12
0.0345618552798101	0.132521472862933	12
0.115112086524717	0.579464247171124	12
0.0334438203778877	0.133096187129673	12
0.0761617975997737	0.346632713678597	12
-0.02053706670007	0.0802903439801569	12
-0.0604591838581429	0.276356741098443	12
0.0322379278272643	0.126603062110094	12
0.0793747687225439	0.311478886406443	12
-0.0280264397960884	0.0885366299789827	12
-0.115001169947577	0.482956213641684	12
0.00892449225338501	0.0272510960870145	12
0.0434006422056277	0.172950363999236	12
-0.0166441180303238	0.062982495153945	12
-0.0100904525096178	0.0377630806211835	12
0.0630779374493818	0.284766872327234	12
0.0843174993926203	0.417866600898412	12
0.0332509502576888	0.135402518345385	12
0.0398194738674537	0.16754733226711	12
-0.0444025741304738	0.18890522483946	12
0.0537563736223384	0.234378527129208	12
0.0098737976827657	0.034231073011575	12
0.074973946910023	0.346852270410611	12
-0.046376694463927	0.196817085663713	12
0.0337150985416266	0.137254361830176	12
-0.0736666434866093	0.353809080105057	12
0.021081596038372	0.0792357941371336	12
0.0575302486600661	0.246466458306257	12
0.00910103159531858	0.0318289894008267	12
-0.0607508310334986	0.269570788512605	12
-0.0778587377498371	0.353175853440106	12
-0.0248288558063472	0.0874164987362324	12
-0.0512425734831569	0.186505053943082	12
0.0733072442358649	0.271708760382268	12
-0.012583943883338	0.0423385502465419	12
-0.0285036107718948	0.105803267711439	12
0.109805333824425	0.560106645192971	12
0.0222444180060885	0.0839786513288705	12
0.0202359665695686	0.0776355470334495	12
0.0126696757448999	0.0482390417730235	12
0.108463970070325	0.556683201312324	12
-0.101797536310208	0.458597533095334	12
-0.0863925536675389	0.396222979791949	12
0.103527884204451	0.545633996216491	12
-0.0936388951437068	0.425767018711958	12
-0.00197675026365179	0.00706463100372965	12
0.0723591345723831	0.308495582372524	12
-0.0949477662841675	0.467619340725404	12
0.0749763284929904	0.357325482237087	12
0.00825449495499841	0.0273478804169642	12
0.0468905100182676	0.192201249255172	12
0.0637006233238046	0.290281661863436	12
-0.0153180549087105	0.0535464791336856	12
0.064801552886959	0.215432560308803	12
0.11804243414602	0.515169978507044	12
-0.110063340275824	0.555089675654208	12
0.0201535872545114	0.0708950591443304	12
-0.0423889864413869	0.163463930189542	12
-0.0842677636000456	0.403859000733386	12
0.0351895831876246	0.141977850612983	12
-0.0594452051292882	0.257793409027199	12
0.0648826639010925	0.267884333476849	12
-0.005160316395085	0.0177624521203838	12
0.06220857802317	0.266242931392357	12
0.107479288167645	0.526846304604772	12
-0.0350503726146643	0.139563133438619	12
0.0578670916682276	0.247127635329704	12
-0.0377391736104092	0.145764695529425	12
-0.00093720269581337	0.00295863491090904	12
-0.0368776421553144	0.132517497973911	12
0.00882097129159344	0.0268742557318499	12
0.0755136562814712	0.309927334016828	12
0.109742478209538	0.539645355470412	12
0.106857223894089	0.49171071235843	12
0.0578339525101408	0.225117310812326	12
0.0698263639560705	0.296692672686675	12
0.0992821098680775	0.498762054550763	12
0.0229804812345966	0.0797166018631308	12
0.0555055779677334	0.183163982238352	12
0.0984442938955086	0.439139926583769	12
-0.0391326682889721	0.152986249918141	12
0.0216156293571174	0.0683112341334734	12
0.0740647173072688	0.322178829826016	12
0.0500420465346977	0.213264229042499	12
-0.0302991129647862	0.106705883678934	12
-0.0279944975363656	0.102781447605939	12
0.0278327726344753	0.104785475960825	12
-0.106369061127043	0.448929237920728	12
-0.00174611112018936	0.00630587659843502	12
0.0441260405822498	0.14971374176935	12
-0.113850990764317	0.447867782406681	12
0.0273964152951049	0.0899430285295212	12
0.102570234823466	0.505691010888009	12
-0.0795700083854472	0.345742069357602	12
-0.103591085761518	0.527780328501304	12
0.0234750299267317	0.0864038285184377	12
0.0909105007386434	0.457317703241846	12
-0.118036697459388	0.644629787334335	12
-0.0673265907206969	0.2953387188869	12
0.0175290844773113	0.0660929869748755	12
0.035287641603524	0.133588876121028	12
-0.0546241701205412	0.210224735016745	12
-0.0336499678250308	0.129166258203181	12
-0.0657337360065461	0.277821269971957	12
0.0703695898657705	0.314412995419477	12
0.065445714506116	0.300258840729476	12
0.0359857715234443	0.137778112261565	12
0.0242110944729783	0.0909294328633428	12
-0.00412273937713695	0.0137362276901795	12
-0.0680266804018232	0.280434766971005	12
-0.0987791216810695	0.367270176135592	12
0.106951864817469	0.483913129280589	12
0.0763761004333656	0.337502325807048	12
0.0380828281506486	0.140479819121422	12
0.0139889743305037	0.0504700045770734	12
-0.0519647894001886	0.224120153698852	12
0.0683150680166763	0.318630739970238	12
0.0237399041476966	0.0836135019761988	12
-0.051920199421945	0.185118988361979	12
-0.000981885570296403	0.00339841363729118	12
-0.00511703842594948	0.015812925470041	12
-0.0343506692162191	0.132741167753145	12
0.0496325664065152	0.209031158716704	12
0.0707891545663678	0.29215892591656	12
-0.000596223207795409	0.00206610350201299	12
-0.0922575368082983	0.453797452686997	12
-0.0601260028517123	0.237363656068519	12
-0.0910703482053924	0.461219144162977	12
-0.0625642603196774	0.211358375549976	12
-0.0125153771305958	0.0450691535409654	12
0.0911589031166423	0.43261005772322	12
0.0366858201734873	0.148202077037086	12
-0.0523214655106949	0.219224523222177	12
-0.0172930987877567	0.0658888386053101	12
0.0721867460253965	0.336493471214523	12
0.093693009908528	0.477355550329207	12
0.118106715612569	0.616067361857127	12
-0.052056401090164	0.21530453364855	12
0.0742426378072161	0.336398504162782	12
0.0150308126550884	0.0553503300405585	12
-0.117972140734706	0.650187390145829	12
0.0971946805117022	0.467361109543363	12
0.0191805493644213	0.0682037073001811	12
0.0522384821104458	0.198501885036894	12
0.0384596896635458	0.136573228523336	12
-0.0821230155443177	0.28706197603508	12
-0.0341229245103789	0.130818994288081	12
0.0110895122872521	0.0378149532475089	12
0.0326053999445751	0.127831994408626	12
0.111480123926658	0.571742892588776	12
-0.0261465096813322	0.103102561533811	12
0.0147870026870039	0.0538162258344731	12
0.0958640851921967	0.411749350777429	12
0.0829426727577168	0.38235179853511	12
0.0408623658165676	0.162306751204893	12
-0.0153494194883223	0.052248729997522	12
0.0150632331355742	0.0531418484250202	12
0.0134071380712046	0.0494990134609886	12
0.034572238941309	0.138533056867468	12
0.00961208081823155	0.0332784109870775	12
-0.0600158675477392	0.274206009442042	12
0.0987659876544126	0.520386780005691	12
0.0307639975233517	0.118982164355218	12
0.124751592925207	0.528507876840952	12
0.0370230680416845	0.155630619499535	12
0.0331088170755893	0.137053546534004	12
0.0037672155505098	0.0138541684944851	12
0.0350613235170017	0.145462665616965	12
0.00185767216128751	0.0067741946259646	12
-0.077467856051435	0.377365916487063	12
-0.0051658921382017	0.0188617988491461	12
-0.0771259860557584	0.373720762140289	12
0.0322922758574155	0.132918032436201	12
0.0330487620277689	0.136338280160978	12
-0.12393505609226	0.705079008288461	12
0.0609396933755116	0.26774918258355	12
0.0241067170093971	0.089837265483368	12
0.0998550634202181	0.428115917219538	12
-0.00155378269047079	0.00486652935475527	12
0.0684974836148055	0.272229971798162	12
-0.0993920921652401	0.48718450096324	12
0.0484873327298878	0.203845406467699	12
-0.01887866663131	0.0732224515751214	12
-0.106569622467016	0.54612792382494	12
0.0482402026276678	0.211701105019991	12
0.060869768308895	0.279218957820826	12
-0.0429613798335276	0.179060344707499	12
-0.0053112525001587	0.019316020189747	12
0.00231335360926871	0.00837923539022235	12
0.0474027459027569	0.207165286332364	12
-0.0123985759496017	0.0464393061709929	12
-0.00520986389226411	0.0189628312191981	12
0.0588601427766236	0.266217672251277	12
0.0453941836604984	0.193703987346888	12
0.0339060635572596	0.139680178321089	12
-0.0362908657926463	0.142903174950095	12
0.0422310822973045	0.178141732152442	12
-0.0157158592796872	0.0384932399445892	12
-0.0887562706744853	0.242649628324182	12
0.0138156819390509	0.0355462111789718	12
0.0932306997406874	0.299055263498281	12
0.0195259867731422	0.0764982902033529	12
0.0977616225816655	0.513121734466715	12
0.0634079545094746	0.292838087382415	12
0.0736513409662149	0.344315720209277	12
0.0489959111926977	0.200948209918328	12
0.0110926914752804	0.0417229828653039	12
0.0544604689599931	0.242333219023857	12
-0.0217975691086405	0.0862120247410283	12
0.105656108529602	0.568844050593269	12
-0.0466796016470219	0.203136964167824	12
0.0328373540749227	0.135528392628358	12
0.0986962676479834	0.517105254346575	12
-0.0924592813197707	0.469328064984192	12
-0.052365480934403	0.226582323812211	12
-0.0543213891976881	0.220617180469497	12
0.0957406183941589	0.474969775096715	12
-0.0709244484812687	0.244055858635497	12
0.124787866250673	0.540121676416165	12
0.110232778495729	0.442795305771501	12
0.0921514086939571	0.395518454864451	12
0.028096358347858	0.102345775553076	12
0.0130010247949354	0.0495107325525068	12
0.0157339173382146	0.0544098950480182	12
0.0380601636894272	0.158617319516612	12
-0.0163825953266489	0.0628164125220288	12
-0.00335401039909212	0.0123067313761148	12
-0.00582057491981021	0.0215608716390282	12
-0.0546607375905775	0.242383639334335	12
-0.0482710035614981	0.21135515928323	12
0.0026466074758386	0.00968594582936116	12
0.00166528827971543	0.00579234907730612	12
-0.058105598129603	0.249302008937882	12
-0.0664820566977863	0.287861758166378	12
0.0724598658229103	0.345134106318505	12
-0.0704848519045818	0.315677087162306	12
-0.0710498093736291	0.338585917468801	12
0.0903171888639284	0.351789393530195	12
-0.10560491824041	0.277158269016357	12
-0.121641001726172	0.285643199873304	12
-0.0981858515984155	0.264900719674466	12
0.0920020513731539	0.280551730516279	12
0.112357428758453	0.46376048005865	12
0.0609942379693098	0.279244000213597	12
0.0676464046976524	0.316540948014113	12
0.0164900177096887	0.0600523917404384	12
-0.0208255617823862	0.0702733072178301	12
0.0140076717651734	0.0525836461348796	12
0.0432206254748841	0.182761023061234	12
-0.0227607931827788	0.0875076462446394	12
0.0345326273635085	0.141441004291817	12
-0.0384290986300548	0.159466429252795	12
0.0595895503830452	0.271259365524875	12
0.0451289891764409	0.195145725515827	12
0.11310516310774	0.622105147553201	12
-0.07013084000522	0.317240084016976	12
-0.0281504821632612	0.104890857428237	12
0.0489214088507963	0.192106294131736	12
-0.0270224826375647	0.0874449031397367	12
-0.0346655217776244	0.0941972399658898	12
0.0963819647197001	0.347082773839478	12
-0.0483574231754198	0.170805471915713	12
0.0371893302836149	0.129361414221569	12
-0.0319641034162246	0.126751670120279	12
0.123258160921081	0.705049128924572	12
0.00282782344772728	0.00887965218085802	12
0.0468543194930421	0.151891600400506	12
0.0351768502542429	0.143057474661704	12
0.105776803229998	0.54936424430373	12
-0.0622812902194966	0.282008097002951	12
-0.047384476521592	0.19950171519262	12
0.00860719857148819	0.0321923261305159	12
0.0709739906995187	0.338735467936115	12
0.0194961488609962	0.069211967398266	12
-0.0151784189805915	0.0568217484746528	12
-0.0789306606140791	0.35175623079992	12
-0.0695345774095813	0.324410963542133	12
-0.0614380176640706	0.278279987984961	12
0.106152606903848	0.573573489578599	12
0.0093886381628381	0.0345909932879333	12
0.123985148035704	0.55745788414947	12
-0.0996037684416391	0.387255683594931	12
-0.107483705177478	0.467668785803064	12
-0.0524827638132567	0.194723587800246	12
0.0335117644593854	0.138806605635159	12
0.0491180533730895	0.21547144860105	12
0.0454920203324833	0.197002460684775	12
0.090812534535016	0.465348839476006	12
-0.0853639536502261	0.427382769599233	12
0.0462215083461172	0.197604849073115	12
0.0142651722813296	0.0547365464128947	12
0.0077853511966156	0.029112829242212	12
0.10214266125305	0.528545410276807	12
-0.0801486233611566	0.384654253553238	12
-0.0299854007701086	0.120160776894699	12
0.0256204200774398	0.0994264663638682	12
-0.0923299701718983	0.417137803080793	12
0.00400580122060852	0.0124266954058386	12
0.0299839966506077	0.108617984990098	12
0.0075171823742674	0.027182919450969	12
-0.0834407124223897	0.400013854425058	12
-0.020848016634224	0.0801187286097615	12
-0.116105053142703	0.626119729339989	12
-0.059363527656265	0.267937963587387	12
-0.00879621383741219	0.0329618434722725	12
-0.0641505229034757	0.294653318828084	12
0.0526704665728496	0.232892762985851	12
-0.0750019733213153	0.36094068795497	12
0.0458472462786689	0.198816890134923	12
-0.0420753930587692	0.165814822371655	12
0.065476801924216	0.298222290709317	12
-0.113264617351384	0.619363673258182	12
0.0333209726775541	0.130518214479449	12
-0.0705646163836094	0.329535290318141	12
-0.0244345022849784	0.0946367768235759	12
0.0956558380208464	0.491027411824892	12
-0.00173189184286241	0.00631305866326115	12
-0.00348506744767345	0.0127681108789917	12
0.0571585013436779	0.221318454755857	12
0.0270572687223009	0.0942118273233286	12
-0.0605935984447697	0.245678961098336	12
-0.00629777059535477	0.0211210306006246	12
0.00741561896187224	0.0274228046897955	12
0.0134379106245367	0.0513836549600322	12
0.0618740760328425	0.285278079035382	12
0.0269072155504018	0.108028894333355	12
-0.0246941730431485	0.0984928256738664	12
-0.0827308226533447	0.409595407125352	12
0.0667510857083171	0.313927675484636	12
-0.0167764897579718	0.0648898977858886	12
0.0787417832310023	0.370787608076316	12
0.10039309523569	0.52757865529586	12
-0.0217555323466803	0.0857489534003182	12
0.0267534418031483	0.107796217101057	12
0.0137579783997815	0.0523297214755138	12
0.049183144721898	0.214574823999537	12
0.0895843480862925	0.444572320814956	12
-0.0121854375472669	0.0463183598080568	12
-0.0499483050653397	0.21818848783141	12
-0.0718446395272685	0.330961812340326	12
0.0489914615271736	0.202935727745079	12
0.0947723716510884	0.490450176152738	12
-0.0494873564753576	0.209924022120519	12
-0.0278868655577631	0.111543327219268	12
-0.00685154940241754	0.0252880444364253	12
0.0259656413269846	0.104532299470187	12
0.0159869683314017	0.0616972270501074	12
-0.000140491208214022	0.000503433075371821	12
-0.00415203288193036	0.0135482366028604	12
-0.0102137822968863	0.0376782009265807	12
0.0196410430810917	0.0763788110204515	12
-0.0118376335719094	0.0391271285810315	12
0.00257456354403919	0.00940616087828323	12
-0.0705441185157146	0.325026262788887	12
-0.0298612058231241	0.120527607979323	12
-0.056772355840161	0.247256966042419	12
-0.00434305891999098	0.0159442122849574	12
0.0733319925145767	0.331734180048252	12
0.0311228649635135	0.114599159612843	12
0.10276781738277	0.490529474386255	12
-0.122890599568806	0.646654056917162	12
-0.0965319457550165	0.464056657404734	12
0.0667055623247157	0.311674886042163	12
-0.0426043331475654	0.180478550724935	12
-0.0213589736116595	0.0842457315045425	12
0.120171044991469	0.664173099365633	12
0.000266732099694752	0.000960352649768158	12
0.0592978992022019	0.268715085562096	12
-0.0644350857314329	0.299366878961183	12
0.0103327035085596	0.038923017339558	12
-0.00115833468147965	0.00404727777410372	12
0.102573692357221	0.495717929753466	12
0.0284516260641317	0.113266470973814	12
0.0862728697524594	0.425887331540779	12
0.0460976187683038	0.197019886911131	12
-0.045421613074636	0.190577536964962	12
0.12042342945604	0.663038582439811	12
0.0462524337861031	0.197616917817404	12
-0.0294754716129767	0.119997713825001	12
-0.0871252750051742	0.428270769285929	12
-0.0739966434459657	0.35003191962569	12
0.0694805487859418	0.320135239222494	12
0.115622124404397	0.57729996008068	12
0.112543143486509	0.603985478832114	12
-0.0215528942672032	0.084540737399789	12
-0.0636105239022646	0.293041297716088	12
-0.0652266625951848	0.296543477920924	12
0.000550980907978608	0.00199499778407149	12
-0.0272832186394406	0.110068965043112	12
0.0301394444914151	0.122902079095102	12
-0.019771177898264	0.0624085125290771	12
-0.0200540389018444	0.074176529746322	12
0.0109556473085178	0.0393755251068403	12
-0.0147669476807244	0.0549989010232304	12
-0.0211540229933328	0.0693840726383076	12
-0.0556575929268675	0.247201333909012	12
-0.0105496402935934	0.0395978060911966	12
0.0253688839118183	0.101485531312018	12
-0.0342346329049112	0.135477800181177	12
-0.0199369403785152	0.0779868917796493	12
-0.0307906969575769	0.126217841641528	12
-0.0936271455590294	0.409370994559492	12
0.0201695040708812	0.0672234398801791	12
0.0297469034126407	0.104931007707544	12
0.018900727774437	0.0722804385212189	12
0.00927689533573009	0.0344397463131329	12
0.00200901778525798	0.00719926500224496	12
-0.0346217604579252	0.14218124992794	12
-0.0450337144946425	0.194633809769421	12
0.0725766346923918	0.344302288702489	12
0.0916514011685244	0.46356902395367	12
-0.0238919576194594	0.0942737423225241	12
0.0292550937151677	0.119229771870744	12
0.0764683791355463	0.372203653098569	12
-0.0974797591099115	0.508770819242278	12
0.0627865178914769	0.290164699205136	12
0.0185709927089374	0.0725457014177611	12
0.0313717499650161	0.128544599278826	12
0.122809986045456	0.693876706859674	12
0.0616843361258879	0.282730470295743	12
-0.0312947567776838	0.124070686651665	12
0.0551773564422757	0.224197676728724	12
-0.0292659221439057	0.1123209669227	12
-0.0224438129059228	0.0818169812572671	12
-0.111134682889416	0.554687013579069	12
-0.00953735363933054	0.034992094169492	12
0.0633816471387546	0.28858199440249	12
-0.0485471459248681	0.210861053830215	12
0.0958331641996662	0.499812481535203	12
0.0319794915163553	0.1298429283749	12
0.0550225134036358	0.224988438899402	12
-0.0299724396853316	0.122097466960289	12
0.0422787045801412	0.181375536227859	12
-0.00550154576232288	0.0201452565446091	12
-0.0945766592490102	0.486432843980457	12
0.0175391476527361	0.0680707953558343	12
0.0306258516964563	0.125535909736696	12
0.0499008717488576	0.219007135882172	12
-0.0992227993261634	0.495034371437884	12
0.102368215696937	0.531302010466425	12
-0.0578022606121918	0.26064849820885	12
0.122209989672868	0.667526881769556	12
-0.0127998429504619	0.0484237553197574	12
-0.0118947386266322	0.0428268705826459	12
-0.00394733197094305	0.0143909409451628	12
-0.0885811191979024	0.446305409614794	12
-0.0936916205762386	0.482961485938327	12
0.0598298579896881	0.265679337844433	12
0.0782878634767329	0.351645983016182	12
-0.0740145025614997	0.335824685039287	12
0.0455470557582761	0.184435771679715	12
0.0740829940668886	0.356360445491321	12
0.064794245369642	0.302156731272971	12
0.00600165748165007	0.0221629398616563	12
0.0606831174274822	0.278769465455881	12
-0.0821910988988267	0.406205332604573	12
0.0832069860188425	0.413775767095267	12
0.0679286905058712	0.320532413044793	12
-0.0886373463344533	0.432758196535895	12
0.0894943955109997	0.432937615504873	12
0.0565053096348155	0.252734410975278	12
0.0234184684477314	0.0929756120325245	12
-0.119088060429448	0.667659943637911	12
-0.0476157949742351	0.206650561827263	12
-0.0684876194416759	0.322897656465123	12
-0.0847999142066299	0.42201633229444	12
0.0860258954836946	0.43094515058102	12
0.0877457181579954	0.444736236389735	12
0.0271388209914673	0.108441468826173	12
-0.0398014760094445	0.166444389138058	12
-0.0340658566399596	0.1341661680951	12
0.0788669836642212	0.371007918681423	12
0.0457020435925115	0.196232953971673	12
-0.0779677971818555	0.377765344476806	12
-0.0573214310392741	0.258380458752855	12
0.000479110821763516	0.00173299043424081	12
0.0263077492594482	0.104704764651543	12
-0.0909897905376399	0.463237659588844	12
0.0446444168711107	0.192997869883117	12
-0.0284956632480677	0.115455615381414	12
-0.0414187769248643	0.166245175359714	12
0.0800778662574852	0.327759992804508	12
0.103956413633418	0.533811129389961	12
0.0147292455122417	0.0541950820324412	12
-0.108494358365918	0.577609674374672	12
0.0407251888683838	0.14676741083322	12
-0.0201856606174136	0.0783375751823427	12
-0.0554577799103448	0.249212331599143	12
0.0364664457585051	0.151989581127773	12
-0.121877115232427	0.660655127807322	12
-0.0038265283110735	0.0122647364881222	12
0.0784952817521265	0.377015814576643	12
-0.0621600102468915	0.286029524526607	12
-0.105207838746159	0.549889757557556	12
-0.0082212428013286	0.0307488890254697	12
-0.00658677235481503	0.0244547895320634	12
-0.072915945988995	0.348944614242517	12
-0.118166758738381	0.657346287655865	12
-0.0411836791596739	0.171656430884918	12
-0.104299247549586	0.557402112944066	12
0.0819960510145814	0.403246591485458	12
0.0290173987112843	0.118096852742051	12
-0.0648249028144084	0.300826870171834	12
-0.0516452876647766	0.229194010317039	12
0.0320429437808742	0.127296554404478	12
-0.0286799612919279	0.114261485349221	12
0.037833523423953	0.158364675471217	12
0.100713956070259	0.532701868448859	12
0.0640857334066785	0.297444701035643	12
0.117500435079297	0.659277696309099	12
0.00740767552238575	0.0276437128172282	12
-0.0853408263223829	0.424401702135261	12
0.0386355187037648	0.163128372602805	12
0.0688610811914299	0.322974748670535	12
-0.0672130166377499	0.315618037788073	12
0.0692875872003791	0.313302217922215	12
0.0332975372271844	0.136872001337985	12
0.0204803798195435	0.0791776573426045	12
-0.102389003990247	0.542017204330987	12
0.00126223560601474	0.00453981650113639	12
0.0171456437357286	0.0642085452994635	12
0.025510065136169	0.102469789255964	12
0.0280410885626139	0.113524186383094	12
-0.0614228182976129	0.282775885059572	12
-0.00918058330485923	0.0324046318889693	12
0.00558210376633007	0.0198309935463504	12
-0.0858084685876192	0.406762831432868	12
0.0903985766341018	0.4332080959912	12
0.0279180053657944	0.089712799785376	12
-0.0865196213843712	0.424156380593533	12
-0.0177087606532363	0.0683536840816253	12
0.0904881794635482	0.428599719649375	12
-0.00887809265689548	0.0327913129223911	12
0.0732231889343517	0.305210882332281	12
-0.0687978359931148	0.240082459979561	12
0.0997445010294369	0.520331385376435	12
0.0428155992975237	0.180742892584614	12
0.0555736720684775	0.245846289711094	12
0.0474671407338799	0.200938056729789	12
0.0949232067378551	0.486968377114348	12
-0.112361245382472	0.586175183429966	12
-0.0535942875734683	0.23829935744097	12
0.071695246214477	0.34348491971061	12
-0.124194314272322	0.708788754069767	12
0.120298749448411	0.675792575363964	12
0.0175712687374135	0.0683631617385875	12
-0.0570231233240032	0.255431110207887	12
-0.0436099260145207	0.187428224547171	12
-0.0237324347449649	0.0945713937353738	12
-0.102703899982827	0.533201820408783	12
0.11727552532807	0.617884727440524	12
0.0299048583451461	0.120715883856573	12
-0.00679894525389141	0.0252639410604051	12
-0.0810995395851215	0.397371426978197	12
0.09106508059574	0.466841465628182	12
-0.0395763202883843	0.167597894598739	12
0.0747716468209241	0.357208370700736	12
0.0516818882112756	0.229090526579917	12
0.0000596872833969742	0.00021979585187727	12
0.0248032228186991	0.0991769216810181	12
0.09721433442924	0.48144340112891	12
-0.0252430957447241	0.0955963650223724	12
0.0191608463728317	0.0744420574617414	12
0.0736754962549486	0.347149182267598	12
0.0255592999897566	0.101463489718646	12
-0.024573451601032	0.0980003356300278	12
0.117519803039439	0.628699656751618	12
-0.0880714577447857	0.445544963297056	12
0.0317188027050932	0.130068288055896	12
-0.035434182056358	0.147887143311818	12
0.0752123121984554	0.343181454563468	12
-0.11401968701229	0.488916903600885	12
0.088485631081842	0.431016888647838	12
-0.096506431501954	0.493550425741676	12
0.115165153915248	0.600898259178458	12
0.116047504062758	0.463339585024286	12
0.0391628423652818	0.157606040940623	12
-0.0299330620654291	0.121073028082887	12
0.0881471943260151	0.442161645907123	12
-0.122379501773839	0.690402692747099	12
0.0153158723397089	0.0580919453769808	12
0.0985124043224184	0.513690859482678	12
0.00709841611082234	0.023115498274272	12
0.0934161323709279	0.369284002478333	12
0.0197245219981724	0.0642590423040247	12
-0.0337797072761676	0.127067863225571	12
0.0228319495680953	0.0906149017798822	12
0.0564384908635104	0.255634791667072	12
-0.0255366804542726	0.102496575702494	12
0.0520567808795355	0.231550634388981	12
-0.0969069535230058	0.501483038284357	12
-0.120365516440581	0.668167973956546	12
-0.0600255234097263	0.273666166431779	12
0.0749596786706591	0.360876916497084	12
-0.0598401475789184	0.273531696716422	12
-0.0428821854045513	0.18401671837193	12
0.00514023962197865	0.0190104350851878	12
-0.0320219904329182	0.131364518058777	12
-0.0337568320766905	0.137073439216145	12
-0.0407712676605144	0.173344483589624	12
0.00347188966252324	0.0127483913613887	12
0.0010686449177959	0.00380803134525408	12
0.0962506457627094	0.468011055772322	12
0.0748629880576011	0.326530233964091	12
-0.0479985633283731	0.181095666802164	12
0.0858796238978222	0.406620219913872	12
0.0141210925679961	0.0538320854295982	12
-0.0504025748505374	0.216243691870594	12
-0.0709365669944306	0.333377657630971	12
-0.0369656890324847	0.153610629953484	12
0.0812682987768451	0.402083184020762	12
0.0796827074808271	0.391754049336997	12
-0.0407606103992397	0.171251295169801	12
0.0575907908682699	0.260413496722462	12
-0.038680747714136	0.163017412057433	12
0.0860072507489787	0.403086358149196	12
0.0289686973579099	0.117078092962641	12
-0.00959383719987856	0.0361387532376471	12
-0.109521802060584	0.584103214140534	12
0.0485259666445637	0.212844253882174	12
0.0952053309228866	0.492499097650313	12
0.0668382854378467	0.307391414357522	12
0.0698030324912417	0.327447112036155	12
-0.0239355932753077	0.091736059221618	12
0.0313472470368632	0.0787630619475788	12
-0.0310028001270843	0.0884943793079551	12
-0.100203992524411	0.369163944206824	12
-0.042158689019513	0.172838271086024	12
0.0265169363828557	0.106836839241101	12
-0.0631422566289893	0.288391359010821	12
0.0517781622598667	0.228160981940176	12
-0.0495703995306275	0.215549355540768	12
-0.0787400486037406	0.384479110903064	12
-0.0384920076656028	0.158071276718579	12
-0.0568390669162675	0.246239645776661	12
0.0408290898326798	0.169359475748529	12
-0.0282550364032441	0.113789960869035	12
-0.0365384202027659	0.147625726770031	12
-0.0883761251309638	0.428089932841184	12
0.0853054150985978	0.401149969886604	12
-0.0679843490335463	0.316518181563701	12
0.10675444277727	0.575825321777287	12
0.0423914287343428	0.180742392453192	12
0.055772599636103	0.251302011298918	12
0.0675681909297979	0.313233194543872	12
-0.114315610017511	0.568006950515209	12
0.122840369709348	0.611605083168137	12
0.00833572796118961	0.0252238937355964	12
-0.0104771032177815	0.033981357280778	12
-0.0171113707679719	0.0609632125922677	12
-0.0299437086158063	0.120090099508757	12
0.0382540536053258	0.155531239603856	12
-0.0918446889468221	0.46616986556286	12
0.115153724458971	0.609506006412032	12
-0.0559239627989259	0.24921737759808	12
-0.0212933041196809	0.083160388717428	12
0.0563150914607097	0.254186389346117	12
0.0742244253948476	0.358056492328111	12
0.120605298743825	0.682533856893443	12
-0.0136000697581293	0.0519781659009262	12
0.101570871193791	0.538347343935451	12
-0.0567908287699598	0.255952302595874	12
0.0408002433398971	0.173938955581211	12
-0.0070190433052174	0.0261005948840271	12
0.044162122105986	0.190216877081043	12
0.0553125531822741	0.249410624591832	12
0.0399679300208762	0.169915822204752	12
0.0767691718384034	0.362954884877192	12
0.0440903579681641	0.183967476109962	12
-0.122971902124639	0.695120916196942	12
0.033288763907382	0.092137965764786	12
-0.0489488518443358	0.100669057506434	12
-0.0876056444291776	0.192539794739657	12
0.0525483110584026	0.127550384666848	12
-0.0413695670596231	0.135003557519105	12
-0.0329596986221377	0.1360369518194	12
0.0404210968589812	0.171841411373199	12
-0.116052917742539	0.634037078530539	12
-0.0381062571708957	0.154574061723609	12
0.0672377513092285	0.271652795233327	12
0.0980893467440365	0.49828030200424	12
0.0540474529359316	0.233241604247462	12
0.0515731481574712	0.210083198181114	12
0.0862345363387766	0.400183247106961	12
-0.0104986080245467	0.0380197635609231	12
-0.0871231536984037	0.42255467882851	12
0.00885627963059119	0.0325363340959469	12
0.0474495259844816	0.207651775934233	12
-0.027827373052887	0.111552591708254	12
0.0517717398250645	0.213264459586438	12
0.0421810084204809	0.170381541184572	12
0.0320673899546193	0.122102283724726	12
-0.0706460423422172	0.19373298262592	12
-0.085590465485519	0.312713586963146	12
0.0234887988524579	0.0723337968078698	12
-0.116145286126633	0.497192007290062	12
0.0267210065631311	0.0816444751841659	12
0.10302833995777	0.352641585162508	12
0.0855225167382049	0.413135184899608	12
-0.0932601576980061	0.464454564485115	12
-0.027180862420638	0.104682288454279	12
0.107969429125461	0.578150566839348	12
0.107028717678014	0.573037036189614	12
0.0703295599348122	0.329438377785278	12
0.081910479294258	0.362751397609371	12
-0.0404395584057192	0.156435690438767	12
-0.0253135214579164	0.100633041450531	12
-0.0874414206799481	0.410732572258501	12
-0.107374232908533	0.579927209769044	12
0.0267119663205113	0.107481802949376	12
0.0190629612947197	0.0722122740991206	12
-0.0436369673579399	0.183466407300656	12
-0.11460558917495	0.356634878220461	12
0.0630525627979585	0.121391818884693	12
-0.0512727414379517	0.100688350553008	12
-0.0681132545440523	0.163536683860634	12
0.0112180004131704	0.031394184024139	12
0.084847006395895	0.425462912844702	12
0.0127459293618451	0.0486321491415281	12
0.106969377180471	0.571037514792566	12
-0.100587267022755	0.411102120525108	12
0.0986059288121516	0.499800403499883	12
0.0056059681476795	0.0203147878311254	12
-0.079177267815258	0.357034048178526	12
-0.0139283812331842	0.0499808070539883	12
0.0680137471048696	0.307739883768815	12
-0.011245347831145	0.0414770453987811	12
-0.0475480885732451	0.204043893077071	12
-0.019156249654424	0.074830892197596	12
0.0296341556712817	0.118084541443995	12
-0.0624794184759522	0.26867233446503	12
0.0400031768867011	0.157017786189584	12
-0.102573703077639	0.291276046462219	12
-0.0383819792458847	0.11638926008706	12
-0.0771005345640127	0.300150368251881	12
0.0644927256195326	0.296202831262557	12
0.051734097862146	0.166237931918632	12
0.105603391884389	0.316932701773553	12
-0.0687518195556529	0.294263736928507	12
-0.0124355627685821	0.0460487615973929	12
0.00357744518338474	0.0124876452597357	12
-0.038418946859844	0.160869257378121	12
-0.0451876729521807	0.189010793899382	12
0.0296830047238758	0.120639007955748	12
-0.00166319795346205	0.00595552384906093	12
-0.0559164722833429	0.224619661012606	12
0.0199193964105912	0.0696062298351089	12
0.0528090998445772	0.23072549597	12
-0.0623930859088748	0.257856694444208	12
-0.0548628821612052	0.246396327475409	12
-0.0309278082770082	0.126052426647474	12
0.0540042350199054	0.230759307987411	12
-0.0123113690469339	0.046695862931657	12
-0.0718563345046924	0.159846367444136	12
0.105047729816036	0.42006561708256	12
0.0261010205880973	0.104572540529147	12
-0.0478214675379193	0.202078555353295	12
0.109483794302834	0.565205742728392	12
0.0334384997726257	0.125471653213396	12
-0.0586379946959175	0.243288407914335	12
0.0403555689791354	0.162194411988118	12
-0.0639433343579288	0.285962757577071	12
0.0222614344804316	0.0859759216282937	12
-0.0512203179197468	0.226857359475849	12
0.030708639985715	0.125960412718738	12
0.0229563795879548	0.0842549595352474	12
-0.0321740737805414	0.127256463857326	12
0.0190857342897634	0.0453486283789419	12
0.0309516608683821	0.098621853392482	12
-0.00320112750572608	0.00693406954519598	12
0.031267015955142	0.0836454673779474	12
-0.0939929127014654	0.34016590349437	12
0.124422513988932	0.53261569210122	12
-0.0186189911788771	0.0614157994563596	12
-0.07827112828532	0.38111503757136	12
-0.0222578918326624	0.0579168899798042	12
-0.0302898672093297	0.118219809434295	12
-0.0785011723184358	0.357410451947928	12
-0.00521609579660929	0.0190534747694224	12
-0.113872030964523	0.59530390752998	12
-0.0847017505354485	0.419618551767287	12
0.0960198937643585	0.497098758642109	12
0.118670040572523	0.585294167431967	12
0.012444175193049	0.0438778796812915	12
-0.0284475802591486	0.114572076146377	12
-0.0160947049371121	0.0593207759659039	12
0.0406389785875335	0.172920921905226	12
0.0652026410429009	0.300000845181275	12
-0.0555578442540466	0.235042882882558	12
0.0175596858882718	0.0681148087379632	12
-0.024829326603177	0.070144098685925	12
0.102909065532284	0.262254575651779	12
-0.0379046569448616	0.158229794165513	12
-0.0740910912871744	0.353591067107543	12
-0.00213230868899984	0.00762764381349089	12
0.0488912047654586	0.21510604696153	12
0.0743719026972715	0.351107454253143	12
-0.0262483292345723	0.100086150845821	12
0.0092309268758819	0.0331463987109123	12
-0.0235585436830284	0.0863363734685571	12
0.0137596630587485	0.0484476595621764	12
0.0364573532137766	0.144359232542616	12
0.0454732890170577	0.191370556239434	12
-0.0148004131472054	0.0552545615730587	12
-0.0446429605948213	0.191415939635964	12
-0.0160812810754143	0.0620496633333846	12
0.0103106031316919	0.0387055246844547	12
0.0101491894036764	0.0366694610810214	12
0.0964200741771795	0.493981581856956	12
-0.024920037823678	0.0788405804596582	12
0.0695465750303653	0.198143065115632	12
0.0908678813563196	0.289117983689046	12
-0.0418279824263987	0.137205526576536	12
0.0129584504182015	0.0440888901416631	12
-0.0486318616768646	0.213431376075897	12
0.0583421256392743	0.209555710396786	12
-0.120990365748552	0.651574591807896	12
0.0894445640366601	0.425373540330665	12
0.121958409155783	0.677476177321418	12
0.012294263913544	0.0448308124540546	12
0.0994839707974175	0.518005104667226	12
0.106034912229579	0.571873539563619	12
-0.0122453791810702	0.0425623711705878	12
-0.0840024386643293	0.400561332585146	12
0.0358677431444022	0.149699259733285	12
-0.11281491201744	0.597987399121196	12
0.0557297257968629	0.23147449401211	12
0.116713676068115	0.651752825287546	12
0.067788142182946	0.220748238714706	12
-0.0217138306025825	0.0376090701023459	12
-0.0068463304635644	0.0164061165689711	12
0.0445564735634512	0.170607989966565	12
0.0184938450428713	0.0720031814506361	12
0.0100094396640257	0.0372760098148435	12
-0.0223830461246433	0.0857755111545697	12
0.0934219455043449	0.481906790678909	12
-0.0209115160564049	0.0791985387903516	12
0.0244049285717302	0.0926294392426681	12
-0.00363348454552743	0.0127566024637284	12
-0.0553941223972259	0.226769496029381	12
0.0363237218975613	0.141684001507511	12
0.0968509998540008	0.472011002820043	12
0.0135888330910707	0.0500165204373076	12
0.0216927371263055	0.0824434660691904	12
-0.0814774072582488	0.402835848948027	12
0.0651399270530293	0.303669915502647	12
-0.0000902320424926362	0.000315723176534445	12
0.0208345317352218	0.0804381985344048	12
-0.058982204791321	0.255653886932597	12
-0.0194781917350779	0.0510914995401236	12
-0.00175008431965681	0.00531037633365091	12
0.00625846545090887	0.0231046339976813	12
-0.0588705007235492	0.260591463192105	12
0.0288300888560525	0.111384166843185	12
-0.00979005037153384	0.0364139256109104	12
0.021428840848437	0.0824656956128827	12
0.0371215597180561	0.15537487697004	12
-0.0395700508834292	0.167293384852528	12
0.0555124173039235	0.235151608308464	12
0.0524998301878408	0.222949372541909	12
-0.0588165999864568	0.265024738501224	12
-0.0501534724970514	0.207508571999464	12
-0.0347435000789207	0.144495845243263	12
-0.0716219938799454	0.332354950995524	12
-0.0256674750362821	0.0939014005040278	12
-0.00262659418743657	0.00909434232177479	12
-0.0181716030405192	0.0697427192822719	12
-0.0881428638336642	0.287499790744107	12
-0.00320810417161102	0.00821344532340799	12
0.121204772910667	0.489886661944461	12
0.0815826667473303	0.347388715388165	12
-0.0982881853678871	0.503909323305822	12
0.0752600895263558	0.349668421206241	12
-0.0161186304431016	0.060620053660478	12
0.0228255349299668	0.0887488006729856	12
-0.0805636049142781	0.376390354453139	12
0.079393115639877	0.368284727450468	12
0.0839234561235722	0.399010759359293	12
0.0475501998759966	0.202035990030594	12
-0.00388602184053095	0.0138469148196293	12
0.0988730611837655	0.502401622023905	12
0.0250577233977476	0.0962158005553274	12
-0.0298804551167571	0.118547094242171	12
0.000991004700922702	0.00354424373835024	12
0.0357454620275998	0.149359498605023	12
-0.0534495584563654	0.238876590442655	12
0.0663146373428062	0.310935511800401	12
-0.037561900505483	0.143671561382749	12
-0.0492677207612322	0.19178439610035	12
0.0582258583863353	0.242601922262357	12
0.123157233563516	0.685246648528671	12
0.0425068926625875	0.178578747119154	12
0.0829119630513074	0.395233657855218	12
0.0198175432555111	0.0758663744326661	12
-0.0148070907448208	0.0568643010131134	12
-0.0252786080202471	0.101052693133093	12
-0.0523845726998889	0.233123500377142	12
0.108355202688163	0.584132950402641	12
-0.0772924107559658	0.373425199437246	12
-0.100420048997324	0.526042909224955	12
0.0734860385442723	0.35339311649483	12
-0.00883424795657126	0.0331308175157791	12
-0.02857269551819	0.116023229529217	12
-0.00323712680360324	0.0118773631598742	12
0.0938121604582252	0.47265689435282	12
-0.0139237927630282	0.0490562132497764	12
0.117216061743382	0.593693875665031	12
0.121721755475987	0.686859437621225	12
0.0263247250944076	0.077702146246451	12
-0.0493977473743146	0.171489657210995	12
0.0206394790542938	0.0735275249613927	12
0.0166937860530987	0.0646914590751342	12
0.0364104251123792	0.151650025729333	12
0.0510686738329262	0.221501462098105	12
0.038591497109163	0.160443303530731	12
0.073942527782486	0.343903026365776	12
0.028048245263977	0.109285434216479	12
-0.0349533101582957	0.1389543585494	12
-0.069592175339626	0.324750801125145	12
-0.014997977525836	0.0575270030754151	12
-0.00850525837600914	0.0313857882279481	12
0.0222700216202095	0.087791543664244	12
-0.0408774225733788	0.171885505949537	12
-0.050043857346425	0.215438714117053	12
0.0938623231025841	0.485637966801002	12
-0.0999487932130992	0.526684881475575	12
0.0211565900236036	0.0834591354251352	12
-0.0405969281766059	0.172070020342796	12
0.0200040624790495	0.0731723354256834	12
0.000558053667435356	0.00180023490387736	12
-0.0154751306572165	0.0509478502391915	12
-0.0563789435221077	0.23491833602744	12
-0.0609783600851458	0.273376391380448	12
0.0790670709474729	0.382082464367555	12
0.0579213794716259	0.261557276303547	12
-0.0555100019595393	0.242103368035817	12
0.0295232247278906	0.120499695065323	12
0.0212238122654364	0.0836560738448481	12
0.0805891017295654	0.394576065012906	12
-0.0143398135628834	0.0550001156381346	12
0.0334865653485127	0.13877742916306	12
0.12424740971643	0.686579331169977	12
-0.0456941608748201	0.197811945192051	12
0.0321170941299023	0.132482542949587	12
-0.0227374625289833	0.0902708268755513	12
-0.000780632440549554	0.00283462075595442	12
-0.0381628818957323	0.155086294252923	12
-0.0541582638111327	0.212368936280412	12
0.099297075724161	0.501754567918372	12
-0.0622103302526811	0.243695003044627	12
-0.0382582310496727	0.0891265001229074	12
-0.0790706081549039	0.196887499436348	12
0.0506937633604831	0.127329504160333	12
-0.0290922304680143	0.0854060393852532	12
-0.0650459472569735	0.288075709675794	12
-0.0507090415887817	0.219888700231665	12
-0.041891134109644	0.175314768298404	12
-0.00910760510727432	0.033028867980532	12
0.0177264591162623	0.0685602406015462	12
0.0409902085397732	0.165081899880119	12
-0.00362461362787285	0.0126308851270162	12
0.043430883364187	0.1736199576307	12
-0.0131926983382508	0.0480647126486513	12
-0.0468064339553011	0.19403461501122	12
0.0734112185499171	0.343409191605336	12
0.0720953383928129	0.337483135505108	12
0.0578692041394711	0.26307992623795	12
0.0175789017148471	0.0683430241527759	12
0.00481864526361282	0.0177694473946611	12
-0.0785434916576745	0.357388663200198	12
0.0135733504720266	0.051460963976672	12
0.0451543499505949	0.191493518382676	12
-0.0769110382079294	0.26033448930548	12
0.0762518082704337	0.300642295176686	12
-0.00715846159166843	0.0231418688732732	12
-0.103945010116441	0.485635671975071	12
0.055080831892759	0.24718010014104	12
0.0878882032815647	0.369502073237943	12
-0.118070712482081	0.646467522361792	12
0.0192464904707251	0.074157489501125	12
0.0193741257299588	0.0747649958859207	12
0.0711298023938911	0.338493913684049	12
0.118329566869159	0.664451666551774	12
-0.0579737998419108	0.248895002990306	12
-0.0898578468459762	0.435988123970796	12
0.0200990740853431	0.0782215942236674	12
-0.00183137509830982	0.00668084908086236	12
0.0673286866748633	0.311860917656465	12
0.046694470685613	0.171748141542655	12
0.00374859555850671	0.0129999049231489	12
-0.0399067573729573	0.150145017102177	12
0.123328037925752	0.365663290482802	12
-0.0833005804772561	0.187841871158325	12
0.0486620152965232	0.204803304992297	12
0.0815160105321348	0.385073654962156	12
-0.0127589687356802	0.0464095682763576	12
-0.0544450879404498	0.224880688066204	12
0.0849556612109075	0.422528530022325	12
-0.0849777113300394	0.425164022528543	12
0.0389937784342396	0.150317735303241	12
-0.0360112546524839	0.138022547549568	12
0.0282621402173658	0.10218198398261	12
-0.0118733032717092	0.0410728553093033	12
-0.0213525550791844	0.0781414683688794	12
0.00606555148958093	0.0222844949268926	12
-0.0612711222841354	0.281879425638883	12
0.10905668474387	0.593848454719205	12
-0.0185957794057461	0.0518472744199768	12
0.0691271028156614	0.266382977413792	12
-0.122894182776435	0.397928357648353	12
-0.0234490962139557	0.0627642777686512	12
-0.0132879171227092	0.0420479521476295	12
-0.0441028931719464	0.16215990793737	12
0.0120373994559003	0.0418047373742723	12
0.111606849108454	0.613995892771591	12
-0.0671100793087815	0.264933720318427	12
-0.114861604187345	0.458076682524711	12
0.0516288194485636	0.22256809626606	12
-0.0118221027071299	0.043291699234266	12
0.0109647844592818	0.0396616174915163	12
0.0353312618067937	0.143264877363968	12
0.0571648519309798	0.245811888893018	12
-0.0752518379513779	0.354306043609411	12
0.0464582122834166	0.200517794451471	12
-0.00736296244496998	0.0263820796820848	12
-0.110085647350479	0.590623273074134	12
-0.0770722830275328	0.359365336389961	12
0.0961849315339776	0.502456211928943	12
0.0282187983896861	0.114069445731861	12
0.00145861356733164	0.00440724022979857	12
0.0683729946052975	0.281856229122868	12
-0.0823818569404222	0.397476573931973	12
0.108945401842449	0.343977319613512	12
-0.0969813438895643	0.250541173652593	12
-0.00969316436306726	0.0231840379930645	12
-0.0274223437358995	0.0804214674882591	12
-0.0431852953716965	0.184847160385771	12
0.0626375143300368	0.27117912182477	12
-0.0108810932937092	0.0380036748537506	12
0.0180601121424038	0.0635101849010635	12
0.0148435658297178	0.0555873146445814	12
0.0395531295348028	0.167618597687969	12
0.0602593547177546	0.247408119450303	12
-0.0232231447273728	0.0811044376756209	12
0.0344814717524212	0.128638010024334	12
0.0678373043490051	0.288559075407007	12
0.0213602770828235	0.0784860553596818	12
-0.0206421427095849	0.0764532138994192	12
-0.0825105103513263	0.395025703630405	12
-0.0498193980365864	0.215205101792279	12
0.123620899406294	0.704737434256148	12
-0.0168146615327346	0.0636564491063525	12
0.10928615136238	0.595826531477704	12
0.0949515209837024	0.489501357286482	12
0.0325767987599841	0.0984079367667096	12
0.0651027235486319	0.259899967263969	12
-0.0880277843641415	0.291391901103585	12
-0.0816059905692523	0.362085253348127	12
0.0343101285944182	0.134573807531455	12
-0.0250030681290054	0.100121110961057	12
-0.0499571441389359	0.197496374885851	12
0.0357438213914473	0.126935911476941	12
0.115387321886004	0.642025374850848	12
0.0153973721407163	0.0569322762553481	12
-0.0763673264781879	0.363968789240544	12
0.107906440475752	0.552745383899926	12
0.0810001740055375	0.392688962502394	12
-0.00958444325743583	0.0358565434300247	12
0.0431547857474598	0.185545328903735	12
-0.0194589719814733	0.0753650979462517	12
0.0718980418957622	0.342935185969557	12
-0.0732223700346796	0.350876995817055	12
0.0365480842603175	0.119199525352488	12
-0.0304898745128498	0.100376849902496	12
0.0827930565187902	0.393280685629561	12
-0.0928528137158344	0.421460169566118	12
-0.117988301874393	0.486536638031754	12
0.044294929728299	0.153262218071842	12
-0.095402787780421	0.446055767289924	12
0.0620990792024579	0.283181802057557	12
-0.0943688486566768	0.467763053004605	12
0.0910343632920817	0.426416652568844	12
0.0410089810718604	0.156997819563508	12
0.0292842166654439	0.108482398085459	12
0.113472640687334	0.561021318046663	12
0.0668273799580828	0.29153555123793	12
-0.00993864858012306	0.0340426436659783	12
-0.0121487078524091	0.0417814658286506	12
-0.0181042143850387	0.0648901635336647	12
0.0560336997368213	0.235524131595727	12
0.00823517335555462	0.0288700206819434	12
-0.0257384991195638	0.0978858974844136	12
-0.0329745923474021	0.129089336290617	12
0.0241875216186173	0.0914657047868076	12
-0.0247676180434798	0.09722535934466	12
0.0607869030837723	0.275226267857039	12
0.00482012889389705	0.0177949740592737	12
-0.0365715520108418	0.153277140463694	12
0.0337968341204909	0.127315647350904	12
-0.0529509882146855	0.191400305108053	12
0.0644833660533339	0.246287034576167	12
-0.00642416543915149	0.0236414047151315	12
0.0378542747107029	0.156167417588191	12
-0.0531952964436003	0.233566695358486	12
-0.0260760589754215	0.102653872807748	12
0.0736600601588729	0.352363765353916	12
0.0421619746584445	0.1782571064436	12
-0.0242195110581647	0.0964045122986945	12
-0.0378127142699712	0.157313544080165	12
0.013881475204623	0.0527325945554888	12
-0.0388062551655911	0.158604521911735	12
0.117182029673788	0.655391591743078	12
-0.0943820877199727	0.487631662998115	12
-0.0104048314785655	0.0390583637211133	12
0.00891381221188847	0.0330204874320191	12
-0.0742262936353732	0.357874585271988	12
0.0196720152623788	0.05414890740991	12
0.0308679124839691	0.0994066751543464	12
-0.0524824452344488	0.214738083280127	12
0.0870674926765228	0.42451907804662	12
-0.0760520358816315	0.311199335299724	12
-0.109587064117082	0.491276252806273	12
0.0629278640121888	0.27869764385422	12
0.00890960952842843	0.033454927701154	12
0.0159610227155333	0.0584231983042193	12
-0.0938938501080517	0.42682956614345	12
0.0711870080881504	0.308186186171359	12
-0.04157281685806	0.161292955676433	12
-0.0065739418969806	0.023098115927718	12
0.00898226606648558	0.031205619935629	12
0.0945341491609997	0.445142073079927	12
0.0431729235018261	0.175304052820875	12
-0.0380938471909774	0.15605418465689	12
0.000885509591252051	0.00309183050897173	12
-0.0814132078307402	0.386187022669454	12
0.0978451497423595	0.486043479458779	12
0.0128514043465167	0.0479653414465059	12
0.0842837219600572	0.411409518199143	12
0.0573966153759475	0.258914361978321	12
0.0610216600049978	0.28099937832179	12
-0.00802049786530221	0.0298796461204738	12
0.063956709261562	0.243648303432105	12
0.0465797175273367	0.166828250634668	12
-0.0729906256408302	0.307269332146003	12
0.0524537630636505	0.21815936684564	12
0.0437140802913898	0.187388060455526	12
0.0731405885883858	0.352101859526298	12
0.124903603454691	0.711994389744067	12
0.0834115523890637	0.412122370061067	12
-0.069737592772274	0.328050736871416	12
0.115298225309232	0.639846514358466	12
-0.0201542432020636	0.0791285415630208	12
0.0336940073322557	0.139722741926804	12
-0.118890012202121	0.665124721533132	12
-0.00954822900219038	0.0354650091244774	12
-0.0262669178891966	0.105696559464802	12
0.0435096659860897	0.186969972840549	12
0.06386277204928	0.293811658601444	12
0.00956575125944478	0.0360109895874161	12
-0.0233263142128808	0.0927800697494587	12
-0.0130795177911858	0.0498507976615715	12
-0.00487685356685665	0.0117695345221004	12
-0.0164501169626461	0.0452748325942834	12
-0.0841325074169497	0.361159868448681	12
-0.0349619494367334	0.13896992027061	12
0.0498200008567144	0.18996725335228	12
-0.00188150242218268	0.00617320162049565	12
-0.0223463765901122	0.083599406110934	12
-0.00998952062455489	0.0373767824863973	12
0.0337820479217686	0.134192236365803	12
-0.0654734495565419	0.268183455389529	12
0.0149631343374955	0.0513253838919194	12
-0.0418940602793174	0.158720520368811	12
0.0491613554980188	0.202455394149646	12
0.0250169433478647	0.0886266903872547	12
0.00508005810287987	0.0172754981981719	12
0.0746450561990452	0.333087668423894	12
0.00619997175569329	0.0216532784476365	12
0.0102556292725301	0.0368292332176016	12
-0.111624918740626	0.575938017540845	12
0.0166706839097207	0.0635108879886914	12
-0.0816069969215368	0.394592591050178	12
-0.123482989800128	0.700854566226426	12
-0.0328995014278786	0.13568027041477	12
-0.056869813275199	0.257427056229794	12
-0.068100826316225	0.320663675910117	12
-0.0178010636952131	0.0564526247217864	12
0.0267500225987351	0.0933206773783517	12
0.00159422790495838	0.00541622170944349	12
0.0283721321907857	0.113038809848091	12
-0.00473612640958308	0.0173364614177501	12
0.0771761468972186	0.367578614412961	12
0.0682441586099948	0.322262386071184	12
0.0266894209765876	0.104647360790873	12
-0.0325293478602527	0.130071631517731	12
-0.0251123978557372	0.0982214382123469	12
0.0301967305126011	0.119794385954589	12
-0.0513793950236994	0.219580160760752	12
0.0296530860659615	0.117455418278974	12
0.0333943890986952	0.13794287594256	12
-0.0121021159505259	0.0459453670647254	12
-0.0120954581718876	0.0457694939777626	12
0.000953465570388543	0.0034115139947384	12
-0.0163505041203766	0.0630752035216716	12
-0.0141731239456701	0.0349929482371905	12
-0.0218473458631928	0.0662314627802375	12
0.0569367575371265	0.232024778349901	12
0.0943236186084339	0.473878305572972	12
0.00685060191382284	0.0247591449817219	12
-0.0679940854533658	0.302931634197484	12
0.0352239528818246	0.138441443959605	12
-0.0140904778646301	0.0483017355275397	12
0.0150605768878814	0.051019234768825	12
0.00338045208850649	0.0110356092945557	12
-0.0268917411964697	0.100254844520485	12
-0.00445607767505583	0.0147707903255234	12
0.0747543520490266	0.316460959578436	12
0.0179640131948685	0.0638401556589862	12
0.0508071951834056	0.20583244941106	12
-0.0537770452924586	0.230465864953239	12
0.107879001052551	0.578912994388058	12
-0.0641423913378986	0.291867262288587	12
-0.121215635507936	0.667914224872349	12
-0.00340850399410975	0.0120141288643415	12
-0.0026579563459243	0.00965809858593572	12
-0.0749437610008426	0.358011159075212	12
-0.0601751796014244	0.272009629732925	12
0.0182004353744412	0.0690579928441964	12
0.0499454957431698	0.218040021919915	12
0.0156251325115403	0.0603327198850565	12
0.017800131017343	0.0684535183043769	12
-0.0372699390468197	0.156578311374074	12
0.00221582120828696	0.00808494041990905	12
0.114925083107363	0.633822983896241	12
0.0047662163668548	0.0175561818574335	12
-0.102843799937289	0.544851456761741	12
0.00540022097413158	0.019480784260858	12
-0.0232949944570861	0.0923982036935076	12
0.0254798226767058	0.101515275855297	12
0.0909969222037739	0.465437136899356	12
-0.0560735454641719	0.25088158497746	12
-0.080074862699624	0.387380050706204	12
-0.0974654439923474	0.506774055738877	12
0.121415162644089	0.686836724597882	12
0.0183756866204535	0.0705001485362244	12
-0.0640649070834377	0.295968425571105	12
0.0604226059310025	0.276547177507908	12
-0.02180254018021	0.0861407334591638	12
0.109914966841176	0.59251214673835	12
-0.0240051324362133	0.0603655113146727	12
-0.0349571032261681	0.107995909132121	12
-0.0119607421964393	0.0370465404166317	12
-0.00512845570992873	0.0156337730044549	12
-0.00188937470500183	0.00576855262920444	12
0.0621107286243533	0.244746986953766	12
0.0158658023759933	0.0539108654645761	12
-0.0325138609981472	0.121625828055617	12
0.0535572407756853	0.224252511050424	12
0.00931356493600323	0.0349137127609993	12
0.000702699355736184	0.00240067709611744	12
-0.0606330409961617	0.250423095444265	12
0.00703055308885708	0.0261538505189727	12
-0.0940407413629787	0.48488342480058	12
0.0071118437766481	0.0241733113691365	12
0.0948337928230881	0.440446061721731	12
0.0612044324384689	0.264035715151903	12
0.0997935882289705	0.499565625108889	12
0.0154612055095389	0.0594881258228357	12
-0.086719265186657	0.436767547685598	12
0.00504467043229076	0.0186296149586719	12
-0.0533313493557993	0.235154007921028	12
0.117202508093675	0.645182176721836	12
0.0261495428041138	0.0999800696216554	12
0.0773117157737615	0.375079581572964	12
-0.108153934470818	0.579819621571849	12
0.0289380457970744	0.113903931295538	12
-0.0427482813410895	0.179116122578506	12
-0.0726506838552149	0.3384260202918	12
0.0250733732439559	0.0991566162872946	12
-0.0408851781630382	0.170355322274146	12
-0.0858062557313809	0.416010031643336	12
0.0699133293223122	0.331278385960229	12
-0.0976041818541923	0.414418621640569	12
-0.0595254413551614	0.23533607526836	12
-0.0923404295225979	0.415112703265696	12
-0.0417926681808411	0.156171221154645	12
0.00958632474061907	0.0271497781420522	12
0.122816784255915	0.685729073701729	12
0.00994031412814717	0.03744802268863	12
-0.0439522955098976	0.185905976214262	12
0.0961908850580122	0.433127564108206	12
-0.0226505178599674	0.0692801523445411	12
-0.0205695975120066	0.0510877365323985	12
-0.0115324304530322	0.0328418335016053	12
-0.0196528138591391	0.0617492275808896	12
-0.0350509805108753	0.117612466290331	12
-0.014886284634891	0.0499246760201785	12
-0.0103324561373099	0.0354268266474291	12
0.0424556366346608	0.180881578614841	12
-0.0134145237607802	0.0511577042886644	12
0.0637440531902324	0.275862286456566	12
-0.00732133582193615	0.0272428942879994	12
-0.0315353479465563	0.127513530811105	12
0.0361569823911907	0.120610088987858	12
-0.104408754271967	0.295465114460571	12
-0.124149332160636	0.339312900034818	12
0.035416584032152	0.0944674629727443	12
0.0585573707708797	0.168787702283485	12
0.0747075154324493	0.342624473376127	12
-0.0188127151694789	0.0725459102689661	12
-0.0700163980936977	0.328900224407767	12
-0.0337612333741699	0.135907047008997	12
-0.0705098733602913	0.3353498362863	12
0.0868859408495216	0.437913816665618	12
0.00540518169339275	0.0196809964606561	12
0.00635681439050917	0.0234715311548279	12
0.00997786105924014	0.0375685609540083	12
-0.0172860502195595	0.0660634991304951	12
0.0234370847442232	0.081543179294372	12
-0.0564594735458758	0.255156437269108	12
0.116784792484986	0.647969042292003	12
0.0379526625109369	0.152276436417151	12
0.0630940960169354	0.175264853625455	12
0.109640097256264	0.335842533477901	12
0.0178098350198343	0.0430269180977945	12
0.00581357139641284	0.0166113945082895	12
0.101247478308011	0.281545280876382	12
-0.0275054823447126	0.0689453977782094	12
-0.0206849416310659	0.0580164894978681	12
-0.0219706877569648	0.0701395182249758	12
-0.0710934560675369	0.282140375546825	12
0.0317669630809137	0.118021939621203	12
-0.0923861032892114	0.473386690822098	12
0.0376765848558827	0.157855736705369	12
-0.0982805704905975	0.425017120451151	12
-0.0178662259945446	0.0693197890860997	12
0.00853671019093945	0.0319357683265156	12
0.0514530799136366	0.176452894952537	12
-0.0668656673024792	0.22958191790411	12
0.0200880300204845	0.0429493876878745	12
0.00576888849578729	0.0142611408236112	12
0.0704886106659564	0.266598175947427	12
-0.0633867749520712	0.248490768864226	12
-0.0802208901079733	0.358930940837341	12
-0.0604282336345557	0.26337513142485	12
-0.0126061304379705	0.047177608641452	12
-0.0123539431385269	0.0464438145136229	12
-0.0249199579986359	0.0995688934470943	12
0.055094094281723	0.245268614453667	12
-0.0363940747397995	0.152072500382182	12
0.0513269407769999	0.227503120122596	12
0.0908528235913312	0.446499162138536	12
0.0722166245558091	0.2836322551929	12
0.017886516232835	0.0693901434567967	12
0.0409939918046697	0.175054022707604	12
-0.0940338280987678	0.413706206850932	12
0.0292125035989538	0.0631590556192403	12
0.0109356422267204	0.0162878560540595	12
-0.123702682356925	0.331387506820656	12
-0.0752589420651404	0.200288925300596	12
-0.0760048070329796	0.195306825474815	12
0.0871482443079547	0.318926460280032	12
0.0411664577631574	0.141120259639546	12
-0.0290969557164939	0.0957761766791418	12
-0.11931204421238	0.327559558524644	12
-0.0247067408843626	0.0620107462108172	12
-0.0463461865513247	0.145231973067051	12
-0.0656467976917394	0.247595263001399	12
-0.0956809548904811	0.425913960309236	12
-0.0703523880571563	0.320356910720745	12
-0.101520887542428	0.53580911738419	12
0.0310796916648603	0.123723140676435	12
0.0207578627045164	0.0818098816500003	12
-0.0903393672573706	0.457805644462066	12
-0.0860659085910871	0.35864625247964	12
0.0458773080727961	0.168470964526621	12
-0.116162863866853	0.34962219596701	12
-0.0313352463524297	0.0682068279833833	12
0.0563136166988965	0.151526997397898	12
-0.0561349848346992	0.163321826715768	12
0.03741760260849	0.138923798399684	12
-0.066324226223485	0.25777261718259	12
0.0799551604894092	0.355935875560996	12
-0.0320913860708254	0.123141884664261	12
0.11013731677852	0.586617930568899	12
-0.0676991132930438	0.315174454633709	12
0.0411062171157222	0.172189477454012	12
0.00256101728245916	0.0093719606934586	12
0.0363127393827758	0.152224567882694	12
0.0260055144613378	0.103240626382118	12
-0.0603539289253846	0.273993825857881	12
0.0397728465876381	0.168851989975632	12
0.00626228659625967	0.0229732035364643	12
0.0182032844800366	0.0636149579216176	12
0.0477156015347746	0.20752000162165	12
-0.0229760168524287	0.0911981849705786	12
-0.0118421223760169	0.0413562373153766	12
-0.0137386810968311	0.0343425764536206	12
0.0326222410790661	0.081411776055414	12
-0.054804708816546	0.184996044396176	12
0.0298807761404534	0.0970952989447299	12
0.0589735200706383	0.224671086254517	12
-0.11636301591795	0.384881492643747	12
0.00375090564493476	0.00887854466324776	12
-0.0372333162426045	0.116817766881873	12
0.0282556586182719	0.0929850630013987	12
-0.0333188166610552	0.12642467000771	12
0.0588268859668272	0.261644838001955	12
-0.0525118502070009	0.23184915227652	12
-0.0771151429810364	0.367961658608013	12
-0.0231395169487847	0.0886583088324473	12
0.120476993476086	0.605745584851096	12
0.111996438990266	0.382166632402707	12
0.0506777717863742	0.15301509944189	12
0.0995519193602065	0.358453278218964	12
-0.0831278061731835	0.380726787175807	12
-0.107866306805691	0.495605161124424	12
0.0889706369067298	0.41689968684417	12
-0.114442436050014	0.604380754298044	12
0.0151084888646649	0.0574825990661613	12
0.105460239973193	0.566521128041808	12
-0.0717287422439712	0.331781724588151	12
0.0318256409941087	0.131033039630801	12
-0.036709313881292	0.153890223527761	12
-0.0868142927023917	0.431093321336163	12
0.081674831471332	0.400206811829338	12
-0.0510104277348121	0.225451166845658	12
-0.0852194872871808	0.423564353843398	12
-0.034891691856906	0.131591479353667	12
0.108317804121975	0.589424288538952	12
-0.0514424508793137	0.226682234378191	12
-0.0891140341407948	0.439024452225345	12
-0.0609453139955532	0.1720393737538	12
0.100993678188159	0.240223161986654	12
-0.0334910981362659	0.0937680389957284	12
0.122468349646872	0.442008792033356	12
0.111239440812592	0.275243324537508	12
0.0815002195124786	0.329537040161529	12
-0.0907244050921749	0.407973755767346	12
-0.0815052941119631	0.271835561503707	12
-0.0734690413572451	0.204747797307405	12
-0.0307834637290403	0.0810550926716403	12
-0.0374814955838463	0.117016877227623	12
-0.0104246980711327	0.0342284642073758	12
0.0137490472009593	0.0483003312290619	12
0.0494327215169879	0.217099829164659	12
0.0239040990937472	0.091154227566452	12
-0.00513390003486928	0.0179814029032116	12
0.0693550538831771	0.325756584214336	12
0.0563480905366177	0.246113069307571	12
0.0300503325117358	0.099463721179588	12
0.0634297284087534	0.216112668958612	12
-0.100714676286574	0.418519564566213	12
0.0361426492418848	0.128405250667827	12
-0.0770256919465162	0.3197658214728	12
0.0197258783081062	0.0693263363154142	12
0.011399592359411	0.0407632324401259	12
-0.117059586697878	0.643248840871662	12
-0.0726597371761592	0.340626017413938	12
0.0165924117666374	0.0642596904535545	12
0.0454971977520203	0.195505262971883	12
-0.0467738253328741	0.203867907254446	12
-0.0283471852099142	0.115013948581016	12
0.0110815762425784	0.0415202185249978	12
-0.103798751751932	0.502479003919491	12
-0.0330292197519307	0.13642864471328	12
0.0675631509831951	0.318575522733818	12
-0.0385900687152801	0.153529997466702	12
0.0711771732192514	0.229619578167677	12
-0.0105922325607698	0.0314186701858651	12
-0.0526070859387388	0.139972026233256	12
0.0251958742934093	0.0947668638051095	12
-0.101078601936286	0.396669666969251	12
-0.000544179057037416	0.00139193865658409	12
0.00990218931847048	0.0244569150511441	12
-0.0166340692207242	0.0502889862540065	12
-0.0147485550917245	0.0463050268242568	12
-0.0123232470302581	0.0420195204587286	12
0.0275809548369757	0.0968477090438059	12
-0.0240632049247114	0.0843613771926302	12
-0.0450654076502926	0.188290382027792	12
0.0332280057985213	0.135289335967898	12
0.099516778913945	0.509533431144145	12
0.0819940345193746	0.405362763088098	12
0.0537113351408379	0.237620501585383	12
0.0449693642192458	0.192735253361938	12
-0.0326687546536398	0.134808220079283	12
-0.0237296997679532	0.0929470939412589	12
-0.0167115252494277	0.0644420401857562	12
0.0187904502389037	0.0734829842033075	12
-0.117434357625631	0.653119587900395	12
0.0824958573181673	0.410724137652371	12
-0.00460460530032187	0.0169344282610934	12
-0.0908639267891186	0.456621747957545	12
0.054753505945656	0.245905744896391	12
-0.0105037314167683	0.039505218497079	12
0.10358892979471	0.545671763982821	12
0.00642408395579035	0.0238407767883779	12
0.0937523609572781	0.484385241953241	12
0.0719939834929276	0.343716696000629	12
-0.0400284131751041	0.167966797612961	12
-0.0176066122473254	0.0684053034708292	12
0.0266965631017554	0.0992539195335229	12
-0.0739616275007779	0.333682019088576	12
-0.0275961488732212	0.103899754428665	12
-0.0293148484294676	0.10265367816323	12
-0.0554752758703328	0.244764158204169	12
0.0196574750748927	0.0771344319952179	12
-0.0390893431642504	0.160813584715282	12
-0.0722373754661461	0.341702254176339	12
0.0298807367718973	0.119612544671748	12
0.0829810477219556	0.357195889781504	12
-0.0208745400568297	0.0523183814719789	12
0.0013582466050463	0.00357168420575549	12
-0.0157539809554454	0.049441609819939	12
0.0754228632537811	0.298250630807011	12
-0.042375122152852	0.159137319425109	12
0.00469611020023065	0.0149814822105419	12
0.0678223591576162	0.273983192269594	12
0.0403852703975142	0.154890300285533	12
-0.0650719270208713	0.281473633629461	12
0.0585600611810352	0.24961095143983	12
0.0154235447244728	0.056639203562846	12
0.0764988076302903	0.353976489359319	12
-0.0635847143887533	0.285670626513427	12
0.00982958077747692	0.0365337173027579	12
0.0709939486554115	0.337637900973155	12
0.101647625434093	0.537931190584231	12
0.0217893847156823	0.0860392135553579	12
-0.0291888148807053	0.116710083220733	12
0.104653596521196	0.557186347773414	12
0.0774104766990584	0.367710555057624	12
-0.0128557872577528	0.0488318330960396	12
-0.0203907375647045	0.0799560771210414	12
-0.0117262765829315	0.0438278291800581	12
-0.116562284616532	0.649084500219004	12
0.00343189242362424	0.0125906015247825	12
-0.0344371074497831	0.138033036216213	12
-0.033187089775036	0.136746916235375	12
-0.0520368597829472	0.22560296418817	12
-0.0583316234719912	0.25517585721251	12
0.065810366133041	0.301170994600793	12
0.0813376725775961	0.402715151076981	12
0.0041809343224677	0.0154050542990604	12
0.0627559771013984	0.29093228997819	12
-0.044899638367309	0.194213923909903	12
-0.114179274221543	0.624577669189736	12
-0.0185229885196653	0.0466452104019418	12
0.0257996266353729	0.0781988152174085	12
0.0427050787657065	0.145702501208323	12
-0.0824160541711473	0.331848790921951	12
0.000487995646743164	0.0014846024546478	12
0.057644452010287	0.215067799706043	12
0.0761022869192912	0.312402048689632	12
0.012958066717623	0.0453001839117081	12
0.0382456747106049	0.147426023571674	12
0.0325297625275684	0.123835815482298	12
-0.0312734840663162	0.118868556109666	12
0.00680014354488999	0.0238855028288619	12
0.104673458278467	0.539311197998093	12
0.00295599158574784	0.0105748724553211	12
-0.0377806280380487	0.157201545549187	12
-0.0666853759959016	0.306007655468144	12
-0.0705582013236896	0.335466238507965	12
-0.0616048477653493	0.273536121490699	12
0.0229164646970679	0.0899214845990295	12
-0.0144236781713337	0.0553149874024807	12
0.0831765026942736	0.412255552693724	12
-0.0524049744617365	0.229326928808182	12
0.0520500632837113	0.22139899564947	12
0.0670056547247364	0.315061893355667	12
0.0890666449927549	0.437755779935985	12
0.0217772170942612	0.0845620565736645	12
0.02289200484718	0.0880292186851799	12
0.071967567765363	0.328901513879787	12
0.0367971342041621	0.147004299484858	12
-0.104084099074571	0.544452395485337	12
0.0865486837159949	0.430979223026379	12
-0.0178808293879959	0.0682031734317933	12
-0.0497860391193256	0.214897165065013	12
0.0273105840258163	0.109960594232879	12
-0.101007655539474	0.534166613806456	12
-0.0156421322933173	0.0387653309491562	12
-0.041516465204754	0.123447164752891	12
-0.0366114606225028	0.12349777956775	12
-0.0564712293024695	0.202407460040798	12
-0.0788647156137054	0.306128863816244	12
-0.00841557850268689	0.0267038168340087	12
-0.0267502509842317	0.094395343060503	12
-0.00547835745938064	0.0181764205261855	12
-0.0458607072057233	0.179111190098913	12
0.0515273495486114	0.207300552537403	12
0.0296258925343815	0.113620483025613	12
0.0205083797161336	0.0778815674862944	12
-0.0294575619858648	0.117887187452068	12
-0.0386141877032817	0.162095232504767	12
0.0670918232714128	0.312693467593654	12
-0.0991044496394426	0.520836576506503	12
-0.0343509774044953	0.130099399000213	12
-0.0844317295402163	0.413546934681037	12
0.0078421559738497	0.0267630513520385	12
0.0890503151134376	0.416468722906216	12
0.0297855951344958	0.121201977165038	12
-0.0139585033230841	0.0534822053257464	12
0.105733761392875	0.570360713227159	12
0.0655919226050007	0.294688465770625	12
0.0577368376904524	0.255709162541255	12
-0.0442409285479018	0.186124529896943	12
-0.0981597942317132	0.474784593283068	12
0.103472806384237	0.5298699891038	12
-0.0611706624351029	0.27303822281985	12
-0.0306503085048009	0.119197071443621	12
0.0300319245067482	0.1162004911572	12
-0.011958055946989	0.043678112985864	12
-0.0357266004745145	0.148568357690351	12
-0.0447375715172889	0.191404930739031	12
-0.0373861258759834	0.154500916625062	12
0.0455766017480052	0.197546281473737	12
-0.0857804894483999	0.42230423999413	12
-0.0312223706859979	0.128054078539809	12
-0.0069956277590935	0.0169453219812547	12
0.0348747200198907	0.102977402456936	12
-0.0678498946314033	0.251474228046264	12
-0.0411541014183808	0.142945898871251	12
-0.0635225365253588	0.252962833382792	12
-0.0366298600052784	0.142453123955266	12
0.0204287005405123	0.0745065918684984	12
0.0166886609378078	0.061082711691127	12
0.00275138240251561	0.00950304282913	12
-0.0702784367966108	0.306725236043317	12
0.0733721201558401	0.345202775112635	12
0.0924041309277726	0.463365585802349	12
0.0915947733832365	0.4605161908285	12
-0.055838154082298	0.241884735036248	12
0.0730069750835628	0.3493699250781	12
0.0379024862289917	0.158691662936546	12
0.00189569366493273	0.00686429079936847	12
-0.0544679880928229	0.240446525949416	12
0.01707705710685	0.0663144886751957	12
-0.0524850303353203	0.233297068859197	12
0.0253579780614	0.100162839279043	12
0.0531979767201004	0.235983469811621	12
0.00693693613143372	0.025707437543272	12
0.0210170741952347	0.0821071372480342	12
-0.0805380180112954	0.383050985854524	12
-0.0384730487544584	0.155289916817751	12
0.0151960269280671	0.0583773002685375	12
0.0873959333235829	0.437889499856568	12
-0.00481211983598586	0.0176823851359648	12
-0.0135795575595984	0.0516449114222739	12
-0.0377756107874485	0.154927562751503	12
0.0845321782105973	0.419293756350326	12
-0.0295645111222249	0.11955053409847	12
0.0714230426456636	0.32782149714515	12
0.0923050319449767	0.472609753902531	12
0.0132652098006638	0.0503288882015472	12
0.00867568842288642	0.032433196140099	12
-0.00501327850184263	0.0118681397642272	12
-0.0373820819235854	0.12078771535693	12
0.0078255763671344	0.0239962651305262	12
0.0572824791754815	0.224594316498746	12
0.0211791888067217	0.0783258904633558	12
-0.0776350247635546	0.360070772750215	12
0.0334322193786414	0.132615239549007	12
-0.0337052301193363	0.128680268086875	12
0.0557076749650173	0.24800119561924	12
0.0523760173219745	0.228139545760528	12
-0.0500924411747764	0.215547209454258	12
0.0218730912161626	0.083005124699313	12
0.0706370873720868	0.331397359931169	12
-0.0205294752855654	0.0787063017249968	12
-0.0539142490540091	0.241148735098768	12
0.0723722108668849	0.346859056831333	12
-0.00244027458765547	0.00886416709508968	12
0.0344341617260278	0.141115382288626	12
-0.0217030366416809	0.082963563878249	12
0.0970078405540906	0.494152061899398	12
-0.0335880204082022	0.139023251922415	12
-0.0959004943422116	0.47685816809638	12
0.0461423341308211	0.185385898532441	12
-0.0580557722352864	0.262459687825325	12
-0.0644971461045603	0.265976829553589	12
-0.0566673923347082	0.256205049638851	12
-0.111085712527522	0.606517937193387	12
0.0133917119772747	0.0509939220936915	12
0.119400372433546	0.618352678750048	12
0.0215169426533597	0.0837198626443185	12
-0.100450682896541	0.507335060031078	12
-0.062324880468563	0.287865072683542	12
-0.0567830912179981	0.249684144748855	12
-0.0543183865196313	0.243230308112312	12
-0.0817907146503319	0.390859717308272	12
0.00765844961369239	0.0184828589972431	12
0.0139771230587438	0.0378668273144156	12
-0.036333025288988	0.119416173732279	12
0.0969503541378954	0.396308798839899	12
0.0142530817113956	0.0453920482991251	12
0.0798273610995408	0.325055902897762	12
-0.0178634903699768	0.0601436635444391	12
0.00207896665434829	0.0069045775152164	12
0.00751803764920616	0.026862621492053	12
-0.0844777162214723	0.401861402507394	12
-0.084188986319913	0.407328337687122	12
0.0477421058378406	0.200183676284908	12
0.0325630685990374	0.131988049380757	12
0.0952454127305539	0.491811741580375	12
-0.0829542862217571	0.367776721248563	12
0.0543743010071705	0.230314655216722	12
0.0623841313085197	0.288323993071579	12
0.097420820330151	0.509413301218045	12
-0.115729898893937	0.631110401604435	12
0.0206863323157214	0.0768263533909898	12
-0.0746722711031257	0.360728016085801	12
0.12157929389762	0.689735516154831	12
-0.0600188556500285	0.259544465025526	12
0.0362217431182836	0.137694109988729	12
0.0730360949715862	0.325600051755515	12
0.0143749556263243	0.0519638166079302	12
0.0731590305863775	0.316606215046157	12
0.0868006121523679	0.407175549753686	12
-0.0551617604152344	0.246508339528081	12
0.045317516820829	0.193136773551653	12
0.00885272575048616	0.0323172098761003	12
-0.00808767105641191	0.0296148286932271	12
-0.072808844510566	0.333902521832034	12
-0.0721585640521304	0.342521963794025	12
-0.00264911811191544	0.00634475741708631	12
-0.00721459164948625	0.0191373485392998	12
0.034850695978656	0.115706649918183	12
-0.0276990644333356	0.0904911368021569	12
-0.00636679882906765	0.0195554427208816	12
-0.0441567043098325	0.157476610265944	12
0.0827771206330195	0.348561505012239	12
-0.0432695208290541	0.16941450068558	12
-0.0854805086933001	0.395384775776608	12
-0.00590400172748742	0.0208944112010522	12
0.0705791361069894	0.315795826452121	12
-0.0117879610036722	0.0437230292230035	12
0.0347898447365714	0.14241188826055	12
-0.00669972754249897	0.0247645726910559	12
-0.107875571548533	0.569437604506353	12
0.0374124052595551	0.157476493250273	12
0.0212428702562919	0.0836582363921417	12
0.0216186344655293	0.0842621679490193	12
-0.0542586928317082	0.226972600108819	12
0.033342630153212	0.137894231293923	12
-0.0539453190116356	0.226758433203561	12
0.0161342202127208	0.0564654469101993	12
-0.0153038953649574	0.0550559602626114	12
0.0445618439627543	0.177899771645306	12
-0.0292392392455297	0.107571846498073	12
-0.0533084034291345	0.223794249460346	12
0.0112445906497977	0.0416512320494987	12
0.0286838951183902	0.112499492018472	12
0.00535792000393757	0.0191797091907162	12
-0.00614885808762017	0.0223834716511366	12
0.0488880019584487	0.206023726626798	12
0.0303432352589387	0.123300594772473	12
-0.0140142474017813	0.0350205651213825	12
-0.0112743163017072	0.0318313823819603	12
-0.010741354376771	0.0323001133450329	12
-0.0199584297884415	0.0634076755999098	12
-0.00795329795397893	0.0245597962344993	12
0.0742859688649118	0.303912040198589	12
-0.0566826257811672	0.230080782758966	12
-0.0376112295930431	0.146814685543401	12
-0.00891604539196375	0.0327244160934684	12
0.0233912284586661	0.0900427867674068	12
0.0942288273418776	0.484033685479977	12
0.0071346039117668	0.0261794096661079	12
-0.0331816777995392	0.116278269553684	12
0.000490952071506195	0.00175911455041629	12
-0.0898174668739053	0.453012040203644	12
-0.00611684800907999	0.0226979631210909	12
-0.0132330305815655	0.0481958099893206	12
0.0367438744941735	0.153537505314686	12
-0.0974410591745041	0.481948660696043	12
-0.00572309893426498	0.0205825158724419	12
-0.0702157695624866	0.289797187828	12
-0.00450029351370096	0.0148018631814953	12
-0.0371737475871332	0.142566875141228	12
-0.02051101725722	0.0707254219633376	12
-0.0599007021432252	0.245186130825868	12
0.0862524047907997	0.432497567655408	12
0.0531951986859125	0.231158600042053	12
-0.0231484921060453	0.0915407104085878	12
0.080259981264764	0.378018151277876	12
-0.00260987302929725	0.0094158318982874	12
-0.00140855014331052	0.00339832537454729	12
-0.0104074362904176	0.0273729637829857	12
0.0317775693723103	0.101463660027908	12
-0.00895620817374733	0.0274692117796674	12
-0.0882932249087012	0.368005781351076	12
-0.099121043729559	0.45442824927506	12
0.00768035225422067	0.0265124814267257	12
-0.0192944707993966	0.0728981003247105	12
-0.0205893009257398	0.0777123760534216	12
-0.0747279255251458	0.297096111110716	12
0.11792839666572	0.636596018249054	12
0.118045039953135	0.525135248361681	12
-0.0468577658133228	0.196383302883448	12
0.101507584906826	0.533708767783745	12
-0.0685289490857406	0.323262213943887	12
0.121394931534906	0.678805853966428	12
-0.00200578626782002	0.00697330183828028	12
0.0564933697141881	0.249353406089968	12
-0.0213075362849667	0.074449265706107	12
0.0401111745869532	0.149225956123623	12
0.0629246790352536	0.26564662508083	12
0.0755906159771998	0.316231689449678	12
0.0231830301455617	0.0841633847690649	12
0.0741205772616614	0.325240091586602	12
-0.00469525150298679	0.0172846560313432	12
-0.0323247417552673	0.130323067028948	12
0.0357908507329057	0.14935459421245	12
-0.0154144612121436	0.0574117172391888	12
-0.120176507330815	0.668128491222672	12
-0.0103804926191598	0.0254337307797051	12
-0.021369878399236	0.0627902681809962	12
0.0486814349383549	0.168157994840005	12
-0.03167121347853	0.106476088704654	12
0.000856150030020467	0.00273999397420902	12
0.00683970035870487	0.0229562736212042	12
-0.0235521501287102	0.0877240176164835	12
0.0158123378229354	0.0568754379154004	12
0.0475609241018936	0.200799582484528	12
0.0930949090915863	0.476489251137106	12
0.05600831167219	0.208698948440739	12
-0.075622597773551	0.33486751469895	12
-0.0213914915009415	0.0844530131927748	12
-0.0259078346106729	0.103889333129863	12
0.100748782774964	0.494889076702967	12
0.102439645613089	0.546791621537941	12
0.059187423982627	0.268392867290802	12
0.052644100192056	0.223571157049472	12
0.071598921496556	0.297488882341938	12
0.00657895149423869	0.0220649934295083	12
-0.0686256768348202	0.295032306680241	12
-0.00384260755054927	0.0128248301465564	12
-0.0138335606534353	0.0488529104506463	12
-0.00414354476559347	0.0149848583103123	12
-0.0541077531815818	0.233746812562202	12
-0.0263128910908361	0.104328500757845	12
-0.0038804176103777	0.0136761667763808	12
0.0190439322840438	0.0734718416717185	12
-0.0266526487563096	0.0687351163540348	12
0.0113908567019942	0.0298649187726149	12
-0.0287715733709991	0.0938251327626375	12
-0.0142786238691887	0.0452438202532666	12
-0.0209865448029452	0.0703141167947373	12
-0.00507130912643061	0.0170164503929767	12
0.0359741080191963	0.137637589691739	12
-0.0811456854048051	0.381181962381407	12
-0.0333194994251391	0.137463311714113	12
0.0149443202028773	0.0534828535909326	12
-0.00265633612231302	0.00939003233231112	12
0.0909068775445281	0.466008221354593	12
0.0151908457713001	0.0584627559420101	12
0.0361778057753646	0.150139607759465	12
0.104359857468956	0.524563705035601	12
-0.0235203291737974	0.0934252013492065	12
-0.100768982665574	0.532359356579074	12
0.0226186872811388	0.0844527243996522	12
-0.00120947612052355	0.00396344009457339	12
0.0168599842841863	0.0598228685809484	12
0.0252956058153282	0.0943171726923523	12
0.011690221279085	0.0402455384170732	12
0.0606452858447152	0.250581102190154	12
0.0702142370835001	0.304154119583824	12
0.00741252488468322	0.0265013123254641	12
0.0387896978269518	0.156861965985913	12
-0.0652791672130495	0.299614097055576	12
0.0223124149872186	0.0849948147118037	12
-0.027473414071212	0.110360408875008	12
0.00145112807957019	0.00349828680769035	12
-0.0529078329279629	0.176176923404658	12
-0.0118983733122534	0.0368893734502906	12
0.0223322558426859	0.0730005819498143	12
-0.0353075486425799	0.12718662476963	12
0.0676836186944147	0.278734976535319	12
-0.0163212739668277	0.0593210725315399	12
0.0137065361806082	0.0522519671612359	12
0.0259048462283631	0.103941796327481	12
0.114560231250065	0.620784631779061	12
-0.0836682789584093	0.41707068578292	12
0.0744653076581076	0.357920310701023	12
-0.0076417847945661	0.0280948926772531	12
0.0711088587062778	0.315232984919327	12
0.0751580094040794	0.361963693033165	12
-0.0101424454336214	0.0381998589246957	12
0.033286571201045	0.127099280968844	12
0.0400638515604964	0.151345048486106	12
-0.0771536996905734	0.337662325753888	12
-0.0525831776996846	0.216053667388651	12
-0.0796451983144217	0.348780995395509	12
0.0794874233391514	0.35658651905513	12
0.0969048404653046	0.482064553765014	12
0.0586373595258486	0.25786531108928	12
0.103555777660791	0.523604602941081	12
-0.0649463809227791	0.294651375562667	12
0.0638900130117129	0.279676717221447	12
-0.0407128163704624	0.171655605040641	12
-0.0077357414251174	0.0187405058004052	12
0.038239152076954	0.114229062378754	12
0.00764280357365704	0.0225614639464903	12
-0.0499965044270016	0.176168661805477	12
-0.011123101600216	0.0352884479920312	12
0.00674719085450094	0.0224963284558749	12
0.111473493619452	0.573581567469235	12
0.0778231325477138	0.370817390211705	12
-0.0566526892020524	0.256109586026464	12
-0.0541394676632007	0.239728977617291	12
0.0473807024511062	0.202433140427636	12
-0.100457072423627	0.504726330134293	12
0.0971773102891952	0.489178180209076	12
0.0201680501125784	0.0751467470986794	12
0.0204662588398663	0.0779363699618305	12
-0.0973215802481498	0.469539922286592	12
-0.0523026003104906	0.204837174787262	12
0.0620184708469315	0.261163957473946	12
-0.058051391237257	0.257520941471313	12
0.0304142933949671	0.117402767468618	12
0.0515052621364054	0.212341782953911	12
-0.0394423824801021	0.152735772828988	12
0.0693642682415839	0.320283031372979	12
0.0611124530012815	0.267401716257831	12
0.0557424410607949	0.234412849085822	12
0.0179022173526189	0.067004561311574	12
0.100078889466762	0.499471203151921	12
0.0516902880051613	0.220826992680468	12
-0.0444074448449466	0.191752337950097	12
-0.00508461451568178	0.0121483155011351	12
-0.0023698210412716	0.00616088735223405	12
0.000637310600129366	0.00189657629194515	12
0.0131856503957674	0.0428616573071341	12
0.0541953083882466	0.216597872009513	12
0.0299584848987806	0.118672089543391	12
0.0458177238227025	0.199030408604894	12
0.00167770598561667	0.00610020345786465	12
0.0832735268034331	0.409462468174601	12
0.0339122413874988	0.138530133619113	12
0.0579261022270196	0.253917278818815	12
0.00258877505586051	0.00938402319680068	12
0.0266010176619257	0.106134811440201	12
-0.0305972885889153	0.118256245136571	12
-0.0351467659681919	0.137239313520006	12
0.0527754093224436	0.226551652200217	12
0.0470160399283744	0.197126916922068	12
0.0151408956956425	0.0555639040415444	12
0.0668699558529461	0.303470485531291	12
-0.0397032532663429	0.163043914677826	12
-0.0733788490299629	0.339748622094482	12
0.0538085067467273	0.234746729213163	12
-0.0408613169409387	0.17278359583508	12
-0.0541690705894947	0.23732978625867	12
-0.052599750839507	0.23426942113592	12
-0.00189399035527706	0.00461317484743434	12
-0.0288531499191375	0.0856717941366549	12
-0.0516507530872355	0.182611810844636	12
0.0247169834760304	0.0855554353083762	12
-0.0299148469975072	0.114101948893591	12
0.0000550576054311308	0.000193303392327557	12
-0.0478627043789719	0.207680466363607	12
0.0631291673730702	0.288598650965066	12
-0.0656354719666331	0.297274836568532	12
0.0604943563293102	0.269243245864908	12
-0.063421104815358	0.287509974009548	12
0.0752932924858376	0.349346871816169	12
-0.0780990555458929	0.374282878939707	12
-0.0683173110588204	0.314020731925158	12
0.0293033652192297	0.111800626567647	12
-0.0605160194759786	0.261137270604582	12
-0.0717327391367397	0.33863003417419	12
0.0262553473388549	0.102770357991079	12
0.0462862586002529	0.20054287149963	12
0.0682683928407627	0.316733307676596	12
-0.0629416338793893	0.279505917925077	12
0.0638312737866362	0.292640642723425	12
0.103342699425502	0.544992093618908	12
-0.083387310837003	0.412353553600712	12
0.0370664078626918	0.155838570835891	12
-0.00816139860642478	0.0204206927365621	12
-0.0198790176481662	0.0594040883626968	12
-0.016674019706395	0.0536073462422815	12
0.00452743570840818	0.0148302229461718	12
-0.0400779309016234	0.158256943888074	12
-0.0459372590858658	0.191430227205609	12
0.0399990148862451	0.162165567095793	12
-0.0896483728016566	0.43157797297249	12
-0.106349888039721	0.536471694746731	12
0.0814209987024316	0.387825003701812	12
0.107406732376086	0.54931288583645	12
0.00259373922128847	0.00920220430304656	12
0.0193829891603061	0.0729718296069658	12
0.0738270971351724	0.328844776197518	12
-0.0451242903621114	0.190495415602534	12
0.0221577021281026	0.0878341734883412	12
0.018247999345746	0.0703819008070408	12
-0.0758095418858831	0.360934668248794	12
0.0642974443592647	0.292605370380514	12
-0.0577311446200282	0.260766382909977	12
0.0808079004166509	0.392292568715876	12
0.0116788021361752	0.0440428626374947	12
-0.0257846862884259	0.102890649384994	12
-0.00752139988054312	0.0280658240024332	12
-0.0286097299118418	0.114324587271006	12
-0.0209481617860495	0.0526194910516937	12
0.00231330897422686	0.00657653009120476	12
0.0220524381722273	0.0713388418725166	12
0.063126817818348	0.246891583440268	12
-0.0805476149973479	0.355356397001832	12
0.00587992930703822	0.0197698098662662	12
-0.0630421670302085	0.259717789383799	12
-0.0760011103228887	0.327243569548052	12
0.00737174806222441	0.0255741134866225	12
0.00128761038169253	0.004326307487224	12
0.108141310672773	0.544055959362322	12
0.0164739940743625	0.0586709676290333	12
-0.0402225179859528	0.154737859885679	12
0.0796917708720628	0.374426923590225	12
-0.0126608122534927	0.048182399413625	12
0.04402983820689	0.185704477145804	12
-0.00202842058382929	0.0073228556417059	12
0.0117477544568731	0.0432271185535732	12
-0.0267695935468806	0.106890122691849	12
-0.00857237886376939	0.0313178825829106	12
0.0761839072989098	0.365283433154708	12
0.0827332829455007	0.41161468491066	12
-0.00531141477878242	0.0128220932849805	12
0.0211333953839569	0.0632620770856396	12
0.0300595166840881	0.0997780605944918	12
0.0475277069608323	0.179455972913999	12
0.0017558276291806	0.00571786817569735	12
0.02756515254317	0.0994137563290736	12
-0.0281911555436108	0.102851937837045	12
0.0337646626985713	0.130536109330905	12
0.0767281219451059	0.346251239344455	12
-0.0642171473433609	0.278468457062644	12
-0.0561829032794288	0.236505579024712	12
0.0282474721076182	0.108201887096687	12
0.00223340776389038	0.00800698915952384	12
-0.00811589128974859	0.0300620896541163	12
0.0175303035317288	0.0667033896750275	12
-0.0476169841849957	0.204067531062868	12
0.06995063375172	0.332605091574536	12
0.0393225318559933	0.166390241433407	12
0.0129491952559959	0.0487575894586153	12
-0.0318899673262398	0.131274166427467	12
0.0363366423613578	0.151375233781376	12
-0.0438639140764223	0.189034835085717	12
0.0696720472813065	0.327193984502078	12
-0.0216731371696414	0.0543557805860781	12
0.013887436962822	0.0394011571354405	12
-0.0359575916063193	0.120517753649822	12
0.00105622689149562	0.00318120153994088	12
-0.0650902155585881	0.249168329379245	12
-0.00210439966898623	0.00710274115834703	12
-0.0602977078003275	0.268682629724424	12
0.0247909285477609	0.0918197418538167	12
-0.0572119620592821	0.231545220802599	12
-0.0226061483680552	0.0870728793407989	12
-0.0253600470659311	0.0952621429806042	12
-0.0364801601113493	0.116585611631149	12
-0.0597792434515374	0.258138657394127	12
0.0070953127753822	0.025199787739964	12
-0.0948449597556829	0.467642864668471	12
0.0604412717676396	0.200254068329194	12
0.108418477083597	0.584465078378297	12
-0.0681954898823764	0.321424292706838	12
-0.0708836788205209	0.33600940554399	12
-0.068234699413521	0.253755992755061	12
-0.00129938839892129	0.0031561514077883	12
-0.0203347003559756	0.0611908133450353	12
-0.0105634586482546	0.0326587177289963	12
0.036747601370409	0.126582945835061	12
-0.00995211609039577	0.0327943562000114	12
0.0118099838046543	0.0414274746434948	12
-0.0575812553498982	0.242387366975088	12
-0.0124638696003269	0.0460501833157485	12
0.0373572730756769	0.152798013832739	12
0.0799909004054836	0.387451726295679	12
-0.0161388724289551	0.062403932587044	12
-0.00960224237580523	0.0358853315707009	12
-0.0311033782927141	0.127539408969285	12
0.076153919725207	0.367271964305036	12
0.0939635665622935	0.43835892189133	12
-0.0270113403521694	0.104582412605613	12
0.0518771445029276	0.227786809153017	12
-0.0616954097474276	0.278539405500535	12
-0.104862401466267	0.557664439018768	12
0.107425014560557	0.563238902219076	12
0.0362668279701208	0.134709625510371	12
-0.0235594548920043	0.0620524217615218	12
0.000753597911468203	0.00198467568627895	12
0.00570778580715125	0.0173023862072522	12
0.0222707626786241	0.0744433696384471	12
0.113912958403081	0.563906802409461	12
-0.0494188519486577	0.206792080977738	12
0.036138008673276	0.142985027440159	12
-0.068462357882515	0.308749916289817	12
0.08186540087373	0.400918861829876	12
0.101728908203527	0.480830991140705	12
0.104860563271584	0.499061264144228	12
-0.0794748665595459	0.350698829628805	12
0.022195871427934	0.08767846974733	12
-0.0230880219376602	0.0865582925415986	12
-0.0682812975967931	0.313598875559706	12
-0.00104911746770902	0.00249847351714835	12
-0.0246604366338164	0.0681585676326802	12
-0.0186401823713434	0.0588431088797984	12
-0.0210773593823868	0.0701720978040388	12
-0.0623931502241046	0.253405714490208	12
0.0815770662925971	0.35567329005213	12
0.0351024355834438	0.130929522802481	12
-0.0394417722023843	0.159601382969137	12
-0.000459690482325524	0.00164087679104579	12
0.0850063282570217	0.4079414879201	12
0.00336340603810028	0.0119186174193793	12
-0.0453809666437423	0.192382421800947	12
0.0478476550624852	0.208684210751676	12
-0.0160551592212147	0.060363559645814	12
-0.114069193802127	0.623340796531342	12
0.0485400694989821	0.171241601234714	12
-0.00599257115004794	0.01458829350811	12
-0.0143709485823188	0.0402044569413415	12
0.0501186454515792	0.176246802998291	12
-0.0300143844296983	0.100563758628397	12
0.0477360054802136	0.178858911883546	12
-0.0263984348512532	0.0936635357444959	12
-0.0509234801947624	0.207355914066757	12
0.0190948264337587	0.0738595276362995	12
0.031489678867076	0.127301107796471	12
0.0913764860182712	0.469469641357728	12
-0.0113932936247875	0.043228572176209	12
0.0434178364933217	0.186761257043773	12
0.104791086328221	0.561234554790633	12
0.0601284249140202	0.275872997061247	12
-0.0690544211122955	0.326064125751667	12
0.123321011295234	0.704506881873313	12
0.0302866417352302	0.122072768839009	12
-0.00668702472985777	0.0161566739246299	12
0.00123554248972053	0.00323415554722015	12
-0.0233111511890072	0.071931087356935	12
0.0794192149082436	0.308151165750683	12
-0.0259701492030814	0.0872640192790447	12
-0.0400970419840401	0.14714836501095	12
0.0257313092948629	0.0999368104445431	12
-0.0174533145147555	0.0678353321942228	12
0.0645622260206061	0.2967141150703	12
-0.111192122205882	0.600310378321383	12
0.0203940668060226	0.0788585778884864	12
-0.0753571634926921	0.363763921162923	12
0.100897332375795	0.526228224634595	12
-0.0210070129569502	0.0828258240325867	12
-0.0640457738725912	0.296672202007721	12
0.0311671945433481	0.127794681787372	12
-0.062490768632516	0.268657519288879	12
-0.03168472945386	0.080925983808002	12
0.01122470956247	0.0306113948280428	12
-0.00696154499847457	0.02123651131975	12
0.0029434777970101	0.00912150881718563	12
0.0288716337701296	0.102119191798435	12
0.0136879460985909	0.0484199027014569	12
-0.0089341509057002	0.0331901098801008	12
0.0726432312101609	0.329675102208983	12
-0.0223132396559645	0.084287749878647	12
-0.0646305628506989	0.296523781690084	12
-0.0163793348729233	0.0629197195770775	12
-0.097743448920476	0.510584584495852	12
-0.069745288711341	0.328795021950131	12
-0.0666708197904603	0.311225695247226	12
-0.000625015584568817	0.00226000171805249	12
-0.038351552054474	0.160994454954759	12
-0.0234727599049016	0.0883191967444878	12
0.00350971749019521	0.00850061836897553	12
0.00922869639416424	0.026871123625902	12
0.0260494470508306	0.0865030648017975	12
0.0347611435658815	0.118859694702601	12
-0.0217806254632098	0.0708959658158896	12
-0.0380787477511938	0.139721867609682	12
0.0594664140534275	0.237000649208962	12
-0.0382800932731505	0.141746447654909	12
-0.0131047207753548	0.0451962735699979	12
-0.0184782508945345	0.0669763145125361	12
0.0283974205814728	0.114988457464351	12
0.0158569131391265	0.0603793700668846	12
-0.000263161286589881	0.000928255544005303	12
0.0774231644788186	0.373178940080084	12
-0.00808577979125318	0.0295203531822865	12
0.107563011349682	0.583953811243175	12
-0.0123295335726519	0.0302992842463976	12
-0.023162922347886	0.0649732190739145	12
-0.0316302448505915	0.104554562419743	12
0.0426573931138553	0.157221702640192	12
0.0544951807671608	0.238459252401734	12
-0.0259151410818918	0.0983137552663535	12
0.0488313518058581	0.203746487798719	12
-0.05338333892161	0.230667635385273	12
-0.060304053394697	0.276227079695144	12
0.0194625968625796	0.0733854709602622	12
-0.0804500852631111	0.378755372550272	12
0.0272809786850716	0.108354906480626	12
0.0291676327219273	0.118788622431826	12
-0.0151382828182237	0.0562158026867891	12
-0.0193908497809268	0.0482065170491794	12
0.00745070512685834	0.0212074396900429	12
0.0876741641114908	0.364264476711578	12
0.114200491973959	0.631278648229091	12
-0.0600892598636135	0.256086985359548	12
0.0110974976379209	0.0401687099995599	12
0.0267768328404083	0.105444092061547	12
0.0143084664489807	0.0515087609351174	12
-0.044390096311554	0.180842910371605	12
0.109479201891997	0.55078846468415	12
-0.0320334816408537	0.131391612574613	12
0.089173826698502	0.426117060770921	12
0.0401090902227327	0.170642825858815	12
-0.0105368837151159	0.0258108015585743	12
-0.0387810790445187	0.117972487938078	12
-0.0341178657617178	0.118817318216676	12
-0.049865407610853	0.18042546132408	12
-0.0907437201554062	0.382381879922335	12
0.0179545955056942	0.0603932398314219	12
-0.029991438998296	0.114914997964749	12
-0.106156219347808	0.506293770090224	12
-0.0942931082293905	0.424867082471867	12
0.0467258056198985	0.190215302558488	12
0.0155011295206272	0.0552080105194344	12
-0.0422931416492949	0.171140641252692	12
-0.0481109116360344	0.210127687500759	12
0.00391708054343101	0.00959740247714323	12
-0.00198257721675714	0.00548231053596614	12
-0.00539540839740083	0.0159573336490671	12
-0.0461646652883259	0.158572957971159	12
-0.0424603627659817	0.146020823841688	12
-0.0672731965056591	0.257069785397848	12
0.021384035936305	0.0780679507062892	12
0.00631262372224705	0.0219503412716542	12
0.0147414593183469	0.0521191643303028	12
0.0825962108215534	0.3897656091078	12
0.0789286914310421	0.349933642804212	12
0.0568025464323639	0.244221383957381	12
0.0183906330397723	0.0461930381645915	12
-0.00666094126853009	0.0175722004447348	12
0.00242257007766478	0.00701175810216309	12
-0.0185403217644141	0.0586427742784059	12
-0.0160404519069623	0.0510497792396447	12
-0.0186415035916276	0.0680379706896474	12
-0.00736764294172997	0.0264860375298175	12
0.0368129202586405	0.143493630410388	12
0.0792415636742691	0.383399836751504	12
0.0918325281331948	0.428335083721767	12
0.0659393474589933	0.290137867189877	12
0.0258579857600151	0.0656577705272107	12
-0.00667447179893595	0.0188037440450228	12
-0.0168453943807484	0.0529889342768797	12
0.0335629236837021	0.116023139333015	12
-0.0203784557145375	0.0723716861969123	12
0.0473034964889154	0.186503486850876	12
-0.0201937434001074	0.0721459064357642	12
-0.0818282722713386	0.37557521062979	12
-0.0357015040520873	0.136572381589507	12
-0.00346876052342111	0.0123524713647706	12
0.00676601629820519	0.0162108207816134	12
-0.00756321333941581	0.0206753702656801	12
0.0103221182712044	0.0317273426595726	12
-0.00298453588184335	0.00942451409295493	12
-0.0429235073419278	0.158131757561871	12
0.000698835470458606	0.00223580816532023	12
-0.00157425898158651	0.00519041070057394	12
-0.0461140942475176	0.175768009150454	12
-0.0357077202878353	0.137980416594425	12
-0.00802548311536692	0.0195206968976152	12
-0.00367863804688563	0.0102057419080268	12
0.00801603219404466	0.0244439803250951	12
0.0367421214516199	0.123582619512937	12
0.0647194301965359	0.246411210456581	12
0.0622623249961772	0.240141047714363	12
-0.0378214640446682	0.132568249124212	12
-0.0320232326978419	0.116045540145333	12
-0.000512931878188971	0.0012484769389234	12
0.0148685976955999	0.0436402804493392	12
-0.0564066413593864	0.199534147432038	12
0.0664161857472533	0.246952951360516	12
-0.0347010838052056	0.121759590225182	12
-0.0418961304682423	0.14663132198019	12
-0.0569963188552224	0.215647958647563	12
0.00447957303919091	0.0109496983428253	12
-0.00128576300173168	0.00331802526232353	12
-0.00294494752278058	0.00885869281866764	12
0.00123371059567695	0.00371169034865023	12
0.0227322625990939	0.076264260439921	12
-0.03006421814372	0.0775469205446452	12
0.0310039279360366	0.0931899564845741	12
-0.00504367062555991	0.0148122050444524	12
0.049891840185071	0.175562166803737	12
0.00180456429310014	0.00580715153045977	12
-0.014907834677001	0.036470615199856	12
0.0133299813119203	0.0356858155363186	12
-0.0228801430601701	0.0733263268300286	12
-0.0286825841637042	0.0988261162490312	12
0.0105800789213174	0.0263120361455525	12
-0.000796763576900637	0.00222191037953891	12
-0.0688488636938369	0.266075906772435	12
0.000117837893791825	0.000286416545065221	12
-0.0132576287268647	0.039052744054767	12
-0.0158557673771572	0.0426248798792108	12
