x	y
-0.0169585347168714	0.021929119296672
0.370513827199065	0.252695639142844
0.207218627737754	0.110022902776291
0.0873805806159487	0.0475686672690286
-0.41841879830149	0.284516164160299
-0.226603071463407	0.198258569433827
0.741655212344113	0.636002639955881
-0.419911031644767	0.560876248150956
-0.00814954304192859	0.00796750923824368
-0.190691522390136	0.193103594666566
0.210809392414099	0.217783156345608
-0.109153409414414	0.111558659499136
0.107949902971526	0.103581917205272
0.651622315444536	0.483109103170646
0.234975113935354	0.143814762254535
0.570336751068547	0.768368018575989
-0.0239219942139115	0.0190039292346403
0.259978805796684	0.33908747026976
-0.24389265119549	0.360208503350793
0.521847325573181	0.84961781041778
0.27009620528205	0.439375147351167
0.521501256771911	0.623274842100443
0.138708849645641	0.129158372080921
0.345890295863944	0.51843693972761
-0.418073376954532	0.625046310845696
0.312584838970417	0.457438676594567
-0.306237156635775	0.554059573613268
0.392183973028127	0.505062804427538
-0.259957667433657	0.224569402947865
0.139864852521498	0.162092012859546
-0.0102976968586853	0.0177492287748085
-0.0357667498726436	0.0686808693092136
0.217638813084673	0.407914920004131
0.257500762055929	0.694800193773959
-0.251623899878528	0.510842873127686
0.0202029292673695	0.0363858445567017
-0.155230217919343	0.182577136699973
0.35094488098593	0.528949969805412
0.419788001293309	0.890837089805207
-0.0459065950985749	0.0738670712783279
0.327117664002046	0.859468913801701
0.0797918363755203	0.198909727112672
0.0252777518151179	0.0520889961725727
0.110598170451838	0.259052124521098
0.0652395561599216	0.13331258021627
0.151075500446907	0.376184825646055
0.13721046062571	0.323875129193898
0.017899295716281	0.0311294598523143
0.126674726535155	0.317061499988724
0.0162110095760655	0.0407228684640319
-0.287605821842623	0.728613734776215
-0.333669345361508	0.687548822506669
-0.0319298942523053	0.0681261397439396
-0.0755761465669749	0.226367258948021
-0.0829786617764287	0.245721346219447
-0.0409750989730179	0.0984799178916692
0.0809288926011891	0.255964561273855
-0.0562469209361733	0.156242198960806
-0.0437085357434915	0.122295556833114
-0.240009814146042	0.656527808190937
-0.0365373973353262	0.0768873895335149
0.158042903196579	0.554643891372933
-0.0066544908689934	0.0146542733033513
0.00327015757489215	0.0082716467906921
0.0670356435715168	0.192964108738391
0.560155271773515	1.16080566269847
-0.161974184254037	0.221863602091111
0.00296430690594805	0.00306157357334518
0.0779583468664742	0.0990985040012665
0.570496294259386	1.13275253195572
0.248720855704222	0.412818015964871
0.120513280441115	0.144445098852831
-0.130731828970991	0.166186419266048
-0.116778664609144	0.174512380609188
-0.141801301803584	0.206317159615195
0.299114625897963	0.386477578577478
-0.36692350210109	0.333480835589368
-0.394054769506722	0.588497682567129
-0.531482564873197	0.797486264530429
0.042908168502524	0.0518129680559747
0.0957814667496005	0.106678951052233
0.151363991516518	0.213526511862588
-0.053654241387755	0.0743398979895973
0.333501717710346	0.590421901701448
0.203019891651912	0.297395259175513
-0.0635272421096048	0.0802537691557307
0.291395683721861	0.455510070689808
0.0971493247027188	0.271506270109923
0.116409640632031	0.352130121146872
0.212131081528221	0.869624223005266
0.0157511024237917	0.0438813159806748
0.00434026217795628	0.0114423618754641
-0.0313223656029544	0.105673087569408
-0.0252422137471397	0.0736286749996094
-0.0273337077809395	0.080128846457937
0.207478291062473	1.010639424571
-0.0532918865912704	0.140350059173592
0.0419760436578166	0.0934781660210633
-0.032090033347863	0.0991783088118596
0.0477437807302932	0.166599922571899
0.0756218147483605	0.247244707605433
0.104842795920987	0.239101004942664
0.0779891362024219	0.127800651751962
0.0387521820724923	0.0698216951101473
-0.101618683388964	0.255958298032993
0.152528947424802	0.409611706550609
-0.0808776351763634	0.148313051989673
0.0840024967427132	0.236331672292026
-0.0218429795319735	0.0583194903548697
0.0608068122761484	0.164213257630746
0.364105226779534	2.2591047661214
0.18901058845065	0.650939243207642
-0.040920634775384	0.0826363874491178
0.0647263435925204	0.112183099527315
0.00634799240895398	0.0103985948319911
0.258152129311708	0.803040329251052
0.113879101335536	0.278623221487001
0.222154152607402	0.689603893948767
0.0459798043735905	0.0981458207262802
0.20540085962294	0.638842609085154
0.187227937719287	0.474599551899067
0.0858380466716712	0.173932285345085
0.171691793246755	0.441500865236892
0.0580479142905225	0.122383547085938
0.298089938356818	1.11741704294287
-0.122397604120973	0.29155466851792
0.148368516776429	0.289688176739639
-0.316342784152486	0.589577447002942
-0.193127136397785	0.358264216697217
0.0381720200652885	0.0566502061474999
-0.33804210584661	0.836465498914484
-0.260850741566832	0.483722258214054
-0.187420760574883	0.38801721284231
-0.200843365669406	0.538497887740614
-0.235781868725092	0.597015423093558
0.397893727464264	1.45774765570731
-0.157600192108401	0.36597084727951
-0.370673161951095	1.06289482359326
0.103231502953845	0.439357505832348
0.156693897988691	0.897306155476619
0.0873644185894658	0.383145347842555
0.15434518549312	0.83538651374109
-0.0474346560776543	0.175284065363068
0.137169524487046	0.702742640748418
0.221238173936671	1.50138538047901
-0.0357793179567415	0.110437903654254
0.196910236482921	0.803424002743977
0.0236249120514523	0.0679046633425997
-0.0137706135148486	0.0390665758440628
-0.140302776515687	0.632095464142952
-0.0835598212187873	0.284138681876977
-0.0738533889328342	0.258993497101404
0.0770900770566185	0.319641632785247
-0.0601440758288249	0.223475818934018
0.0789221829443441	0.326897058885344
-0.0762203290667859	0.325012842101606
0.0645112541165646	0.251423688115964
0.417709863493888	1.15985826247111
0.181116360768489	0.385763663943854
0.121732135037894	0.268157732932951
0.041099761331838	0.0767323293509976
0.223831029225641	0.754039721961792
0.113198746332242	0.306728608205691
0.0649323095533893	0.160269536178799
0.10665250427187	0.259013869910082
0.0219136876875519	0.0409802199299724
0.0431379334774022	0.0976026061399689
0.125052658866239	0.398440844128834
-0.259986387459992	0.908920155337971
0.110717627611686	0.187872552763798
-0.00801001615638731	0.00967950519449494
0.0603477889634881	0.0862716903803771
0.338042818541912	0.816553425716035
0.056382997110797	0.0904990367122203
0.515735557841213	1.30776330791736
0.382584182367368	1.22513279179698
0.0581522193978454	0.131520405941083
-0.373697563916522	1.17508382552514
-0.219892108372525	0.638465830713789
0.0972913871013553	0.210101565508345
-0.455939524726868	1.38215018236957
0.183619228154233	0.248897072150575
0.0999366153565305	0.141909298377245
0.341459739909466	0.67680969461095
0.151495150578289	0.288947184402363
0.111644237252843	0.348097523878084
0.000617083947820258	0.00129514447090325
0.0423192234860035	0.0944449119968057
0.0723168927135422	0.166688288853782
0.14466182625651	0.326003510478363
-0.0629047280268164	0.0978287244366961
0.0946122780884328	0.259657446508586
0.0725918189018139	0.20406508048205
0.208520585434986	0.541489905916214
0.207257420258879	0.309171728285427
0.0726892328894983	0.0693822145796632
0.39789763650335	0.882828407541814
0.0159587574299488	0.020032316495424
0.0856175848852557	0.116785230733047
-0.0231184674855684	0.0225920382956378
0.154663787858202	0.323092895005053
-0.103347702174706	0.232163018379276
-0.158686272678586	0.303580153339219
0.00563722258432635	0.0101672868058432
0.106085502114398	0.168954871962577
-0.297322705938335	0.606925616784959
0.141593044283883	0.254943728801501
-0.0227550094206542	0.0386937384172744
-0.157518535995493	0.357518582045931
0.229800549254888	0.977783593408425
0.0582428797510805	0.150297066478175
0.147288033544596	0.505719112790679
0.0998456536797854	0.423449473208331
0.0584459862784428	0.234135057354142
0.20518730723248	0.888515626745798
-0.206882097026015	0.617704367934249
0.0638213326683962	0.274102535745168
0.141346556924842	0.84672834008413
0.0957190229792181	0.314294365153399
0.669266855438622	1.18430339098036
0.216028775995495	0.485475210612721
-0.587185606479129	2.4690886179294
0.0189896079084373	0.0304669486593649
-0.185994467315143	0.271877130588626
0.0390247308989081	0.0984515522315728
0.289730363234601	1.46100753618517
-0.00922642119365306	0.0181913207297662
-0.231974960955424	0.991768093864343
-0.205669902801808	0.587527898992248
-0.151698957312325	0.350939107340379
0.134215740604028	0.32116705377419
0.148807083287539	0.315666208343053
-0.00926760323597183	0.0174253040105839
-0.125659602029469	0.358688745810664
0.0706905369426549	0.184756738989743
0.00666212719479185	0.0192465833666713
0.0300667576897241	0.081153480957823
0.0654521027668078	0.300905645173172
0.073135831761007	0.284332858264079
0.13611844262325	0.397480563964084
0.174705464988457	1.08552542854659
0.00319255520015519	0.00478262317260987
0.123745542304042	0.327865620692792
0.0837875422022497	0.226623037230118
-0.0882971851333636	0.224401307534101
0.111983157950519	0.183168649957038
0.0805344942407804	0.291000497656005
-0.111715188189297	0.49267146350899
-0.179673236735459	0.718550868718353
-0.204833253049664	1.05012998877513
-0.00664165037258133	0.0160876196200181
-0.308412196131883	1.28231531153818
0.0947772071561034	0.489584611584832
0.0577391843006619	0.244737359548316
0.0847368415900167	0.417810001586281
-0.0655003491941755	0.294605464196186
-0.02332455478301	0.0869971425953409
-0.0475218187865267	0.186400841196012
-0.0289663315030055	0.106741505566648
-0.107733412147594	0.509549622021918
0.113395795209042	0.51857603624892
-0.0500754211321827	0.185641809123494
0.123209518810987	0.584339667552489
0.101442781531445	0.379074072380401
0.212517465170056	1.20370262675805
0.156607237966147	0.894660741735526
0.157293232834206	0.856956316457706
-0.27052308779475	1.89797418650636
-0.130240865432484	0.694931334748722
-0.0201089408159116	0.0734630532258308
0.0546618499249297	0.230781627890739
0.06442193371432	0.251707719594678
-0.108283684762435	0.502583502638052
-0.101399822718508	0.504946503823776
-0.0145308386269486	0.0501836118633455
-0.00160940268383884	0.00566002351010452
0.149743847276494	0.858245217694784
0.0639616928433219	0.271526020069209
0.180797435727734	1.15930133720744
0.0445602827218875	0.166204252075871
-0.00931156525539003	0.0303882829869861
-0.206862354544129	0.999318811290246
0.101902261993923	0.341674962457023
0.0210237460161957	0.0603947491522042
0.11962910630295	0.488259663878964
-0.0199092024882132	0.0587171762439607
-0.0153400666370899	0.0482275725320293
-0.0320016292664212	0.102203053865926
0.14307113177744	0.676887998967163
0.127401659098395	0.652587659975509
0.0533183499864108	0.220582278139622
0.185513743555626	1.09398134062747
-0.0727854786661335	0.245953129407008
0.0742602250893874	0.262166458768097
0.0668373936229082	0.23020126941278
-0.0233957166824845	0.0692800803859118
-0.0884326060251436	0.364707782176717
0.0277153030545842	0.104554866050487
-0.0729336337451471	0.302955686226944
-0.118967834938674	0.58086841636434
-0.147709327647627	0.739236866478913
-0.150234004426186	0.678993080498638
0.0397277202695693	0.146723096556821
0.00667850592957444	0.0149987620034681
-0.151205595755174	0.41893626727589
0.0633447309934544	0.121293140527091
-0.623946160925582	2.06153767555807
-0.308122052376591	0.798895071481754
0.295746508645653	0.943162978594537
-0.00865375286255326	0.01625138811225
0.0380185759820978	0.100580151802585
-0.0892226604838371	0.258381628708478
0.144706018886571	0.534220403158434
0.122449081262644	0.563299148914883
0.241542624037805	0.589891304349524
0.183698166210618	0.457262827517651
0.0713298171339198	0.13654578832532
-0.0543421539376478	0.0777188087305082
0.027612166566627	0.0680538169571406
0.135639949608915	0.513965215250157
0.131064238069592	0.416401480428131
-0.00493924856060745	0.0126625754937131
-0.169850772103845	0.550482995299137
0.0089432072136013	0.0178243107900567
0.301771950419095	0.812401941724782
0.118662251809763	0.231840232556725
-0.541582744000559	1.15488642655766
-0.217488809863847	0.310266781201215
0.422169376377883	0.886481842738112
0.0113643263208556	0.0150900243375287
0.0852176114435556	0.13727166048064
-0.0203993565251277	0.0448948811409676
-0.0018186903001837	0.00349756816714708
0.129646601291056	0.523443694288052
0.0164392379857945	0.046598420419922
0.186301736040923	0.709188864603407
0.330197786370233	1.16720482453384
0.150889118441212	0.448240207209695
0.322188035603603	0.940482910668806
0.0131851852524703	0.0300747524026144
-0.144193010972517	0.282136894078527
0.126994860693521	0.236811013828914
0.101362857006371	0.421933816972751
0.048090436069116	0.200469649188898
0.111965570466191	0.334136862247007
0.223169006659315	0.532021666700123
-0.439319200723857	1.28299419622171
0.225481505219133	0.61200724083404
0.0344709549599739	0.0740092050231428
0.201071252105219	0.627648840246661
-0.0133541322837343	0.0371228863154723
0.021152774025703	0.053890394637163
0.114695683497583	0.412591909243796
0.13121880045313	0.659055476372171
-0.00369111837313624	0.0116557999357978
-0.0497270148154582	0.16594263729388
0.201631812485316	0.729500622961661
0.0902860327792921	0.453357209456872
0.106697173288094	0.431236372797675
-0.0758519428298492	0.199020211100621
0.174113503455636	0.574570407952963
0.0424066642950916	0.181372866044452
0.0735183627634497	0.328203688910615
0.0529553343407111	0.209982917033509
0.060779736165885	0.243921824397767
-0.052988621665923	0.204875383024077
0.110732185057266	0.505906600918715
0.247426007925085	1.79841238845449
0.0552220712596518	0.21375963244386
0.0511733732262275	0.204701516529838
-0.0931198103005749	0.416646559997623
-0.0542344374702832	0.232066428157222
0.0926821995285774	0.397163793750399
0.119455460976958	0.53406479040434
0.140464595032097	0.796876246144458
0.0672714620476409	0.281289268369756
-0.116926629128605	0.574683458070515
0.160086924729281	0.954291999128886
0.0888249393845228	0.376994897454819
0.0872403122357296	0.41581020056356
0.0977304144167487	0.470500442238913
0.178948673673812	1.1702270795194
0.0211390655419462	0.0795599057525229
0.102753037450247	0.548824600294095
0.0761066924076084	0.362729623730712
0.127331291135553	0.60752077304308
0.0273101025176637	0.0860217164048123
0.0665240283581627	0.301524830985518
0.0613608791938221	0.275924820969009
0.0551542863665784	0.233735354858035
0.0241797189806967	0.0886310924759452
0.0948815924271705	0.444456286381107
0.0597342324928728	0.251758665278909
0.0792516793984818	0.339336047657578
0.0271722778867373	0.102875474325635
0.0211768255207936	0.0597817487118472
0.234023954893037	1.25557018720278
0.0245938895614352	0.0813580143715823
-0.0218486012657081	0.0748278936972384
0.0327079853069307	0.113251303358499
0.0212295047941612	0.0780183590573254
0.0434938629528051	0.155565121756124
0.0841803198269474	0.318339675477807
0.190087491376178	1.24777158909026
0.0048112416431419	0.01713644711118
0.0144095960902904	0.0516381725147314
-0.0923191098380216	0.427968808365116
0.0268875750515204	0.100582724638935
0.191807116221276	1.22363039254011
0.209171741375995	1.40002844427255
-0.152175557585555	0.882586180112129
-0.0418037568548463	0.162584946816716
-0.0283718157244633	0.114587821295065
-0.0386930278531505	0.159428826820211
-0.0337112320977851	0.139719090048785
-0.0617341198994463	0.28378794606897
0.159883883557568	0.910227954831143
-0.0908671948918502	0.427037767131476
0.0218242639119693	0.0801161917424031
0.0140888864610836	0.0502673517784967
0.0554838802131517	0.184349616049755
0.127774666690798	0.514494874131326
-0.124721694633876	0.541858601810412
-0.00208491818257645	0.00671803867450853
0.0674251543548052	0.282655665628972
-0.0341674315645266	0.126351801496658
0.0929130916030591	0.448265901143428
0.104106054033123	0.485709242042352
0.0262466984756217	0.0894698283134459
-0.0240169422784773	0.0937611750575241
-0.121271629362422	0.654983791878055
0.00792838004975388	0.027518893867932
-0.144105313531229	0.783395863876248
-0.013897223575627	0.0504250372701107
0.0183807686884373	0.070737855583179
0.0297096749044768	0.116308963010844
0.173982096937959	1.07990953366824
0.0118805687642119	0.0440376948201128
0.0251753850764369	0.0944421656903403
0.109772542632674	0.55615279739945
0.0997379102142497	0.524198647210444
0.0102832962837685	0.0377794115250899
0.0230996540168247	0.086469604863187
0.15944154251004	1.01933723132482
0.0968823380587387	0.473033169600313
0.210569152865152	1.11158616564189
0.0930264444419672	0.384000387097007
-0.0572833320127382	0.192374969960909
0.0556977099888483	0.195397377014878
0.107996405474981	0.504147338842776
0.0428945472790878	0.17144184900611
0.17327884788161	1.08883646394812
-0.0188241965501681	0.0621681761483971
-0.0394033483829698	0.147984871249145
0.212058875875338	1.45036595140148
-0.0155758918156767	0.0559995642656927
-0.168443535115322	1.02741093264576
-0.24257116140282	1.60306287442384
-0.202280875045707	1.13238279052011
-0.0541065424547995	0.234863616012318
-0.0135161007741631	0.0511902118612591
-0.110782365296911	0.577263036604441
0.0479367864248681	0.167359181081786
-0.0598370726612337	0.195374177945653
0.104027899056174	0.444783592586475
0.0102888746825463	0.0327480993957979
-0.0264751269740815	0.0941528790735955
-0.00283981684929111	0.00800299489782066
-0.0482304518356395	0.17916328178575
0.00666906753423284	0.0237868293568785
-0.0798346232626506	0.332974046009545
0.0245011578000996	0.0923180719987194
-0.096310361899251	0.480645844713679
0.00763834576477675	0.0262028248039321
0.0435623960299873	0.143790099031613
-0.0899465456376385	0.452371787356208
0.0736451136477081	0.355371084793985
0.106686618376301	0.566422325200388
0.0432144131183933	0.166364779184918
0.0477014835816947	0.189969934786093
0.0511216234624361	0.226687364043357
0.0894738221097701	0.367822939968528
0.0436346390266128	0.154932685284537
0.0934195734342139	0.295388871517709
0.232726682020053	1.17369187668344
0.262687883223462	1.51636858547222
0.0464892939038221	0.150027798667263
0.0987416271002058	0.481130413574445
-0.089189519391201	0.44324955215798
0.19883550478455	1.20670538986467
-0.19435573853585	1.23214035650514
0.0358527184598	0.143544633518765
0.114289376139866	0.594627064810464
0.00150343387412425	0.00519931162166086
-0.0813459027275911	0.347256613712306
-0.0115474032093681	0.0351435577128915
0.111780061421838	0.596247597810878
0.0829537579658016	0.413198735038641
-0.0329110132712575	0.129859202693533
-0.0407906054724946	0.119194566701394
0.381993985020719	1.69135876440961
-0.00920856485977214	0.0249753401288531
0.0228866601633114	0.0669822210133848
-0.147144862588057	0.634722009422463
-0.102217143271391	0.276034037963475
0.0865313433134498	0.395931442455836
-0.0494243282852855	0.207393658376617
-0.0678920924604667	0.259119664586735
-0.0608018367858389	0.260467879790193
-0.138624516109222	0.697490836749759
0.151127524023102	0.673475857520819
-0.00467116572995629	0.0164898853681533
0.116561734743824	0.651832922190445
0.046989990917969	0.205166433859423
0.043113007120557	0.177493392530732
0.1327641914676	0.782800317884424
0.0719593338476694	0.344981333080321
-0.00907357238440162	0.0337205481641718
0.0218904124510821	0.0800699719404328
-0.026868892515826	0.0952947695090037
-0.00785379889968305	0.0279274843558392
-0.0388431459775307	0.151416135948364
0.149409613581378	0.902157435893923
-0.0038582909313923	0.0134700459722093
0.0362432284666264	0.141415997684123
-0.0507741059998101	0.210099190064151
-0.0562596538690373	0.222440065897132
0.0494406860877517	0.206391290873172
0.0866994317534751	0.421698007158422
-0.0938145303351726	0.458569758904789
0.0716727675125523	0.331431065398169
-0.0630316402239371	0.281284705037455
-0.107849602276151	0.547662841085712
-0.0470302540166553	0.198603935223088
-0.123843801454734	0.704925665401002
0.0377157413178081	0.153943328915372
-0.26211472897582	1.55853393384344
0.0164097327887907	0.0601236110415969
-0.0331578775761596	0.132047181631267
0.119030024959395	0.636329424198779
0.140849405742119	0.719231133488915
-0.0580578276659076	0.247209810575992
-0.0526529513190621	0.226729472742994
-0.0447863466465829	0.184873996981851
-0.0119740759807156	0.0447962514470357
-0.0203186377470847	0.0745986302542211
-0.00775834506197767	0.0249628968566921
0.0225634431112055	0.0890969079986001
0.0929758303654277	0.371597669774464
0.062723345534588	0.290200692627175
0.0316971681778679	0.111836004377827
-0.0139911341535626	0.0536001988208791
-0.0307246788825214	0.125873440745113
0.00371233030291484	0.0136439836212209
0.0538107804738404	0.24127436181288
0.151247619550007	0.94250045159756
0.0484402302195746	0.212617658307962
-0.0129982172046736	0.0493257691300267
-0.034948391910035	0.142338052459107
0.0445724573896707	0.187109821994454
0.0227956069336773	0.0863191626733157
0.188810669055063	1.112608062007
-0.125385845728674	0.56613637808848
0.0960542196656756	0.341288173386754
-0.0549262502525097	0.198939825096964
-0.214036944048932	0.905330372325656
-0.223762823348666	1.14188096385597
0.0797146699615569	0.311187473402992
0.0349941235142372	0.118685286461052
-0.126330975813011	0.670986370644661
-0.0297565480954074	0.11730025913327
-0.145118462738977	0.698736262424819
0.0882354039876917	0.31692260493074
-0.0278738904272985	0.107230680414594
0.109521334567346	0.597506974871299
-0.0223439274170469	0.0883860558222421
-0.0296843418234426	0.120694590315826
-0.0868757345764481	0.437011859630729
0.00606973367440447	0.0223737396381188
-0.0543416978151511	0.241294240931368
-0.114001668336934	0.557059819569234
0.332900220228172	2.7229684617917
0.00732186856037454	0.0262464806911422
-0.0685313126296034	0.289930042914304
0.0210155386065335	0.0797825912392479
0.0563735937763614	0.2349911674004
-0.047762572419081	0.202405271080308
0.0546565773660269	0.235806602747623
0.165236856674314	0.673685759134186
0.0138300356072877	0.0417355196467061
-0.0595054891674326	0.271981213870167
0.0945678366273591	0.490586922406178
0.0510947283463263	0.225423531676532
0.00928036110376446	0.0312011999961805
0.0906273040835294	0.464290587976676
0.0668528397970149	0.311356446690267
0.148798650488999	0.900963362780821
0.0682925487988843	0.314699498254426
0.0706692863392305	0.314774519451153
0.0420091758088538	0.158109464158161
0.0787599825487499	0.29019407868912
0.0828776805279729	0.331368600424298
-0.0313746967755991	0.090974320808882
-0.0711729464797266	0.248390697754517
-0.230895167358683	1.25435505400621
-0.13404272898617	0.633900138739469
0.125901085390575	0.671857073743654
0.0487318778544093	0.202834564654395
-0.1108874282709	0.512379544065087
-0.03637319912043	0.117934759126702
-0.0828898157471245	0.371568805848203
-0.172161574709345	1.13591716933151
0.0852207074494918	0.424309965395834
-0.0822567759220764	0.405364660242841
0.032196713959772	0.131991790103265
0.116126523595989	0.62793046244473
0.029648352417849	0.113920874246528
0.20752282585005	1.19447599590287
-0.00328997037539594	0.0107798660008029
-0.195819424060821	1.23186001428891
0.0991061643134652	0.445408241641011
-0.0293972540763857	0.11068183284607
-0.0873507315592792	0.361645047150506
-0.109847743444511	0.595207787327726
-0.0453063419698662	0.196129294346391
0.0511050084007037	0.214757565749341
0.128162200719077	0.537426085370191
-0.00671283942131075	0.0231074719707377
0.065738903126403	0.308234989952018
0.0516134478456335	0.228724446515131
0.119251416024583	0.663574765305663
0.185334696077083	1.28080300457159
0.167127910206209	1.08685389150417
0.0581789868868293	0.257615394744071
0.0669084055500602	0.297685403013868
0.141731778101637	0.755751638946863
0.067982251405095	0.247353812695668
0.161729625298327	0.822846876916062
0.100766434074577	0.399238136450113
0.0391481852693298	0.13856679476069
0.0397381497051114	0.147737855793537
0.0596987762445874	0.254944296662707
-0.1164649775621	0.60503898435551
0.127953794229353	0.729308580719002
-0.0866123021499476	0.403230470878651
-0.0886957055823967	0.397556215276534
0.133845559714472	0.790424909657456
-0.00382510380413091	0.014026455795919
-0.00239616559432708	0.00831870823468589
0.0464498427850452	0.199598588307228
0.0440400486705939	0.189505293031793
-0.300359717978638	2.7282327182551
0.0419169984588899	0.172612411073194
0.169148978750772	1.05333518917446
-0.0319950533622285	0.13046260038203
0.020393559606656	0.07764050937906
0.00692820935005569	0.0248731302395095
0.160639921714791	1.02213845195884
-0.048066945450068	0.193274404349645
0.0223085153715317	0.0883264270614524
0.159155542750677	1.01274445814463
-0.05973714585353	0.231445401026313
0.0210667816477768	0.0567649790369183
0.0861223851029743	0.261798116778161
0.000158372201139325	0.000397603858001398
-0.0722965851163987	0.300480846033914
-0.0536128943923743	0.239727059350547
-0.0472301068024649	0.206160055070047
0.0567871306589849	0.257070062074518
0.0662088723363313	0.282750645482503
0.205157029145712	1.4576663940966
0.0521164358880952	0.225744099684051
-0.0173051247161163	0.0585969115350834
0.0650417664332577	0.282347298617329
-0.0256743797260838	0.0902897924225724
-0.0520933745270839	0.1591722162377
-0.148579989695798	0.629879597276024
-0.0651110751559046	0.200514353637901
-0.136941012191987	0.563699956893707
-0.071001393417425	0.279833995030892
-0.0746673809927049	0.311503580197789
-0.0442933337763123	0.173470420826235
0.12227400575059	0.693216984546611
-0.0146270541424435	0.0484466096095281
-0.195255341208341	1.01366266509508
0.0382215690684804	0.15959751914446
0.0483284506751969	0.212135964840318
0.0548209888483378	0.245237196827496
0.0354415962317195	0.147666798206549
-0.000710623569904636	0.00257863240207587
0.0445317431141835	0.192393307828812
0.125018058240867	0.718900711228994
0.102603914715526	0.488871889813134
-0.035092436145197	0.136478584123044
0.00827914556575421	0.0300266751930085
0.055660468021078	0.234605462526222
0.0492424590895618	0.215597567946753
0.0643524745636901	0.29166818130713
0.15035108095188	0.879172199082451
0.0335089307146993	0.13849978789374
-0.117912348556259	0.658825594018669
-0.0373056395453306	0.148377905783711
0.0741983822106806	0.325286498866144
0.0677675417452914	0.309864134120646
-0.0518784217704753	0.230069680065111
-0.142499248384079	0.817015684819137
-0.0727682015468868	0.334876405001972
0.09081650850746	0.411781020463302
0.127589925907437	0.642217352903184
0.0577179056655924	0.255242307992213
0.189269514819695	1.16063273930387
0.00846125846128809	0.0292071219364566
0.0271708743776558	0.108567264992623
0.138323415999073	0.795718558928609
-0.179004566367905	1.1856511328875
0.000324867089062052	0.00106864955037451
-0.235682633437495	1.6011267239224
-0.122329947456383	0.673642072258252
-0.0504783803386523	0.215375648907819
-0.0253135110968049	0.100666833988998
0.0430074144643121	0.177741800216896
0.0219742068261644	0.0787084135384512
-0.0093937069543822	0.0352253133768104
0.0996477172774298	0.526740334563394
-0.0515959591849885	0.226139896087308
0.0736928901984572	0.278522024326792
-0.0465639990678843	0.143846744237978
-0.106867337226245	0.488032546696365
0.010977904153606	0.0373235101704161
-0.014670930523395	0.0524620524457725
0.0788359769482639	0.276564019755525
0.0910189742279887	0.44890186226147
0.0407928721308089	0.173180986258014
-0.140605072979883	0.76558817252349
-0.132846868519893	0.747923767347917
0.166377474595413	0.967202096743285
0.304832336510043	2.08847845831188
-0.0713271448015048	0.303647081985877
0.0639199093449556	0.295992946637177
0.11114840434164	0.610651681700792
0.15301557959203	0.908775146573657
0.0875026435180234	0.412868195954115
0.0711871221786645	0.309845974612472
0.101962812421352	0.49708051090202
-0.243309748925865	1.86695589700533
-0.0312779368541381	0.122579191091965
-0.0639633052260035	0.286304490579982
0.0367565291035696	0.136353660924015
0.154224639542119	0.955517094197489
0.0869482312739018	0.371789219206478
-0.000956953860551174	0.00338815443222225
0.0627993216454198	0.267450491762216
0.107073854584978	0.533542059414893
-0.0697022164963473	0.299542363955926
-0.0892150291548817	0.432803132414892
0.0214488909830146	0.0801828727705526
0.0446559461266323	0.186984627167713
-0.0102469927486369	0.0357558849494508
0.194903339464699	1.14605669143088
-0.0423968737205911	0.172716845168821
-0.0392691003437324	0.15959125262987
-0.103668249152777	0.539701416387604
0.0754596621183028	0.358438980447526
-0.138320579245763	0.763480413726757
-0.00411431064879855	0.0148859457118231
0.138346646443727	0.81903234206082
-0.138090848337718	0.810274679853052
0.0705613245094773	0.285034816481364
0.134041405210656	0.575477244836996
0.139108348047416	0.740355444509132
0.0199782431552444	0.0724455170968156
0.0928924508678905	0.419437764216206
-0.0587185475853904	0.198031163032767
-0.153086211906783	0.830651285089139
-0.0293552463913025	0.114112879352817
0.0349890737819942	0.128998291183704
0.155585897240756	0.909793191045651
0.0823940513161978	0.354742111322155
0.00850580290309295	0.0245013895798683
-0.0174844413997005	0.0644299295732024
0.0436641486795752	0.187497042687057
0.0394175155604549	0.164063658033575
-0.0199287989387859	0.0699575959577575
-0.0139904702610795	0.0447844706159224
0.25617723923096	1.75026258517535
0.0518368281180835	0.223851523201554
-0.0157577333364913	0.0576665831782498
0.127639902378493	0.708065069423972
0.0142029733673251	0.0508819169693562
0.0343559937920873	0.141381858309785
0.0128069467414317	0.0483945278522199
0.0803407795453024	0.371015187254786
0.120957723563144	0.59727248868665
0.0213256523164827	0.0778747424840362
-0.0373913824529606	0.1545060069829
-0.193648912490383	1.1298649643531
-0.161729397937981	0.946555244298971
-0.129636934878914	0.674833411358478
-0.0281933853450731	0.110145834627688
0.053007045547851	0.224623645268604
0.179385025721355	1.10449544568431
-0.111594113602847	0.51701436346475
0.036957948158011	0.12643604059946
0.00906736850078173	0.0309490457211718
-0.102496586535027	0.505113629203572
-0.0471821915103221	0.199486817097815
-0.0110108659955803	0.0399264695034569
-0.0409075522450845	0.162193786179767
-0.0785130321347465	0.361965672955036
-0.0412545744707354	0.168070787652951
-0.0979623599658983	0.504525993693973
-0.0345057826727531	0.122664392290302
0.0460718733328279	0.157275990448378
-0.0905629529052046	0.407589440045301
-0.0253208759278352	0.0905036275760365
-0.14467981893566	0.820111134837342
0.0961177553034388	0.393619656902472
0.109629618675313	0.550309171142846
0.0995794294549292	0.509783108239601
0.104671828869054	0.48189217107677
0.0221311596146114	0.0835440881706863
-0.0697371136247392	0.310990125320479
0.125894673007892	0.570015194050305
-0.0246785563208725	0.0983221444782239
0.0414519026266326	0.172601699694
-0.0184247169848095	0.0625707007776245
-0.191363458472775	0.775622326723016
-0.15039249150191	0.545086613304924
0.161242657811968	0.642262088616326
0.150672621151656	0.580511733101783
0.0663222389811234	0.214588636474413
-0.111883690020364	0.503787538946561
0.0638867739541188	0.294781463501906
-0.0223002269497966	0.0871418214698742
0.163126126764331	1.04451172593378
0.132604776255521	0.731734157292126
0.258032875860376	1.82501910049769
0.0432434874739991	0.184648821790669
0.10295829373757	0.547848752942343
0.105716868588058	0.561153271443883
0.0781327684616795	0.375870282874136
-0.0869012062566182	0.43384650567202
0.0852278598533046	0.413146948287422
-0.0118981783138826	0.041964668957775
0.00048505544778898	0.00159747794503522
-0.0910611906270567	0.39238783370111
-0.0580904048990448	0.240190833519375
0.0802616273123649	0.351660080480318
0.009264698423402	0.0274118341295399
0.00625568853260765	0.0190643902656543
-0.266014017597961	1.25537389727752
0.234175656058949	1.28415367214111
-0.100418041190932	0.444065448827543
0.0799413617940688	0.350438089555995
-0.0238468304867336	0.085742172831343
-0.0197748979545402	0.0761610483694232
-0.0585764575155916	0.213818188290945
-0.0208628371743986	0.0638391630815282
0.0807568440186962	0.377039812978856
-0.061099678939763	0.277946482052824
0.0826653579306054	0.397432461042732
0.0718015871626966	0.331815804046118
-0.0533322348445215	0.235145753429781
0.0336481337338518	0.138723469015151
0.147791009541992	0.876626163875833
0.0247091713277542	0.0872354123904076
-0.088497473264238	0.408434397586294
0.0345618552798101	0.132521472862933
0.115112086524717	0.579464247171124
0.0334438203778877	0.133096187129673
0.0761617975997737	0.346632713678597
-0.02053706670007	0.0802903439801569
-0.0604591838581429	0.276356741098443
0.0322379278272643	0.126603062110094
0.0793747687225439	0.311478886406443
-0.187999307341049	0.898465837795204
-0.0280264397960884	0.0885366299789827
-0.115001169947577	0.482956213641684
0.00892449225338501	0.0272510960870145
0.0434006422056277	0.172950363999236
-0.0166441180303238	0.062982495153945
-0.0100904525096178	0.0377630806211835
0.0630779374493818	0.284766872327234
0.0843174993926203	0.417866600898412
0.0332509502576888	0.135402518345385
0.0398194738674537	0.16754733226711
-0.0444025741304738	0.18890522483946
0.0537563736223384	0.234378527129208
0.0098737976827657	0.034231073011575
0.074973946910023	0.346852270410611
-0.046376694463927	0.196817085663713
0.0337150985416266	0.137254361830176
-0.0736666434866093	0.353809080105057
0.021081596038372	0.0792357941371336
0.0575302486600661	0.246466458306257
0.00910103159531858	0.0318289894008267
-0.0607508310334986	0.269570788512605
-0.0778587377498371	0.353175853440106
-0.0248288558063472	0.0874164987362324
-0.0512425734831569	0.186505053943082
0.0733072442358649	0.271708760382268
-0.012583943883338	0.0423385502465419
-0.0285036107718948	0.105803267711439
0.109805333824425	0.560106645192971
-0.194923759658645	1.20803748031988
0.0222444180060885	0.0839786513288705
-0.183555209307687	1.15847699647857
0.0202359665695686	0.0776355470334495
0.0126696757448999	0.0482390417730235
0.108463970070325	0.556683201312324
-0.101797536310208	0.458597533095334
-0.0863925536675389	0.396222979791949
0.14107632788828	0.79567203074592
0.103527884204451	0.545633996216491
-0.0936388951437068	0.425767018711958
-0.125028919366308	0.669142841267608
-0.00197675026365179	0.00706463100372965
0.0723591345723831	0.308495582372524
-0.0949477662841675	0.467619340725404
0.0749763284929904	0.357325482237087
0.00825449495499841	0.0273478804169642
0.0468905100182676	0.192201249255172
0.0637006233238046	0.290281661863436
-0.0153180549087105	0.0535464791336856
0.211835007972246	1.11958203927232
0.064801552886959	0.215432560308803
0.190244251218931	0.868675051556678
-0.167716813197582	0.804660815398589
0.11804243414602	0.515169978507044
-0.110063340275824	0.555089675654208
0.0201535872545114	0.0708950591443304
-0.0423889864413869	0.163463930189542
0.153268586041108	0.852982739857135
-0.0842677636000456	0.403859000733386
0.0351895831876246	0.141977850612983
-0.150370102153066	0.822456017643859
-0.0594452051292882	0.257793409027199
0.0648826639010925	0.267884333476849
0.12638475150731	0.577626035056354
-0.005160316395085	0.0177624521203838
0.06220857802317	0.266242931392357
0.107479288167645	0.526846304604772
-0.0350503726146643	0.139563133438619
0.0578670916682276	0.247127635329704
-0.0377391736104092	0.145764695529425
-0.00093720269581337	0.00295863491090904
0.15504703454358	0.885059347081069
-0.128730227403663	0.662414977256631
-0.0368776421553144	0.132517497973911
0.00882097129159344	0.0268742557318499
-0.127145096019534	0.487607550856564
0.141381938543971	0.652898811939692
0.0755136562814712	0.309927334016828
0.109742478209538	0.539645355470412
0.106857223894089	0.49171071235843
0.0578339525101408	0.225117310812326
0.0698263639560705	0.296692672686675
0.13042739247357	0.718431877208828
0.0992821098680775	0.498762054550763
0.0229804812345966	0.0797166018631308
0.0555055779677334	0.183163982238352
-0.166782910851232	0.892948139519008
0.0984442938955086	0.439139926583769
-0.0391326682889721	0.152986249918141
0.0216156293571174	0.0683112341334734
0.0740647173072688	0.322178829826016
0.0500420465346977	0.213264229042499
-0.0302991129647862	0.106705883678934
-0.0279944975363656	0.102781447605939
0.0278327726344753	0.104785475960825
-0.106369061127043	0.448929237920728
0.17822440784567	1.16553313499586
-0.00174611112018936	0.00630587659843502
-0.131725928462713	0.680231217127605
0.0441260405822498	0.14971374176935
-0.202547958524352	0.945096383951083
-0.113850990764317	0.447867782406681
-0.170549957119585	0.807403078709195
0.0273964152951049	0.0899430285295212
0.102570234823466	0.505691010888009
-0.0795700083854472	0.345742069357602
-0.103591085761518	0.527780328501304
0.0234750299267317	0.0864038285184377
0.0909105007386434	0.457317703241846
-0.118036697459388	0.644629787334335
-0.0673265907206969	0.2953387188869
0.0175290844773113	0.0660929869748755
0.035287641603524	0.133588876121028
-0.0546241701205412	0.210224735016745
-0.0336499678250308	0.129166258203181
-0.0657337360065461	0.277821269971957
0.0703695898657705	0.314412995419477
0.065445714506116	0.300258840729476
0.0359857715234443	0.137778112261565
0.0242110944729783	0.0909294328633428
-0.00412273937713695	0.0137362276901795
-0.175636323631467	1.11297856821007
-0.186032855153089	1.15569313117965
-0.0680266804018232	0.280434766971005
0.194225027203674	1.0778407855266
-0.0987791216810695	0.367270176135592
0.16207249052924	0.817106747228162
0.106951864817469	0.483913129280589
0.0763761004333656	0.337502325807048
0.0380828281506486	0.140479819121422
0.125267124507605	0.647141552025692
0.0139889743305037	0.0504700045770734
-0.0519647894001886	0.224120153698852
0.0683150680166763	0.318630739970238
0.0237399041476966	0.0836135019761988
-0.051920199421945	0.185118988361979
0.156503993069524	0.862562224705004
0.148647908116219	0.748470336402878
-0.000981885570296403	0.00339841363729118
-0.00511703842594948	0.015812925470041
-0.0343506692162191	0.132741167753145
0.0496325664065152	0.209031158716704
0.0707891545663678	0.29215892591656
-0.000596223207795409	0.00206610350201299
-0.0922575368082983	0.453797452686997
-0.0601260028517123	0.237363656068519
-0.199428936483707	1.38726042362112
-0.0910703482053924	0.461219144162977
-0.182914407380427	1.03754507860114
-0.0625642603196774	0.211358375549976
-0.30265443258908	1.63875580276838
-0.135676161260392	0.530887621609362
0.156409704230367	0.697032654999855
-0.140148388089935	0.630099115861901
-0.0125153771305958	0.0450691535409654
0.0911589031166423	0.43261005772322
0.0366858201734873	0.148202077037086
-0.0523214655106949	0.219224523222177
0.205352725515647	1.47663374224107
-0.0172930987877567	0.0658888386053101
0.0721867460253965	0.336493471214523
0.093693009908528	0.477355550329207
0.118106715612569	0.616067361857127
-0.052056401090164	0.21530453364855
0.0742426378072161	0.336398504162782
0.0150308126550884	0.0553503300405585
-0.168170753824102	1.03714368524325
-0.117972140734706	0.650187390145829
-0.190917557980283	1.16692621430228
0.0971946805117022	0.467361109543363
0.0191805493644213	0.0682037073001811
-0.151073890481864	0.878390385522382
-0.199395490745667	1.25019235333459
0.0522384821104458	0.198501885036894
0.0384596896635458	0.136573228523336
-0.0821230155443177	0.28706197603508
0.237707137417021	1.44162166811425
0.269444526223362	1.87380371086928
-0.0341229245103789	0.130818994288081
0.0110895122872521	0.0378149532475089
0.0326053999445751	0.127831994408626
0.17553161691228	1.08881716750327
0.111480123926658	0.571742892588776
-0.0261465096813322	0.103102561533811
0.0147870026870039	0.0538162258344731
0.0958640851921967	0.411749350777429
0.0829426727577168	0.38235179853511
0.0408623658165676	0.162306751204893
-0.138823624324674	0.802458805751693
-0.0153494194883223	0.052248729997522
0.126551837928402	0.67789512514412
0.136861161071359	0.7882125049877
0.0150632331355742	0.0531418484250202
0.0134071380712046	0.0494990134609886
0.034572238941309	0.138533056867468
0.00961208081823155	0.0332784109870775
-0.0600158675477392	0.274206009442042
0.0987659876544126	0.520386780005691
0.0307639975233517	0.118982164355218
-0.142791797487217	0.611684057534553
0.206355243267702	0.90946981013235
0.331332246480286	2.03427709144799
0.124751592925207	0.528507876840952
0.12632554018675	0.52321832701755
0.189057067495305	1.20905829327612
0.0370230680416845	0.155630619499535
0.0331088170755893	0.137053546534004
0.0037672155505098	0.0138541684944851
0.0350613235170017	0.145462665616965
-0.129865712347279	0.738565594794631
0.00185767216128751	0.0067741946259646
-0.077467856051435	0.377365916487063
-0.16419328438968	1.04747689445383
-0.0051658921382017	0.0188617988491461
-0.0771259860557584	0.373720762140289
0.0322922758574155	0.132918032436201
0.0330487620277689	0.136338280160978
-0.12393505609226	0.705079008288461
-0.169093838178945	1.09051551599755
-0.158036951034118	0.986996505053573
0.0609396933755116	0.26774918258355
0.189075282100232	1.27004852313965
0.0241067170093971	0.089837265483368
0.0998550634202181	0.428115917219538
-0.00155378269047079	0.00486652935475527
-0.12850746255642	0.561186014753142
0.0684974836148055	0.272229971798162
-0.0993920921652401	0.48718450096324
0.251515626529338	1.9019202214872
0.0484873327298878	0.203845406467699
-0.01887866663131	0.0732224515751214
-0.106569622467016	0.54612792382494
-0.125099060418344	0.666925599937781
0.0482402026276678	0.211701105019991
0.060869768308895	0.279218957820826
-0.0429613798335276	0.179060344707499
-0.0053112525001587	0.019316020189747
0.00231335360926871	0.00837923539022235
0.0474027459027569	0.207165286332364
-0.0123985759496017	0.0464393061709929
-0.00520986389226411	0.0189628312191981
0.0588601427766236	0.266217672251277
0.0453941836604984	0.193703987346888
-0.221563452874871	1.60883812481018
0.0339060635572596	0.139680178321089
-0.0362908657926463	0.142903174950095
-0.144818175741419	0.878870356530005
0.0422310822973045	0.178141732152442
0.143363074210392	0.732628156192728
-0.0157158592796872	0.0384932399445892
-0.0887562706744853	0.242649628324182
-0.131335699701903	0.441143209997246
0.0138156819390509	0.0355462111789718
0.0932306997406874	0.299055263498281
0.145619393379593	0.738166169663057
0.0195259867731422	0.0764982902033529
0.0977616225816655	0.513121734466715
0.0634079545094746	0.292838087382415
0.0736513409662149	0.344315720209277
0.0489959111926977	0.200948209918328
-0.197187896286838	1.38425083248521
0.0110926914752804	0.0417229828653039
0.0544604689599931	0.242333219023857
-0.0217975691086405	0.0862120247410283
0.105656108529602	0.568844050593269
-0.0466796016470219	0.203136964167824
0.0328373540749227	0.135528392628358
0.0986962676479834	0.517105254346575
-0.0924592813197707	0.469328064984192
-0.052365480934403	0.226582323812211
-0.0543213891976881	0.220617180469497
0.0957406183941589	0.474969775096715
0.216029854975119	1.42558493603979
-0.0709244484812687	0.244055858635497
0.124787866250673	0.540121676416165
0.255617002748835	1.27988823992225
0.110232778495729	0.442795305771501
0.0921514086939571	0.395518454864451
0.028096358347858	0.102345775553076
0.164971354770167	0.978223493180889
0.0130010247949354	0.0495107325525068
0.0157339173382146	0.0544098950480182
-0.154147993741765	0.770507203437403
0.0380601636894272	0.158617319516612
-0.0163825953266489	0.0628164125220288
-0.00335401039909212	0.0123067313761148
-0.00582057491981021	0.0215608716390282
-0.0546607375905775	0.242383639334335
-0.0482710035614981	0.21135515928323
0.0026466074758386	0.00968594582936116
0.00166528827971543	0.00579234907730612
-0.058105598129603	0.249302008937882
0.224083300815521	1.68106795429041
-0.0664820566977863	0.287861758166378
0.0724598658229103	0.345134106318505
-0.0704848519045818	0.315677087162306
-0.0710498093736291	0.338585917468801
-0.211241824538112	1.50876599353745
0.0903171888639284	0.351789393530195
-0.10560491824041	0.277158269016357
-0.121641001726172	0.285643199873304
-0.174703368219637	0.570090176012629
-0.0981858515984155	0.264900719674466
0.0920020513731539	0.280551730516279
0.112357428758453	0.46376048005865
0.0609942379693098	0.279244000213597
-0.140647127604931	0.838528622049282
0.0676464046976524	0.316540948014113
0.0164900177096887	0.0600523917404384
-0.0208255617823862	0.0702733072178301
0.0140076717651734	0.0525836461348796
0.0432206254748841	0.182761023061234
-0.0227607931827788	0.0875076462446394
0.0345326273635085	0.141441004291817
-0.0384290986300548	0.159466429252795
0.0595895503830452	0.271259365524875
0.0451289891764409	0.195145725515827
0.11310516310774	0.622105147553201
-0.07013084000522	0.317240084016976
0.138169420181853	0.772015895645217
-0.0281504821632612	0.104890857428237
0.149725969825748	0.842979006573977
0.0489214088507963	0.192106294131736
0.164780844385359	0.625726914465799
-0.0270224826375647	0.0874449031397367
-0.0346655217776244	0.0941972399658898
0.0963819647197001	0.347082773839478
-0.0483574231754198	0.170805471915713
0.0371893302836149	0.129361414221569
-0.0319641034162246	0.126751670120279
0.123258160921081	0.705049128924572
0.00282782344772728	0.00887965218085802
0.0468543194930421	0.151891600400506
0.0351768502542429	0.143057474661704
0.105776803229998	0.54936424430373
-0.0622812902194966	0.282008097002951
-0.155682055070523	0.975514307044804
-0.047384476521592	0.19950171519262
0.00860719857148819	0.0321923261305159
0.0709739906995187	0.338735467936115
0.258038291778245	1.79583483540181
0.0194961488609962	0.069211967398266
-0.0151784189805915	0.0568217484746528
-0.0789306606140791	0.35175623079992
-0.0695345774095813	0.324410963542133
0.137340248153369	0.790001173376319
-0.0614380176640706	0.278279987984961
0.106152606903848	0.573573489578599
0.0093886381628381	0.0345909932879333
0.123985148035704	0.55745788414947
-0.0996037684416391	0.387255683594931
0.163877446445689	0.789871932206015
-0.107483705177478	0.467668785803064
-0.0524827638132567	0.194723587800246
0.130877771103794	0.728430561557339
-0.153274468687999	0.953223666991183
0.0335117644593854	0.138806605635159
0.0491180533730895	0.21547144860105
0.154139092936685	0.968145466982553
0.0454920203324833	0.197002460684775
0.090812534535016	0.465348839476006
0.173555663090002	1.15820131528986
-0.0853639536502261	0.427382769599233
0.0462215083461172	0.197604849073115
0.165722110670232	1.08018666533982
0.0142651722813296	0.0547365464128947
-0.134148501489722	0.788034051981903
0.0077853511966156	0.029112829242212
0.10214266125305	0.528545410276807
-0.0801486233611566	0.384654253553238
0.209320057994548	1.45171054822148
-0.0299854007701086	0.120160776894699
0.0256204200774398	0.0994264663638682
0.133150519485158	0.683290991595225
-0.0923299701718983	0.417137803080793
0.00400580122060852	0.0124266954058386
0.0299839966506077	0.108617984990098
0.125570975311413	0.669168505853045
0.0075171823742674	0.027182919450969
-0.0834407124223897	0.400013854425058
-0.020848016634224	0.0801187286097615
-0.116105053142703	0.626119729339989
-0.059363527656265	0.267937963587387
-0.00879621383741219	0.0329618434722725
-0.0641505229034757	0.294653318828084
0.148219869884181	0.851395676038574
0.0526704665728496	0.232892762985851
-0.0750019733213153	0.36094068795497
0.0458472462786689	0.198816890134923
-0.0420753930587692	0.165814822371655
0.065476801924216	0.298222290709317
-0.113264617351384	0.619363673258182
0.0333209726775541	0.130518214479449
-0.0705646163836094	0.329535290318141
-0.0244345022849784	0.0946367768235759
-0.14946449318371	0.774098513501246
0.0956558380208464	0.491027411824892
-0.00173189184286241	0.00631305866326115
-0.00348506744767345	0.0127681108789917
-0.138850203187505	0.7251721661463
0.0571585013436779	0.221318454755857
0.0270572687223009	0.0942118273233286
-0.0605935984447697	0.245678961098336
-0.00629777059535477	0.0211210306006246
0.00741561896187224	0.0274228046897955
0.0134379106245367	0.0513836549600322
0.0618740760328425	0.285278079035382
0.0269072155504018	0.108028894333355
-0.0246941730431485	0.0984928256738664
-0.0827308226533447	0.409595407125352
0.0667510857083171	0.313927675484636
-0.0167764897579718	0.0648898977858886
0.126933685143935	0.727194884699331
0.0787417832310023	0.370787608076316
0.10039309523569	0.52757865529586
0.20679501351328	1.4915343226574
-0.0217555323466803	0.0857489534003182
0.0267534418031483	0.107796217101057
0.0137579783997815	0.0523297214755138
0.049183144721898	0.214574823999537
0.0895843480862925	0.444572320814956
-0.0121854375472669	0.0463183598080568
-0.0499483050653397	0.21818848783141
-0.0718446395272685	0.330961812340326
0.0489914615271736	0.202935727745079
0.164606575051448	0.921188634257929
0.16495776952016	1.01123038781744
-0.245459577412192	1.92290394898719
0.0947723716510884	0.490450176152738
-0.0494873564753576	0.209924022120519
-0.0278868655577631	0.111543327219268
-0.00685154940241754	0.0252880444364253
0.0259656413269846	0.104532299470187
0.0159869683314017	0.0616972270501074
-0.000140491208214022	0.000503433075371821
-0.00415203288193036	0.0135482366028604
-0.249791620503036	1.94807958249631
-0.0102137822968863	0.0376782009265807
0.0196410430810917	0.0763788110204515
-0.0118376335719094	0.0391271285810315
0.144995004254559	0.863198617073146
0.00257456354403919	0.00940616087828323
-0.0705441185157146	0.325026262788887
-0.0298612058231241	0.120527607979323
0.203609902786955	1.46049180705398
-0.238298196429731	1.65984427948889
-0.056772355840161	0.247256966042419
-0.00434305891999098	0.0159442122849574
0.133691171450545	0.790097806474009
0.0733319925145767	0.331734180048252
0.0311228649635135	0.114599159612843
0.10276781738277	0.490529474386255
-0.122890599568806	0.646654056917162
-0.0965319457550165	0.464056657404734
0.0667055623247157	0.311674886042163
-0.0426043331475654	0.180478550724935
-0.0213589736116595	0.0842457315045425
0.120171044991469	0.664173099365633
0.000266732099694752	0.000960352649768158
0.0592978992022019	0.268715085562096
-0.0644350857314329	0.299366878961183
0.0103327035085596	0.038923017339558
-0.00115833468147965	0.00404727777410372
0.102573692357221	0.495717929753466
0.0284516260641317	0.113266470973814
0.0862728697524594	0.425887331540779
0.0460976187683038	0.197019886911131
-0.168756457397924	1.09952909721665
-0.045421613074636	0.190577536964962
0.12042342945604	0.663038582439811
0.0462524337861031	0.197616917817404
-0.0294754716129767	0.119997713825001
-0.0871252750051742	0.428270769285929
-0.0739966434459657	0.35003191962569
0.0694805487859418	0.320135239222494
0.115622124404397	0.57729996008068
0.112543143486509	0.603985478832114
-0.0215528942672032	0.084540737399789
-0.0636105239022646	0.293041297716088
-0.0652266625951848	0.296543477920924
0.137211804350116	0.798979704560157
0.000550980907978608	0.00199499778407149
-0.0272832186394406	0.110068965043112
0.0301394444914151	0.122902079095102
0.132265798750143	0.720879224771461
-0.019771177898264	0.0624085125290771
-0.0200540389018444	0.074176529746322
0.0109556473085178	0.0393755251068403
-0.0147669476807244	0.0549989010232304
-0.0211540229933328	0.0693840726383076
-0.0556575929268675	0.247201333909012
-0.0105496402935934	0.0395978060911966
0.145988476495852	0.845273682921412
0.0253688839118183	0.101485531312018
-0.0342346329049112	0.135477800181177
-0.131934522928687	0.655026443827597
-0.0199369403785152	0.0779868917796493
-0.0307906969575769	0.126217841641528
-0.148971102819256	0.901376280192524
-0.0936271455590294	0.409370994559492
-0.256228930570274	1.49766700072165
0.0201695040708812	0.0672234398801791
0.144142788862401	0.728185000607589
0.0297469034126407	0.104931007707544
0.018900727774437	0.0722804385212189
0.00927689533573009	0.0344397463131329
0.00200901778525798	0.00719926500224496
-0.0346217604579252	0.14218124992794
-0.0450337144946425	0.194633809769421
0.0725766346923918	0.344302288702489
0.0916514011685244	0.46356902395367
-0.0238919576194594	0.0942737423225241
-0.159065068673725	1.00822885725646
0.0292550937151677	0.119229771870744
0.0764683791355463	0.372203653098569
-0.0974797591099115	0.508770819242278
0.0627865178914769	0.290164699205136
0.0185709927089374	0.0725457014177611
0.0313717499650161	0.128544599278826
0.122809986045456	0.693876706859674
0.159182185560281	1.00043633898338
0.0616843361258879	0.282730470295743
-0.0312947567776838	0.124070686651665
0.0551773564422757	0.224197676728724
-0.0292659221439057	0.1123209669227
-0.0224438129059228	0.0818169812572671
-0.111134682889416	0.554687013579069
-0.00953735363933054	0.034992094169492
0.0633816471387546	0.28858199440249
-0.0485471459248681	0.210861053830215
0.0958331641996662	0.499812481535203
0.0319794915163553	0.1298429283749
0.0550225134036358	0.224988438899402
-0.0299724396853316	0.122097466960289
0.0422787045801412	0.181375536227859
-0.00550154576232288	0.0201452565446091
-0.0945766592490102	0.486432843980457
0.0175391476527361	0.0680707953558343
0.0306258516964563	0.125535909736696
0.0499008717488576	0.219007135882172
-0.0992227993261634	0.495034371437884
0.102368215696937	0.531302010466425
-0.0578022606121918	0.26064849820885
0.122209989672868	0.667526881769556
-0.0127998429504619	0.0484237553197574
-0.0118947386266322	0.0428268705826459
-0.00394733197094305	0.0143909409451628
-0.0885811191979024	0.446305409614794
-0.0936916205762386	0.482961485938327
0.0598298579896881	0.265679337844433
0.0782878634767329	0.351645983016182
-0.391854802340074	3.96575652444485
-0.0740145025614997	0.335824685039287
0.0455470557582761	0.184435771679715
0.0740829940668886	0.356360445491321
0.064794245369642	0.302156731272971
0.00600165748165007	0.0221629398616563
0.0606831174274822	0.278769465455881
-0.0821910988988267	0.406205332604573
0.0832069860188425	0.413775767095267
0.1294198809419	0.75460291780875
0.0679286905058712	0.320532413044793
-0.0886373463344533	0.432758196535895
0.0894943955109997	0.432937615504873
0.0565053096348155	0.252734410975278
0.0234184684477314	0.0929756120325245
-0.119088060429448	0.667659943637911
-0.0476157949742351	0.206650561827263
-0.0684876194416759	0.322897656465123
-0.0847999142066299	0.42201633229444
0.0860258954836946	0.43094515058102
0.0877457181579954	0.444736236389735
0.0271388209914673	0.108441468826173
-0.0398014760094445	0.166444389138058
-0.0340658566399596	0.1341661680951
0.0788669836642212	0.371007918681423
0.0457020435925115	0.196232953971673
-0.0779677971818555	0.377765344476806
-0.0573214310392741	0.258380458752855
0.000479110821763516	0.00173299043424081
0.0263077492594482	0.104704764651543
-0.0909897905376399	0.463237659588844
0.0446444168711107	0.192997869883117
-0.0284956632480677	0.115455615381414
-0.0414187769248643	0.166245175359714
0.0800778662574852	0.327759992804508
0.103956413633418	0.533811129389961
0.0147292455122417	0.0541950820324412
-0.108494358365918	0.577609674374672
0.0407251888683838	0.14676741083322
-0.0201856606174136	0.0783375751823427
-0.0554577799103448	0.249212331599143
-0.189447385669635	1.28888968168734
0.0364664457585051	0.151989581127773
-0.121877115232427	0.660655127807322
-0.0038265283110735	0.0122647364881222
0.0784952817521265	0.377015814576643
-0.0621600102468915	0.286029524526607
-0.105207838746159	0.549889757557556
-0.0082212428013286	0.0307488890254697
-0.00658677235481503	0.0244547895320634
-0.072915945988995	0.348944614242517
-0.118166758738381	0.657346287655865
-0.0411836791596739	0.171656430884918
0.129534300207055	0.752206240676768
0.196344972247527	1.39485458829341
-0.104299247549586	0.557402112944066
0.0819960510145814	0.403246591485458
0.0290173987112843	0.118096852742051
-0.126888778253178	0.723041296554111
-0.0648249028144084	0.300826870171834
-0.0516452876647766	0.229194010317039
0.0320429437808742	0.127296554404478
0.157316354648076	0.928087410921521
-0.0286799612919279	0.114261485349221
0.037833523423953	0.158364675471217
0.100713956070259	0.532701868448859
0.0640857334066785	0.297444701035643
0.117500435079297	0.659277696309099
0.00740767552238575	0.0276437128172282
-0.0853408263223829	0.424401702135261
0.0386355187037648	0.163128372602805
0.0688610811914299	0.322974748670535
-0.0672130166377499	0.315618037788073
-0.163422829705673	1.00212923285634
0.0692875872003791	0.313302217922215
0.0332975372271844	0.136872001337985
0.0204803798195435	0.0791776573426045
-0.102389003990247	0.542017204330987
0.00126223560601474	0.00453981650113639
0.0171456437357286	0.0642085452994635
0.025510065136169	0.102469789255964
0.0280410885626139	0.113524186383094
-0.0614228182976129	0.282775885059572
-0.00918058330485923	0.0324046318889693
-0.139098157299665	0.631564444847659
0.00558210376633007	0.0198309935463504
-0.0858084685876192	0.406762831432868
0.0903985766341018	0.4332080959912
0.0279180053657944	0.089712799785376
-0.0865196213843712	0.424156380593533
-0.0177087606532363	0.0683536840816253
0.0904881794635482	0.428599719649375
-0.00887809265689548	0.0327913129223911
0.0732231889343517	0.305210882332281
-0.0687978359931148	0.240082459979561
-0.170509554103255	1.08752073760512
-0.160781562018375	1.02248010646838
0.0997445010294369	0.520331385376435
0.0428155992975237	0.180742892584614
0.0555736720684775	0.245846289711094
0.0474671407338799	0.200938056729789
0.0949232067378551	0.486968377114348
-0.112361245382472	0.586175183429966
-0.0535942875734683	0.23829935744097
0.071695246214477	0.34348491971061
-0.124194314272322	0.708788754069767
0.120298749448411	0.675792575363964
0.0175712687374135	0.0683631617385875
-0.0570231233240032	0.255431110207887
-0.0436099260145207	0.187428224547171
-0.0237324347449649	0.0945713937353738
-0.102703899982827	0.533201820408783
0.11727552532807	0.617884727440524
0.0299048583451461	0.120715883856573
0.148147559434718	0.910999363227912
-0.00679894525389141	0.0252639410604051
-0.0810995395851215	0.397371426978197
0.09106508059574	0.466841465628182
-0.0395763202883843	0.167597894598739
0.0747716468209241	0.357208370700736
0.0516818882112756	0.229090526579917
0.0000596872833969742	0.00021979585187727
0.0248032228186991	0.0991769216810181
0.09721433442924	0.48144340112891
-0.0252430957447241	0.0955963650223724
0.0191608463728317	0.0744420574617414
0.0736754962549486	0.347149182267598
0.0255592999897566	0.101463489718646
-0.024573451601032	0.0980003356300278
0.117519803039439	0.628699656751618
-0.0880714577447857	0.445544963297056
0.0317188027050932	0.130068288055896
-0.035434182056358	0.147887143311818
0.0752123121984554	0.343181454563468
-0.11401968701229	0.488916903600885
0.088485631081842	0.431016888647838
-0.096506431501954	0.493550425741676
0.115165153915248	0.600898259178458
0.116047504062758	0.463339585024286
0.0391628423652818	0.157606040940623
-0.0299330620654291	0.121073028082887
-0.225808474059556	1.63020064926393
0.0881471943260151	0.442161645907123
-0.248122170286354	1.72694714097516
0.128188958852776	0.552400084661774
-0.122379501773839	0.690402692747099
0.0153158723397089	0.0580919453769808
0.0985124043224184	0.513690859482678
0.00709841611082234	0.023115498274272
0.0934161323709279	0.369284002478333
0.0197245219981724	0.0642590423040247
-0.140599755775745	0.711176514146137
-0.0337797072761676	0.127067863225571
0.0228319495680953	0.0906149017798822
0.0564384908635104	0.255634791667072
-0.0255366804542726	0.102496575702494
0.0520567808795355	0.231550634388981
-0.0969069535230058	0.501483038284357
-0.120365516440581	0.668167973956546
-0.0600255234097263	0.273666166431779
0.0749596786706591	0.360876916497084
-0.0598401475789184	0.273531696716422
0.126400185807642	0.722337745875354
-0.0428821854045513	0.18401671837193
0.00514023962197865	0.0190104350851878
-0.0320219904329182	0.131364518058777
-0.0337568320766905	0.137073439216145
-0.0407712676605144	0.173344483589624
0.129116533351045	0.751663174076029
0.144141703871185	0.876092017012152
0.00347188966252324	0.0127483913613887
0.0010686449177959	0.00380803134525408
0.0962506457627094	0.468011055772322
0.0748629880576011	0.326530233964091
-0.0479985633283731	0.181095666802164
-0.126474226219378	0.649572633442404
0.0858796238978222	0.406620219913872
0.0141210925679961	0.0538320854295982
-0.0504025748505374	0.216243691870594
-0.0709365669944306	0.333377657630971
-0.0369656890324847	0.153610629953484
0.0812682987768451	0.402083184020762
0.0796827074808271	0.391754049336997
-0.0407606103992397	0.171251295169801
0.129947375456463	0.695258443210558
0.0575907908682699	0.260413496722462
-0.144950480607705	0.865367197292865
-0.038680747714136	0.163017412057433
0.0860072507489787	0.403086358149196
0.0289686973579099	0.117078092962641
-0.00959383719987856	0.0361387532376471
-0.109521802060584	0.584103214140534
0.0485259666445637	0.212844253882174
0.0952053309228866	0.492499097650313
-0.224894105885526	1.51676253972756
0.0668382854378467	0.307391414357522
0.0698030324912417	0.327447112036155
-0.0239355932753077	0.091736059221618
0.167813241055699	0.749780938428441
0.0313472470368632	0.0787630619475788
-0.0310028001270843	0.0884943793079551
-0.100203992524411	0.369163944206824
-0.204018856608416	1.04788181679749
-0.042158689019513	0.172838271086024
0.0265169363828557	0.106836839241101
-0.0631422566289893	0.288391359010821
0.0517781622598667	0.228160981940176
-0.0495703995306275	0.215549355540768
-0.0787400486037406	0.384479110903064
-0.0384920076656028	0.158071276718579
-0.0568390669162675	0.246239645776661
0.0408290898326798	0.169359475748529
-0.0282550364032441	0.113789960869035
0.13669447071982	0.795645913065603
-0.0365384202027659	0.147625726770031
-0.0883761251309638	0.428089932841184
0.0853054150985978	0.401149969886604
-0.0679843490335463	0.316518181563701
0.10675444277727	0.575825321777287
0.0423914287343428	0.180742392453192
0.055772599636103	0.251302011298918
0.0675681909297979	0.313233194543872
-0.114315610017511	0.568006950515209
0.122840369709348	0.611605083168137
0.00833572796118961	0.0252238937355964
-0.0104771032177815	0.033981357280778
-0.0171113707679719	0.0609632125922677
-0.0299437086158063	0.120090099508757
0.0382540536053258	0.155531239603856
-0.0918446889468221	0.46616986556286
0.115153724458971	0.609506006412032
-0.0559239627989259	0.24921737759808
-0.0212933041196809	0.083160388717428
0.0563150914607097	0.254186389346117
0.0742244253948476	0.358056492328111
0.120605298743825	0.682533856893443
-0.0136000697581293	0.0519781659009262
0.101570871193791	0.538347343935451
-0.0567908287699598	0.255952302595874
0.0408002433398971	0.173938955581211
-0.0070190433052174	0.0261005948840271
0.044162122105986	0.190216877081043
0.0553125531822741	0.249410624591832
0.0399679300208762	0.169915822204752
0.0767691718384034	0.362954884877192
0.0440903579681641	0.183967476109962
-0.122971902124639	0.695120916196942
0.033288763907382	0.092137965764786
-0.0489488518443358	0.100669057506434
-0.439281029512195	1.1976898764629
-0.493314156940253	2.00850663540176
-0.0876056444291776	0.192539794739657
0.0525483110584026	0.127550384666848
-0.0413695670596231	0.135003557519105
-0.0329596986221377	0.1360369518194
0.0404210968589812	0.171841411373199
-0.116052917742539	0.634037078530539
-0.0381062571708957	0.154574061723609
0.0672377513092285	0.271652795233327
0.0980893467440365	0.49828030200424
0.0540474529359316	0.233241604247462
0.0515731481574712	0.210083198181114
0.0862345363387766	0.400183247106961
-0.0104986080245467	0.0380197635609231
-0.0871231536984037	0.42255467882851
0.00885627963059119	0.0325363340959469
0.136283762824249	0.812111305141729
0.0474495259844816	0.207651775934233
-0.027827373052887	0.111552591708254
0.0517717398250645	0.213264459586438
0.0421810084204809	0.170381541184572
0.0320673899546193	0.122102283724726
-0.0706460423422172	0.19373298262592
-0.085590465485519	0.312713586963146
0.156879710484886	0.48854007083404
-0.453747361284303	2.65004300695663
0.0234887988524579	0.0723337968078698
-0.116145286126633	0.497192007290062
-0.132371394522647	0.618839722125494
0.22594989476127	1.72163673843129
0.0267210065631311	0.0816444751841659
0.10302833995777	0.352641585162508
0.0855225167382049	0.413135184899608
-0.0932601576980061	0.464454564485115
-0.027180862420638	0.104682288454279
0.107969429125461	0.578150566839348
0.161779639981108	0.998624330548283
0.107028717678014	0.573037036189614
0.0703295599348122	0.329438377785278
0.081910479294258	0.362751397609371
-0.0404395584057192	0.156435690438767
-0.0253135214579164	0.100633041450531
-0.0874414206799481	0.410732572258501
-0.107374232908533	0.579927209769044
0.0267119663205113	0.107481802949376
0.0190629612947197	0.0722122740991206
-0.0436369673579399	0.183466407300656
-0.11460558917495	0.356634878220461
-0.305235052488813	0.778215210628676
0.193060452044993	0.348115566108773
0.0630525627979585	0.121391818884693
-0.0512727414379517	0.100688350553008
-0.0681132545440523	0.163536683860634
0.0112180004131704	0.031394184024139
0.084847006395895	0.425462912844702
0.0127459293618451	0.0486321491415281
0.106969377180471	0.571037514792566
0.128504944913903	0.699825620735966
-0.100587267022755	0.411102120525108
0.0986059288121516	0.499800403499883
0.0056059681476795	0.0203147878311254
-0.079177267815258	0.357034048178526
-0.0139283812331842	0.0499808070539883
0.0680137471048696	0.307739883768815
-0.011245347831145	0.0414770453987811
-0.0475480885732451	0.204043893077071
0.23589610820103	1.83432151630276
-0.019156249654424	0.074830892197596
0.0296341556712817	0.118084541443995
0.220439617421384	1.4082482777072
-0.0624794184759522	0.26867233446503
0.0400031768867011	0.157017786189584
-0.102573703077639	0.291276046462219
-0.184228989257558	0.783106904418789
-0.488518009945863	2.43102674040091
0.163128892202441	0.549628698978256
-0.0383819792458847	0.11638926008706
-0.139455776941373	0.582092532264262
-0.0771005345640127	0.300150368251881
0.0644927256195326	0.296202831262557
0.051734097862146	0.166237931918632
0.105603391884389	0.316932701773553
-0.0687518195556529	0.294263736928507
-0.0124355627685821	0.0460487615973929
0.00357744518338474	0.0124876452597357
-0.038418946859844	0.160869257378121
-0.0451876729521807	0.189010793899382
0.0296830047238758	0.120639007955748
-0.00166319795346205	0.00595552384906093
-0.0559164722833429	0.224619661012606
0.0199193964105912	0.0696062298351089
0.0528090998445772	0.23072549597
-0.0623930859088748	0.257856694444208
-0.0548628821612052	0.246396327475409
-0.0309278082770082	0.126052426647474
0.0540042350199054	0.230759307987411
-0.0123113690469339	0.046695862931657
0.291656365563789	1.39685460913302
-0.270263266060316	0.740629460613516
0.32675342040475	0.83516125143558
-0.270982578249292	0.784373955334544
-0.0718563345046924	0.159846367444136
0.222861471795909	0.768315026288023
0.105047729816036	0.42006561708256
-0.199266638746865	1.41871534413564
0.0261010205880973	0.104572540529147
-0.0478214675379193	0.202078555353295
0.144940282988519	0.866792717384096
-0.125919965307449	0.636684558599038
0.109483794302834	0.565205742728392
0.155649203196745	0.919297248728565
0.0334384997726257	0.125471653213396
-0.0586379946959175	0.243288407914335
0.0403555689791354	0.162194411988118
-0.0639433343579288	0.285962757577071
0.0222614344804316	0.0859759216282937
-0.0512203179197468	0.226857359475849
0.030708639985715	0.125960412718738
-0.149061946233663	0.903323124595546
0.0229563795879548	0.0842549595352474
0.128525532356051	0.697414299150051
-0.0321740737805414	0.127256463857326
0.0190857342897634	0.0453486283789419
0.0309516608683821	0.098621853392482
-0.00320112750572608	0.00693406954519598
0.031267015955142	0.0836454673779474
-0.0939929127014654	0.34016590349437
0.124422513988932	0.53261569210122
-0.0186189911788771	0.0614157994563596
-0.07827112828532	0.38111503757136
0.185142497081161	0.948170675998604
-0.0222578918326624	0.0579168899798042
-0.0302898672093297	0.118219809434295
-0.135811786528177	0.773111084096697
-0.0785011723184358	0.357410451947928
-0.00521609579660929	0.0190534747694224
-0.113872030964523	0.59530390752998
-0.0847017505354485	0.419618551767287
0.0960198937643585	0.497098758642109
0.118670040572523	0.585294167431967
0.012444175193049	0.0438778796812915
-0.0284475802591486	0.114572076146377
-0.0160947049371121	0.0593207759659039
0.0406389785875335	0.172920921905226
0.0652026410429009	0.300000845181275
-0.0555578442540466	0.235042882882558
0.0175596858882718	0.0681148087379632
-0.024829326603177	0.070144098685925
0.251624880554734	0.742467053679624
-0.179267995371352	0.398993404078541
-0.182219226573464	0.50671020957753
0.102909065532284	0.262254575651779
-0.141625588167543	0.468708965430342
0.295546181410834	2.18610942891376
-0.0379046569448616	0.158229794165513
-0.0740910912871744	0.353591067107543
-0.00213230868899984	0.00762764381349089
0.0488912047654586	0.21510604696153
0.0743719026972715	0.351107454253143
-0.0262483292345723	0.100086150845821
0.0092309268758819	0.0331463987109123
-0.0235585436830284	0.0863363734685571
0.0137596630587485	0.0484476595621764
0.0364573532137766	0.144359232542616
0.0454732890170577	0.191370556239434
-0.0148004131472054	0.0552545615730587
-0.0446429605948213	0.191415939635964
-0.0160812810754143	0.0620496633333846
0.0103106031316919	0.0387055246844547
0.0101491894036764	0.0366694610810214
0.0964200741771795	0.493981581856956
0.206907979606066	1.46458477361996
-0.142987436132355	0.500709987747302
-0.024920037823678	0.0788405804596582
0.0695465750303653	0.198143065115632
0.0908678813563196	0.289117983689046
-0.0418279824263987	0.137205526576536
-0.153387553413988	0.787680176435466
0.0129584504182015	0.0440888901416631
-0.0486318616768646	0.213431376075897
0.0583421256392743	0.209555710396786
-0.222830941658607	1.14665871257462
-0.120990365748552	0.651574591807896
0.132223805505007	0.75310867096011
0.0894445640366601	0.425373540330665
0.121958409155783	0.677476177321418
0.012294263913544	0.0448308124540546
0.0994839707974175	0.518005104667226
0.106034912229579	0.571873539563619
-0.0122453791810702	0.0425623711705878
-0.141389710557296	0.800683309660182
0.182543638912003	1.22848863463457
-0.0840024386643293	0.400561332585146
0.0358677431444022	0.149699259733285
-0.11281491201744	0.597987399121196
0.0557297257968629	0.23147449401211
0.116713676068115	0.651752825287546
0.067788142182946	0.220748238714706
-0.170564959838025	0.466768185876476
-0.0217138306025825	0.0376090701023459
-0.281557028187153	0.830603568485095
0.147123658441185	0.418113248262974
-0.0068463304635644	0.0164061165689711
0.0445564735634512	0.170607989966565
0.0184938450428713	0.0720031814506361
0.0100094396640257	0.0372760098148435
-0.0223830461246433	0.0857755111545697
0.0934219455043449	0.481906790678909
-0.0209115160564049	0.0791985387903516
0.0244049285717302	0.0926294392426681
-0.00363348454552743	0.0127566024637284
-0.0553941223972259	0.226769496029381
0.0363237218975613	0.141684001507511
0.0968509998540008	0.472011002820043
0.0135888330910707	0.0500165204373076
0.0216927371263055	0.0824434660691904
-0.0814774072582488	0.402835848948027
0.0651399270530293	0.303669915502647
-0.181016877075082	1.21945422706897
-0.0000902320424926362	0.000315723176534445
0.0208345317352218	0.0804381985344048
-0.058982204791321	0.255653886932597
0.156666918076508	0.545864606088207
0.170879315955184	0.827497067769017
0.148455613840417	0.497924345976093
-0.0194781917350779	0.0510914995401236
0.149595677212597	0.613649693542982
-0.00175008431965681	0.00531037633365091
-0.140109715925671	0.702035515634498
0.00625846545090887	0.0231046339976813
-0.19129525132405	0.996745074965575
0.162031181640501	0.665865747229603
-0.163653359137044	1.00924693527282
-0.0588705007235492	0.260591463192105
0.0288300888560525	0.111384166843185
-0.00979005037153384	0.0364139256109104
0.021428840848437	0.0824656956128827
0.0371215597180561	0.15537487697004
-0.0395700508834292	0.167293384852528
0.0555124173039235	0.235151608308464
0.0524998301878408	0.222949372541909
-0.0588165999864568	0.265024738501224
-0.0501534724970514	0.207508571999464
-0.0347435000789207	0.144495845243263
-0.0716219938799454	0.332354950995524
-0.0256674750362821	0.0939014005040278
-0.00262659418743657	0.00909434232177479
-0.0181716030405192	0.0697427192822719
0.133801743564448	0.560553249342387
-0.0881428638336642	0.287499790744107
-0.00320810417161102	0.00821344532340799
0.121204772910667	0.489886661944461
0.0815826667473303	0.347388715388165
-0.186474073185225	1.26922811528339
-0.0982881853678871	0.503909323305822
0.153539916470818	0.916274100302548
0.0752600895263558	0.349668421206241
-0.0161186304431016	0.060620053660478
0.0228255349299668	0.0887488006729856
-0.0805636049142781	0.376390354453139
0.079393115639877	0.368284727450468
0.0839234561235722	0.399010759359293
0.0475501998759966	0.202035990030594
-0.00388602184053095	0.0138469148196293
0.0988730611837655	0.502401622023905
0.0250577233977476	0.0962158005553274
-0.0298804551167571	0.118547094242171
0.000991004700922702	0.00354424373835024
0.143037336499857	0.859842335449083
0.0357454620275998	0.149359498605023
-0.0534495584563654	0.238876590442655
0.0663146373428062	0.310935511800401
-0.037561900505483	0.143671561382749
-0.0492677207612322	0.19178439610035
0.139687949331883	0.654061005141304
0.130476643221483	0.62773524382559
0.0582258583863353	0.242601922262357
0.123157233563516	0.685246648528671
0.0425068926625875	0.178578747119154
0.210824345352265	1.56045141388213
0.0829119630513074	0.395233657855218
0.0198175432555111	0.0758663744326661
-0.0148070907448208	0.0568643010131134
-0.0252786080202471	0.101052693133093
-0.0523845726998889	0.233123500377142
0.108355202688163	0.584132950402641
-0.0772924107559658	0.373425199437246
-0.100420048997324	0.526042909224955
0.141855020838653	0.850602441164204
0.0734860385442723	0.35339311649483
-0.00883424795657126	0.0331308175157791
-0.02857269551819	0.116023229529217
0.128454253026236	0.747076050597373
-0.00323712680360324	0.0118773631598742
0.0938121604582252	0.47265689435282
-0.0139237927630282	0.0490562132497764
0.117216061743382	0.593693875665031
0.121721755475987	0.686859437621225
-0.197005190932343	1.01195168036988
0.203876502048	0.898787109078624
0.0263247250944076	0.077702146246451
-0.0493977473743146	0.171489657210995
0.0206394790542938	0.0735275249613927
0.0166937860530987	0.0646914590751342
0.0364104251123792	0.151650025729333
0.0510686738329262	0.221501462098105
0.038591497109163	0.160443303530731
0.073942527782486	0.343903026365776
0.140348953000991	0.81147142920154
0.028048245263977	0.109285434216479
-0.0349533101582957	0.1389543585494
-0.069592175339626	0.324750801125145
-0.014997977525836	0.0575270030754151
-0.00850525837600914	0.0313857882279481
0.0222700216202095	0.087791543664244
-0.0408774225733788	0.171885505949537
-0.050043857346425	0.215438714117053
0.0938623231025841	0.485637966801002
-0.0999487932130992	0.526684881475575
0.0211565900236036	0.0834591354251352
-0.0405969281766059	0.172070020342796
-0.17624450007362	1.17007504633341
0.0200040624790495	0.0731723354256834
0.000558053667435356	0.00180023490387736
-0.162566504480382	0.810057463782477
-0.0154751306572165	0.0509478502391915
-0.0563789435221077	0.23491833602744
-0.0609783600851458	0.273376391380448
0.0790670709474729	0.382082464367555
0.0579213794716259	0.261557276303547
-0.0555100019595393	0.242103368035817
0.146061566401224	0.884540168124424
0.0295232247278906	0.120499695065323
0.0212238122654364	0.0836560738448481
0.0805891017295654	0.394576065012906
-0.0143398135628834	0.0550001156381346
-0.156386298060379	0.98563886520864
0.0334865653485127	0.13877742916306
0.12424740971643	0.686579331169977
-0.0456941608748201	0.197811945192051
0.0321170941299023	0.132482542949587
-0.138647465623091	0.811700316762288
-0.0227374625289833	0.0902708268755513
-0.000780632440549554	0.00283462075595442
-0.0381628818957323	0.155086294252923
-0.0541582638111327	0.212368936280412
0.099297075724161	0.501754567918372
-0.0622103302526811	0.243695003044627
-0.0382582310496727	0.0891265001229074
0.251209000553418	0.82071127420897
-0.0790706081549039	0.196887499436348
0.0506937633604831	0.127329504160333
-0.0290922304680143	0.0854060393852532
-0.0650459472569735	0.288075709675794
-0.0507090415887817	0.219888700231665
-0.041891134109644	0.175314768298404
-0.00910760510727432	0.033028867980532
0.0177264591162623	0.0685602406015462
-0.196408681852433	1.36966169375724
0.0409902085397732	0.165081899880119
-0.00362461362787285	0.0126308851270162
0.043430883364187	0.1736199576307
-0.0131926983382508	0.0480647126486513
-0.0468064339553011	0.19403461501122
0.0734112185499171	0.343409191605336
0.0720953383928129	0.337483135505108
0.0578692041394711	0.26307992623795
0.0175789017148471	0.0683430241527759
0.00481864526361282	0.0177694473946611
-0.0785434916576745	0.357388663200198
0.0135733504720266	0.051460963976672
0.0451543499505949	0.191493518382676
-0.0769110382079294	0.26033448930548
-0.129248236067619	0.568297175327045
0.206640678236464	0.829075310358768
0.309593112042603	1.76320215215047
0.0762518082704337	0.300642295176686
-0.00715846159166843	0.0231418688732732
-0.103945010116441	0.485635671975071
0.055080831892759	0.24718010014104
0.0878882032815647	0.369502073237943
0.174143487709749	0.837932253076939
-0.118070712482081	0.646467522361792
0.0192464904707251	0.074157489501125
0.0193741257299588	0.0747649958859207
-0.163172780445452	1.03571273037073
-0.189487104366153	1.29244949845337
0.0711298023938911	0.338493913684049
0.118329566869159	0.664451666551774
-0.0579737998419108	0.248895002990306
-0.0898578468459762	0.435988123970796
0.0200990740853431	0.0782215942236674
-0.167195755228551	1.03454203954546
-0.00183137509830982	0.00668084908086236
0.0673286866748633	0.311860917656465
0.046694470685613	0.171748141542655
0.00374859555850671	0.0129999049231489
-0.0399067573729573	0.150145017102177
0.123328037925752	0.365663290482802
-0.0833005804772561	0.187841871158325
0.19401017603621	0.646289005512504
-0.245205886414568	0.977452693429387
0.173467800828877	0.75928026655628
0.0486620152965232	0.204803304992297
0.0815160105321348	0.385073654962156
-0.0127589687356802	0.0464095682763576
-0.0544450879404498	0.224880688066204
0.0849556612109075	0.422528530022325
-0.0849777113300394	0.425164022528543
0.0389937784342396	0.150317735303241
-0.0360112546524839	0.138022547549568
0.0282621402173658	0.10218198398261
-0.0118733032717092	0.0410728553093033
-0.0213525550791844	0.0781414683688794
0.146404754782742	0.853030874165982
0.175491251959001	1.10944026718053
0.00606555148958093	0.0222844949268926
-0.0612711222841354	0.281879425638883
0.10905668474387	0.593848454719205
0.133320818164245	0.745099679556562
0.149698721603124	0.919547142295211
0.145604008881198	0.855762961182571
-0.0185957794057461	0.0518472744199768
0.0691271028156614	0.266382977413792
-0.122894182776435	0.397928357648353
-0.0234490962139557	0.0627642777686512
-0.0132879171227092	0.0420479521476295
-0.0441028931719464	0.16215990793737
0.0120373994559003	0.0418047373742723
0.111606849108454	0.613995892771591
-0.0671100793087815	0.264933720318427
-0.114861604187345	0.458076682524711
0.0516288194485636	0.22256809626606
-0.0118221027071299	0.043291699234266
0.0109647844592818	0.0396616174915163
0.0353312618067937	0.143264877363968
0.0571648519309798	0.245811888893018
-0.0752518379513779	0.354306043609411
0.0464582122834166	0.200517794451471
0.22339415946464	1.4903056176185
-0.00736296244496998	0.0263820796820848
-0.110085647350479	0.590623273074134
-0.0770722830275328	0.359365336389961
0.0961849315339776	0.502456211928943
0.0282187983896861	0.114069445731861
0.00145861356733164	0.00440724022979857
0.0683729946052975	0.281856229122868
-0.0823818569404222	0.397476573931973
0.108945401842449	0.343977319613512
-0.0969813438895643	0.250541173652593
-0.00969316436306726	0.0231840379930645
-0.0274223437358995	0.0804214674882591
0.231389124912887	1.43537987170453
-0.0431852953716965	0.184847160385771
0.0626375143300368	0.27117912182477
-0.0108810932937092	0.0380036748537506
0.0180601121424038	0.0635101849010635
0.0148435658297178	0.0555873146445814
0.0395531295348028	0.167618597687969
0.0602593547177546	0.247408119450303
0.130688282884362	0.66284985186695
-0.0232231447273728	0.0811044376756209
0.0344814717524212	0.128638010024334
0.0678373043490051	0.288559075407007
0.0213602770828235	0.0784860553596818
-0.0206421427095849	0.0764532138994192
-0.0825105103513263	0.395025703630405
-0.0498193980365864	0.215205101792279
0.123620899406294	0.704737434256148
-0.0168146615327346	0.0636564491063525
0.10928615136238	0.595826531477704
0.0949515209837024	0.489501357286482
0.0325767987599841	0.0984079367667096
0.0651027235486319	0.259899967263969
0.17708975573748	0.658855317367952
-0.0880277843641415	0.291391901103585
0.197669122341342	1.14803746468099
-0.0816059905692523	0.362085253348127
0.0343101285944182	0.134573807531455
-0.0250030681290054	0.100121110961057
-0.0499571441389359	0.197496374885851
0.0357438213914473	0.126935911476941
0.115387321886004	0.642025374850848
0.127124880308723	0.696940181886469
0.0153973721407163	0.0569322762553481
-0.0763673264781879	0.363968789240544
0.107906440475752	0.552745383899926
0.164452838845337	1.03872243213933
0.0810001740055375	0.392688962502394
-0.00958444325743583	0.0358565434300247
-0.151531814191286	0.926969113816074
0.0431547857474598	0.185545328903735
-0.0194589719814733	0.0753650979462517
0.0718980418957622	0.342935185969557
-0.0732223700346796	0.350876995817055
0.0365480842603175	0.119199525352488
-0.0304898745128498	0.100376849902496
0.0827930565187902	0.393280685629561
-0.0928528137158344	0.421460169566118
-0.117988301874393	0.486536638031754
0.044294929728299	0.153262218071842
-0.095402787780421	0.446055767289924
0.0620990792024579	0.283181802057557
-0.0943688486566768	0.467763053004605
0.0910343632920817	0.426416652568844
0.0410089810718604	0.156997819563508
0.0292842166654439	0.108482398085459
0.113472640687334	0.561021318046663
0.0668273799580828	0.29153555123793
-0.00993864858012306	0.0340426436659783
-0.0121487078524091	0.0417814658286506
-0.0181042143850387	0.0648901635336647
0.0560336997368213	0.235524131595727
0.00823517335555462	0.0288700206819434
-0.0257384991195638	0.0978858974844136
-0.0329745923474021	0.129089336290617
0.0241875216186173	0.0914657047868076
-0.0247676180434798	0.09722535934466
0.0607869030837723	0.275226267857039
0.00482012889389705	0.0177949740592737
0.13292679224496	0.778322652665308
-0.0365715520108418	0.153277140463694
0.153677546938561	0.867019289175374
0.0337968341204909	0.127315647350904
-0.0529509882146855	0.191400305108053
0.0644833660533339	0.246287034576167
-0.137773200929641	0.767526377420952
-0.00642416543915149	0.0236414047151315
0.0378542747107029	0.156167417588191
0.156863942951494	0.993879466145702
-0.0531952964436003	0.233566695358486
-0.0260760589754215	0.102653872807748
0.0736600601588729	0.352363765353916
0.0421619746584445	0.1782571064436
-0.0242195110581647	0.0964045122986945
-0.0378127142699712	0.157313544080165
0.013881475204623	0.0527325945554888
-0.0388062551655911	0.158604521911735
0.117182029673788	0.655391591743078
-0.0943820877199727	0.487631662998115
-0.0104048314785655	0.0390583637211133
-0.162757092011622	1.04465419160393
-0.12603367875227	0.722587780594063
0.00891381221188847	0.0330204874320191
-0.0742262936353732	0.357874585271988
0.0196720152623788	0.05414890740991
0.0308679124839691	0.0994066751543464
-0.0524824452344488	0.214738083280127
0.0870674926765228	0.42451907804662
-0.0760520358816315	0.311199335299724
-0.109587064117082	0.491276252806273
0.0629278640121888	0.27869764385422
0.00890960952842843	0.033454927701154
0.0159610227155333	0.0584231983042193
0.145105288578392	0.8044692476141
-0.0938938501080517	0.42682956614345
0.0711870080881504	0.308186186171359
-0.04157281685806	0.161292955676433
-0.0065739418969806	0.023098115927718
0.00898226606648558	0.031205619935629
0.0945341491609997	0.445142073079927
0.0431729235018261	0.175304052820875
-0.0380938471909774	0.15605418465689
0.000885509591252051	0.00309183050897173
-0.0814132078307402	0.386187022669454
0.0978451497423595	0.486043479458779
0.0128514043465167	0.0479653414465059
0.0842837219600572	0.411409518199143
0.0573966153759475	0.258914361978321
0.0610216600049978	0.28099937832179
-0.00802049786530221	0.0298796461204738
0.133134418178479	0.785635091292784
-0.138152676041907	0.763231812948812
0.063956709261562	0.243648303432105
0.0465797175273367	0.166828250634668
-0.0729906256408302	0.307269332146003
0.0524537630636505	0.21815936684564
0.0437140802913898	0.187388060455526
0.130921339168539	0.743986916515668
0.0731405885883858	0.352101859526298
0.124903603454691	0.711994389744067
0.0834115523890637	0.412122370061067
-0.069737592772274	0.328050736871416
0.115298225309232	0.639846514358466
-0.0201542432020636	0.0791285415630208
0.0336940073322557	0.139722741926804
-0.118890012202121	0.665124721533132
-0.00954822900219038	0.0354650091244774
-0.0262669178891966	0.105696559464802
0.0435096659860897	0.186969972840549
0.06386277204928	0.293811658601444
0.00956575125944478	0.0360109895874161
-0.0233263142128808	0.0927800697494587
0.154971794265759	0.963741667084676
-0.0130795177911858	0.0498507976615715
-0.00487685356685665	0.0117695345221004
-0.0164501169626461	0.0452748325942834
-0.0841325074169497	0.361159868448681
-0.0349619494367334	0.13896992027061
0.0498200008567144	0.18996725335228
-0.00188150242218268	0.00617320162049565
-0.0223463765901122	0.083599406110934
-0.00998952062455489	0.0373767824863973
0.0337820479217686	0.134192236365803
-0.0654734495565419	0.268183455389529
0.0149631343374955	0.0513253838919194
-0.0418940602793174	0.158720520368811
0.0491613554980188	0.202455394149646
0.213094244669856	1.54386448263677
0.0250169433478647	0.0886266903872547
-0.133770088089266	0.691820766332769
0.00508005810287987	0.0172754981981719
0.0746450561990452	0.333087668423894
0.00619997175569329	0.0216532784476365
0.0102556292725301	0.0368292332176016
-0.111624918740626	0.575938017540845
0.0166706839097207	0.0635108879886914
-0.0816069969215368	0.394592591050178
-0.123482989800128	0.700854566226426
-0.0328995014278786	0.13568027041477
-0.056869813275199	0.257427056229794
-0.068100826316225	0.320663675910117
-0.0178010636952131	0.0564526247217864
0.0267500225987351	0.0933206773783517
0.214021059429449	0.978806229874498
-0.234110243286349	1.37171565908352
0.00159422790495838	0.00541622170944349
-0.169921358329105	1.08149331267205
0.0283721321907857	0.113038809848091
-0.00473612640958308	0.0173364614177501
0.0771761468972186	0.367578614412961
0.218640497082578	1.47566309054505
0.0682441586099948	0.322262386071184
0.0266894209765876	0.104647360790873
-0.0325293478602527	0.130071631517731
-0.0251123978557372	0.0982214382123469
0.0301967305126011	0.119794385954589
-0.0513793950236994	0.219580160760752
0.0296530860659615	0.117455418278974
0.0333943890986952	0.13794287594256
0.152979135121696	0.959293856917608
-0.0121021159505259	0.0459453670647254
-0.0120954581718876	0.0457694939777626
0.000953465570388543	0.0034115139947384
-0.0163505041203766	0.0630752035216716
-0.0141731239456701	0.0349929482371905
-0.0218473458631928	0.0662314627802375
0.0569367575371265	0.232024778349901
0.0943236186084339	0.473878305572972
0.00685060191382284	0.0247591449817219
-0.0679940854533658	0.302931634197484
0.0352239528818246	0.138441443959605
-0.0140904778646301	0.0483017355275397
0.0150605768878814	0.051019234768825
0.00338045208850649	0.0110356092945557
-0.0268917411964697	0.100254844520485
-0.00445607767505583	0.0147707903255234
0.0747543520490266	0.316460959578436
0.0179640131948685	0.0638401556589862
0.0508071951834056	0.20583244941106
-0.0537770452924586	0.230465864953239
0.107879001052551	0.578912994388058
-0.133554287919325	0.756228349097324
-0.0641423913378986	0.291867262288587
-0.121215635507936	0.667914224872349
-0.00340850399410975	0.0120141288643415
-0.0026579563459243	0.00965809858593572
-0.0749437610008426	0.358011159075212
-0.0601751796014244	0.272009629732925
0.0182004353744412	0.0690579928441964
0.0499454957431698	0.218040021919915
0.0156251325115403	0.0603327198850565
0.017800131017343	0.0684535183043769
-0.166226909848323	1.02441469646512
-0.216755743092752	1.60072213417272
-0.0372699390468197	0.156578311374074
-0.137853279684936	0.813653238721038
0.00221582120828696	0.00808494041990905
0.114925083107363	0.633822983896241
0.0047662163668548	0.0175561818574335
-0.102843799937289	0.544851456761741
0.00540022097413158	0.019480784260858
-0.0232949944570861	0.0923982036935076
0.0254798226767058	0.101515275855297
0.0909969222037739	0.465437136899356
-0.0560735454641719	0.25088158497746
-0.080074862699624	0.387380050706204
-0.0974654439923474	0.506774055738877
0.121415162644089	0.686836724597882
0.0183756866204535	0.0705001485362244
-0.0640649070834377	0.295968425571105
0.0604226059310025	0.276547177507908
-0.02180254018021	0.0861407334591638
0.109914966841176	0.59251214673835
-0.0240051324362133	0.0603655113146727
-0.0349571032261681	0.107995909132121
-0.0119607421964393	0.0370465404166317
-0.00512845570992873	0.0156337730044549
-0.00188937470500183	0.00576855262920444
0.0621107286243533	0.244746986953766
0.0158658023759933	0.0539108654645761
-0.0325138609981472	0.121625828055617
0.0535572407756853	0.224252511050424
0.00931356493600323	0.0349137127609993
0.000702699355736184	0.00240067709611744
-0.0606330409961617	0.250423095444265
0.00703055308885708	0.0261538505189727
-0.0940407413629787	0.48488342480058
0.0071118437766481	0.0241733113691365
-0.155579136254274	0.74263293809597
0.0948337928230881	0.440446061721731
0.0612044324384689	0.264035715151903
0.0997935882289705	0.499565625108889
0.150466311061601	0.937920614252012
0.0154612055095389	0.0594881258228357
-0.086719265186657	0.436767547685598
0.00504467043229076	0.0186296149586719
-0.0533313493557993	0.235154007921028
0.117202508093675	0.645182176721836
0.0261495428041138	0.0999800696216554
0.0773117157737615	0.375079581572964
-0.108153934470818	0.579819621571849
0.0289380457970744	0.113903931295538
-0.0427482813410895	0.179116122578506
-0.0726506838552149	0.3384260202918
0.0250733732439559	0.0991566162872946
-0.138481745909273	0.822299614247014
-0.0408851781630382	0.170355322274146
-0.0858062557313809	0.416010031643336
0.0699133293223122	0.331278385960229
-0.0976041818541923	0.414418621640569
-0.31364160586471	1.64053968360804
-0.0595254413551614	0.23533607526836
-0.0923404295225979	0.415112703265696
-0.0417926681808411	0.156171221154645
0.00958632474061907	0.0271497781420522
0.122816784255915	0.685729073701729
0.00994031412814717	0.03744802268863
-0.0439522955098976	0.185905976214262
-0.195618379484498	1.37552681525953
0.0961908850580122	0.433127564108206
-0.0226505178599674	0.0692801523445411
-0.0205695975120066	0.0510877365323985
-0.0115324304530322	0.0328418335016053
-0.0196528138591391	0.0617492275808896
-0.0350509805108753	0.117612466290331
-0.014886284634891	0.0499246760201785
-0.0103324561373099	0.0354268266474291
0.0424556366346608	0.180881578614841
-0.0134145237607802	0.0511577042886644
0.0637440531902324	0.275862286456566
-0.00732133582193615	0.0272428942879994
-0.0315353479465563	0.127513530811105
-0.307874988877319	2.17125566970943
0.0361569823911907	0.120610088987858
-0.104408754271967	0.295465114460571
-0.124149332160636	0.339312900034818
0.200162678870374	0.730545477873663
0.035416584032152	0.0944674629727443
0.0585573707708797	0.168787702283485
0.150059889812339	0.808644166400937
-0.152652882952281	0.764019088311266
-0.227572748191623	1.51809340166386
0.0747075154324493	0.342624473376127
-0.0188127151694789	0.0725459102689661
-0.0700163980936977	0.328900224407767
-0.0337612333741699	0.135907047008997
-0.0705098733602913	0.3353498362863
0.0868859408495216	0.437913816665618
0.00540518169339275	0.0196809964606561
0.00635681439050917	0.0234715311548279
0.00997786105924014	0.0375685609540083
-0.0172860502195595	0.0660634991304951
0.0234370847442232	0.081543179294372
-0.0564594735458758	0.255156437269108
0.116784792484986	0.647969042292003
0.0379526625109369	0.152276436417151
0.0630940960169354	0.175264853625455
0.331152335705058	0.898419882856328
0.109640097256264	0.335842533477901
0.0178098350198343	0.0430269180977945
-0.142515695788617	0.480787833142907
-0.267093179243019	0.733662366303722
0.00581357139641284	0.0166113945082895
0.156951852078134	0.823316747932673
-0.212200470008925	1.12195970690161
-0.154421199462182	0.799627254065405
-0.162044785441843	0.614524251631244
0.101247478308011	0.281545280876382
-0.0275054823447126	0.0689453977782094
-0.0206849416310659	0.0580164894978681
-0.0219706877569648	0.0701395182249758
-0.0710934560675369	0.282140375546825
0.0317669630809137	0.118021939621203
-0.0923861032892114	0.473386690822098
0.0376765848558827	0.157855736705369
-0.0982805704905975	0.425017120451151
-0.0178662259945446	0.0693197890860997
0.00853671019093945	0.0319357683265156
0.0514530799136366	0.176452894952537
-0.0668656673024792	0.22958191790411
0.0200880300204845	0.0429493876878745
0.299585139279787	0.905030971107931
0.146067342311581	0.418699213854848
0.199876753050683	0.686732702975635
0.00576888849578729	0.0142611408236112
-0.127229969483434	0.58681425286627
0.0704886106659564	0.266598175947427
-0.0633867749520712	0.248490768864226
-0.0802208901079733	0.358930940837341
-0.0604282336345557	0.26337513142485
-0.0126061304379705	0.047177608641452
-0.0123539431385269	0.0464438145136229
-0.0249199579986359	0.0995688934470943
0.139593105927277	0.841019426941586
0.055094094281723	0.245268614453667
-0.0363940747397995	0.152072500382182
0.0513269407769999	0.227503120122596
0.0908528235913312	0.446499162138536
0.0722166245558091	0.2836322551929
0.017886516232835	0.0693901434567967
0.0409939918046697	0.175054022707604
-0.0940338280987678	0.413706206850932
0.0292125035989538	0.0631590556192403
0.0109356422267204	0.0162878560540595
-0.123702682356925	0.331387506820656
-0.0752589420651404	0.200288925300596
-0.0760048070329796	0.195306825474815
0.179967630963563	0.423970204089108
0.0871482443079547	0.318926460280032
0.0411664577631574	0.141120259639546
-0.164831371076296	0.70022666211032
-0.0290969557164939	0.0957761766791418
-0.11931204421238	0.327559558524644
-0.236669278804555	0.802938089387665
-0.0247067408843626	0.0620107462108172
-0.0463461865513247	0.145231973067051
-0.0656467976917394	0.247595263001399
-0.0956809548904811	0.425913960309236
-0.0703523880571563	0.320356910720745
-0.101520887542428	0.53580911738419
0.0310796916648603	0.123723140676435
0.0207578627045164	0.0818098816500003
-0.0903393672573706	0.457805644462066
-0.0860659085910871	0.35864625247964
0.0458773080727961	0.168470964526621
-0.116162863866853	0.34962219596701
-0.0313352463524297	0.0682068279833833
0.0563136166988965	0.151526997397898
-0.0561349848346992	0.163321826715768
0.288429725826132	1.62218174957177
0.03741760260849	0.138923798399684
-0.066324226223485	0.25777261718259
0.0799551604894092	0.355935875560996
-0.0320913860708254	0.123141884664261
0.11013731677852	0.586617930568899
-0.0676991132930438	0.315174454633709
0.0411062171157222	0.172189477454012
0.00256101728245916	0.0093719606934586
0.0363127393827758	0.152224567882694
0.0260055144613378	0.103240626382118
-0.0603539289253846	0.273993825857881
0.0397728465876381	0.168851989975632
0.00626228659625967	0.0229732035364643
0.0182032844800366	0.0636149579216176
0.0477156015347746	0.20752000162165
-0.0229760168524287	0.0911981849705786
-0.0118421223760169	0.0413562373153766
-0.0137386810968311	0.0343425764536206
-0.226080768970404	0.573476810030294
0.0326222410790661	0.081411776055414
0.141228304270112	0.494386863563326
0.266242985377858	1.11536994127015
-0.328730099129661	1.01672908775745
-0.054804708816546	0.184996044396176
0.187041921412157	1.00288053820547
0.0298807761404534	0.0970952989447299
0.0589735200706383	0.224671086254517
-0.11636301591795	0.384881492643747
0.205328718042103	0.790493988313196
0.00375090564493476	0.00887854466324776
-0.0372333162426045	0.116817766881873
0.0282556586182719	0.0929850630013987
-0.0333188166610552	0.12642467000771
0.0588268859668272	0.261644838001955
-0.0525118502070009	0.23184915227652
-0.0771151429810364	0.367961658608013
-0.0231395169487847	0.0886583088324473
0.120476993476086	0.605745584851096
-0.157961623708892	0.850777674985527
0.111996438990266	0.382166632402707
-0.178599229654966	0.649904350777871
0.0506777717863742	0.15301509944189
0.0995519193602065	0.358453278218964
0.153135676328268	0.640035556391758
-0.0831278061731835	0.380726787175807
-0.107866306805691	0.495605161124424
0.0889706369067298	0.41689968684417
-0.114442436050014	0.604380754298044
0.0151084888646649	0.0574825990661613
0.105460239973193	0.566521128041808
-0.0717287422439712	0.331781724588151
0.0318256409941087	0.131033039630801
-0.036709313881292	0.153890223527761
-0.0868142927023917	0.431093321336163
0.081674831471332	0.400206811829338
-0.0510104277348121	0.225451166845658
-0.0852194872871808	0.423564353843398
-0.034891691856906	0.131591479353667
0.108317804121975	0.589424288538952
-0.0514424508793137	0.226682234378191
-0.0891140341407948	0.439024452225345
-0.0609453139955532	0.1720393737538
0.100993678188159	0.240223161986654
-0.133846442288104	0.471463051647633
-0.0334910981362659	0.0937680389957284
0.122468349646872	0.442008792033356
0.111239440812592	0.275243324537508
0.168379761441556	0.883271678682807
0.131597275581902	0.699733471479659
0.0815002195124786	0.329537040161529
-0.0907244050921749	0.407973755767346
-0.0815052941119631	0.271835561503707
-0.0734690413572451	0.204747797307405
-0.0307834637290403	0.0810550926716403
-0.0374814955838463	0.117016877227623
-0.0104246980711327	0.0342284642073758
0.0137490472009593	0.0483003312290619
0.0494327215169879	0.217099829164659
0.0239040990937472	0.091154227566452
-0.00513390003486928	0.0179814029032116
0.0693550538831771	0.325756584214336
0.0563480905366177	0.246113069307571
0.0300503325117358	0.099463721179588
0.0634297284087534	0.216112668958612
-0.100714676286574	0.418519564566213
0.0361426492418848	0.128405250667827
-0.166134713412516	0.851784066608037
-0.12550844627276	0.670517767040204
-0.0770256919465162	0.3197658214728
0.0197258783081062	0.0693263363154142
0.011399592359411	0.0407632324401259
-0.117059586697878	0.643248840871662
-0.0726597371761592	0.340626017413938
0.0165924117666374	0.0642596904535545
0.127135133916237	0.705809009699617
0.0454971977520203	0.195505262971883
0.180986832314547	1.23498179350688
-0.0467738253328741	0.203867907254446
-0.0283471852099142	0.115013948581016
0.0110815762425784	0.0415202185249978
-0.103798751751932	0.502479003919491
-0.0330292197519307	0.13642864471328
0.0675631509831951	0.318575522733818
-0.0385900687152801	0.153529997466702
0.205440393458579	0.952105877228333
0.139359533412708	0.428824086817857
0.0711771732192514	0.229619578167677
-0.0105922325607698	0.0314186701858651
-0.136090469318124	0.596269557435819
-0.0526070859387388	0.139972026233256
-0.173267972293311	0.969761300343453
0.0251958742934093	0.0947668638051095
0.164841779612005	0.876083650410266
0.150317132715762	0.829309209948828
-0.101078601936286	0.396669666969251
-0.000544179057037416	0.00139193865658409
0.00990218931847048	0.0244569150511441
-0.0166340692207242	0.0502889862540065
-0.0147485550917245	0.0463050268242568
-0.0123232470302581	0.0420195204587286
0.0275809548369757	0.0968477090438059
-0.0240632049247114	0.0843613771926302
-0.0450654076502926	0.188290382027792
0.0332280057985213	0.135289335967898
-0.183088912316035	1.24435335058904
0.099516778913945	0.509533431144145
0.0819940345193746	0.405362763088098
0.0537113351408379	0.237620501585383
0.0449693642192458	0.192735253361938
-0.0326687546536398	0.134808220079283
-0.0237296997679532	0.0929470939412589
-0.0167115252494277	0.0644420401857562
0.0187904502389037	0.0734829842033075
-0.117434357625631	0.653119587900395
0.0824958573181673	0.410724137652371
-0.00460460530032187	0.0169344282610934
0.148184520959712	0.906356092502245
-0.0908639267891186	0.456621747957545
0.054753505945656	0.245905744896391
-0.0105037314167683	0.039505218497079
0.10358892979471	0.545671763982821
0.00642408395579035	0.0238407767883779
0.0937523609572781	0.484385241953241
0.0719939834929276	0.343716696000629
-0.0400284131751041	0.167966797612961
-0.0176066122473254	0.0684053034708292
0.0266965631017554	0.0992539195335229
-0.137171787004224	0.624207277715639
-0.0739616275007779	0.333682019088576
-0.0275961488732212	0.103899754428665
-0.146232113297442	0.863794834555564
-0.0293148484294676	0.10265367816323
-0.0554752758703328	0.244764158204169
0.0196574750748927	0.0771344319952179
-0.0390893431642504	0.160813584715282
-0.0722373754661461	0.341702254176339
0.0298807367718973	0.119612544671748
0.0829810477219556	0.357195889781504
-0.0208745400568297	0.0523183814719789
0.0013582466050463	0.00357168420575549
-0.0157539809554454	0.049441609819939
0.0754228632537811	0.298250630807011
-0.042375122152852	0.159137319425109
0.00469611020023065	0.0149814822105419
0.0678223591576162	0.273983192269594
0.0403852703975142	0.154890300285533
-0.0650719270208713	0.281473633629461
0.0585600611810352	0.24961095143983
0.0154235447244728	0.056639203562846
0.0764988076302903	0.353976489359319
-0.0635847143887533	0.285670626513427
0.00982958077747692	0.0365337173027579
0.0709939486554115	0.337637900973155
0.101647625434093	0.537931190584231
-0.12635170562709	0.717737352685329
0.0217893847156823	0.0860392135553579
-0.0291888148807053	0.116710083220733
0.104653596521196	0.557186347773414
0.0774104766990584	0.367710555057624
-0.0128557872577528	0.0488318330960396
-0.0203907375647045	0.0799560771210414
-0.155394620447034	0.973598799396737
-0.0117262765829315	0.0438278291800581
0.152640986218261	0.895419069214582
-0.116562284616532	0.649084500219004
0.00343189242362424	0.0125906015247825
-0.138218873415657	0.804201367228941
-0.0344371074497831	0.138033036216213
-0.033187089775036	0.136746916235375
-0.0520368597829472	0.22560296418817
-0.0583316234719912	0.25517585721251
0.065810366133041	0.301170994600793
0.169592768414089	1.10041072169373
0.0813376725775961	0.402715151076981
0.0041809343224677	0.0154050542990604
0.168654487004676	1.09756424186657
0.0627559771013984	0.29093228997819
-0.044899638367309	0.194213923909903
-0.114179274221543	0.624577669189736
-0.0185229885196653	0.0466452104019418
0.0257996266353729	0.0781988152174085
0.0427050787657065	0.145702501208323
-0.0824160541711473	0.331848790921951
0.000487995646743164	0.0014846024546478
0.057644452010287	0.215067799706043
0.0761022869192912	0.312402048689632
0.012958066717623	0.0453001839117081
0.0382456747106049	0.147426023571674
0.0325297625275684	0.123835815482298
-0.0312734840663162	0.118868556109666
0.00680014354488999	0.0238855028288619
0.104673458278467	0.539311197998093
0.00295599158574784	0.0105748724553211
-0.0377806280380487	0.157201545549187
-0.0666853759959016	0.306007655468144
-0.0705582013236896	0.335466238507965
0.134035430049654	0.77427012664175
-0.159098431954393	0.988492151701355
-0.0616048477653493	0.273536121490699
0.0229164646970679	0.0899214845990295
-0.0144236781713337	0.0553149874024807
0.0831765026942736	0.412255552693724
-0.0524049744617365	0.229326928808182
0.0520500632837113	0.22139899564947
0.147048225677077	0.903830395718581
0.0670056547247364	0.315061893355667
0.0890666449927549	0.437755779935985
-0.130886350078555	0.716100440901771
0.0217772170942612	0.0845620565736645
0.02289200484718	0.0880292186851799
0.071967567765363	0.328901513879787
0.0367971342041621	0.147004299484858
-0.104084099074571	0.544452395485337
0.0865486837159949	0.430979223026379
-0.0178808293879959	0.0682031734317933
-0.0497860391193256	0.214897165065013
0.0273105840258163	0.109960594232879
0.12564266214448	0.708711850267665
-0.101007655539474	0.534166613806456
-0.0156421322933173	0.0387653309491562
-0.041516465204754	0.123447164752891
-0.0366114606225028	0.12349777956775
-0.0564712293024695	0.202407460040798
-0.0788647156137054	0.306128863816244
-0.00841557850268689	0.0267038168340087
-0.0267502509842317	0.094395343060503
-0.00547835745938064	0.0181764205261855
-0.0458607072057233	0.179111190098913
0.0515273495486114	0.207300552537403
0.0296258925343815	0.113620483025613
0.0205083797161336	0.0778815674862944
-0.0294575619858648	0.117887187452068
-0.0386141877032817	0.162095232504767
0.0670918232714128	0.312693467593654
-0.0991044496394426	0.520836576506503
-0.0343509774044953	0.130099399000213
-0.0844317295402163	0.413546934681037
0.0078421559738497	0.0267630513520385
0.0890503151134376	0.416468722906216
0.0297855951344958	0.121201977165038
-0.0139585033230841	0.0534822053257464
0.105733761392875	0.570360713227159
0.0655919226050007	0.294688465770625
-0.136856934947799	0.809340968786021
0.0577368376904524	0.255709162541255
-0.0442409285479018	0.186124529896943
-0.0981597942317132	0.474784593283068
0.103472806384237	0.5298699891038
-0.0611706624351029	0.27303822281985
-0.0306503085048009	0.119197071443621
0.0300319245067482	0.1162004911572
-0.011958055946989	0.043678112985864
-0.0357266004745145	0.148568357690351
-0.0447375715172889	0.191404930739031
-0.0373861258759834	0.154500916625062
0.0455766017480052	0.197546281473737
-0.0857804894483999	0.42230423999413
-0.0312223706859979	0.128054078539809
-0.0069956277590935	0.0169453219812547
0.0348747200198907	0.102977402456936
-0.0678498946314033	0.251474228046264
-0.0411541014183808	0.142945898871251
-0.0635225365253588	0.252962833382792
-0.0366298600052784	0.142453123955266
0.0204287005405123	0.0745065918684984
0.0166886609378078	0.061082711691127
0.00275138240251561	0.00950304282913
-0.0702784367966108	0.306725236043317
0.0733721201558401	0.345202775112635
0.0924041309277726	0.463365585802349
0.0915947733832365	0.4605161908285
-0.055838154082298	0.241884735036248
0.0730069750835628	0.3493699250781
0.0379024862289917	0.158691662936546
0.00189569366493273	0.00686429079936847
-0.0544679880928229	0.240446525949416
0.01707705710685	0.0663144886751957
-0.0524850303353203	0.233297068859197
0.0253579780614	0.100162839279043
0.0531979767201004	0.235983469811621
0.00693693613143372	0.025707437543272
0.0210170741952347	0.0821071372480342
-0.0805380180112954	0.383050985854524
-0.0384730487544584	0.155289916817751
0.0151960269280671	0.0583773002685375
0.0873959333235829	0.437889499856568
-0.00481211983598586	0.0176823851359648
-0.0135795575595984	0.0516449114222739
-0.0377756107874485	0.154927562751503
0.0845321782105973	0.419293756350326
-0.0295645111222249	0.11955053409847
0.0714230426456636	0.32782149714515
0.0923050319449767	0.472609753902531
0.132210433798877	0.75741715613659
0.0132652098006638	0.0503288882015472
0.00867568842288642	0.032433196140099
-0.00501327850184263	0.0118681397642272
-0.0373820819235854	0.12078771535693
0.0078255763671344	0.0239962651305262
0.0572824791754815	0.224594316498746
0.153798510679788	0.9025511815308
0.0211791888067217	0.0783258904633558
-0.0776350247635546	0.360070772750215
0.0334322193786414	0.132615239549007
-0.0337052301193363	0.128680268086875
0.0557076749650173	0.24800119561924
0.0523760173219745	0.228139545760528
-0.0500924411747764	0.215547209454258
0.0218730912161626	0.083005124699313
0.0706370873720868	0.331397359931169
-0.0205294752855654	0.0787063017249968
-0.0539142490540091	0.241148735098768
0.0723722108668849	0.346859056831333
-0.00244027458765547	0.00886416709508968
0.0344341617260278	0.141115382288626
-0.0217030366416809	0.082963563878249
0.0970078405540906	0.494152061899398
-0.0335880204082022	0.139023251922415
-0.0959004943422116	0.47685816809638
0.0461423341308211	0.185385898532441
-0.159302608135721	0.941116093992118
-0.0580557722352864	0.262459687825325
-0.0644971461045603	0.265976829553589
-0.0566673923347082	0.256205049638851
-0.111085712527522	0.606517937193387
0.0133917119772747	0.0509939220936915
0.119400372433546	0.618352678750048
0.0215169426533597	0.0837198626443185
-0.100450682896541	0.507335060031078
-0.062324880468563	0.287865072683542
-0.0567830912179981	0.249684144748855
-0.0543183865196313	0.243230308112312
-0.0817907146503319	0.390859717308272
0.00765844961369239	0.0184828589972431
0.0139771230587438	0.0378668273144156
-0.036333025288988	0.119416173732279
0.0969503541378954	0.396308798839899
0.0142530817113956	0.0453920482991251
0.0798273610995408	0.325055902897762
-0.0178634903699768	0.0601436635444391
0.00207896665434829	0.0069045775152164
0.00751803764920616	0.026862621492053
-0.0844777162214723	0.401861402507394
-0.084188986319913	0.407328337687122
0.0477421058378406	0.200183676284908
0.0325630685990374	0.131988049380757
0.160668044613343	0.99117502112815
0.0952454127305539	0.491811741580375
-0.0829542862217571	0.367776721248563
0.0543743010071705	0.230314655216722
0.0623841313085197	0.288323993071579
0.097420820330151	0.509413301218045
-0.115729898893937	0.631110401604435
0.0206863323157214	0.0768263533909898
-0.0746722711031257	0.360728016085801
0.12157929389762	0.689735516154831
-0.0600188556500285	0.259544465025526
0.0362217431182836	0.137694109988729
0.0730360949715862	0.325600051755515
0.0143749556263243	0.0519638166079302
0.0731590305863775	0.316606215046157
0.166723799112037	0.975849574553608
0.0868006121523679	0.407175549753686
-0.0551617604152344	0.246508339528081
0.045317516820829	0.193136773551653
0.00885272575048616	0.0323172098761003
-0.00808767105641191	0.0296148286932271
-0.072808844510566	0.333902521832034
-0.0721585640521304	0.342521963794025
-0.00264911811191544	0.00634475741708631
-0.00721459164948625	0.0191373485392998
0.034850695978656	0.115706649918183
-0.0276990644333356	0.0904911368021569
-0.00636679882906765	0.0195554427208816
-0.0441567043098325	0.157476610265944
0.0827771206330195	0.348561505012239
-0.0432695208290541	0.16941450068558
-0.0854805086933001	0.395384775776608
-0.00590400172748742	0.0208944112010522
0.0705791361069894	0.315795826452121
-0.0117879610036722	0.0437230292230035
0.0347898447365714	0.14241188826055
-0.00669972754249897	0.0247645726910559
-0.195608804005513	1.23843649751781
-0.107875571548533	0.569437604506353
0.0374124052595551	0.157476493250273
0.0212428702562919	0.0836582363921417
0.0216186344655293	0.0842621679490193
-0.0542586928317082	0.226972600108819
0.033342630153212	0.137894231293923
0.138641092399535	0.832951040437726
-0.0539453190116356	0.226758433203561
0.0161342202127208	0.0564654469101993
-0.0153038953649574	0.0550559602626114
0.0445618439627543	0.177899771645306
-0.0292392392455297	0.107571846498073
0.138606264039966	0.741668502739388
-0.0533084034291345	0.223794249460346
0.0112445906497977	0.0416512320494987
0.0286838951183902	0.112499492018472
0.00535792000393757	0.0191797091907162
-0.00614885808762017	0.0223834716511366
0.0488880019584487	0.206023726626798
0.0303432352589387	0.123300594772473
-0.0140142474017813	0.0350205651213825
-0.0112743163017072	0.0318313823819603
-0.010741354376771	0.0323001133450329
-0.0199584297884415	0.0634076755999098
-0.00795329795397893	0.0245597962344993
0.0742859688649118	0.303912040198589
-0.0566826257811672	0.230080782758966
-0.0376112295930431	0.146814685543401
-0.00891604539196375	0.0327244160934684
0.0233912284586661	0.0900427867674068
0.0942288273418776	0.484033685479977
0.230688417577295	1.50299144178943
0.0071346039117668	0.0261794096661079
0.225837272165197	1.33995994922735
-0.0331816777995392	0.116278269553684
0.000490952071506195	0.00175911455041629
-0.0898174668739053	0.453012040203644
-0.00611684800907999	0.0226979631210909
-0.0132330305815655	0.0481958099893206
0.0367438744941735	0.153537505314686
-0.0974410591745041	0.481948660696043
-0.00572309893426498	0.0205825158724419
-0.0702157695624866	0.289797187828
-0.00450029351370096	0.0148018631814953
-0.0371737475871332	0.142566875141228
-0.02051101725722	0.0707254219633376
-0.0599007021432252	0.245186130825868
-0.134647575589207	0.712192765252906
0.0862524047907997	0.432497567655408
0.129615321246546	0.738566974742629
0.0531951986859125	0.231158600042053
-0.0231484921060453	0.0915407104085878
0.080259981264764	0.378018151277876
-0.00260987302929725	0.0094158318982874
-0.00140855014331052	0.00339832537454729
-0.0104074362904176	0.0273729637829857
0.0317775693723103	0.101463660027908
-0.00895620817374733	0.0274692117796674
-0.0882932249087012	0.368005781351076
-0.099121043729559	0.45442824927506
0.00768035225422067	0.0265124814267257
-0.0192944707993966	0.0728981003247105
-0.0205893009257398	0.0777123760534216
0.142233632024089	0.84343628071405
-0.0747279255251458	0.297096111110716
0.11792839666572	0.636596018249054
0.285646861808291	1.8375747285563
0.118045039953135	0.525135248361681
-0.0468577658133228	0.196383302883448
0.101507584906826	0.533708767783745
-0.0685289490857406	0.323262213943887
-0.136149587767319	0.766478650517159
0.121394931534906	0.678805853966428
-0.00200578626782002	0.00697330183828028
0.0564933697141881	0.249353406089968
-0.0213075362849667	0.074449265706107
0.0401111745869532	0.149225956123623
0.0629246790352536	0.26564662508083
0.0755906159771998	0.316231689449678
0.0231830301455617	0.0841633847690649
0.0741205772616614	0.325240091586602
-0.00469525150298679	0.0172846560313432
0.125880082510928	0.722764040410182
-0.0323247417552673	0.130323067028948
0.0357908507329057	0.14935459421245
-0.0154144612121436	0.0574117172391888
-0.120176507330815	0.668128491222672
-0.0103804926191598	0.0254337307797051
-0.021369878399236	0.0627902681809962
0.0486814349383549	0.168157994840005
-0.03167121347853	0.106476088704654
0.000856150030020467	0.00273999397420902
0.00683970035870487	0.0229562736212042
-0.0235521501287102	0.0877240176164835
0.0158123378229354	0.0568754379154004
0.0475609241018936	0.200799582484528
0.21623216752688	1.50119339051712
0.0930949090915863	0.476489251137106
0.05600831167219	0.208698948440739
-0.075622597773551	0.33486751469895
0.230748957307523	1.79622035159252
-0.0213914915009415	0.0844530131927748
-0.0259078346106729	0.103889333129863
0.100748782774964	0.494889076702967
0.102439645613089	0.546791621537941
0.059187423982627	0.268392867290802
0.052644100192056	0.223571157049472
0.071598921496556	0.297488882341938
0.00657895149423869	0.0220649934295083
-0.0686256768348202	0.295032306680241
-0.132928320275956	0.671773882126794
-0.00384260755054927	0.0128248301465564
-0.0138335606534353	0.0488529104506463
-0.168135172142262	1.08195727924375
-0.00414354476559347	0.0149848583103123
-0.0541077531815818	0.233746812562202
-0.0263128910908361	0.104328500757845
-0.0038804176103777	0.0136761667763808
0.0190439322840438	0.0734718416717185
-0.0266526487563096	0.0687351163540348
0.0113908567019942	0.0298649187726149
-0.0287715733709991	0.0938251327626375
-0.0142786238691887	0.0452438202532666
-0.0209865448029452	0.0703141167947373
-0.00507130912643061	0.0170164503929767
0.0359741080191963	0.137637589691739
-0.0811456854048051	0.381181962381407
0.154795070412719	0.955405711642006
-0.0333194994251391	0.137463311714113
0.0149443202028773	0.0534828535909326
-0.00265633612231302	0.00939003233231112
0.0909068775445281	0.466008221354593
0.0151908457713001	0.0584627559420101
0.0361778057753646	0.150139607759465
0.104359857468956	0.524563705035601
-0.0235203291737974	0.0934252013492065
-0.100768982665574	0.532359356579074
0.0226186872811388	0.0844527243996522
-0.00120947612052355	0.00396344009457339
0.0168599842841863	0.0598228685809484
0.0252956058153282	0.0943171726923523
0.011690221279085	0.0402455384170732
0.0606452858447152	0.250581102190154
0.0702142370835001	0.304154119583824
0.00741252488468322	0.0265013123254641
0.139482746942162	0.808277566345372
0.0387896978269518	0.156861965985913
-0.0652791672130495	0.299614097055576
0.0223124149872186	0.0849948147118037
-0.027473414071212	0.110360408875008
0.00145112807957019	0.00349828680769035
-0.0529078329279629	0.176176923404658
-0.0118983733122534	0.0368893734502906
0.0223322558426859	0.0730005819498143
-0.0353075486425799	0.12718662476963
0.0676836186944147	0.278734976535319
-0.0163212739668277	0.0593210725315399
0.0137065361806082	0.0522519671612359
0.0259048462283631	0.103941796327481
0.181952769412726	1.14204791701497
0.114560231250065	0.620784631779061
-0.0836682789584093	0.41707068578292
0.0744653076581076	0.357920310701023
-0.0076417847945661	0.0280948926772531
0.0711088587062778	0.315232984919327
0.0751580094040794	0.361963693033165
-0.0101424454336214	0.0381998589246957
0.033286571201045	0.127099280968844
0.0400638515604964	0.151345048486106
-0.0771536996905734	0.337662325753888
-0.0525831776996846	0.216053667388651
-0.0796451983144217	0.348780995395509
0.132388787446708	0.684451416904499
0.0794874233391514	0.35658651905513
0.0969048404653046	0.482064553765014
0.0586373595258486	0.25786531108928
0.103555777660791	0.523604602941081
-0.0649463809227791	0.294651375562667
0.0638900130117129	0.279676717221447
-0.0407128163704624	0.171655605040641
-0.0077357414251174	0.0187405058004052
0.038239152076954	0.114229062378754
0.00764280357365704	0.0225614639464903
-0.0499965044270016	0.176168661805477
-0.011123101600216	0.0352884479920312
0.00674719085450094	0.0224963284558749
0.111473493619452	0.573581567469235
0.0778231325477138	0.370817390211705
-0.0566526892020524	0.256109586026464
-0.0541394676632007	0.239728977617291
0.0473807024511062	0.202433140427636
-0.100457072423627	0.504726330134293
0.0971773102891952	0.489178180209076
0.0201680501125784	0.0751467470986794
0.0204662588398663	0.0779363699618305
-0.0973215802481498	0.469539922286592
-0.0523026003104906	0.204837174787262
0.0620184708469315	0.261163957473946
-0.058051391237257	0.257520941471313
0.0304142933949671	0.117402767468618
0.0515052621364054	0.212341782953911
-0.0394423824801021	0.152735772828988
0.0693642682415839	0.320283031372979
0.0611124530012815	0.267401716257831
0.0557424410607949	0.234412849085822
0.0179022173526189	0.067004561311574
0.100078889466762	0.499471203151921
0.0516902880051613	0.220826992680468
-0.0444074448449466	0.191752337950097
-0.00508461451568178	0.0121483155011351
-0.0023698210412716	0.00616088735223405
0.000637310600129366	0.00189657629194515
0.0131856503957674	0.0428616573071341
0.0541953083882466	0.216597872009513
0.0299584848987806	0.118672089543391
0.137916854073504	0.81312804822729
0.0458177238227025	0.199030408604894
-0.169064277856414	1.10388899733895
0.00167770598561667	0.00610020345786465
0.0832735268034331	0.409462468174601
0.0339122413874988	0.138530133619113
0.0579261022270196	0.253917278818815
0.00258877505586051	0.00938402319680068
0.0266010176619257	0.106134811440201
-0.0305972885889153	0.118256245136571
-0.0351467659681919	0.137239313520006
0.0527754093224436	0.226551652200217
-0.139529567250966	0.80096629937919
0.0470160399283744	0.197126916922068
0.0151408956956425	0.0555639040415444
0.0668699558529461	0.303470485531291
-0.0397032532663429	0.163043914677826
-0.0733788490299629	0.339748622094482
0.0538085067467273	0.234746729213163
-0.0408613169409387	0.17278359583508
-0.0541690705894947	0.23732978625867
-0.052599750839507	0.23426942113592
-0.00189399035527706	0.00461317484743434
-0.0288531499191375	0.0856717941366549
-0.0516507530872355	0.182611810844636
0.0247169834760304	0.0855554353083762
-0.0299148469975072	0.114101948893591
0.0000550576054311308	0.000193303392327557
-0.0478627043789719	0.207680466363607
0.0631291673730702	0.288598650965066
-0.0656354719666331	0.297274836568532
0.0604943563293102	0.269243245864908
-0.063421104815358	0.287509974009548
0.0752932924858376	0.349346871816169
-0.0780990555458929	0.374282878939707
-0.0683173110588204	0.314020731925158
0.0293033652192297	0.111800626567647
-0.0605160194759786	0.261137270604582
-0.0717327391367397	0.33863003417419
0.0262553473388549	0.102770357991079
0.141928918443734	0.825150829906834
0.15555650458213	0.932399935138305
0.0462862586002529	0.20054287149963
0.0682683928407627	0.316733307676596
-0.0629416338793893	0.279505917925077
0.0638312737866362	0.292640642723425
0.103342699425502	0.544992093618908
-0.083387310837003	0.412353553600712
0.0370664078626918	0.155838570835891
-0.00816139860642478	0.0204206927365621
-0.0198790176481662	0.0594040883626968
-0.016674019706395	0.0536073462422815
0.00452743570840818	0.0148302229461718
-0.0400779309016234	0.158256943888074
-0.0459372590858658	0.191430227205609
0.0399990148862451	0.162165567095793
-0.0896483728016566	0.43157797297249
-0.106349888039721	0.536471694746731
0.0814209987024316	0.387825003701812
0.107406732376086	0.54931288583645
0.00259373922128847	0.00920220430304656
0.0193829891603061	0.0729718296069658
0.0738270971351724	0.328844776197518
-0.0451242903621114	0.190495415602534
0.0221577021281026	0.0878341734883412
0.018247999345746	0.0703819008070408
-0.0758095418858831	0.360934668248794
0.0642974443592647	0.292605370380514
-0.240264204121934	1.89347877181537
-0.0577311446200282	0.260766382909977
0.0808079004166509	0.392292568715876
0.0116788021361752	0.0440428626374947
-0.0257846862884259	0.102890649384994
-0.00752139988054312	0.0280658240024332
-0.0286097299118418	0.114324587271006
-0.0209481617860495	0.0526194910516937
0.00231330897422686	0.00657653009120476
0.0220524381722273	0.0713388418725166
0.063126817818348	0.246891583440268
-0.0805476149973479	0.355356397001832
0.00587992930703822	0.0197698098662662
-0.0630421670302085	0.259717789383799
-0.0760011103228887	0.327243569548052
0.00737174806222441	0.0255741134866225
0.00128761038169253	0.004326307487224
0.108141310672773	0.544055959362322
0.0164739940743625	0.0586709676290333
-0.0402225179859528	0.154737859885679
0.0796917708720628	0.374426923590225
-0.0126608122534927	0.048182399413625
0.04402983820689	0.185704477145804
0.134575411793058	0.771194308687936
-0.188032385477436	1.23933439771201
0.145075499488341	0.889559680320394
-0.00202842058382929	0.0073228556417059
0.0117477544568731	0.0432271185535732
-0.0267695935468806	0.106890122691849
-0.00857237886376939	0.0313178825829106
0.0761839072989098	0.365283433154708
0.0827332829455007	0.41161468491066
-0.00531141477878242	0.0128220932849805
0.0211333953839569	0.0632620770856396
0.0300595166840881	0.0997780605944918
0.0475277069608323	0.179455972913999
0.0017558276291806	0.00571786817569735
0.02756515254317	0.0994137563290736
-0.0281911555436108	0.102851937837045
0.0337646626985713	0.130536109330905
0.0767281219451059	0.346251239344455
-0.0642171473433609	0.278468457062644
-0.0561829032794288	0.236505579024712
0.0282474721076182	0.108201887096687
0.00223340776389038	0.00800698915952384
-0.160409956429451	1.01980409907612
-0.00811589128974859	0.0300620896541163
0.0175303035317288	0.0667033896750275
-0.0476169841849957	0.204067531062868
0.06995063375172	0.332605091574536
0.0393225318559933	0.166390241433407
0.0129491952559959	0.0487575894586153
-0.0318899673262398	0.131274166427467
0.0363366423613578	0.151375233781376
-0.0438639140764223	0.189034835085717
0.0696720472813065	0.327193984502078
-0.0216731371696414	0.0543557805860781
0.013887436962822	0.0394011571354405
-0.0359575916063193	0.120517753649822
0.00105622689149562	0.00318120153994088
-0.0650902155585881	0.249168329379245
-0.135707508175503	0.665312975520805
-0.00210439966898623	0.00710274115834703
-0.0602977078003275	0.268682629724424
0.0247909285477609	0.0918197418538167
-0.0572119620592821	0.231545220802599
-0.0226061483680552	0.0870728793407989
-0.0253600470659311	0.0952621429806042
-0.0364801601113493	0.116585611631149
-0.0597792434515374	0.258138657394127
0.0070953127753822	0.025199787739964
-0.0948449597556829	0.467642864668471
0.0604412717676396	0.200254068329194
0.108418477083597	0.584465078378297
-0.0681954898823764	0.321424292706838
-0.233812683623355	1.72208723067498
-0.0708836788205209	0.33600940554399
-0.154874231250414	0.881730192751192
-0.068234699413521	0.253755992755061
-0.00129938839892129	0.0031561514077883
-0.0203347003559756	0.0611908133450353
-0.0105634586482546	0.0326587177289963
0.036747601370409	0.126582945835061
-0.00995211609039577	0.0327943562000114
0.0118099838046543	0.0414274746434948
-0.0575812553498982	0.242387366975088
-0.0124638696003269	0.0460501833157485
0.0373572730756769	0.152798013832739
0.0799909004054836	0.387451726295679
-0.0161388724289551	0.062403932587044
-0.260000540462343	1.87010247302309
-0.00960224237580523	0.0358853315707009
-0.0311033782927141	0.127539408969285
0.076153919725207	0.367271964305036
0.0939635665622935	0.43835892189133
-0.0270113403521694	0.104582412605613
0.0518771445029276	0.227786809153017
-0.0616954097474276	0.278539405500535
-0.104862401466267	0.557664439018768
0.107425014560557	0.563238902219076
0.0362668279701208	0.134709625510371
-0.0235594548920043	0.0620524217615218
0.000753597911468203	0.00198467568627895
0.00570778580715125	0.0173023862072522
0.0222707626786241	0.0744433696384471
0.113912958403081	0.563906802409461
-0.0494188519486577	0.206792080977738
0.036138008673276	0.142985027440159
-0.068462357882515	0.308749916289817
0.08186540087373	0.400918861829876
-0.276062254088517	2.07686070215157
0.130597009931522	0.534676884282392
0.101728908203527	0.480830991140705
0.104860563271584	0.499061264144228
-0.0794748665595459	0.350698829628805
0.126809696119511	0.516188178940385
0.176797603981462	1.07432176188088
0.022195871427934	0.08767846974733
-0.0230880219376602	0.0865582925415986
-0.0682812975967931	0.313598875559706
-0.144520483818073	0.739005231259065
0.138869617170858	0.615853005151874
-0.00104911746770902	0.00249847351714835
-0.0246604366338164	0.0681585676326802
-0.0186401823713434	0.0588431088797984
-0.0210773593823868	0.0701720978040388
-0.0623931502241046	0.253405714490208
0.0815770662925971	0.35567329005213
0.0351024355834438	0.130929522802481
-0.0394417722023843	0.159601382969137
-0.000459690482325524	0.00164087679104579
0.148011639129874	0.787477209109395
0.205388578908685	1.45053694185361
0.0850063282570217	0.4079414879201
0.00336340603810028	0.0119186174193793
-0.156758724120935	0.725086611262786
-0.0453809666437423	0.192382421800947
0.0478476550624852	0.208684210751676
-0.0160551592212147	0.060363559645814
-0.114069193802127	0.623340796531342
0.291816171476584	2.36034406298612
0.0485400694989821	0.171241601234714
-0.00599257115004794	0.01458829350811
-0.0143709485823188	0.0402044569413415
0.0501186454515792	0.176246802998291
-0.0300143844296983	0.100563758628397
0.0477360054802136	0.178858911883546
-0.0263984348512532	0.0936635357444959
-0.0509234801947624	0.207355914066757
0.0190948264337587	0.0738595276362995
0.031489678867076	0.127301107796471
0.0913764860182712	0.469469641357728
-0.0113932936247875	0.043228572176209
0.0434178364933217	0.186761257043773
-0.2021002725807	1.36546398649128
0.104791086328221	0.561234554790633
0.0601284249140202	0.275872997061247
-0.0690544211122955	0.326064125751667
0.123321011295234	0.704506881873313
0.0302866417352302	0.122072768839009
-0.16105393427102	0.901503539175726
-0.00668702472985777	0.0161566739246299
0.00123554248972053	0.00323415554722015
-0.0233111511890072	0.071931087356935
0.0794192149082436	0.308151165750683
-0.0259701492030814	0.0872640192790447
-0.0400970419840401	0.14714836501095
0.0257313092948629	0.0999368104445431
-0.0174533145147555	0.0678353321942228
0.0645622260206061	0.2967141150703
-0.111192122205882	0.600310378321383
0.0203940668060226	0.0788585778884864
-0.167659967115526	1.0712887477471
-0.0753571634926921	0.363763921162923
0.100897332375795	0.526228224634595
-0.0210070129569502	0.0828258240325867
-0.0640457738725912	0.296672202007721
0.0311671945433481	0.127794681787372
-0.062490768632516	0.268657519288879
-0.03168472945386	0.080925983808002
0.01122470956247	0.0306113948280428
-0.00696154499847457	0.02123651131975
0.0029434777970101	0.00912150881718563
0.0288716337701296	0.102119191798435
0.0136879460985909	0.0484199027014569
-0.0089341509057002	0.0331901098801008
0.0726432312101609	0.329675102208983
-0.0223132396559645	0.084287749878647
-0.0646305628506989	0.296523781690084
-0.0163793348729233	0.0629197195770775
-0.097743448920476	0.510584584495852
-0.069745288711341	0.328795021950131
-0.0666708197904603	0.311225695247226
-0.000625015584568817	0.00226000171805249
-0.038351552054474	0.160994454954759
-0.0234727599049016	0.0883191967444878
0.00350971749019521	0.00850061836897553
0.00922869639416424	0.026871123625902
0.0260494470508306	0.0865030648017975
0.0347611435658815	0.118859694702601
-0.0217806254632098	0.0708959658158896
-0.0380787477511938	0.139721867609682
0.0594664140534275	0.237000649208962
-0.0382800932731505	0.141746447654909
-0.0131047207753548	0.0451962735699979
-0.0184782508945345	0.0669763145125361
0.0283974205814728	0.114988457464351
0.0158569131391265	0.0603793700668846
-0.000263161286589881	0.000928255544005303
0.0774231644788186	0.373178940080084
-0.00808577979125318	0.0295203531822865
0.107563011349682	0.583953811243175
-0.0123295335726519	0.0302992842463976
-0.023162922347886	0.0649732190739145
-0.0316302448505915	0.104554562419743
0.0426573931138553	0.157221702640192
0.0544951807671608	0.238459252401734
-0.0259151410818918	0.0983137552663535
0.0488313518058581	0.203746487798719
-0.05338333892161	0.230667635385273
-0.060304053394697	0.276227079695144
0.0194625968625796	0.0733854709602622
-0.0804500852631111	0.378755372550272
0.136424453981798	0.80717704585357
0.0272809786850716	0.108354906480626
0.0291676327219273	0.118788622431826
-0.0151382828182237	0.0562158026867891
-0.0193908497809268	0.0482065170491794
0.00745070512685834	0.0212074396900429
0.0876741641114908	0.364264476711578
0.114200491973959	0.631278648229091
-0.0600892598636135	0.256086985359548
0.0110974976379209	0.0401687099995599
0.0267768328404083	0.105444092061547
0.0143084664489807	0.0515087609351174
-0.044390096311554	0.180842910371605
0.109479201891997	0.55078846468415
-0.0320334816408537	0.131391612574613
0.089173826698502	0.426117060770921
0.0401090902227327	0.170642825858815
-0.164207897246617	0.952179260903162
-0.0105368837151159	0.0258108015585743
-0.0387810790445187	0.117972487938078
-0.0341178657617178	0.118817318216676
-0.049865407610853	0.18042546132408
-0.0907437201554062	0.382381879922335
0.0179545955056942	0.0603932398314219
-0.029991438998296	0.114914997964749
-0.106156219347808	0.506293770090224
-0.0942931082293905	0.424867082471867
0.0467258056198985	0.190215302558488
0.0155011295206272	0.0552080105194344
-0.0422931416492949	0.171140641252692
-0.0481109116360344	0.210127687500759
0.00391708054343101	0.00959740247714323
-0.00198257721675714	0.00548231053596614
-0.00539540839740083	0.0159573336490671
-0.0461646652883259	0.158572957971159
-0.0424603627659817	0.146020823841688
-0.0672731965056591	0.257069785397848
0.021384035936305	0.0780679507062892
0.00631262372224705	0.0219503412716542
0.0147414593183469	0.0521191643303028
0.0825962108215534	0.3897656091078
0.0789286914310421	0.349933642804212
0.0568025464323639	0.244221383957381
0.0183906330397723	0.0461930381645915
-0.00666094126853009	0.0175722004447348
0.00242257007766478	0.00701175810216309
-0.0185403217644141	0.0586427742784059
-0.0160404519069623	0.0510497792396447
-0.0186415035916276	0.0680379706896474
-0.00736764294172997	0.0264860375298175
0.0368129202586405	0.143493630410388
0.0792415636742691	0.383399836751504
0.0918325281331948	0.428335083721767
0.0659393474589933	0.290137867189877
0.0258579857600151	0.0656577705272107
-0.00667447179893595	0.0188037440450228
-0.0168453943807484	0.0529889342768797
0.0335629236837021	0.116023139333015
-0.0203784557145375	0.0723716861969123
0.0473034964889154	0.186503486850876
-0.0201937434001074	0.0721459064357642
-0.0818282722713386	0.37557521062979
-0.0357015040520873	0.136572381589507
-0.00346876052342111	0.0123524713647706
0.00676601629820519	0.0162108207816134
-0.00756321333941581	0.0206753702656801
0.0103221182712044	0.0317273426595726
-0.00298453588184335	0.00942451409295493
-0.0429235073419278	0.158131757561871
0.000698835470458606	0.00223580816532023
-0.00157425898158651	0.00519041070057394
-0.0461140942475176	0.175768009150454
-0.0357077202878353	0.137980416594425
-0.00802548311536692	0.0195206968976152
-0.00367863804688563	0.0102057419080268
0.00801603219404466	0.0244439803250951
0.0367421214516199	0.123582619512937
0.0647194301965359	0.246411210456581
0.0622623249961772	0.240141047714363
-0.0378214640446682	0.132568249124212
-0.0320232326978419	0.116045540145333
-0.000512931878188971	0.0012484769389234
0.0148685976955999	0.0436402804493392
-0.0564066413593864	0.199534147432038
0.0664161857472533	0.246952951360516
-0.0347010838052056	0.121759590225182
-0.0418961304682423	0.14663132198019
-0.0569963188552224	0.215647958647563
0.00447957303919091	0.0109496983428253
-0.00128576300173168	0.00331802526232353
-0.00294494752278058	0.00885869281866764
0.00123371059567695	0.00371169034865023
0.0227322625990939	0.076264260439921
-0.196049663459971	1.23189222484859
-0.03006421814372	0.0775469205446452
0.0310039279360366	0.0931899564845741
-0.00504367062555991	0.0148122050444524
0.049891840185071	0.175562166803737
0.00180456429310014	0.00580715153045977
-0.014907834677001	0.036470615199856
0.0133299813119203	0.0356858155363186
-0.0228801430601701	0.0733263268300286
-0.0286825841637042	0.0988261162490312
0.0105800789213174	0.0263120361455525
-0.000796763576900637	0.00222191037953891
-0.0688488636938369	0.266075906772435
0.000117837893791825	0.000286416545065221
-0.0132576287268647	0.039052744054767
-0.0158557673771572	0.0426248798792108
