x	y
0.417200689671561	0.951865377943599
-0.127299676593304	0.0965744220585699
0.247806843908866	0.35572470678152
-0.463002966609791	1.17661048044376
0.0262737208205485	0.042303313262992
0.381445249160532	0.982739424803486
-0.497766808768494	0.541304224602652
-0.8821753280686	0.777293113224803
-0.534327437269583	0.466302120568847
-0.948874377411367	1.89990641803449
-0.0627378575941955	0.0644536439169421
-0.470227448373065	0.416344417542103
0.653023107292062	0.484445524253404
0.517887349196794	0.346909322064648
0.845605633195215	0.787385387972163
-0.0306274495954857	0.0132786541811883
-0.162944063834734	0.133784495841678
0.0649731188528139	0.0558416930146217
0.71705907088871	0.822714897481197
0.369619990132929	0.236872537820107
-0.606351285837033	0.520313049364473
0.207072410228878	0.109938842804801
-0.0534031587990211	0.037728915095274
-0.386485933427638	0.235345443783205
-0.457552845135938	0.374122267251374
0.370098651114756	0.206137457593075
-0.586351103914979	0.242093871895181
0.104626337026546	0.0743117398177646
0.555912545308901	0.551652091418261
0.0811682765453856	0.0640324192483855
-0.201489667166348	0.132610388997601
0.462902483488531	0.462569408412641
-0.251616121190252	0.235877367235204
-0.044706700876106	0.0351202838539967
0.689922932511555	0.650383256359647
0.234569852788682	0.143532156437334
-0.447074470881604	0.230341395922996
0.363186207659759	0.152698297839411
0.357502086265972	0.132466221999589
0.61592841105132	0.302447695288638
-0.148333143319943	0.0877047938559628
1.1853407721286	1.3207098627039
-0.197466373401117	0.0957447161261358
-0.472212673272684	0.418586364187863
-0.0720496638249609	0.0777258113868525
0.459160451475362	0.85913028075823
-0.351523391037858	0.595337286447582
0.235751141588398	0.361267655410706
0.331613523975706	0.577917279553342
-0.00732562284022977	0.00586892607696152
0.443992580278109	0.543617368245291
-0.202426122681194	0.133284031191179
-0.147607586223066	0.0872462028950933
0.207364600879561	0.110094732135464
-0.739138646565203	0.768428508920989
-0.167600471135719	0.160462697355941
-0.0302772042415481	0.0131294362248242
-1.03703986083846	0.674358381532485
0.37182301552952	0.207276503848697
0.369182308114273	0.189483235714214
-1.14762863702044	0.653801827518732
1.13450237198767	0.662881488995964
-0.314009116369662	0.196878180256266
0.0458481564191521	0.0328532339605847
-1.05709252338044	1.18757042517348
-0.346089125947831	0.291613608944688
0.492443416506035	0.706693934174426
-0.11091308362101	0.160350958356203
-0.166535697593175	0.16894374328338
-0.187878999689776	0.23016920164333
-0.454761039863099	0.727551184245219
-0.17251778670287	0.211539725535225
-0.571877697929717	0.922808276893578
-0.602672916157081	0.724502572300863
-0.139412541113246	0.125289068504878
-0.516413541424634	0.659837663443117
-0.600138004910339	0.385529642768721
0.0806332470898854	0.0791383707168819
-0.0758220448988066	0.0776798905346921
0.0639258282208598	0.0481177695792917
-0.284717128526075	0.131936457307058
-0.284350582146606	0.131755098811505
-0.727940800249243	0.451748211402389
0.373527429899439	0.285153257479302
0.0869704137390554	0.0473385204838749
1.30133041137588	0.692334609244256
-0.605520729264449	0.646069118255625
0.302618006629185	0.269698167871894
-0.125700841246875	0.0952703780755299
0.185769210482979	0.173094607120225
-0.105627626146735	0.0884865139213171
0.27719348201644	0.394462506121251
0.220033891224701	1.20454456885452
-0.178650387927653	0.262226468372417
0.0104373509051079	0.0249126497808236
0.0367251927454661	0.125327123383325
-0.108728079308266	0.534110648636755
-0.0864081313372345	0.385797030223891
0.154015721380215	0.262834609272445
0.156808192992401	0.210332417267121
0.0367416441455762	0.0509490467324179
-0.0265876675016767	0.0516660705337853
-0.377908539256533	1.24431316630272
0.624245642918211	1.36832578050405
0.200783224161205	0.231148457993692
-0.443085552631424	0.662593622892883
0.128165485982769	0.144399513801255
0.0416745020935284	0.0370843146332787
-0.442391377119177	0.992228763130349
0.00729041808051195	0.00963851993413954
0.462877904411827	0.811998669978948
0.292281616769344	0.367815497827691
-0.392200921203833	0.584543381326758
0.0943153295605031	0.112018081592329
-0.338346333753975	0.520023483900824
0.573807826961589	1.12202035019397
0.477481814576049	0.756261056313698
0.386035716948359	0.444805182228245
-0.233033572466989	0.186572168481536
-0.233069947296779	0.320886201816912
0.265532623585553	0.418081189550193
0.204015597748759	0.336043173449408
0.111459948721068	0.138804913017283
-0.294587187748136	0.574194482469667
-0.0931115540710388	0.174874680608304
0.619001669309494	1.81672505486251
-0.00865250987116164	0.00890007563162716
-1.21866679031101	2.22451096963841
0.370144139089597	0.252379740867899
-0.441078793623628	0.330552697346629
0.173616265942768	0.121872402819643
-0.400538160683941	0.416831928414003
0.0278849150742234	0.0239541725161045
0.38397458506899	0.370483767585158
0.180458250472287	0.220523649944067
0.0112142841557813	0.0209959706157749
0.155872909762579	0.513197596065607
-0.0830289118311618	0.239664259161423
0.0870572727275243	0.266048919907153
-0.0382861937280182	0.0888791273371997
0.0307251509908596	0.0570661769972886
-0.123954996734768	0.225338975706044
0.126023098160593	0.154145190187068
-0.0383460382864994	0.0352696351688688
0.335012223635698	0.415496615011812
0.0974587153669386	0.131460902925466
0.0392535436182597	0.0540502987577052
-0.470354244184096	0.574333310207632
0.32667944566786	0.373790401675755
0.627051467559561	0.491523476965917
-0.342800762063657	0.183914978060079
-0.367426130456878	0.334050270106833
0.905172440972127	0.951956220675153
0.326984903137203	0.364106495850614
-0.256660334208206	0.341840845913282
-0.0832134395663967	0.09762145179905
0.0241662724946454	0.0309862239211381
0.0219277195424913	0.0248626321903375
0.114884120299461	0.171749485159915
-0.0607427537203301	0.101202166065991
0.188984633103876	0.571384063586643
0.266114245474269	0.65275239925633
-0.0854688360203227	0.190333075103113
-0.0167120949172589	0.0284288178903129
-0.205158206903564	0.45551469499392
0.0937783591919255	0.156937990062373
0.0312917677209066	0.0413640458585857
-0.0857406674995538	0.0923926945679193
-0.0769991916227517	0.153510160337969
0.391347197707715	1.19146448377488
0.23837386784711	0.371239083486959
-0.0545838224748392	0.0385838556816666
0.0602815919226656	0.0381935818790105
0.455914431568048	0.49156006355739
-0.189626934358375	0.191817529429618
-0.225881372339379	0.19756254449851
-0.146708750055655	0.086652914303669
-0.1188813252368	0.151133879953551
0.517754604608168	1.26573669810379
0.297758508150186	0.38437077026862
0.194863417387725	0.275172620275367
0.120971216982067	0.132987480166389
-0.101801061051948	0.146944050428175
0.0391474277804483	0.0995149386885763
0.129493916510737	0.283179027248245
-0.0932707466980497	0.263284056234542
-0.0369788529973815	0.108278722461114
0.126675698101382	0.442647244796857
0.0774378196108319	0.255043483726562
0.158889601404272	0.309029152553666
0.123230760452493	0.208586074256834
-0.086891453604319	0.145229413057274
0.0246227422589321	0.0421970066443944
-0.140329076079106	0.312609885930117
-0.346116845036029	0.747213255189191
-0.319238052179783	0.426330899417582
-0.632341116047746	1.08709732016396
0.0364908523633005	0.0390742576489789
0.544777805256401	0.80511334928482
0.166771413439051	0.285688557299482
0.145099745547157	0.214082191941211
-0.225640039847299	0.342602843541383
-0.168898053788015	0.180824329195253
-0.327696985136545	0.419789169533836
0.102823945854835	0.132479953291872
0.191286273093017	0.214014967824374
-0.150799516404919	0.169268735307241
0.170943411013627	0.199837417609347
0.2190282702153	0.233463813022579
-0.0701948067716391	0.0546066545478972
0.638246896367468	1.20453051107754
0.0450694630187647	0.0524089772904389
-0.23680840240377	0.371048649335809
0.569957125737034	1.30048674108534
-0.0526719374952101	0.0638310217946515
-0.0309812974217284	0.0439447312178094
0.204303244860187	0.332880688112722
0.161232466114321	0.200658714329672
0.152146038281878	0.125154765621979
-0.0752545099936188	0.0393401237040503
0.608609542316294	0.50274169636938
-0.155219363871688	0.10415350207932
0.468314893339677	0.449513037371151
0.247768274549326	0.239645754112725
0.815791888826718	0.628437323662746
-0.147488011864071	0.0871740393612336
0.628227920717824	0.896168168268364
-0.0706040853350133	0.0549395788459161
0.832919287773943	1.29174105010245
0.57894955969766	1.27117586254095
0.0375428759984456	0.0768543288474556
-0.13677284836784	0.431349244109094
0.0129863332854873	0.0294239258031771
-0.172624874926415	0.70038161107914
0.0296105667108046	0.0688601382437634
0.0148528955328161	0.0250376067946339
-0.0408818991310405	0.0629037839806842
0.211043651699391	0.324499162914115
-0.234126572361606	0.322779349543762
0.138757148457617	0.145864283767316
0.0567628330746994	0.0740198285326038
-0.0387091052445157	0.0550797171124277
0.492062572805548	0.705937946120161
0.327974097000094	0.375720039750481
-0.0320151343453907	0.0202674689026256
-0.341832690151522	0.183325344026557
-0.822032421425496	1.06736075221145
-0.675847743282687	0.665372531485881
-0.300056269172655	0.256072039845416
0.383441116146558	0.399217808750099
-0.50420062436402	0.782715684142692
0.223205538592883	0.318644209297983
-0.0348908445539785	0.0453850666704416
-0.581850217840748	1.24437986524951
-0.497449266674488	1.34540598832987
0.0438707174664793	0.0827886178227499
0.0902573455027445	0.181673779199682
-0.139147412774039	0.362904547310233
0.0659797989354801	0.125105197186442
-0.0387780776665688	0.0636333598347575
-0.022252466665099	0.0356270760488029
0.321185326347206	0.632838868846268
0.509450534268535	1.14560619176684
-0.246152469691817	0.59361386171438
0.0164407227922745	0.0236682754112145
0.112142445987099	0.120052774433502
0.521388371499974	0.623149717134007
0.0298954881792166	0.0177825299224189
-0.273222970382498	0.272814702453616
0.240616544178941	0.223918421531069
-0.807680867303497	1.10586179180183
-0.60362071569602	0.559276958968016
-0.209943707779076	0.25838832636453
0.133369708796272	0.164508955384936
0.0408704517878907	0.0417983257104895
0.430371057162161	0.712848808990977
-0.333579837503865	0.464141480177886
-0.197847811278675	0.298608911643382
0.0589942827590827	0.138022048190151
-0.0517810077386272	0.139691230731929
0.109300177538401	0.397437314843864
-0.128756523353214	0.488978712060897
0.0143671695742854	0.0336369078359023
-0.012472273544554	0.0349640378854114
-0.123763050044577	0.353776672724398
-0.268977198037157	0.756139260308329
-0.0559249311847223	0.109591951827426
-0.429373935537642	1.70331140044406
0.0463190448669976	0.0930570112048559
-0.337719404024448	0.979322270128164
-0.256348683495605	0.505685736563621
-0.0220518937922371	0.0286940226991849
0.217293763626599	0.407071490146205
-0.060803028001086	0.0843016564189093
0.020021456323157	0.0314464080041841
0.189162003960909	0.396643313803221
-0.0459926464840093	0.0689061252650157
-0.301218661046741	0.432794951575173
-0.0340823017614972	0.042795131568599
-0.0482774062582854	0.0684890108939674
0.320599720995561	0.638776918827812
0.229565468838761	0.339554080595962
0.168251213983091	0.291715997926789
0.161079669633598	0.220128423399006
0.721116318083872	1.72718841756896
0.1086440916769	0.152051221120213
0.0753694503825255	0.114191338199448
0.239830558927935	0.474631252442809
0.0190081193451345	0.0267364398394701
-0.0096819389446973	0.0143285760371457
0.057577941819219	0.090945679007227
0.0331697763528355	0.0514494906991029
-0.187627212252871	0.274835213233471
-0.386402346522765	0.55735658488885
0.0314782934367141	0.0187222997156053
0.368090989984007	0.250614874770819
-0.241197065777715	0.174497282126636
-0.0983700118641114	0.0756691321269438
-0.245915120175076	0.247516771505459
-0.232417924891816	0.260631943841748
-0.00786339086211706	0.00768718542591072
0.12126652225472	0.0906508696372923
0.67314587517763	0.664031514035662
-0.443996379736795	0.458150559884197
-0.25192680045706	0.236190300670063
-0.0226011673717013	0.0232681228302255
-0.0227448453182687	0.0234195782987997
0.216169532516933	0.430327124432611
0.211826714864372	0.816031837442085
0.209158538767147	0.906851918553933
0.0791047054424918	0.250337821028811
-0.261744595085229	1.27413111838483
0.166595096274312	0.637152235712771
-0.196359635263178	0.592337546046176
-0.0673471046979394	0.138493938024795
-0.340845549629879	0.97267634161362
0.0146662763608229	0.021055957122411
0.0588006504123857	0.0768656350974414
-0.0619573109530759	0.098147630062815
-0.255468898732876	0.573973333292906
-0.50055288993047	0.932069106059992
-0.240022295638695	0.332749268860763
-0.388827258139556	0.454482873328518
0.730926835322489	1.1535545656437
0.570875708752545	0.769474752760546
-0.0354208808596246	0.0345312768677506
0.56869177847128	1.12746825328343
0.306031095545381	0.543286407544813
-0.207360218014631	0.331831594913605
-0.14496335339655	0.217657380338127
0.176194393733618	0.350408070811895
-0.253698879317014	0.600865838372934
-0.537102156859518	2.02815950733368
-0.178477215638856	0.509006037626088
0.0887155041402177	0.229183992106755
-0.0658746574422792	0.162230665503433
-0.217903932048199	0.715346726866063
-0.13143258234721	0.354394361561351
-0.222830582211781	0.59912386986052
-0.432841426509168	1.48071576610946
-0.565530901381311	1.59455536994002
0.0185507646237843	0.0382096979581052
0.0763960412878019	0.149436877156007
-0.059904402178852	0.0996793869922821
-0.014120192815082	0.0152668465693236
0.221871576656567	0.237123408207147
-0.0794438148813373	0.0896325973515329
0.460238642835514	0.861975897614731
-0.157419559125109	0.193058393880512
-0.138096919284389	0.155742360535119
0.42121690304029	0.871898022052796
-0.221752652305172	0.425137892924717
-0.369803867021166	0.837700380748422
0.274377378089411	0.588963467166029
0.390650494528251	0.746113412183306
0.0193574798721523	0.0294234356003649
0.248017122207184	0.400967838155681
0.0147399126863428	0.0351241003168075
-0.0524138104009388	0.0659871805393463
0.160854832636376	0.160527401257279
-0.0154171136265572	0.0518709960836959
-0.347802381239023	2.24846124805906
0.0871670026741362	0.19490321768471
0.555354212756785	1.50314200304573
0.227578943932366	0.577290149186177
0.0694707626171342	0.24711961416236
-0.190794768383889	0.708121053130157
-0.153698193630089	0.544325775592366
-0.253361261853353	0.704765835844995
0.396587957746093	1.1314018639458
-0.0356811752831495	0.0826205133475175
-0.334927940560402	1.24221666614022
-0.106322757207208	0.237538802340537
-0.250321332032274	0.742105195362595
0.31630655562567	1.09096688578645
-0.0772459008000723	0.117245396066435
-0.0479881974615522	0.0720964264063484
0.145301188788647	0.267700048063247
0.124240877540355	0.274998426861497
0.0134971755106498	0.0216133507210428
0.257313593146838	0.542303637047442
0.210495392307026	0.634957816185147
0.0957542791693078	0.215006650415496
0.256171850695775	0.837545932568762
-0.00167987959984948	0.00271952484031601
0.133628007880493	0.255822489043962
0.018089371968047	0.0291882246053865
-0.390556395771442	1.6706425370629
-0.235040182185897	0.533657078153083
0.0366971019387738	0.059565736978826
0.484421013844547	1.28438915747445
-0.312476742165436	0.569620613604075
0.206376871300667	0.307480944966215
-0.257064815813374	0.540590972935569
0.0559379034156963	0.0787130470245502
-0.275682161783684	0.485601699087641
-0.619565420214774	1.57821941464597
-0.111620712170774	0.161522451170029
0.178577913803656	0.279803225445956
0.236027380875314	0.356700855479178
0.1183317473522	0.159212071040535
0.324077783814186	0.640509470215045
-0.121908820782923	0.186087900715302
-0.52884484482026	1.25459002492636
0.391777348784201	0.822016779777023
-0.241236961571764	0.570942216837472
-0.55710155106482	2.08517454248781
0.0559976288193484	0.135139766361346
0.0742300057145178	0.167143056653527
0.387651750541092	1.63665448483465
-0.0182481213067895	0.0484154278193027
-0.162082959388652	0.475344721414805
-0.133048647871117	0.299005218073311
-0.0666177406450099	0.132521550863436
-0.104810235500127	0.336302843411745
-0.12294322661418	0.365082833592209
0.343306569890087	1.28701969046505
-0.118764883764845	0.24394566164947
0.264702725059407	0.533618297836781
-0.375645074166014	1.18421671088874
-0.133246676395177	0.253491976809155
0.258217680692019	0.594615094127487
-0.266656357048227	0.610895797942501
-0.118367122795317	0.209090330346159
0.0108052888539887	0.0156987787354653
0.187027973017385	0.349093666370811
-0.0231947984513685	0.0327820336540526
0.250440173434679	0.560494909261811
0.0546043892677203	0.0961428163419176
-0.394543518366648	1.22955924184794
0.0164579399628256	0.0328559633428174
0.0185581034213156	0.0372065905553358
0.133035403970101	0.282339108587883
0.0728042360728171	0.194557033959644
-0.0190284392174496	0.0400690329477093
-0.0363946476539576	0.0844149367493445
0.267989365597983	1.12185414814353
-0.184242971343453	0.528453448718045
0.130870765788476	0.368200929000473
0.0322970064692922	0.0805272935828448
-0.209660205572311	0.596734851201449
-0.0726612873825747	0.116073638981385
-0.047606635464469	0.0949400092185599
-0.175528605956631	0.43818954882557
-0.0989891182269962	0.185040013696415
-0.0943771386652639	0.170248225423626
-0.0184743800450718	0.0350731836796039
-0.131595787628435	0.2705417214457
-0.220851599420697	0.633400182860408
0.259155071394971	0.547469227587242
-0.365127871995481	0.978012035225104
-0.229496632827396	0.730814474253076
-0.0634324296062324	0.127781008542176
0.271781339930253	0.907679227004589
0.208725169296052	0.635488263587463
0.239465982387546	0.464539517638234
0.0573218089780312	0.167016700727387
0.358816743568083	0.621035424823479
0.184618771760687	0.437957720430142
-0.0193019679660054	0.0680622505683037
-0.21121498152853	1.09762766075811
0.169323936266605	0.492903360512854
0.0478980396590889	0.0803492772084663
-0.285221335895253	0.99315899650465
-0.0455963564773366	0.151554997715348
-0.0446114989664707	0.103417583983051
-0.0061771334921287	0.0152019026136813
0.130797922103608	0.335218743249846
0.178573568047588	0.419666634665691
0.133082569471173	0.38627811081397
0.292791321460357	1.04369969463165
0.225819152751752	0.709402547264749
-0.166610583437886	0.434855889606392
0.171483223097774	0.483437962595833
-0.207500442412525	0.458647956995577
-0.0964133792090992	0.173200445056577
-0.0232055288511115	0.0394937760437085
0.159004200653553	0.381370165976729
0.126437831636409	0.227247960401837
0.417044719727738	1.19191541862787
-0.0351959578962487	0.0635433816117003
-0.234426806204186	0.553844950272333
0.0476214554751069	0.0835566142141252
0.171397922280756	0.538781842499981
0.018451169471765	0.0325215648297964
0.416383699470906	1.21221380811111
-0.478050351846285	1.28071187616947
-0.239865851417593	0.461406295219074
-0.225873669445873	0.3930335735017
-0.340566263173979	0.687386669718947
-0.00593660490649321	0.0071965120196791
-0.00014146443094868	0.000193667339617949
-0.305717051784838	0.570166744090209
-0.246751688004546	0.365543141520474
-0.236641044424182	0.314321235247486
-0.307939671928077	0.558353583406148
-0.249566394444345	0.436660766111253
-0.231015206430102	0.393512255789358
0.465550300154046	1.03623567532891
-0.0369603174796149	0.0524629660037632
-0.261118416581039	0.457745238476687
0.259899605079174	0.713957102394514
0.170801750441463	0.400122729313376
0.00225490001731387	0.00516106621401293
-0.04253266577165	0.10577771274034
-0.0133434051583698	0.0294975125424835
0.217987230223136	0.973573894755255
-0.362080611816367	1.65806194628727
-0.029847551160036	0.0597317218189019
-0.0451114360248262	0.0972743564411048
0.0715949988505262	0.212151359691091
0.239081194117401	0.926187845202495
0.13704386124451	0.360471615209264
0.144525165412027	0.336807468054753
0.18608780269722	0.429084403295129
0.0240659938514771	0.0454327930644361
-0.239218847895607	0.553101289139267
-0.422508542055869	1.06299995039739
0.18508259771175	0.388960768283236
0.235387528556333	0.47444303250574
0.12003125079362	0.217876797968073
-0.0335116185622443	0.0589459723374157
0.136717119531503	0.324878508386841
0.217155440694302	0.68806141283859
-0.165612577696047	0.451412802437438
0.0593844797022254	0.117330584568354
0.132684811903659	0.41797850529138
-0.140363638114139	0.418602950231804
-0.0132946672669203	0.0307734087306016
0.107092355724105	0.324655236770273
0.0468073461396038	0.110365476564389
-0.0809483116998426	0.212482364071595
0.168747432401185	0.567880412321192
-0.0292997471487337	0.05994923394263
-0.0379029206502036	0.0664249599224824
-0.319856770099916	0.973981202139117
-0.0911303072627016	0.188032853995486
-0.0795621008949231	0.144030512326491
0.067418997426401	0.130021459217096
-0.0394820617714374	0.0718611548807302
-0.137093823000243	0.308345069404909
-0.343292604276283	1.09825494134012
0.249130838905361	0.457011683116216
-0.280625361342088	0.665768475790431
0.119845570879104	0.330405416113748
-0.0893225366735246	0.193460789690455
-0.146881625686776	0.358918747100956
-0.00272712331116429	0.00494153569073421
0.135146077714459	0.0842193727048332
0.00531819504614293	0.0119863524371614
0.133527543867855	0.2244454475215
0.0433261630777716	0.123945796497982
0.070922798703275	0.239147444350293
-0.180476792578031	0.625674974251802
0.00457615163830088	0.0129749143579764
0.111064456850036	0.450262486132477
-0.025110607151982	0.0710674011752902
-0.0270313088203497	0.0886983783158521
0.177375341507207	0.611427014232809
0.249482871560441	0.729120958607232
-0.0716608984924539	0.161872536880987
-0.0470464108216093	0.115100479371735
-0.108109063776687	0.309138158490165
0.122675844972594	0.311355764246065
-0.169920560413375	0.327766595801906
-0.488294617863833	1.26502992835712
0.0522538199520693	0.0839822516255146
0.501167777539534	1.39230346497709
-0.375710884216273	1.20726262845146
0.11214338654794	0.260125459671041
0.145731017844505	0.326788811831448
0.329204103356275	0.556169299645004
0.461878709654918	1.20145899435148
-0.133194109401045	0.283873318478849
0.232299218665086	0.578817856322679
0.093880737403453	0.179500053547983
-0.243192927837289	0.664028481452583
0.234416091274855	0.655689452844187
-0.292444160609473	0.818363477487094
0.443880094197022	1.0492975199478
0.0326411280788774	0.0418306645663191
-0.020828860708216	0.0191845906444396
0.614145379142932	0.708074206742395
0.372012948124842	0.283756288406744
0.0441066134244953	0.0393180354435977
0.0535993831047413	0.0492672208425134
0.175811462807302	0.250849075046796
-0.140498533568838	0.192547657478867
-0.512186928196785	0.652098309981375
-0.0518717721290503	0.0505532892364099
0.311199228622627	0.301080399371989
-0.0728965083224921	0.092116833454609
0.106194252699954	0.146491032547217
0.16208720962069	0.221753738522787
-0.130410197100301	0.282967175634541
0.0322478522924788	0.0933333500607144
-0.167816215067932	0.791387507885609
-0.104032417891895	0.401703175366329
-0.111185167911629	0.454045816252953
-0.00445943604960053	0.0126139811188043
-0.225027941724652	0.82811569457959
0.495401458185206	2.5122992445339
-0.0573625447384361	0.116862335864185
-0.16110969192707	0.361980595520222
0.0464600429942067	0.0753293414846804
0.282675774991467	0.846896055776882
0.283816413216204	0.500402830278219
-0.0096284421224709	0.0124351356755904
0.260918549500771	0.334327736954817
0.0822949927624459	0.0809009551715582
0.143730482426048	0.198523495506544
0.192279580980403	0.55492377682923
0.157398660898915	0.590960423721746
-0.240528020950558	0.88639663238806
-0.0458573656819452	0.131074923603547
-0.211286799638187	0.851830533596975
0.12261292966179	0.386755591429143
-0.0612163203080286	0.155325131941646
0.482318307199248	2.17758659021964
0.159540124642753	0.324593653094999
-0.253100901275303	0.984189131656801
-0.023217119357437	0.0522146195155339
-0.221849465695245	0.628268488605511
0.236019991447673	0.411774068231001
0.0916216615029809	0.133237845553675
-0.132854784800199	0.198532759421254
-0.0178674497527711	0.0216338182540091
-0.508780757360277	0.817280644603674
-0.0216463054120389	0.034397970446046
-0.0554599472181866	0.106328166749539
-0.00533982474603514	0.00864775037507862
-0.381296877030488	1.20140061930133
0.0881190717527617	0.149044758821986
-0.48770701047046	1.48682735086257
-0.0342630066138607	0.0185130818265584
0.190611028428701	0.403919809818548
0.0115907997675333	0.0288552618174815
-0.0469047793607173	0.121420966303737
0.234663193872322	0.960020659442512
0.0235908412279217	0.0734635151736991
0.0199658342960488	0.0585002212869661
-0.156381343357045	0.626183010069846
-0.120562914208863	0.383450003153458
-0.128300129647596	0.447286455778054
-0.0998132978454151	0.321026071724621
-0.0590730315627373	0.12891133722735
0.0532703473386853	0.128889250038274
0.17685899391602	0.461583504660286
-0.107226185229203	0.268289846604889
-0.0246240724050132	0.0588071605734774
-0.187539500195861	0.41196671619594
0.248764225113917	0.623447647825208
-0.0378805131143643	0.0663732618222235
0.150148933628086	0.31143012056833
0.00906373195104573	0.0157179634223679
0.0142393209121295	0.0256689900237495
-0.157065184575035	0.326811607490092
0.270363554137896	0.560317368704757
0.179642024384748	0.381722413039544
0.218594371435332	0.414330738410401
0.301681402296859	0.701567268958188
0.17186949308789	0.403231397158889
-0.362713876190642	1.18734422192774
-0.124545023305829	0.269196797923213
-0.144604640675464	0.334524842846446
-0.219757111808341	0.658992298021834
0.121974535315268	0.275975330653773
-0.175199915663235	0.28648207406963
-0.107442399647147	0.150618163742727
0.503455550246642	0.674412417490295
0.198020225900241	0.191884149412505
-0.132338661781564	0.109780737278029
0.224621715970704	0.246266508761896
-0.0739988808282907	0.0676242519194708
0.0362671420107395	0.0388247035199875
-0.235818614398762	0.325627869487521
0.0822954001754204	0.0808719063513866
-0.0505756092126305	0.0492420798631874
0.84424140334485	1.58537867606713
-0.190096764357016	0.233348713185863
-0.494963063645643	1.021200044863
-0.226985599544717	0.395534699122894
-0.365428397758342	1.02777652477729
-0.0369919522069439	0.107741526585308
-0.0404762781680609	0.131551424848158
-0.0274206115000162	0.0867561303925285
0.215349303039107	1.25679466912622
-0.147307471388081	0.629109053225436
0.0978016046191422	0.260419957799814
-0.105741544523135	0.270310748429286
0.0982850531783695	0.269523751918176
0.145227075709042	0.387253018019019
0.064444668001367	0.126070727469519
0.62098215064504	1.80314499868202
0.394258295856259	0.724040486475885
0.123649671986584	0.148714547957505
0.199089621294674	0.286398904055816
0.423606626686125	0.795769603682398
0.080885026071812	0.164713775588187
0.0230473461889636	0.0472762866122895
0.0129128351185398	0.0271947417128577
0.255884637231944	1.03197798958434
-0.0388817291518118	0.107377452605954
-0.0418160420807432	0.107200141163978
-0.0462803701456321	0.136085414804568
-0.0859829536076426	0.254172541376646
-0.237559429887758	0.916688458317804
0.193269597559193	0.612806852872054
0.0575300095273657	0.127515385824453
0.112803544322629	0.318851494450173
0.160368189957742	0.459754795990637
0.664336723112069	3.04786706135504
-0.0124210397807824	0.0179954468011103
0.350394719122556	0.761667458891551
-0.505637459461995	1.16658680183687
0.181541542952635	0.329970351982336
0.0948296520680053	0.163403737033661
0.172115335037042	0.337357501661645
0.00587795800763061	0.0112638793545379
-0.00823002175554303	0.0141973336078247
0.0967192233785754	0.168511772462022
0.384958697590002	1.14718409811396
0.152299166298765	0.354395738173139
0.259887559110276	0.504593090004794
0.260465819937987	1.02254772982408
0.101765417453454	0.195312783162612
-0.0166259547056896	0.0537601113739911
0.0275293057742085	0.0899323930464636
-0.418768385898147	1.6599704256947
-0.00897852338441048	0.0226672476783832
-0.0747179551693807	0.283397069821513
0.0718886414708425	0.277309791074677
0.131562855046881	0.607836763417668
0.00968457893768116	0.0203400120624802
-0.0230042729181589	0.041694267792775
-0.2114498792003	0.608395902289052
0.163179286059989	0.579831347926114
-0.048763566410554	0.131309581955864
0.00494382282219068	0.0098166754337549
-0.00213630969033191	0.00299722122876224
0.123732965653874	0.217718422957939
0.0686984623838732	0.105247967811562
-0.555581841287057	1.15395726098254
0.0433750452444469	0.102440774114134
0.000306900546338312	0.000645846887905443
-0.0699784278014714	0.149029684336632
0.020756524437767	0.0265086984846297
0.0566310741507684	0.0947558392431032
0.398453382258229	1.43051503002733
-0.243519947085071	0.501003287591908
0.199756887749592	0.542892171332631
0.278832437050975	1.16359030642287
-0.0398806873480715	0.0936910993094129
0.301455993062492	0.686956832748247
-0.220237609940284	0.37457499834003
0.0449257860409134	0.0321806200729348
-0.16069346793075	0.131719198499527
0.187863749331395	0.139118873247877
0.385212242397294	0.415912336750922
0.0250640050235672	0.0229880397796322
0.172433719434122	0.265152285437209
-0.149923805337055	0.217763351371101
-0.00678956655026388	0.00627494581169392
0.200776310669471	0.15639258579452
-0.244895180564272	0.246307960949366
-0.123971111461444	0.16363032224692
-0.11358200130277	0.183103541925925
0.228338944694941	0.337564857891675
-0.065232967635902	0.118836550979722
-0.106981488881819	0.401139792753537
0.012232484462741	0.0386760433848308
0.152533586819921	0.796160199117568
-0.012050668199955	0.0393715744367094
0.038244673126244	0.131182950196511
-0.094654571757518	0.318317055061548
0.259658607554612	1.13582598412693
0.228958399531035	0.602870780205269
0.291375522866323	0.63016464847484
-0.289205525266023	0.51085747790357
0.212028401081581	0.560891762926803
0.0234322316065672	0.0159173055316241
0.238926530183836	0.619567635694758
0.0440237212589222	0.112439193619643
0.0773811246709508	0.260106828353422
0.17376875239671	0.563628221333474
0.153405768815891	0.521470795235036
0.326197477096885	1.75607414878081
-0.101030337235909	0.281194881565188
-0.304870000967338	1.07769485576512
0.476664870532008	1.3252652351875
-0.228435666007278	1.02668654475725
-0.247980567590994	0.994335798019586
0.228796793615233	0.657616558383749
0.138916126880746	0.160927635801952
0.137273735012983	0.19831930950891
-0.263926448821842	0.392239327428305
0.082590035523897	0.0739124198510721
-0.0963329739456389	0.166609339947624
0.32172535444005	0.95290481198755
-0.0306708365308523	0.0459173182424629
0.035467530066687	0.0631357673381376
0.0270747933209064	0.0363437503910415
0.168233878999475	0.254368646313964
0.868342431741079	0.29019396369205
-0.0154087174222929	0.0276704041699763
-0.0800965217986016	0.111795826153536
0.0823475130186931	0.200829385952529
0.181216486817761	0.346155415220465
0.0153575337638636	0.0257357866451088
-0.157470721009687	0.744795368574541
0.0247518980357831	0.0772432200907191
-0.680538224055532	3.09526293925005
0.223125793313018	0.999945467523874
0.0205338372834007	0.065944362138306
-0.00863759769407092	0.0283003002283268
-0.0565468684644749	0.212128527767148
0.277263898912067	0.869076909338628
-0.0356100704279595	0.0621381307176025
0.0232829840175244	0.0438837958016522
0.127373838610131	0.386026622830155
0.0651274254284759	0.173025884158351
-0.269463539184978	0.737639878595304
-0.527392613256588	1.01243521136461
-0.520940783936727	1.29065899741055
-0.488041628408371	1.05845666412091
-0.65557631289121	1.26782739897575
0.029040659836094	0.0564683461726735
-0.097411353346355	0.21356901141863
0.224090554354822	0.565335500221842
0.0724042238346698	0.0903169400830922
0.374032421013707	0.926531690247762
0.577154898009838	1.60612648469671
0.432466005011429	1.29037226267029
-0.00097052909798757	0.00160615226041458
0.090307498072327	0.147842411409763
-0.164437373332898	0.356250578374483
0.071975105552855	0.164855955546034
-0.0727522793374511	0.162882281132743
-0.424596183554109	0.929948412307141
0.000112549481833428	0.000127004616627123
-0.605604251454096	0.646317168114576
0.18559066109438	0.090638639218792
0.371776164236147	0.253701813738382
-1.1180442326512	1.31880350152051
-0.788316754456059	0.923013156019238
-0.31820085682884	0.487456040179237
0.317776737566689	0.483517901676411
0.833467461706439	1.29344848035047
-1.00973453738715	0.868400834839889
0.0638359658120489	0.0480498567068267
0.113406234771996	0.121546586882766
-0.000202473141325127	0.000244951573793369
-0.0662013075106152	0.0806179051479604
-0.253395547892366	0.555385729055158
0.0978151440303279	0.323728769224447
-0.0346109706553198	0.121253787758498
-0.0283311479528625	0.095723668838356
-0.00937466260359625	0.0298647895623172
-0.168429866921435	0.838983682170404
0.176639288374846	0.725734774651443
0.283719185837173	1.20262911462814
-0.258139861669399	0.510447716967289
0.058376437280851	0.0832334053669224
0.231347869875457	0.3479470844064
0.0308926158667789	0.0523943875685636
0.165231450828067	0.394576734993005
0.481410947428044	0.733293447504188
0.229924300861911	0.303666512469099
-0.0251075439574544	0.034587566947699
0.177862221044972	0.335054485275873
0.319236633729062	0.74872223194145
0.307042315821703	1.36606672964617
0.0581154910958194	0.134912170504079
0.0235535019305234	0.0446508053367623
-0.0246946067969176	0.0339974215385067
-0.0394613465120954	0.0986285253666726
-0.0694063210637537	0.191829944490498
0.0433902211384427	0.0717137934462811
0.211675153897579	0.172910681232558
0.00250277484267859	0.00247732890931799
-0.688346676921405	1.33573101259725
0.18654468078003	0.203558990037771
-0.277296923302917	0.219106752554148
0.139653793720275	0.214763925301298
0.140188253311005	0.251948398206877
0.10454165943936	0.179292541762779
0.0867497255047576	0.151574968701555
0.461635520400651	0.823152681046098
-0.762398937557613	1.44161686649929
0.362725778297541	0.152489951674982
0.19397150189907	0.469270636415549
0.0138128745684135	0.0185900066476329
0.0412137484869379	0.100621027519452
-0.132597649617514	0.225422717716484
-0.200957936779174	0.434753512393652
-0.162400743716312	0.841906899986793
-0.200164136982173	1.08568727924606
0.00856799606548609	0.0174388214874245
0.144276990152172	0.530573181485866
0.246859974053816	1.53555338882128
-0.124494316998976	0.629022807610652
-0.1720048257172	0.893222727563859
0.298705608192097	1.09218517511957
0.023378049668396	0.0388886989658905
0.0443821203294239	0.0884125256076365
-0.289989004179487	1.06044075549738
-0.131356360819316	0.377889589056916
0.0333522057322235	0.0661438244007386
-0.0636592316118573	0.0803951218152348
-0.166694464892257	0.258462373840806
0.223378539303449	0.394330928848771
0.243662817365276	0.342820006450589
0.274999869398123	0.837731876422936
-0.0120713404848743	0.0223745233612704
0.0612499272468243	0.0980762224584455
0.447562141787105	0.93264827438141
0.0595456588009329	0.0884472266739206
-0.277150273492345	0.615258603111881
0.159146083811297	0.406532587579162
-0.0891279679795324	0.176802859228625
-0.188708845476492	0.276753787858113
0.170427285765651	0.199139289848431
-0.547888040405853	0.590329921130021
0.468495241754221	0.429690116886843
-1.11761455955812	1.31804302209479
0.379779789561547	0.350795865538122
0.0192434329586584	0.0130702355036306
-0.00706391116279401	0.00690396821903634
0.173999073788561	0.183792687017572
0.669327465297071	0.851025902475592
0.1652584856668	0.142143003231226
0.0126252427810534	0.0104392857417978
-0.600790714086955	0.760687965207572
0.21867088579569	0.270977918365997
0.252108666793766	0.314176355832059
-0.0802671147807922	0.128651880500815
-0.0301563590687794	0.0866812386063129
0.00592383561716273	0.0187369632195315
0.121551359411803	0.552059197802235
0.0693782449558173	0.272348321030347
0.0638420805400833	0.224279275397658
-0.131183784274579	0.393568596809299
0.339481407693803	1.49280494721286
0.041975755196064	0.0745276552538845
-0.367172734342404	0.744387008898185
0.0460057154977967	0.0557565353178248
-0.178539493692287	0.389694314445125
0.144670824727755	0.314525413335067
0.263515393083039	0.344904158152348
0.183835933005996	0.171023818981811
0.123407651265623	0.135975351554664
0.152307225134998	0.231999932630382
0.186510365633249	0.386290086808722
-0.10730734107119	0.299033909095633
-0.0763936489335691	0.187792054442101
-0.0674837870950172	0.131891990095109
-0.261437986255658	0.553073395787606
-0.114918189295032	0.338321654057805
0.28523233341657	1.14316367692194
0.211309222088342	0.467781204797624
0.266914336685057	0.356927639179081
-0.668422554570238	0.704863584970723
0.19180225982655	0.214698375264726
0.314765672110617	0.46957167237705
-0.147098807078571	0.157299498297307
0.0817282778620432	0.073090063520261
0.0322861504107289	0.0409030521609772
0.0459679497375793	0.071455099270654
0.390824589835264	0.650900353370027
0.175256823509553	0.253198059507502
0.369080268923684	0.18942000240109
0.590199597335401	0.511982040046479
0.132426707635104	0.313987541125288
-0.117566880701811	0.175828284436393
-0.0757869649950406	0.216324387551694
0.454197459815937	1.211058364986
0.2249633514398	0.429823259869206
-0.0606296922951911	0.207610401900493
0.089437990803669	0.327744915222751
0.0832214548766968	0.218861329200908
-0.241847077192824	1.2487302144598
0.199834099676212	1.15030067785254
-0.0694708675007751	0.259918642132503
-0.0234544478296907	0.0758481899286148
-0.137842714006706	0.377197090515244
0.276590889868548	0.751889380767285
0.155073433643839	0.418452042541358
0.0163713252453199	0.0368065260788699
-0.0268397297160209	0.0611660892382199
0.112755287997996	0.263700977393176
0.169270045302649	0.287957704564538
0.271255067721271	0.508892001999771
0.176807205722478	0.296610190812613
-1.13811968189503	3.17385533609099
-0.368006173716498	1.0997531256348
-0.0575579982870052	0.101798327789553
-0.00790523180607779	0.0122994284421978
0.0176710284278869	0.0274430977339655
-0.205745794219605	0.489062123728404
0.0746443286852765	0.153973793962905
0.12112372359073	0.239347672420734
0.596032873147588	1.56184352652608
-0.398251186383501	0.715463851376886
-0.740420520166322	0.770593379886817
0.453161793338698	0.487474259959836
-0.894708414611374	1.1507354786525
-0.0608437643550986	0.0518674820136272
-0.606690881104802	0.647895534821226
0.258998772433779	0.331328918216878
0.142641880354516	0.183109969510774
-0.0936597867417497	0.0852038501079195
-0.285151003495141	0.264707301757188
0.454907226867233	0.50864229399757
0.0900310061845904	0.117514234416997
-0.630811611051962	1.11839552104092
-0.0446932798320653	0.0735560304701485
-0.0656577356353683	0.189968618599258
-0.0220969131052535	0.0705991454569857
-0.141572483229748	0.635297900027288
-0.0391553380792883	0.139751256610894
-0.118185132021019	0.489433579610003
0.11092782432821	0.335379380839466
0.0938566093639955	0.226147914106929
0.241087969146527	0.622454552736703
0.0290240418098901	0.0469399144878159
-0.295094303522309	0.534065093750681
-0.0791521438552053	0.141316162568074
-0.190477384707757	0.44063843543434
0.142217576314529	0.19608353862187
0.314852269944394	0.461771379743016
0.439374571781821	0.596294324629885
0.137619124516106	0.14452342351779
0.117726642933223	0.345884378941639
0.361230619943029	1.77428878649792
0.123134514459101	0.264582431968403
0.0313859890261234	0.0497649875976759
-0.00734073444178622	0.0171646242336403
-0.220526340151066	0.741813346988439
-0.0156143103713899	0.0254354730714803
-0.0891562377942462	0.108837892363843
0.0976647257228217	0.0907135164381299
0.524439002038932	1.06065078480813
0.133462286545336	0.151102323998927
0.0710695330558147	0.0786600583014205
0.123582423276747	0.110580647543996
0.0504316897807483	0.0726139349930446
0.270355932018546	0.50660834070692
-0.225233537375642	0.412821891074114
0.774000740892115	0.629974955322713
-0.00714469156641095	0.00572336708259603
0.0862150600423021	0.0469114765060604
0.202216342657858	0.520916592192382
-0.0938101709720325	0.127182873949265
-0.223619613912494	0.828231385013886
0.376328607794228	0.905987960240433
-0.122480291134708	0.20259160882736
-0.0785807090981792	0.245010389089835
0.167664993241806	0.649561792237623
0.160341494851467	0.560127374020458
0.0156136087633239	0.044395888227018
0.0492393666053318	0.143508880755289
0.000662884444600277	0.00173845670108965
-0.0680495123300353	0.219364479353351
0.0748072482684752	0.191637564198495
0.00625392240401323	0.0114731151714199
-0.00332772644433835	0.00709544059994899
-0.0712310023189421	0.182623729846806
-0.134551447024851	0.367465377077969
0.0435888111927392	0.0931476010598036
0.398774007177169	1.11950254308774
-0.152887847704117	0.294920570169268
0.101815574752729	0.181642975765925
0.0830368143236511	0.133338533856713
-0.149576498303498	0.377276695378976
-0.0195002305345844	0.0344781350920006
0.291073621582776	0.793300875289497
0.131198562609299	0.208773995534854
0.279808877190208	0.703162871423567
-0.0115878840483982	0.0200205881439886
-0.0172465751804177	0.0316206006188215
0.199835885427703	0.557179879317615
0.0437750138375585	0.079570937508022
0.0641573266316889	0.106755442515738
-0.150011285503349	0.205330837757176
-0.167600471135719	0.160462697355941
-0.168578958617449	0.171336452780057
0.326984903137203	0.364106495850614
-0.0189302487065643	0.0184415838581747
-0.105313359897909	0.107232143211044
0.128786819606573	0.158133844661438
-0.208358008028688	0.324074051240065
-0.208893296053738	0.23417205056141
0.284713327162637	0.33354162291807
-0.123896733764821	0.125994043366783
0.168439427132689	0.214648588285259
0.04353871453493	0.0615131477834252
-0.647834905454282	1.49289359927859
-0.071867578762798	0.128525866767884
0.0412725791103703	0.114475998248335
-0.0478458062002502	0.144445540429945
0.0502224231818362	0.154923987197681
0.0856274968774473	0.302052363897768
0.140475232843111	0.520446796772753
-0.196410801537139	0.634782153566893
0.038821493925033	0.0896703879288677
0.0668057788139419	0.147744689743039
-0.23529955345426	0.578299048870423
0.100377744442803	0.163423336323713
-0.0612530291741714	0.113272971695597
-0.130365924155986	0.315919605758734
-0.187588283699834	0.300041020327835
-0.0264760240990787	0.0354659236383443
0.606295088093191	1.08078277616758
0.253171383278729	0.371134577795821
0.332006277239805	0.562482525433991
0.348156129873032	1.2574680436974
0.0500655121886998	0.131009000978179
0.050380899660915	0.117789519072038
0.141344541084441	0.427641089410607
-0.0398588356578137	0.103025994376637
0.185646447387446	0.609468817632189
-0.395116925025562	1.55523974127384
0.0692988087748423	0.134934447980528
-0.0138068397174219	0.0324665423915463
0.112091349882485	0.30671424876115
-0.0374292736048888	0.0659296587328013
-0.505797581232123	1.144634583483
-0.053830472756306	0.0578070205738822
0.15208714870556	0.242727457468767
0.110096874534782	0.170832331910596
0.371384817208026	0.727696859169083
0.359924374174357	0.623728886131145
0.210825051444157	0.466399909887116
0.498738682203524	1.41331978864538
-0.191965497607944	0.0525455876689241
-0.00301507855490611	0.00220306389518644
0.248761198372794	0.303275740092248
1.06144194697335	1.46070239926473
0.539650015326983	1.35751861108936
0.248811638941259	0.407890741040413
0.129192229637077	0.380536239157699
0.150281922704434	0.211815242658864
-0.360848612917853	0.518898942863586
-0.0445870574857685	0.0751479565967352
-0.027172353091098	0.0493625702284391
0.0484308174389466	0.15854985098507
0.182166960820373	0.70934626200772
0.169013663272039	0.427582528763953
0.128718674088235	0.263163945598533
0.0729097068321358	0.151071127560939
-0.0601108464482296	0.140412264028943
0.359121723461528	0.886601901134244
-0.293328001913167	0.782596154476236
-0.0895232814767856	0.20579895701433
-0.0647219292563238	0.124763893350652
-0.0804060308121015	0.140279165526462
0.321833872945608	1.04137146818897
-0.0241285849486002	0.0421977057468254
0.298177834442258	0.745928370021969
0.0337828216902303	0.0607798284469213
0.397914068918986	1.29564579263616
0.0914532510476578	0.190580091025012
0.396551512181734	1.12088128427303
0.0801879879725949	0.117500584262526
0.236331249806655	0.481594493392658
0.386276127094857	1.22304591254423
0.0891871482219094	0.17190053658457
0.17968674965655	0.384958576626664
0.858845045301571	2.77409259199939
-0.602296141526476	1.25758679531639
0.339318848897745	0.450617393933527
0.0776196324518689	0.0878779802492587
0.390530780484571	0.549382694463701
0.342582541711524	0.465949128487659
-0.0708830292916769	0.0763761894438301
0.109778689201432	0.136470179846086
-0.265143626821421	0.379990596001911
0.482444151999717	0.735571732066455
-0.211440927625843	0.237581532257308
-0.146443003940172	0.18688841154675
-0.0106455203801622	0.0128915006321948
-0.169856014516634	0.215820250707813
0.0349002768575972	0.046350379999981
0.0912172000823631	0.173583133093079
0.187575540535703	0.566716648166307
0.0470594089736368	0.108381672228508
-0.0296173722727232	0.0677323882570382
-0.203543933521728	0.738791660269223
0.287124986891585	1.12072613411602
0.333340731052238	1.13996713196309
-0.00865375286255326	0.01625138811225
0.0472005773751555	0.109175195211026
-0.0499607419956595	0.104649188960947
-0.0641361308245022	0.127689925219062
-0.213767404645803	0.510632624690058
-0.115440988857862	0.222504045990268
0.108412937688548	0.203719336097512
0.0639296588121108	0.0991897557324044
-0.114227356715789	0.150858797235757
0.521592404725893	1.08600794900447
0.071921128730785	0.153957743983964
-0.0370237912699989	0.0700253099468783
0.136529034020241	0.384648452112349
-0.0408985191130849	0.085580021837118
0.0316586486701356	0.0720132431800819
0.304444402546279	1.16895516262663
0.0264649656200874	0.0566542957685465
-0.0857493382302349	0.196897886133832
-0.110558742199899	0.277034885809279
-0.371033174147484	1.06463144800129
-0.0424799026062521	0.0746022356444896
0.106956760606622	0.163646576557549
0.154269067420405	0.235585607667814
-0.108930244780903	0.16667163235352
-0.398131325935555	0.884270848426323
0.105155546364301	0.173930042969499
0.192449571632329	0.487885041211547
0.194621326721038	0.21837883085216
0.440441013954395	1.06221711047022
0.288379975486147	0.234259655665203
-0.241492310863297	0.465406739899531
-0.261383691446591	0.458328582043223
-0.199576467398603	0.834518657633011
0.21612839519044	0.301798374358997
-0.432904613174463	0.778760234422588
-0.00511841705856622	0.00898072659667617
-0.112874713518937	0.255342927223061
0.12460054049213	0.657826944559896
0.316898559523943	1.08075005819867
0.0865355958016683	0.317440747141341
-0.00684545716356745	0.0177027875018499
0.144422914707123	0.325092542986123
-0.191753117933004	0.467795346074836
0.0175953211037055	0.0459831901836793
0.115995548388133	0.343784965835602
0.0194813986080585	0.0416122845468692
-0.028315295518346	0.0576798900683265
-0.249022426579668	0.786153199624888
0.284918337822845	0.801956690751398
-0.10133484345179	0.240584748839645
0.184751022867257	0.405181964812924
0.154164722842867	0.420020306029022
0.0617003029665714	0.130382007366638
0.142553609266193	0.259330526095673
-0.159801419183413	0.274467730997668
0.210541902711627	0.349664722188342
-0.0291247680642124	0.0354023245857635
0.182751218373634	0.247496030395281
0.191474735422137	0.31179951503326
-0.100392285474059	0.131964535615393
-0.172327454758519	0.235641587098209
0.1873015249885	0.303544666647183
0.359699907880188	0.632470968448549
0.426456937599462	0.778956295073513
-0.0547767170601061	0.0760188917789083
-0.219054014649503	0.361602012101662
0.373869031450514	0.849813412722028
0.376980698648751	0.927507201864531
0.29691582517099	0.860431968657024
-0.00172421068396962	0.00431284296712827
-0.27508427438338	1.10754802606871
-0.133816548291041	0.459585947410692
-0.134420039956123	0.557204817433713
0.232136616457355	0.952922609319955
-0.0674028148422336	0.151488951823509
0.110509569238354	0.273048186272533
0.14037966704065	0.55275044521907
0.289536016829313	1.30273905289946
0.10806977905798	0.311319799845936
0.152018960722439	0.35134853121085
-0.216589669068599	0.525263929427729
-0.250930018312738	0.740231716706323
0.0714877624183428	0.122200891413138
0.332739224350874	0.896758828337833
-0.0901006396182107	0.22340700712261
-0.162108466983278	0.581145637589086
-0.0082806534382504	0.0191767028815439
-0.041081500602918	0.112729853199641
0.0533445796077631	0.158002955866471
0.00253448290643495	0.00586960556379696
-0.187968238141195	0.765401889284913
-0.0641698671715289	0.190004197900106
-0.130186988813203	0.368373271195801
0.0211452082491868	0.0394857531972303
-0.0307479692672031	0.0570021718566075
-0.492023573126294	1.95857298961348
0.175687928928519	0.381006859504062
-0.446108998047344	1.45476750754133
-0.270342831766309	0.727833795586294
0.506275209254294	1.77032566532426
-0.0297270399146193	0.0128955319354753
0.643572488254343	0.868090633623004
-0.5163084196057	0.378896461262035
0.241669986242532	0.829361312790947
-0.209883006560784	0.409350044023058
-0.00991606409372828	0.0236303856554572
0.33806246944318	0.808564134492969
-0.0100555222415531	0.0156109484392862
-0.0579889405144397	0.223369604004172
0.192807949693304	1.08332044444829
-0.142332125802216	0.459078811025699
0.0719416264546308	0.243649259299517
0.336095936942485	1.54571412225226
0.197343022536665	0.748580133189682
-0.0526271077035919	0.115677376228399
0.0231398577425942	0.0345030639951547
0.061013063656017	0.094268342255148
0.00132536353345381	0.00191276590111865
0.00195607756388113	0.00268648794421639
0.0336416093972376	0.0649547120013808
-0.0382931940970989	0.0772889818395224
0.554749938200164	2.55025054982105
0.0989983649946124	0.174471021959118
0.823862655290597	2.11606966027863
0.0823570311601956	0.0736936878854976
-0.49624911824693	0.539013436566453
-0.661085449891506	0.742504749529493
0.385730089086993	0.457532853888594
0.42084022838658	0.882605042296334
-0.226178199345124	0.332268674751103
-0.0431003619261032	0.0370323069788327
-1.09253139744143	1.66581608092795
-0.0714105837106536	0.0651112907671679
0.164577244503448	0.208934172859527
0.718937394415204	1.85307312131141
-0.302009027875486	0.462542268289295
0.303257681175051	0.747308390116219
-0.0246982119851107	0.0706686134113276
0.0948182330788242	0.376585990995614
0.101181382623992	0.410002758940504
-0.0333619981693038	0.112632125093196
0.0131278671275049	0.040546067710937
0.0892229811512637	0.272199101340126
0.0714043199296032	0.198364561392198
0.0200859898426634	0.0352912185220444
0.186983773463171	0.460629763371189
-0.298808034459399	0.611148303042546
-0.0478240774897871	0.0896335339624324
0.16060991253791	0.44231889917984
-0.0960279717281019	0.130552620495482
-0.144127336452781	0.189734695587321
0.56505007863824	0.963798379847811
0.190575175912485	0.634213295283835
-0.0725934019733301	0.218407883828924
-0.0582459368681955	0.156438692585863
0.0153007764998514	0.0385713349049247
-0.00339677797061125	0.00848979104584719
0.128147208726008	0.40925530702344
-0.0239185220622964	0.0545904652884088
0.112286545058395	0.31287129459038
-0.379527980902713	1.05296735854275
-0.0757151352578429	0.256730713920882
-0.0708873221879378	0.198723230130988
-0.103858344370678	0.218565028784808
0.0203882508441619	0.0243044863712715
0.510453025033957	0.647721804052394
-0.307752632570687	0.502652791466944
0.331023555442493	0.5684621008572
-0.0751369491337861	0.0952103811671905
0.214115797304593	0.175189535071008
0.065754091668093	0.160745041623097
-0.0284288282428247	0.0485473051565529
-0.202938020627518	0.751022167190847
0.00276793190701903	0.00442023251607878
0.131025615011649	0.289131414233965
0.0513984886860904	0.20414259312435
-0.0640500730549975	0.248449688724027
0.305655807432702	1.0456043735611
0.199350431033039	0.843608111607691
0.143970342037403	0.358591763837106
0.200856825591466	0.721152518694032
0.10802660550283	0.307282050188278
-0.00271367725197085	0.00458415951334866
0.0128356110036843	0.0160590044216047
-0.441308525308052	0.885944587677207
0.572013426460818	1.2879459465358
-0.359308765865415	0.553810568803766
0.116779345782839	0.251987919933636
0.178098457733929	0.393695152959882
0.226883727732553	0.613184763654696
0.131157386183115	0.277547523008335
0.0766339565589969	0.116324043232539
0.287714102518358	0.345662888061409
0.371154164969438	0.282915275030569
1.61994599171517	2.01543821209248
-0.882548706691747	0.777610795073897
-0.242621210073226	0.175670350551747
0.0949913623201649	0.0963433257961597
-0.516302851899306	0.659642521287014
0.719000191026517	0.825789867717928
-0.300056269172655	0.256072039845416
-0.12528250756821	0.094924474363341
-0.49706674894543	0.540175102278727
0.0641525385293801	0.0782661721211778
-0.602729958205919	0.837944027120801
-0.401748372239223	0.91075815860358
0.00958389525516219	0.0241912814597268
-0.0143316787177202	0.0443708366031454
-0.229141614599078	1.28244587030683
0.0501320116593292	0.180348523624636
-0.0579641295501632	0.200968772613325
0.0255371548367054	0.0603721588248881
-0.104194928898455	0.269439305771121
0.144851622771535	0.256135095146367
-0.432864082820093	0.942892634048912
0.429372786387116	0.748835896392034
-0.331485893987649	0.802274158695132
-0.252646046051765	0.653083877323775
0.0212325592568196	0.0194226774656927
0.138041041822328	0.159758069538927
-0.0206073313355442	0.0292171932590916
0.145334982885735	0.318444344826524
-0.16021936846274	0.412925416134589
-0.0756286653318015	0.216742059733523
0.00600887401101645	0.0124147671491423
0.211268751186069	0.717167013063175
0.239099126506042	0.970942310162468
-0.283640774120266	0.997878656027643
-0.00765591665750049	0.0150964874036348
-0.0509299149869335	0.0973553680059386
0.367880637500211	0.718678886289639
-0.0121497188035071	0.0459571591664398
-0.0206735774438245	0.0467453601601786
0.147063421035172	0.273924869348259
-0.232489524391524	0.274121685019451
-0.303576128067483	0.25959954593813
0.146769529164391	0.158511731868579
0.108900587244801	0.124956843159657
0.371809402617126	0.283399140260056
0.364224528983161	0.959648467990885
0.139715704484951	0.217245982088867
-0.0975742810232158	0.30059280381383
-0.316211624142025	0.589238405483859
0.0542154481282477	0.0729286964332884
0.137276133342598	0.399665438628801
0.0429290314389129	0.111621431190462
0.232977103794497	0.87518658328304
0.454379325070239	2.21498054274991
0.101422109565382	0.241439149549155
-0.0397786288452414	0.0907215634622728
0.137618277530956	0.257815524354992
0.489146556496948	1.4472900404392
-0.512753215333493	1.43879851601406
0.308406045478717	0.643657049334082
0.225713173797887	0.508705535575029
-0.0729437812450904	0.132913819641627
0.250710873599356	0.593464447625433
-0.0170894326390801	0.0260453770085925
0.187104568562481	0.234131110551707
-0.109284027885647	0.0917891649124502
0.462995108754907	0.462676494055333
-0.274534216832976	0.274425052745485
-0.0831465293667825	0.0578267125384676
-0.35366330874005	0.453301175083252
-0.128222489404821	0.0973287094534265
-0.499384343895431	0.543561082574997
0.163224628061753	0.140209739575807
0.434551060826837	0.642477098750116
-0.0978010021610398	0.105015208603212
0.0717095138133298	0.0845494711492624
0.0899832978047331	0.151330905650689
-0.183329774189813	0.758591493516687
-0.0441762460807978	0.145696419388611
0.0080041816512232	0.0238187249186848
0.0508625946224503	0.194848593181007
-0.0202130322058459	0.0601480489410701
-0.106322540178102	0.292924673894885
0.0557256727162345	0.122510553512281
0.145758004573759	0.340367019343515
0.207970910138394	0.429812183208741
0.0916168507980968	0.161281661743208
0.232776260439701	0.505610392131874
0.270452600767369	0.44014192224405
0.326360783441316	0.525525186747925
0.456212422997168	0.491941644807172
0.158159193238709	0.34806927252336
-0.140747741747931	0.325350980219423
-0.375425655038102	1.36124193315082
-0.192917303236113	0.607797956050107
0.143034291599905	0.439465442733046
0.246585773026526	1.00858553961265
-0.0498990674614387	0.138680328521365
0.0113170902227675	0.028230046244965
-0.0975574259127439	0.241099825466642
-0.250607036217912	0.745025122806416
-0.127224471684851	0.26331083196008
0.108150006001	0.365534944563435
0.504669983202724	2.05279166466689
-0.346391137556118	0.943664740103037
0.0544738049950123	0.0612469137943015
-0.329582289547337	0.348355356767583
-0.427055077392138	0.661853586678771
0.0477373767280148	0.0464948393250347
0.307228934082867	0.539008959177378
0.284389158337563	0.508112064839599
0.486550778086661	1.23383556186343
0.262025027504861	0.46955889218384
0.0752023770473789	0.103745517050329
0.0331444793265485	0.0497156736251041
0.148765767174358	0.265045659455232
0.0131217900736371	0.0322269104557273
-0.127506767195544	0.168933521650272
0.316754239791879	0.465345542647924
-0.0230210569974481	0.0484483616031232
0.055590117121331	0.122142422525246
0.0616690767856916	0.226004825382554
0.237175164764349	0.84401485436621
0.0814161251785127	0.199017176284967
-0.0456718565282576	0.0806633435028911
-0.0553526075943456	0.0959589180406318
-0.193292922940731	0.400329285790171
0.0231935565627885	0.0374596407279558
-0.0810489876243648	0.151194821550364
0.122723556393346	0.263510588006852
0.0196502940119118	0.0298879913602721
0.278797413779376	0.397328579751146
0.191046124203741	0.213701134872257
0.291465560472449	0.358982919433572
0.330415253898875	0.379238089519188
-0.193245670730704	0.170632123903469
-0.189574365598783	0.20262004875469
-0.166146565966756	0.168487976137005
0.123405093930584	0.110386916478596
0.0964867383822819	0.0895478409658401
0.0967157219763678	0.115176381995357
0.211584459139169	0.289474443305161
-0.368307212060752	0.882025413210496
-0.0620728319675084	0.183458419218642
0.130623939749921	0.533685869540398
0.00534553384560861	0.0156324125591428
-0.29514379186749	2.05247200986849
-0.11598889861821	0.421497845789533
0.01979203531611	0.0433313370643632
0.0669514951438349	0.147373118290315
0.237615224112764	0.326895353623711
0.135504665341856	0.347724945137249
-0.0893764267345319	0.196106707064983
-0.0136833100066271	0.0291453773898796
-0.0470732056913662	0.117840269694396
-0.227040176121541	0.821535717800172
0.255669954474619	1.11522161662301
-0.168133344890903	0.599444877583067
-0.162474176177043	0.476807198719986
-0.00660677723283605	0.0134377925692218
0.193558105987407	0.571726133117928
-0.0902584546966265	0.244554476653228
-0.222245107951832	0.583477058548066
-0.101003190229515	0.171100557063328
0.106400418735399	0.162668086459815
0.69705144342138	1.16864429552
0.33260071910014	0.572081329208652
0.320538322392649	0.631144340748731
0.339568844910249	0.838087831416439
0.149363350726819	0.24009034755867
0.197891391121008	0.362753214517756
-0.189203245240939	0.621554925365837
-0.129910876705878	0.247808219732178
0.146681857976048	0.258199162413187
-0.107796018211902	0.449390268742379
0.047401218636732	0.171359986517812
0.190006439429834	0.607809985367421
0.0601455458596616	0.0796593155808111
-0.154860159395218	0.245516384556849
0.0972600889974973	0.150158650786266
-0.160681745815524	0.212633983294661
0.125848107643353	0.281050142323153
-0.0849040213002325	0.168233866072218
0.121493442753594	0.257008902759137
-0.00488227315086425	0.00649838362814262
-0.0157923640058169	0.0235790469864353
0.486825828476691	1.46691645462076
0.302747651186528	0.620844021909086
-0.430729614897465	0.415572964781577
0.456938641168745	0.493001395994921
0.456831909031833	0.492860296966819
0.0928261075322381	0.093964811946763
-0.28033061440737	0.40129820361067
0.66657262407841	1.32747765451749
-0.207356444373207	0.402913854955047
0.0793290763481407	0.268441527282698
0.0343465664735513	0.121095030864407
0.027745409883432	0.0955484301827817
0.085576340354447	0.382364295801474
-0.0448718009287319	0.163881243827398
0.0578894749556942	0.158470838627306
-0.18597496279878	0.622189395432294
0.0824079242019426	0.159440956329987
0.0860048354912075	0.183298678056194
0.0165566479745694	0.0347128339174138
-0.0727106304675838	0.218834631056945
-0.22067053922484	0.767521834727623
0.120013888892723	0.366757972161052
0.0103543194833991	0.0261275011631271
0.0134081982345041	0.0309149063354938
0.0270333903623745	0.0606153682221586
-0.0826085485509982	0.159527177918351
-0.0358387875305527	0.0575362349816505
-0.158478785987615	0.588376138243041
0.0353966050525555	0.085253175388984
0.0759400975209448	0.13174217955925
-0.108773244015227	0.111124646903543
0.181089791296854	0.305415569312103
0.012849086003581	0.0165892329050874
0.123821275470406	0.221644969475972
0.208627971504872	0.319733259452814
0.179485454449675	0.302116512945797
0.0945713403905433	0.139475189512712
-0.0619595986825482	0.170472002250505
-0.0622019653312066	0.0883948085715307
0.0634051318811807	0.0955494674077208
-0.127658316789911	0.52385113951131
0.0244164056092548	0.0704728121807225
0.0977348471176923	0.289283860427888
0.0591053333981079	0.211183840891045
0.0517181691116824	0.172236850164116
0.109707290692235	0.42556400837484
0.192182393424428	0.57590672213562
0.080231553592237	0.204591669648116
0.217572153092205	0.56428663419728
-0.0864568266463325	0.127670091763498
0.173421606749458	0.302752803682294
0.42193256467448	0.944305888891657
-0.136812524611545	0.200004041223667
0.121410005137976	0.281328731196605
0.0705986472594915	0.13582337525191
0.158722372098571	0.308603271286608
0.101751558128467	0.146402997749052
0.0217255122908273	0.0306742692380262
-0.0322321546112016	0.0492868559361311
0.174132358118269	0.323366570186386
0.264590752671777	0.522091769229923
0.497983700472478	0.700113902834699
-0.159590192605418	0.119260219754393
-0.261172975613008	0.334354838431096
0.453590987535258	0.506681123294755
0.280798722688547	0.217026248601395
0.0362120931996162	0.0287054523285623
0.0677027390113362	0.0643414030508699
0.239360037581816	0.373282904721509
0.215541557211485	0.300762317874494
0.316104240195715	0.723974057143187
0.0120312163002413	0.0315504685914555
-0.00172793338672721	0.00530912698446411
0.0258026306299688	0.0856147092985919
0.185096468540239	1.05630122718799
0.0311440956289113	0.101853237473473
-0.0186500827038775	0.0439449935164879
-0.0428589125799337	0.0955331855993161
0.0871060604594005	0.180443798918688
0.294700714063143	0.934363260914331
0.00865836525639552	0.0170071379431689
-0.186206737992883	0.671577820384373
0.255977664232914	1.002715770067
-0.0160426498960674	0.0368909211696386
-0.161401452858359	0.57958343971492
-0.0306429704416282	0.0735968924064857
0.135472257943843	0.342379312415811
-0.0915370911421558	0.20767194369484
-0.0869295641758682	0.159964064598988
-0.152793785502615	0.493262839727836
-0.151255657026373	0.409479715902758
0.501282628667314	1.59132614023663
0.00934439048736151	0.0107263681695049
0.596085457053493	0.736041124584803
0.0152292558034693	0.0230129037140299
0.0812415504854196	0.124124969410579
0.100516695927499	0.169940551624156
0.519954737981386	1.06429600814269
-0.175962668612884	0.280492726471017
0.832647352257929	0.468308310596458
1.48896908806107	1.08191889757444
0.739078151007467	0.288091327313709
0.108765473202957	0.225629354957017
-0.0810586150853697	0.116060231654562
-0.38751720697198	1.61511521821531
-0.117976162394636	0.180984052220613
0.50662501644395	1.56935416236246
-0.0157956827999411	0.0487273164660801
0.0448092640669599	0.140451120713466
0.0100551950288163	0.0199927287028806
0.118848259655165	0.400201485448605
-0.0744018245058454	0.281313522938752
-0.0902376736757025	0.365427272399987
0.0884184423552516	0.330706758738689
0.111056314056754	0.284683162270198
0.0264418337194681	0.0560879713892629
-0.0239774178294288	0.0497101956731833
0.134893301213248	0.295101090764902
0.0812588758532104	0.0981764605216585
0.598041986639647	1.2490001300335
-0.201718962945162	0.305815397975733
0.350812631456848	0.509606152521539
0.0525350894824557	0.0994205812047464
-0.14751263364723	0.317687952411073
0.0777155378416424	0.11707038437288
0.107306143866299	0.140775578538614
0.372193467196705	0.900832618108425
0.305467509612644	0.527744778899668
0.187984020105192	0.235450820860165
-0.201321667005228	0.115720661347784
-0.474912886833661	0.606112199583287
-0.300894356087309	0.256949448162101
-0.47108221282502	0.417213673174323
-0.160440170506978	0.119949548343787
0.566395019395746	0.967110153295654
0.0963518857897243	0.114696705968042
0.00570650076206832	0.0053581145875446
-0.0806731759549516	0.13565535906456
-0.00483588504615988	0.0129091063803365
-0.0635831920201243	0.239103569950734
0.0802146730566867	0.325333274980677
0.114121704363547	0.537738793675389
-0.147747818792383	0.661435964161849
-0.140238437775432	0.426749333342464
-0.197221578712787	0.602266550814557
0.0263193432954627	0.0377370194417198
0.375646926060779	1.31532789559891
-0.107374290613562	0.321572111277742
0.161944407136561	0.451535185053761
-0.00271781988464346	0.00574805055818594
-0.033198789548625	0.0793666140795168
0.314327960168042	1.22004887886654
-0.151877130823257	0.374550322358873
0.109340310450167	0.215541365074157
0.0506591179560209	0.0707863621225058
0.389346540767853	1.77527100339533
0.0408779591942958	0.0884838127493395
-0.139191501028328	0.252373965302348
0.297880511830918	0.482835074185934
-0.236967499964976	0.424778749295933
0.473758694770059	1.07864455941205
0.186798958157236	0.306035755320883
-0.172859283648785	0.251951457357805
0.358005488091791	0.581673537757095
-0.0262562147525711	0.0208797018062396
0.653607899715816	0.48501195308888
0.0344598810418097	0.0548888486983315
0.0765548349017839	0.116191225296727
0.219610944805236	0.833548640208342
-0.098133681772792	0.140930980079894
-0.237580645041004	0.372624687482677
0.080660026000912	0.237358637597066
0.0215409110745419	0.0565698235184815
0.212009335870414	0.845665792635727
-0.284484667820978	1.43312160410257
-0.13954292251932	0.619132645283679
0.0427610379360429	0.127445159022947
-0.116261295439078	0.45186438301273
0.111522848352702	0.351618529463244
0.212031781655545	0.5986392300704
0.0323848259318962	0.0657303218437356
-0.080316223742058	0.191051092247074
0.0171390303535191	0.0324423822215215
-0.00185675404146353	0.00224838067847534
0.0163375213710696	0.0220567148980872
0.317083156203776	0.614462907855917
-0.126622354207508	0.194564038385903
0.155072204442601	0.326598955572223
0.44488842275546	1.45738743104287
0.0500725059533068	0.0769085082459603
-0.0273832261566575	0.0217870186758273
0.567647832526955	0.540414220903899
0.00137541311711045	0.000753697661087296
-0.197247498400916	0.145089300091558
-0.543799566848854	0.548922716967631
-0.273308690082241	0.272877850288686
-0.30140833024387	0.354407036693169
-1.09843833187309	1.81499640154685
1.03818396191169	1.1248469557535
0.455509239693432	0.490973754531521
0.130692305016695	0.133602859546192
0.0127412889503554	0.0129168888911031
0.573185569171255	0.941632986026395
-0.680805166659225	1.98148028207634
-0.0496406978546111	0.151882467192193
0.0838656757333399	0.351926694113486
0.114949061082304	0.503280873462254
0.0446356484594164	0.154242631058905
0.16772104772313	0.535364583550371
0.12792098000505	0.334788349542341
0.10439708804279	0.227912605320306
0.0977804744826294	0.163224237935754
-0.00451278548395716	0.0103572086961214
-0.0184824326048716	0.0411081734612318
-0.106271682129097	0.300511951009033
-0.141601790158541	0.473345998586777
0.20221136104607	0.69901543622602
0.233267251581514	0.715266750949714
-0.0330048846271847	0.0630366140603968
-0.117821231494802	0.213897437384892
-0.0373082294417136	0.0779642224143185
0.0235579811403199	0.045156356838803
0.36006965126621	0.605212683308359
-0.213921467358439	0.334999461618907
0.0913554979494466	0.138561426070328
0.162803503364484	0.256951913005298
-0.0637343403914933	0.0805226183817392
0.219218398436869	0.344643433057564
0.113578414354564	0.264214719548328
-0.176595015640853	0.258562452360324
0.073203220741379	0.178537984963761
0.210261935313993	0.403495421896057
-0.119419465854429	0.245625212925546
0.0245652269776935	0.0877227798095773
-0.0584695318820055	0.212510881612635
0.153581860575735	0.370129391007628
-0.145539232624737	0.548835976876491
-0.177007497690496	0.948097770122608
-0.0339378278188065	0.127177138512999
-0.0643515014410997	0.254697005594061
-0.0563880604585483	0.127898205516072
0.0470010880332644	0.120407250528152
-0.0180870049699344	0.0218943902733781
0.087211959019653	0.107527714317166
0.155216835823082	0.38193705626744
0.247017064219996	0.676546069928
0.275549212240484	0.742294076295551
0.308526122873808	0.93555806444134
0.255904813688856	0.489131982781402
0.0984609714592443	0.117468430675821
-0.754142926125212	0.730698458183849
-0.549629110620095	0.592892757954901
0.200428582346188	0.156091842418234
-0.694239555866084	0.585387170866234
0.533075459940686	0.594770866399515
0.0481982391190048	0.0504887733703513
-0.0186115719370557	0.0200188351662184
-0.48076223578245	0.458180718809566
0.135146077714459	0.0842193727048332
-0.156645472541777	0.105200187438918
-0.114993214887458	0.123560790278372
-0.0328109311037163	0.0353759416242222
-0.032808180937299	0.0336814494100651
0.115018364743145	0.187148075377591
0.14893068791262	0.521818729068444
0.00810674495342303	0.0260639917285952
0.211160376442062	0.380576076450451
0.115705972550518	0.239167146365936
0.144466163938567	0.38469560917977
-0.060121080117168	0.176957098931299
0.147707320093302	0.432265993240851
0.0925798597977905	0.260939644125165
-0.0861342793822522	0.243400966008338
0.0205313951606466	0.0466103931204473
0.169084329188868	0.467317110539314
-0.190880828852135	0.418079188730344
0.730406904891293	2.52665782954288
0.176272913988655	0.588947057969357
-0.0787877683370591	0.204796832559314
0.182088082446278	0.394645804091143
0.0357663398926866	0.0460163401845775
0.179321805692151	0.321825118616696
0.0861841482083808	0.0999727164988308
0.299813835020469	0.599259610831592
-0.054492061495048	0.0687900928220307
-0.00817428911979924	0.00917678183270818
-0.315667721135779	0.847288339065336
0.252942098588054	0.476586479430617
-0.11242103325812	0.293626377589908
-0.131841841303285	0.218983057137526
0.415735853607936	1.1863769386394
-0.0153959342317187	0.0483273026692388
0.0276936497991306	0.083388420425475
-0.240691777998454	0.648479294024054
-0.281628635937114	1.2698342708951
0.00599777745003169	0.0186418302701702
-0.0408018552652627	0.141723073568986
-0.0205617927331964	0.0644183806817625
0.331913920636607	1.28445249375604
0.191403763144156	0.491789202310882
0.238861724609156	0.585639207933792
0.153410347851526	0.39721508681606
0.0149011821746829	0.0283829364152984
0.078432011298002	0.113500489170667
-0.758603800436639	1.47879445112777
-0.347507627125569	0.293067150887124
-0.84848837267432	0.808708856510992
0.0227304846688969	0.0154342270722359
0.785518810221586	0.801028302948215
0.000169367605057454	0.0000963422095379189
-0.507769512198176	0.790456736371072
0.200995634023308	0.263609668595071
0.153994413662312	0.126851136532206
-0.221693637352704	0.20967380291102
-0.660899665065649	0.742276855254738
0.561987783464864	0.976065659336546
-0.144867646448898	0.211555869835507
0.561742345956243	0.975891832268387
-0.228493290428571	0.486221051274309
-0.0440682663970853	0.126274467671309
0.0471159253670897	0.158865497232003
0.00718782920379507	0.0222589398261395
0.174254817177379	0.918555034320289
0.05155452194007	0.178013286647838
0.282425224079005	0.730319360805883
-0.021547199790303	0.0424621908319638
0.288053337515958	1.41217045733171
0.0935886062958452	0.242948184277398
-0.151120739845711	0.455923481663797
-0.123773750535613	0.39067855309161
-0.0099835918836449	0.0222745216552254
-0.0841602057570869	0.196688636845369
-0.0565982619098856	0.104434815925518
-0.0581461007431175	0.0897938448180444
0.209756712818363	0.73030633918768
0.207768392523048	0.66186176120688
0.0328958401867488	0.052282963289659
0.377708472117455	0.333672018056298
-0.0371562256433302	0.0468329981535961
0.0806160481507572	0.11819003243436
0.333629997632229	0.607058277216509
0.162494309653013	0.271279201221547
0.300543885594315	0.509534435571607
-0.382915440256785	0.592500189356482
0.361585054204691	1.04924299738218
0.172889223243677	0.26905879095458
-0.0605449101831972	0.127764097147384
-0.350982970410525	0.807372957932984
-0.0962289812830362	0.180427340272726
-0.206121552955332	1.15571728188998
0.0309618777069662	0.10008699407417
0.0280048960365948	0.0448842628069942
-0.151418959821105	0.496983319121741
-0.266495772663792	1.74161449901375
0.117583978856101	0.560763888428242
-0.0304338805434247	0.10172404426282
-0.155727202195972	0.384477076548773
0.374340278357113	0.889541387485519
0.267132873528461	0.357290368081517
0.279802761514087	0.216166303030767
-0.200158570267173	0.114993887491283
-0.0950220281949378	0.0729255773474424
0.150924628929154	0.124099514053959
-0.44265328756731	0.332013097428999
0.486319742479923	0.727556170124228
-0.0636834070072972	0.0716195578064455
0.0220114895956167	0.0149516879071883
-0.103100556508285	0.062491000507201
0.541240135969083	0.58236999558062
0.469747263807045	0.799470797913271
-0.350231140681572	0.521784850231287
0.550452451373612	0.79621187936508
0.217638265037452	0.403764345926461
-0.0228917408945156	0.0605332263683057
-0.0905690133538677	0.349438776666778
0.0405083300812524	0.132530631294193
0.132227686235567	0.587239110365903
-0.195553568774524	0.994168070409988
0.12834425049052	0.428264915087534
0.200207221141729	0.538198687796762
-0.186795538955168	0.705447771113857
0.0102436941514479	0.0202839450676739
-0.0595103844096837	0.141041311196294
0.168098282217297	0.541373986913796
0.100061841390258	0.24751300840164
-0.0124297122042181	0.0251746775149315
0.161500300753482	0.332147615121284
0.0862737819311342	0.128710901777009
0.580049047322867	0.93627562486082
0.0290669452131127	0.0249893577320722
-0.233790401146972	0.187257159938242
-0.12456619865393	0.18614693391448
0.158806327297007	0.280446936180807
-0.32440485280082	0.53116824655502
-0.205956417703612	0.338515768968228
-0.378237851876124	0.582689886353121
-0.156164451620142	0.183852502646113
-0.757353742364249	0.412644066454415
-0.126892265138731	0.266863524423832
0.229212357758608	0.38296664533074
0.0834349064485411	0.19803410214257
0.00971431020129813	0.015129452788868
-0.169311298416319	0.402132097692115
0.0286138925672422	0.109928545194324
-0.0749895152896459	0.316753851088066
-0.00916757036163519	0.0139640927384379
-0.168374302204859	0.624864867859186
-0.017806572203228	0.0641846219953297
0.00347332435605458	0.0124878932673448
-0.000397363427883201	0.00133895711520833
0.0142182189529793	0.0250322495536629
-0.218844747022109	0.437907111991228
0.243978876472282	0.56699884400093
0.471268089497897	0.432959859416721
0.612727386109088	0.70537743971443
0.259450723223329	0.179665806112005
-0.0766691657475313	0.0400991233906083
-0.228342710321937	0.281016241401726
0.317630884512303	0.466964021748907
0.38063219678604	0.336897272732262
0.570857364671695	1.1337534103768
0.0586162103336609	0.0587588756604513
-0.0458265867485562	0.0653380055781904
-0.12038086947786	0.384520538901817
-0.163490307546274	0.791771080815357
-0.0839159370434273	0.317355194079201
-0.180054395328266	0.871642243797508
0.0498503241689686	0.173703295453924
0.0877065089691818	0.25669305706733
0.251880935780706	0.891228668009996
0.108670106107573	0.173658223250477
0.186918942176743	0.40806183109938
-0.0125417799058076	0.0245190007849902
-0.0911450300472437	0.276039955330984
-0.057501386893743	0.123151914221347
-0.186455785344428	0.58638575723193
0.0847594740466804	0.230933381188134
-0.0672737300047576	0.162089022939359
-0.0807907384365869	0.16994139853936
0.0994548911357843	0.18144200587178
0.0453379486496406	0.0622881551306537
0.137186084105366	0.394307745552688
0.116892610491801	0.115567285139784
0.0821596168733471	0.0551772795733618
-0.0366861598854613	0.0478231368424876
0.488264645785611	1.22477385563393
0.0669505786143175	0.0819375113066199
0.46479237535868	1.1034775839703
-0.988890631084155	1.87296181229218
-0.208513309676058	0.245097799447481
0.770481648606086	0.4697527575359
0.261865440347314	0.792879378642268
0.472201044805406	1.04425555809051
-0.439246838818723	1.61307702928974
0.251076294592371	0.509621245323496
0.194184980796981	0.487442744860152
0.043294919621192	0.182426429799404
0.142897033537634	0.760294134807697
0.0221988594837942	0.0333343275068377
-0.146894851105779	0.511546286367273
-0.00488288971811786	0.0170457333291234
0.00881571324186009	0.0328392187217
0.0656903722949093	0.281790566795671
0.0164039749756714	0.0267884581030107
0.560132796713527	1.70384423850047
0.0992181908597631	0.20546402598325
-0.0539076907348929	0.0380961796557771
-0.0976901768980279	0.0750934278589245
0.0174355889939286	0.0177302991145275
-0.106461902493373	0.12457084334628
0.539400603747347	0.579727009094538
-0.181033184240757	0.305904415171658
0.0205772257352284	0.0517844240790207
0.0179099436906325	0.0548466615683995
0.0512772127934538	0.179064271335395
-0.0851424791017823	0.309820483270116
0.00676241818827895	0.0193625056103385
-0.0795099941659921	0.218563316404365
-0.304271165031739	1.06757488948995
0.418453281300719	0.863671906012585
0.365107649515729	0.673794045297939
0.695875699267517	2.30503033898318
-0.064438982397461	0.106389634869872
-0.0870024141109134	0.16286103747528
0.101125183334064	0.238160524106614
0.207410097660702	0.820774613267219
-0.137662065802453	0.349427537407162
-0.0849381325021726	0.222198060705166
0.144937928211148	0.447027446993333
0.111047895460341	0.261665122341602
0.448544116697689	1.78513275413416
0.184997491549296	0.402712523817453
0.167679271175974	0.253332812650642
0.255026524571065	0.997400940187451
0.278007934818566	1.15843443324907
0.462451052326705	0.481287320102287
0.096537618976062	0.142768482629613
0.0332807012047804	0.0454830199557148
-0.22070984865187	0.326791003414579
-0.0895674163890122	0.1359121053687
-0.135019623246507	0.151808038757455
-0.274315203958606	0.405775355261962
0.628980340670697	0.493425700274869
-0.293315023126409	0.942948440495215
-0.0335352251095303	0.0473544545840866
0.228420952493665	0.850881071041643
0.457038626028831	1.2093762896381
0.143826039443861	0.338784070182386
-0.0740486754031242	0.331989617396819
-0.0370463300116965	0.141478827137277
-0.180987204500163	0.418401610581921
0.0516478400004636	0.158978196980041
-0.0135077726697823	0.045949208109567
-0.0686813870147825	0.307229726826992
-0.141948923573542	0.744325532989809
-0.0750733395168497	0.175253032747505
-0.151483225292	0.306493214470145
0.120739420912019	0.274148111976014
-0.00141667134662683	0.00144322214369046
0.386513590050072	0.458742587666689
0.466973295945156	0.447923455906276
0.18530285736296	0.277826818882696
0.0904940238369599	0.091414495932596
0.45535646229295	1.34945776881536
0.0108767568647606	0.0267031328610127
0.0312622695638758	0.103442152575625
0.0584709720057624	0.199516960103029
0.0677089266445269	0.242013246809082
-0.060643108390576	0.205952971533807
-0.0018605056203023	0.00432309970069347
0.154200722829519	0.465154924770736
-0.0570740059813205	0.0837555074754069
0.307273402655136	0.640491808525648
0.670354737095953	0.85297425052559
0.240793696014139	0.50788726750708
-0.0479973893736903	0.0721295338257022
-0.325561748761244	0.935880528294997
-0.157863442652028	0.446065763649836
0.105508758515181	0.338080520826911
0.293289524147015	1.10457303666417
0.115926393449817	0.321536003660999
-0.128677123374795	0.411241111059124
-0.073462387900698	0.177013515751209
0.310900755961459	1.10412049623295
0.049793374523721	0.0888863566817824
-0.292960187386423	0.585725165261991
0.0353339637745455	0.0925143465960548
0.0205078971524546	0.0487556314022366
0.429833739487646	1.26638840345727
0.634186358725114	1.05470445449862
0.314617223543462	0.453144671391119
-0.160519634038486	0.288793364303431
0.372268722304043	0.825736999628413
0.161241444248831	0.303056570690288
0.0605354096398335	0.0764697968975995
0.220884462829104	0.314672221699173
-0.378882544984903	0.62446998334246
0.0649343512680145	0.0489007644010196
-0.0240403417538343	0.040720409968337
-0.0585770254979977	0.0835922962930803
-0.0755373012801672	0.22026523248789
0.12275713270771	0.176763647956542
-0.191427606459648	0.263744107468973
0.0691133964197878	0.17932936874464
-0.00187725212026945	0.00432778082378828
-0.0928641433537903	0.371767050547302
-0.193352783526165	0.966077457343976
-0.00804511342018783	0.0204690252559349
-0.00000165543911716582	0.0000227663131172341
-0.00180528815531882	0.00426590998404838
-0.0680494405132135	0.222925880098769
0.297980385443451	1.0823088362967
-0.0000902798794630743	0.000204462852986248
0.172764460837744	0.484643994218952
0.161659556550505	0.204571177431878
-0.00704529923209584	0.00758281396064037
0.457775615113777	0.882877029677375
-0.136964748625601	0.249756893899705
-0.387255621419788	1.99702586714591
0.0743146316333118	0.247408708916721
-0.0333124096305803	0.0982393271382679
-0.175426822488899	0.872516725695695
0.0667965880499195	0.219081726813057
-0.0491435532668004	0.104379651220728
0.338014719602957	1.22045374206431
-0.14506269346372	0.429572981125898
-0.0388115133141822	0.080510193480329
0.197300673932936	0.458360611238049
0.272311325650043	0.379132788194962
0.276285935636989	0.673342035180587
-0.188951871410658	0.42378760038706
0.192991036805808	0.547794216565119
-0.182104840349106	0.554493688214551
0.0163649302035713	0.0331189088970981
0.103251347213471	0.302900805217501
0.0837054689431988	0.238780186071395
0.00515758246088597	0.012303646441203
0.0426984939221266	0.111599928689064
0.118994372781274	0.318727098544338
-0.127738466626783	0.343475727343028
0.27054968942955	0.994439890983618
0.0510740635594881	0.114439960825144
0.0692052871711786	0.14162662213817
0.273897257898722	0.64200410498843
0.318555835892442	0.633174358294479
0.200707851591351	0.293264624118724
0.149042187353121	0.195465491140544
-0.292012449987476	0.475858351842004
0.394678738879498	0.788572921551817
-0.0782539097949802	0.0954968927735569
0.071060149603807	0.100824817086376
0.114867073717427	0.179344093684676
0.140430161633563	0.301089299778032
-0.102161180523248	0.0618831031946756
0.121170387241089	0.145322088845132
-0.203649231480148	0.117114080366703
0.337909546159272	0.808020462082644
0.152901104700417	0.249549080845438
-0.106548076306231	0.33759268927527
0.239534307094976	0.419822208261097
-0.0561796679249932	0.0781138361513159
0.26025025595946	1.00353278925176
0.00444124433126477	0.010669331245714
0.0795729371489273	0.299640250904011
-0.12805652430413	0.545630290362129
-0.0811505139547276	0.246576389306751
0.0386238578449859	0.0970448642417911
-0.0374717229998377	0.096675522417323
0.0920990474392975	0.290756430809709
0.144924177136324	0.419985426582467
0.429999722289862	2.21777275872934
0.0633225641114177	0.139683358146143
-0.00722329757522512	0.014806395752462
0.064827918480453	0.145017312030675
0.0643140393050599	0.114077425628262
0.91251748202268	2.67885637031015
0.128211981325835	0.220537349597794
0.0838622330216423	0.235004327391057
0.0185065607034311	0.0510842307005331
-0.000885718991467248	0.00252377878923037
-0.198945973481038	1.03734661397377
0.0238864711290869	0.0664328722178378
0.0402664795592106	0.0878887692600574
0.182537591263814	0.506908260802925
0.513950163271246	2.70154467729205
0.0853163744460388	0.179540252140314
0.140002679696629	0.265444334516286
0.0881618461516182	0.127630353432364
0.192843313057795	0.298991408626801
0.104456804854503	0.108962203023744
-0.150700976909754	0.169169942888826
0.184473357666627	0.319124437329503
-0.0163380436513661	0.0260648902337936
-0.0710657134003776	0.136124082188927
-0.148987193382824	0.342969223235359
-0.00487468860467519	0.0092573881791661
0.200450486602119	0.665031936539957
0.173352680488919	0.619091626240624
0.158438143636526	0.522603988978939
-0.20052996528147	0.744413784811861
0.206330340311665	0.806006086337191
0.218920252237819	0.717011625305003
0.327246213215409	1.28487732636737
0.187361665431247	0.512258823455299
-0.10402546101214	0.263757304017262
0.0775889677957179	0.160995218086645
0.00819075372718827	0.0144389561727061
-0.353506989306889	0.647055455328681
0.0362666706338512	0.0342914340237375
0.0800419849468061	0.10200796332043
-0.144321677772485	0.216503047961949
-0.0122389440449228	0.0148453538676707
-0.53452308355935	1.10797254609306
0.0514773564570992	0.0690258042849693
0.0170404317933614	0.0230256946230182
-0.0350756164156816	0.0189519589431525
0.371955117698308	0.238634877520482
0.0707415247073736	0.145961745484157
0.347468493669792	0.735705794120829
0.14069294954592	0.448053343573353
-0.515898837346914	1.61180493680833
0.197165083558931	0.457930341563778
-0.14629271874677	0.717350516200633
-0.126893372883877	0.599089675042154
-0.208548167219539	0.62785271254353
0.00634019364351991	0.0167307009561382
0.0458106771920196	0.170831594741007
0.00678956031478394	0.0216617365811523
0.158385920752013	0.823337434993397
0.109084710200949	0.312180626043232
0.21503913017082	0.575369728649064
-0.211313619642026	0.644077497000575
0.0085321474272894	0.0210733554422304
-0.0578717128194768	0.153166677520015
0.231752476856313	0.710636110633053
-0.113427425489535	0.17872897905705
0.257477976078666	0.581517419262585
-0.0952115803674168	0.11167025855995
0.0553321625148345	0.0982026062475491
0.0270383734010947	0.0947098730687038
0.0266837985391704	0.0893041408703429
-0.155449108872544	0.783521522081774
0.091614180020602	0.371382803692117
-0.162784646952791	0.579420889762868
0.00930150221555991	0.0212369120849371
-0.110998048000376	0.238546511465661
-0.333452507508799	0.82844583943593
0.125673464552142	0.174838336598768
0.11772982364683	0.244132175131237
0.177291541380406	0.212280217092079
0.459385055371856	0.477309400710929
0.565936546029327	0.965943071680509
0.342813662369994	0.447427722833168
0.0178083138494124	0.0240863267181248
0.178500877257001	0.323060439842863
0.0281981011562532	0.0455338890402596
-0.0408228247918321	0.0699264138503386
-0.189693884682303	0.483212704922948
0.0209381709222542	0.045414436134914
0.0378965870019318	0.108881152114016
-0.173570814364974	0.591439684156166
-0.0251559357018432	0.0592517737287591
0.253476817036427	1.14873647952907
0.0361578679200198	0.0906626306842132
-0.0244079778615929	0.0548668231764545
0.173561246163318	0.436218399994048
-0.112267956157105	0.198111773048831
0.00187789641198265	0.00415431902503866
-0.129833822416707	0.383206334297719
0.245331149778222	0.566543658765111
-0.189874854996637	0.223247081073571
0.813600668245736	1.13042896940732
-0.282625350918114	0.405489268687627
0.0399970998229052	0.0456365858240268
0.527937168115797	0.845268211868036
-0.161289894910143	0.120616879549895
-0.0309654119544491	0.0426489551006267
-0.585358440196601	0.241609758126898
-0.291543445402922	0.207079824962429
-0.498563998431211	0.329841011831365
0.00890198659060016	0.0183597310854286
0.33532332604596	0.743232241931589
-0.0156850880510413	0.0353760437453596
-0.181532447076971	0.409609484650533
-0.0252702273236526	0.0487791054901257
-0.0227668302012934	0.0876110980122093
0.0417273493738665	0.162603174899731
0.0331963632077079	0.0640448520308117
0.230521483114157	1.22691322940321
-0.0356701696704851	0.139875352019286
-0.00733700763940896	0.0268336860288437
0.0326438780440733	0.127578238879511
0.116223245667536	0.300616340331631
-0.113567371051929	0.240179913401745
0.413424108221128	1.55269955979195
-0.233143333903256	0.989147205458944
-0.0316214756160805	0.0826902706124162
-0.0144713544588491	0.0289287196771162
0.286800493466587	0.532753539900815
0.1291439868198	0.233034423962761
0.0964207819070192	0.148694568065468
0.0390644931674777	0.0883868686920413
0.310246215946744	0.995985983773138
0.283689975455231	0.332147364095547
-0.00747521400134473	0.0232083722986852
0.0629031543105229	0.243779279491949
0.216927198130464	1.20907610528247
0.0689241654583082	0.198041578827303
-0.054155045751251	0.137204128392063
0.432574211276622	1.21655615156074
-0.0847211494725275	0.142258173673543
0.0502721046361786	0.0673088251149349
0.411169217979659	1.41182417941809
0.221074629212178	0.667058685251798
0.596605480093066	1.24455831644096
0.940742565880393	1.61111702237793
-0.0488765320684632	0.0385044010530434
0.490135259587072	1.46704948378349
0.504876269302431	1.39195952217787
0.0526159517819889	0.0895996649144966
-0.10886244629748	0.236453855306893
-0.117546173863742	0.273897543479108
0.250721995228855	0.916773585770995
0.153241891911775	0.627231259785683
0.0114913434121859	0.0254626473912409
-0.170842302083904	0.554828275774115
-0.196620239995455	0.752724255919204
0.095305021528287	0.261018201725794
0.00931534630078091	0.020317530537354
0.132254527023639	0.324746372578423
0.0634003843385492	0.0991302680838777
-0.0281214055196709	0.0720867055016231
0.051231833841021	0.134876727038938
-0.0358981994073697	0.0639950071216996
-0.167945989141261	0.188253279994198
-0.31255892379396	0.349444929006079
-0.310743023188529	0.461664897743368
-0.230536158465971	0.32865978900036
0.0381224394446255	0.0434088578689855
0.288446664144216	0.354265311957137
0.0216534821892862	0.0305675676505903
0.871043752458843	0.633481146090217
0.293193470733417	0.249373825858436
-0.385032410982783	0.596897120250604
0.651853169462564	0.483221980985876
0.0223636499363682	0.043428384903795
-0.0989611220196053	0.162401828223278
0.237329746206127	1.15169610801455
0.171162524405824	0.316554492998653
0.0836187553036802	0.133217135045764
-0.31075374748107	1.62137900148067
-0.0986820008369967	0.339659533449042
0.0874044889549344	0.3620103300246
-0.0123349942716956	0.0397372153251135
-0.00326844588531749	0.00907233484964518
0.102241693649859	0.350220547192778
-0.180431638680146	0.777851487493972
-0.120517078413624	0.468615491160543
0.177982926311733	0.575515993920237
0.31046428924617	1.47125060277865
-0.114032758656624	0.327040207786223
-0.0777885852849175	0.206047016481617
0.0262522587671234	0.0663817025926842
0.106325162808978	0.23745551183676
-0.0416873746789431	0.0835253291362949
0.0545522771590752	0.112287197056367
0.0710530384333418	0.15268835550205
0.0528157802984036	0.110366977354999
0.398576031426751	1.50116870000433
0.307505837908174	0.983063353280885
0.551299104056217	1.55964140498319
0.454160976586579	1.19740120849024
0.0347501984116137	0.110475592690012
0.170111972873553	0.713138578981955
0.0847868361853915	0.210460078808531
-0.241987332364857	0.865348400134977
-0.0213252632457953	0.0513304046589919
0.340889785222556	1.3786895651994
0.0361166222280484	0.0730830127116984
-0.020961486651224	0.0402851841058706
0.258459978166331	0.829326310357162
0.19884374129859	0.506173757951465
0.462333579573195	1.18972976828787
0.296746103366832	0.571112709617101
-0.0321752706241422	0.044407818641252
-0.168428217794034	0.289856507517079
0.0429088304792222	0.0767957909886453
-0.322290765572262	0.939901503834128
0.230062181726394	0.606739909357731
0.204238873487557	0.541546463478344
0.155203108820437	0.428063378028679
-0.246863582787507	0.947389056281331
0.0739160717223568	0.206444572318651
-0.300402507831565	1.34375250930449
-0.0901301547307961	0.258206451631637
-0.135456858131739	0.459950756309349
-0.174222932927203	0.630222323282535
-0.0076765895239544	0.0183582212672602
0.00888852925356689	0.0193666061194728
0.0148491548243618	0.0329205243703653
-0.110936561378928	0.32587552237456
-0.209343573337481	0.702631375157987
0.0392721187696571	0.0783393412438907
-0.0287840439044608	0.0484265076050985
-0.16414472827288	0.253684132810504
-0.208775052473601	0.387737259332728
0.223776867566853	0.49006894379251
-0.469834680208171	1.28207581006623
-0.197537199320668	0.342684385873288
0.0669637982650999	0.12450276042099
0.247028039883524	0.657715208107434
0.903885054646631	0.949992720700268
0.0221522052461708	0.0240998066717008
-0.0895331521667355	0.143097441102294
-0.684155115248815	0.625466184178193
-0.0338156342550923	0.0544610814082365
-0.0129893226178642	0.0198943206151348
-0.0859824111307389	0.278318532855527
0.0956258364703709	0.141246423635373
0.273272507240444	0.445905216930316
0.0430017025306902	0.0830858547272285
0.0222152914480468	0.0440064798675857
0.12211467711694	0.635242339990434
0.0837644876394502	0.327998703450508
-0.067855011468238	0.171762142112137
-0.19587559495693	0.437091761789493
0.0260320491289609	0.0556761231108211
0.0963844013106721	0.370531043605132
-0.0909728108252556	0.261274053108165
0.036309316325763	0.104740621819819
0.117798443407032	0.277685170921874
0.343489810776913	1.14032023445516
0.206113443552763	0.807600876277013
-0.0712179060403612	0.169077701494783
-0.0112241426948089	0.0237206379968536
0.184690994582307	0.557724858909942
-0.176555215767011	0.548761786085444
0.0656753384985987	0.120257838101109
0.119453575513612	0.272686453023159
0.236600160712973	0.48701938252096
0.26898899031046	0.679226306447001
-0.0210745661258851	0.0504742424762787
0.130720430950066	0.500816870137447
0.0864355285785653	0.183324878301551
-0.282997215875427	0.974340236342875
0.0648576393155123	0.198903815256164
-0.179889174377135	0.633597883175473
0.016459744534537	0.0372952961241676
0.202493068159886	0.562711118134567
0.0786243176464581	0.133526747716284
0.0431580421714107	0.0690735059704342
0.210999876922971	0.413163836449109
0.0327963459163347	0.0508588084386662
0.120531698346848	0.24136655308706
0.0537463193841917	0.103908065501818
-0.0808145773930911	0.165507435126887
0.331414048868061	1.04777339079772
-0.0974760877731548	0.253042856336823
0.25880321729963	0.90194347969985
0.0149916267285739	0.029972873300736
0.142319773008097	0.490823517089203
-0.0787852933739092	0.195811215265903
-0.126128894218986	0.415303774681378
-0.16659596354616	0.604577892950795
0.056665541377258	0.147316390189847
0.0169633423254131	0.04103846766303
-0.100462706320703	0.316255625852586
-0.121625249916897	0.318923203420723
-0.507860162116839	1.94689896820389
0.154496235515828	0.420565423550657
-0.105691600786743	0.223166269468197
-0.0489015953882826	0.0844040011063706
0.174044810405882	0.394788795338974
-0.173415002793646	0.424904007630667
0.185954122199981	0.428744428237391
0.11284286893736	0.232103482001826
-0.00986477705513386	0.0157454219401445
0.330034739831831	0.0858257441619514
-1.00845827332263	0.86690453563255
-0.996700216603651	1.71372120559941
0.0230813736214005	0.0156769710990492
-0.0758198633965383	0.198196742469252
-0.166376289028971	0.332504855802453
0.0507925238044665	0.14940625526317
-0.0806187437591436	0.158512392647806
-0.132259305903741	0.311508717394298
-0.020008665693901	0.0683314370439425
0.0694173401338308	0.28180153188588
0.29076035266281	1.34837413337102
-0.0207271281633482	0.0653847199009613
0.0906137958732976	0.396944501631468
0.0347268789153861	0.128449943319427
-0.232719531802707	1.44044966216504
-0.204182015458826	0.700207541589849
0.0398891021779749	0.0877214987135259
0.0642287895751014	0.159704572422681
-0.0242116741781955	0.0667736384421781
-0.229813214072325	1.07878464560917
-0.260358942350625	0.897939601112576
-0.0707948780900379	0.12117515728517
-0.292596166938718	0.724058650394108
0.189356975863486	0.445332567211867
0.107931840046753	0.186017675645381
-0.027261060362379	0.0677711469007119
0.0116091295577414	0.0238839877069998
0.0602159550965986	0.136561876894869
0.423062208165094	0.853685568287719
0.0731916948864355	0.275807525981401
0.108452121944883	0.423692324206269
0.0690689363969308	0.20221632263181
-0.228839454226432	0.981488238034242
0.0846778739742103	0.184164039307984
-0.208319951288879	0.519817542490188
0.114166223887145	0.21258337888204
0.231900075630182	0.306900135078333
-0.0605185710628583	0.0710030024894291
-0.189340634768398	0.311838140424838
0.0477728851879647	0.0685321682316675
0.121547864103407	0.2587888276835
-0.576575144198718	2.16257823425676
0.356173006864594	1.12523863764702
0.0682614295632401	0.1378521538563
-0.105183780551971	0.269717130187542
-0.0258649814160046	0.0574529875199924
-0.101507196996527	0.344708019692898
0.0624795024522737	0.172278868104599
0.104393520504179	0.321644402066077
-0.0279662659480352	0.0750604396060783
0.0400612107196629	0.110019060922944
0.118304162333319	0.354492530650888
-0.0509201754133739	0.112530963080801
-0.0430920162462509	0.0805124697846831
0.212112359236694	0.814136710481837
-0.10552599900861	0.362143931521549
0.14508103945565	0.382055251518211
0.00636117826533716	0.00805357208107766
-0.18625978431938	0.22776357606437
0.4493115531632	0.964455713909937
-0.231241719456503	0.371348703748324
0.775787306899536	2.24533553376198
0.0802194910006509	0.0968062279449796
0.918047027021244	0.471000880225257
-0.164261229375308	0.156799768884499
0.498755664933769	0.928661540240498
0.101354801384506	0.0718654547338227
0.0599990021262754	0.122161489796704
0.00483078465994543	0.00724502978601151
-0.035272519802314	0.0976539746545636
-0.221188055294219	0.454141713271771
-0.00655016935395317	0.00970396300064174
-0.158454907449883	0.678176690029057
0.194641049902133	0.996683133440176
-0.127373907367729	0.512094790980186
0.155782362274996	0.759270141660796
-0.123357542217683	0.508614450759249
0.00341699069042917	0.00987156729592598
0.0103142132064456	0.0315911139243888
-0.0213164156449469	0.0587994113472061
0.158803708784551	0.483180941604767
-0.0313326386561407	0.0775580206437679
0.0113440052243421	0.0279003926936339
-0.058607054277842	0.152502345048095
0.24973989649719	0.839979531650879
0.259650165121046	0.625688654792799
0.19428884560884	0.417336835729467
-0.0569665997891363	0.103582996942888
0.00041410797322201	0.000678543696819133
0.423662747064038	1.79369399780601
0.238747287911487	0.668758024983582
0.0297062218729049	0.0873795516127088
-0.0537113546241137	0.174229608881735
0.109359777255114	0.45015381182575
0.0773016665583774	0.210479859727881
-0.186145309866772	0.606827294081392
0.0258622857067436	0.0578431984844913
0.133054779579067	0.314233813453283
0.139122404019311	0.272904284850649
0.159144084346482	0.358325898294246
0.064302062665843	0.132014453373469
0.195776455689188	0.280567989672239
0.743822151578089	1.7180469071737
-0.210632127307821	0.338482528476097
0.0526298492082027	0.084681974543787
0.531208625134908	1.62929848108912
-0.0892124062456766	0.16075413782216
0.0448204716974534	0.0847402721806949
-0.194056152614651	0.550475386006704
-0.124218750929515	0.334533282829799
-0.129754808693437	0.41733183810628
-0.211981730842073	0.707239190097832
0.0464091072483728	0.117504383856386
0.0577262229991667	0.160961974101667
0.201975851344505	0.752541842300363
0.218532128207591	0.743789031299673
0.00589004670322943	0.0122216494090754
0.147760744684114	0.361669558205942
0.0190272407052788	0.0453655492532409
0.250733103065111	0.898093268216177
0.32971171880372	1.01023277495102
-0.186498321728639	0.306062560035575
-0.128803368275785	0.163392057096826
0.474253706707049	1.03699320730973
-0.393893365214371	0.856040945792114
0.127033135833508	0.209599322579488
0.491351185452326	0.970748380924014
0.310838714935226	0.853985263771406
0.735544179501888	0.81214175819903
0.0145596250922213	0.0290821142143569
0.0244888591537371	0.0716924896781332
0.104117248004457	0.186448539868661
0.0520331859052172	0.0757739840302327
-0.135160169831858	0.491228025848457
-0.191531742799676	0.800611236586623
-0.0242218111165493	0.0756884866828241
0.0889602262726488	0.36010823232297
0.0685250640576738	0.226955682954177
0.0919525693791479	0.294155239664525
0.0103830293373277	0.0291126662781204
0.209380250745342	0.934346717904623
0.0623306156249383	0.150047077128312
0.117052153549215	0.228110031151391
0.22202307263977	0.583703472578254
0.150044280656154	0.331258501888364
0.0743122403230988	0.250340122512151
0.107559162101942	0.39475889206927
0.0759340936178081	0.206009216615481
0.225224633114211	0.753433651065144
-0.224019587287217	0.732604201848786
0.00085207869153188	0.00165984844752342
0.0106436854224	0.0117662158823846
0.103990700723744	0.158451348818607
-0.16183741336416	0.242556019417466
-0.452551279749698	1.43642517516769
-0.155885289573751	0.32017155176739
-0.579188195523502	2.20770412093462
-0.00616153554864898	0.0112018951635329
0.101216194700716	0.261920227025718
-0.0496625977941101	0.115150416559283
-0.237690081984468	0.893740202635013
0.131467012670655	0.421031205074946
0.0900464254339614	0.248861399126088
-0.0328636176172737	0.0891881852060441
-0.267467643362698	1.22458823181278
0.0354003727395553	0.0845993533093058
0.298228758747128	1.0838585438031
-0.054832002872785	0.125698821765697
0.167312567479616	0.509655638841922
-0.187428172105544	0.54086808153085
-0.179137811366688	0.46042087611801
0.00742625050294052	0.00982063668270347
0.0635046855289784	0.0774106931967718
0.166206362515717	0.26920962414003
0.14996665806082	0.238781143869305
0.543203448920118	1.3715938490529
0.18537616871296	0.320998169567742
1.26370648814666	2.20726942156266
0.19587095209445	0.489643129099904
-0.0955748299619655	0.350042459060643
0.0313188944072187	0.0439697579910689
-0.0682352939345372	0.0923578858863315
0.0395224242374308	0.0981593639027884
-0.0694573272450918	0.203969787964759
0.0354724607557698	0.120206091834478
-0.0638528012384977	0.221954449724168
-0.0496851556246751	0.142280433049219
-0.103059376083737	0.284133206998868
0.00126551972650416	0.00300940675552763
-0.0359985706931968	0.109755031101671
0.126483805091768	0.371905159968964
0.0369491659461784	0.098316720251526
0.11347614629207	0.318212726854695
0.0540184632395846	0.130441286410318
0.357869424633676	1.15870917052668
0.28202116239698	0.76686110719983
0.160544845804784	0.694346498298245
0.069032246024059	0.185209063745172
0.0723197559276943	0.192372648046226
0.121982774293673	0.302566797753384
0.214579248229056	0.396475894146393
-0.148578367574946	0.24196361684888
0.0713022944744358	0.105448278143712
0.25847260631279	0.60609275638749
-0.33724859958157	0.802542079558584
-0.0680620464144532	0.125769345193995
0.123580804880893	0.285797044229
0.0438631706258118	0.0942042744210197
0.0937572172600657	0.236826274080999
0.0189047073114277	0.044444135932008
-0.0656188587009389	0.180491956083764
-0.0228876433245128	0.0565739597896415
0.302728475971177	1.4309572883044
0.0454083888442684	0.127148411753806
-0.112601512089836	0.326296287163959
0.137162415781692	0.37368351487687
0.187343692237784	0.574035629735336
0.240664232787009	0.742905906234809
0.106918977683165	0.239004461481725
0.0696114239628869	0.106783172712748
-0.0522715914675069	0.0658028032355149
0.0821352818493553	0.125622757450888
0.116261098123602	0.193070380353857
-0.0719803871178198	0.202571043320742
-0.00443725246853968	0.00705380091813151
0.150663198082507	0.361352937541884
0.056936185056269	0.230483604372158
0.0996829264517692	0.469983788904169
0.0999002464862365	0.223315506163956
0.222283788153863	1.08212799810848
0.0960086851791004	0.415174060200319
-0.138899500098794	0.756034733916956
-0.0522050678419037	0.197255363164832
0.274816496589238	0.939684409588908
-0.135017019754023	0.313415379271195
0.190934219623268	0.555577614852055
0.146158171271194	0.55477269284249
0.187374481699245	0.557376702050405
0.0564031140954118	0.146525640303706
0.0973465509527036	0.199668674768161
0.166979235684992	0.319274154742925
0.298413244990301	0.38543182909045
0.207325907741722	0.278104498511399
0.139239677981745	0.1888171087144
-0.114615363085267	0.198944481510529
-0.0807600985958793	0.134725310330329
-0.0999257430883216	0.191777531425313
0.168560298773234	0.343829480186237
0.417595315668101	1.6572594478021
0.07094914013576	0.166046533040882
0.0189302344486998	0.0516766681984051
0.0375635061331658	0.091906085357501
0.0915746922775368	0.270546536939322
-0.142805611297405	0.498059633164884
0.125293380960593	0.382748988425738
-0.210412344230526	0.723974454730207
0.164597521045478	0.446575864561828
0.137976506718673	0.258696333420929
0.0969671057536937	0.187646240737198
0.208199645639172	0.279503082524554
0.310176927020276	0.299885525615048
0.886435301990811	1.11770534803309
-0.0270755603886251	0.0586046104512744
0.0342742685534993	0.05013965398551
0.136591891904259	0.482625053147497
-0.0893785294743833	0.175726239714248
0.13212262552758	0.292105677474166
0.165810238881717	0.968994750773975
0.0517478310418635	0.200087815417252
0.22408394638994	0.639092586402747
-0.0103054013886323	0.0273686938051496
0.129657179046529	0.643750250683195
0.00826291887529859	0.0269471544026328
0.0986274521255346	0.433816106910892
0.0846740312344153	0.208366530967134
0.274349453101198	0.720831730250911
0.312907036895691	1.02166017116011
0.054382759389728	0.201054190045881
0.307701433362802	1.72994755352588
-0.14009599217476	0.48354866748363
0.184758993193207	0.405248390203074
0.00812857581524774	0.0107558589430241
0.128681383519049	0.145061288339631
-0.229087584211468	0.337764459947331
-0.0368590736313222	0.0430681075551414
-0.00664164166217252	0.00930981588486053
0.157435811606195	0.319307257016633
-0.129863907609248	0.277062763402155
-0.0100674102226561	0.0170197569010619
-0.0154316469218379	0.0291240640291052
-0.324602773526929	1.40159352559239
-0.127939353899214	0.488514702478747
-0.0576070448920416	0.153326155618834
0.2139138235583	0.892262788396043
0.0663247951856296	0.201760051623744
0.136339944615272	0.463867969092861
0.0144216361893889	0.0341097555023578
0.0802562507847711	0.155743304935281
0.0544822418492597	0.061266049547564
0.165568408605671	0.142448301789079
0.576509033272594	0.524085163303542
-0.341981056867411	0.957898405720703
0.052270568144827	0.0812297296789904
0.157184692044937	0.647900492766438
0.324065267254328	0.787300462812372
0.0075829774073749	0.0108696744017488
-0.00293662440266225	0.0078887517120057
0.0566928182455787	0.177824830132032
-0.168694682153758	0.635296719243151
0.0665792292158066	0.219822280751433
-0.0753392885679049	0.272065722425135
0.0408129194424245	0.117025622171786
0.00676728819975347	0.0190466737408977
-0.0933808801630356	0.299785266881957
-0.160318443680965	0.468486218336923
-0.0797744569972206	0.209679576492099
0.0145664459545531	0.0332109607016093
0.296609323081587	2.24349187927689
0.0666458414797496	0.275387989518655
0.0640668995012295	0.234331276709855
-0.0469133877475957	0.135145540055906
-0.0583150556861709	0.164935494161762
0.0441038162398983	0.0951745156764205
-0.012952733243861	0.0231524113856397
0.048012021952128	0.0830237023688778
0.04256346174847	0.0465683721591556
0.0370671935783018	0.0477703616040567
0.0994583182121978	0.179969841169725
0.153094483613077	0.361233220403095
0.0456972138718237	0.079919374980616
0.266385870453829	0.765045655945814
0.242919618517288	0.753070667935782
-0.146130562363065	0.460869916950927
-0.0936217636609679	0.328493404424634
-0.186899705393328	0.781078420759658
0.190273637628101	0.815842025376372
0.1887059204807	0.287599522848207
0.470724335160823	0.786877890618181
0.385791339770742	0.416806169151625
1.22611333894207	1.67227109600314
0.26304506077915	0.793483224204671
0.0923332692000455	0.165284415269527
0.196757769336889	0.935721286397998
-0.145152598685855	0.271201322618075
0.0441839117862868	0.0725873669171699
0.125045285019708	0.518392996885944
-0.0112303219639479	0.0335427547517382
-0.0484668050348529	0.127278088688556
-0.00816303578178619	0.0227411778432015
0.129461142147928	0.580169791143868
0.0439454810813225	0.151527193825224
0.176671556240213	0.88739218071552
-0.0441185476227113	0.114107229220983
-0.138039334039824	0.356704006686782
0.0976746847695328	0.246143658697647
0.103638333903323	0.303936565577669
0.124899022771978	0.391915896754073
0.129275395581631	0.584442374763304
0.115151612949052	0.500017190330905
-0.0741540693868578	0.224882076826811
-0.0785037903308601	0.233914607530127
0.339983342354204	1.17161366520147
0.0311953862009261	0.0381137532331062
0.202223962718371	0.295988378553638
0.104704776544564	0.204725722078342
0.0045533390652584	0.00698238740781419
-0.219892880713955	0.52618963952241
-0.109605134180504	0.223124938964487
0.0718366887021079	0.172951790174998
-0.0799596062397875	0.201176610871569
-0.0489018230762883	0.146476915208682
0.0799406135740842	0.246949220891543
0.0875643346874175	0.275052582248975
0.199624116169028	0.843754212567811
0.0859893734204351	0.267656523924462
0.591288237512648	0.513245955381144
-0.077448103661571	0.185545779839465
-0.11902868665199	0.191564370354137
-0.0571828522577493	0.180295093223711
0.264481466133995	0.595633551008364
-0.0613108160835407	0.109166640220301
-0.0856222584337682	0.359509649284284
-0.0512951403072948	0.188938724811113
0.116530332697561	0.341498549247111
-0.08126456105585	0.281874824594073
0.221177244937561	1.47495267768579
-0.130643197260458	0.680332812300801
-0.0117137042769379	0.0403112652498781
0.310719951341719	1.3529062318036
0.0831968725777349	0.175390656892201
0.0527221747168936	0.117387660288637
-0.0400834285644199	0.106127944772586
-0.0961253749149725	0.273808353890712
0.22231647941597	0.655958237562527
0.179155999258121	0.722194399426732
0.220620601153693	0.794122476515737
0.195567481498649	0.474469372580235
0.190448277535571	0.403477719521761
0.335074154605933	0.750523921401856
0.427146432269049	0.730797095872573
0.431549302342197	0.689475717972091
0.226774338502889	0.438818707357765
-0.241720217987543	0.507721671270053
0.108036054629978	0.194623459269685
-0.447862622043417	1.65035529557254
0.0458106533396134	0.0904281926654905
0.177996658592115	0.547585690917268
-0.126030426485208	0.449986690067213
0.0643914422856305	0.192213185098901
-0.00368305209363728	0.00922704483703871
-0.010264558290908	0.0257582452626966
0.0528944036789691	0.145841989872429
-0.140382408514482	0.379237931550219
-0.200803128341059	0.390421598901937
0.0501591926812622	0.155039747963072
-0.255738249978508	0.652252099403181
0.127282884290465	0.269402266739291
-0.212314292854677	1.23065208574959
-0.076020918603268	0.296653609466042
-0.233778231337785	0.886390050516511
-0.167687058570643	0.757594528103831
-0.0495646230403529	0.201528925091245
0.0419423978854549	0.162267975041419
-0.0395449708029517	0.148181596273492
0.0560499552105408	0.142921386721332
0.198268730389997	0.661964416649688
0.126437012283035	0.449535819932822
0.120181646721704	0.420183921572598
0.0339710374537603	0.0776760551928908
0.120949452835538	0.304465062013823
0.325248466223596	0.53127850335606
0.315344863865783	0.847675100813612
-0.199764190150004	0.427492520974282
0.113021985497975	0.225738293068398
-0.389155732030365	1.16149909981549
0.319854181621168	1.21768102416223
-0.0601923375330133	0.162658791793329
0.0704444910810801	0.237228621010108
0.149630464715959	0.603045610127504
-0.0961375983573075	0.333169336854655
0.0591714615478518	0.19549860846103
0.0449091737297301	0.104654515878298
0.386291608615359	0.495176132525056
0.0660893923924945	0.0498051481856555
0.0506747905715723	0.11608583414934
-0.216994507845404	0.433124646636956
-0.193613008033292	0.798094354696351
0.165265582787147	0.375843531761984
-0.144257855797618	0.348079184893253
0.0766832679116729	0.348524489879265
0.0696423721823593	0.29339672061333
0.00451200112737643	0.0103840085885844
0.0354173208099918	0.110726824998576
0.118425796985003	0.576859091006275
-0.114427028600672	0.59136634886254
0.0741777408060753	0.321505028697027
0.171950399359252	0.55032519933733
0.109210255892373	0.37904445099957
0.0433287735836963	0.104298974121727
0.145570775805032	0.300424854543724
0.147109819024407	0.203930480741
0.325879168703144	0.6762535847085
0.397276249406374	1.30260422824
-0.0731044513544385	0.130119514362473
0.0056089985858026	0.0104362834747812
0.142181487865656	0.352905982404651
0.339871694971152	1.45082765052484
-0.0139479735026548	0.0345804536007321
0.201024710038573	0.940357641640472
0.221055969391458	0.91719673873973
0.124414834435046	0.474385052472716
0.0918411671542589	0.308987674298974
0.162879585153891	0.636882712645917
0.264566187464424	1.1703549470183
0.0686820673800073	0.178691678851267
0.504260751653521	0.358943677521621
-0.0434303518516923	0.0373053947626675
-0.382216927470954	0.739253506472178
-0.356339188070234	0.37178073418642
-0.0829015395865473	0.214737170440411
-0.21141982020616	0.475510579001864
-0.0437967261978635	0.13894339311466
0.165815088743211	0.348808509963523
0.254261893073442	0.781314497925524
0.0187439685389594	0.0577530577443109
0.166423319739691	0.857749076112395
0.0244169687753373	0.0732432774067379
0.0337999828997728	0.112664731261542
-0.0632267033663001	0.239422830892336
0.00192728689781436	0.0056827503013957
0.0358345977324247	0.125659687995879
0.125556284112895	0.474524337392863
0.0822030248478016	0.199531135514939
0.381195758142656	1.2943101608749
0.0936648671137601	0.231079957937977
0.10043682666037	0.261592237225656
0.0910121595277271	0.247212359480307
-0.0330103079634772	0.0877448278486803
0.00770108393898594	0.0196046052052744
-0.217880384376479	1.05555982717864
0.176507993412038	0.77929505021496
0.195395318774349	0.858986945022427
0.0951125791324446	0.324358374379907
0.335373361105924	1.78481539630662
0.291272235289493	0.0569914165178306
0.737651197977043	0.815586475560949
0.2085804700634	0.315747510086133
0.445075792516265	1.43268447494943
0.437065861203254	0.591823341988398
0.117450061902353	0.285924874889573
-0.23098349663824	0.46544152385524
0.0564279518023899	0.181737632840588
0.235662933567998	0.813386667759427
0.248787863743035	0.928763826126522
0.437913962904516	2.06273910272479
0.232136691856551	1.00410641346508
0.0085919862774619	0.0207291770172543
0.0663330126338079	0.19610660985616
-0.0682072079342096	0.204008882250665
0.045722497579724	0.133842093617419
-0.0554120278295892	0.156409356070971
0.349271891190481	2.23055430426236
0.316981157539457	0.318750629544373
-0.426460157116103	1.01506973420982
-0.0355190971285269	0.0727140588205008
0.387836460508359	0.473484918043492
0.145861559565848	0.310254991592397
-0.0616333281527478	0.0855330415823168
-0.354737746252668	1.94449025604942
0.728943466857472	2.13763061880135
0.183221734119138	0.397810448343772
0.297840381473707	0.857795927783748
0.125044727859692	0.446127498338473
0.284515886539817	0.871729267859616
0.0452276810623278	0.0683979352814321
0.116092728496211	0.264899767638551
0.200551987725831	0.760220699813436
0.136382867098157	0.350594056105207
0.0162281638013207	0.0363495462594062
0.113939766630424	0.289270638796795
0.107857278771327	0.334610764923724
0.0663106255876124	0.206211846030755
-0.0137117526381102	0.0288498436867793
0.202547838333947	0.606685307380095
0.0380400270316196	0.0301785413925768
-0.107960313488976	0.137250668784531
0.173279318732563	0.225428913043871
-0.0671105010259471	0.173509144733715
0.041619003802308	0.0685959360460808
0.0697183068977732	0.187361077018428
-0.106541684986713	0.0893175247576867
0.180853857204255	0.328412802166381
0.401235855387111	1.38502411710492
0.11612051413083	0.114710185517214
-0.20450325889884	0.53556760345049
0.0386029513159232	0.0608691185687076
-0.0661904437059104	0.209412606560367
0.0461146013211869	0.0698219998163909
0.244589928869591	1.01789383143231
0.173848848396442	0.626860900959801
0.380925450773708	1.65773539328127
0.0968659703153532	0.284988561987434
0.00350803809002954	0.00729879838395806
0.102842765255238	0.317074145909494
0.126639060051388	0.460046023466547
0.140368606637368	0.545934235200475
0.0578051452194744	0.150176740661237
0.102352180204174	0.288948209341083
0.376442342776801	2.17726233608211
0.68560021489766	0.479489335582094
-0.249281761696599	0.233231699361112
-0.334161268944393	0.564375796596742
0.212466321482914	0.219838786533074
-0.0777704805359364	0.235826208088144
-0.0139450776162356	0.0221585988955878
0.15165612237439	0.615851964729468
0.130629417854279	0.297726778321983
0.506260308300526	2.01661774821468
0.11331814910312	0.436377027408685
0.10862963984923	0.376975924637965
0.186100340628684	0.710611876514414
0.295122439720907	1.7533849732503
0.0774150604335711	0.242188802580928
0.272343537149716	0.831487564897115
0.0872077891425556	0.0474686683793069
0.155828680615432	0.173031409554558
0.31068816775267	0.300487308153648
-0.268745981978762	1.1080120508211
0.12135147194383	0.230312004003806
0.0854117533668026	0.286816516783982
0.0435192986159745	0.0800521223698095
0.161265726951812	0.620670322529364
-0.000789192652634409	0.00233599957464968
0.203464073820781	1.00004959451049
0.203809729129837	0.952452886249628
0.0707538241334015	0.200733366768256
0.162849970710815	0.338229791965549
0.227944120309844	0.409041681311474
0.346584447876985	0.110055664728952
0.84022272247501	0.957322367512694
0.213610046194111	0.17472442819566
0.139493583256442	0.395193781247402
0.464475576549752	1.45479207000663
0.166416877125334	0.70679141998223
0.0706884544381234	0.230748518514523
0.122377336025961	0.530643410518198
0.0563774765255106	0.196400994397565
-0.0931915700669036	0.330236143933739
0.121855093768911	0.426640653752641
0.0579195796861797	0.0971101956679663
0.0820867018774502	0.0647974540152432
0.296657056697869	1.11571186993189
0.106463880090984	0.369836454565399
0.07204013775864	0.129376627956512
0.127429987144688	0.480845517664306
0.152762283334338	0.635377049126644
0.107973954651728	0.3682493515471
0.199171760858211	0.812902898510145
0.0671705339076501	0.201407683886867
0.0411105848302079	0.119188224800352
0.10276918143292	0.348496597347962
0.131127267258767	0.422530430651646
0.276845377705409	1.18224550733199
0.0730386852981663	0.237142593214843
0.0389737708026762	0.0966645210260633
0.0833839889958154	0.194846549373452
0.0857457062927386	0.195382921964263
0.221317838480388	0.811246310323194
0.0960090233831677	0.278012489321212
0.155196344259036	0.554724178357765
0.298951655673432	1.41357252533023
0.132030991434569	0.459277168447881
0.245254757411887	0.909422862335445
0.215045629977852	0.786499605679392
0.381614019383186	1.90429208810086
0.0342885831597146	0.0919987630967707
0.318391813335144	1.66369282561399
0.15392057360554	0.605040298805562
0.134233590204306	0.390534792441191
-0.00438768166393664	0.00900046157178701
0.00977539280034448	0.0212576495194401
0.0106058828802217	0.0243711640294062
0.264171972136011	1.06208394871946
0.227296683940753	0.72832714948297
0.0830200885189596	0.234038245906271
0.0556627118971817	0.147040511593624
0.0556415261543948	0.151582672744843
0.0617090544256608	0.167546613659255
0.0350337117702291	0.0830912811244711
-0.0236873377836219	0.0492416238610109
-0.0555010874824267	0.150488949900011
0.0260689081828862	0.0698742443838204
-0.119528973849181	0.398781554416558
0.0586520809353723	0.183967906371907
0.0800596892351299	0.219145190199528
0.00669295868085139	0.015237862507788
0.0163921247864339	0.0381976614954279
0.0626475657362648	0.157872482096749
0.126885173415291	0.359116778493758
0.149936036693327	0.507629723463326
0.119326884801589	0.379592172989462
-0.194797062555872	0.780678283753588
0.0831656287993519	0.247692103755585
0.228659054403953	0.925243105297719
0.00118557462614545	0.00244340502684925
0.00806949565657165	0.0170903427111174
0.161932649652236	0.432634599312707
-0.109324922254374	0.310403090747482
-0.148008794799762	0.43603328666525
-0.181839667362016	0.643017980822445
0.117450507999032	0.367917637429776
0.18971566171511	0.763157677988474
0.0713789310103977	0.190384058711586
-0.241838697141476	0.928386758305203
-0.0727865525885239	0.223862971802124
0.00705394648252173	0.0174465504025602
0.103209915869031	0.325453931540605
0.209129012253359	0.659916527714644
0.14453651821439	0.399478519085657
0.0623786245536684	0.159373781830065
0.0258303933488815	0.0636281189816535
0.189966325034616	0.695320269505526
0.238283649586701	0.820164598787786
0.158651202022135	0.407128319034315
-0.274967609012765	0.964123785500719
0.118456745989174	0.31087556481268
0.0432970415368288	0.107341793594753
0.268687277270493	1.0476321473323
0.0771516004630024	0.207290665032916
0.0615672677212592	0.169904409271124
0.0438983633029993	0.105328836145736
0.141557939198962	0.350976580063866
0.0794436033068848	0.189798267895593
-0.0632230879909519	0.158667445113002
0.266053059222633	1.07308873730892
-0.260081106132134	1.09619450357862
0.0209276501612791	0.0520895550336263
0.223393706082451	0.824178781349454
-0.175691675157494	0.621229943362462
-0.0302463152013415	0.0782979898046617
0.0139490303391651	0.0215366150675698
0.0647076195212953	0.128160759086335
0.243428391638931	0.644719686224846
0.0683416489221809	0.159977771087114
0.11008205372808	0.248900504601795
0.0392105397042298	0.0765178868673235
0.0248842670289093	0.0405993283379654
0.340396182764613	1.031821818466
0.365743227578062	0.974435502565941
0.0883799701328904	0.220135256244955
0.15386191137156	0.351282425708921
0.267034938185058	0.820598390340049
0.178973645329091	0.564173252925443
