group	x	y	clickSelects	showSelected1
215	0.75	-0.25	5	0,0
215	0.75	0.25	5	0,0
215	4.75	4.25	5	0,0
215	5.25	4.25	5	0,0
215	5.25	-0.25	5	0,0
215	0.75	-0.25	5	0,0
215	-44.75	4.25	5	50,0
215	-44.75	4.75	5	50,0
215	-9.25	40.25	5	50,0
215	-8.25	40.25	5	50,0
215	-8.25	41.25	5	50,0
215	-1.25	48.25	5	50,0
215	-0.75	48.25	5	50,0
215	-0.25	47.75	5	50,0
215	-0.25	45.75	5	50,0
215	0.75	44.75	5	50,0
215	1.25	44.75	5	50,0
215	1.25	45.25	5	50,0
215	0.75	45.75	5	50,0
215	0.75	46.25	5	50,0
215	2.25	47.75	5	50,0
215	3.25	47.75	5	50,0
215	3.75	48.25	5	50,0
215	4.25	48.25	5	50,0
215	4.75	47.75	5	50,0
215	4.75	47.25	5	50,0
215	3.75	47.25	5	50,0
215	3.25	46.75	5	50,0
215	3.25	45.75	5	50,0
215	2.25	44.75	5	50,0
215	2.25	44.25	5	50,0
215	3.25	43.25	5	50,0
215	3.25	42.25	5	50,0
215	4.75	40.75	5	50,0
215	4.75	38.25	5	50,0
215	3.25	36.75	5	50,0
215	1.75	36.75	5	50,0
215	1.25	37.25	5	50,0
215	1.25	38.25	5	50,0
215	0.75	38.25	5	50,0
215	0.25	37.75	5	50,0
215	0.25	36.75	5	50,0
215	-0.25	36.25	5	50,0
215	-0.25	35.25	5	50,0
215	-0.75	34.75	5	50,0
215	-2.25	34.75	5	50,0
215	-2.25	35.75	5	50,0
215	-2.75	35.75	5	50,0
215	-3.25	35.25	5	50,0
215	-4.75	35.25	5	50,0
215	-4.75	36.25	5	50,0
215	-5.25	36.25	5	50,0
215	-5.75	35.75	5	50,0
215	-6.75	35.75	5	50,0
215	-6.75	34.75	5	50,0
215	-7.75	33.75	5	50,0
215	-8.75	33.75	5	50,0
215	-8.75	33.25	5	50,0
215	-8.25	32.75	5	50,0
215	-7.75	32.75	5	50,0
215	-7.25	33.25	5	50,0
215	-6.25	33.25	5	50,0
215	-6.25	34.25	5	50,0
215	-4.75	34.25	5	50,0
215	-4.25	33.75	5	50,0
215	-3.25	33.75	5	50,0
215	-3.25	32.25	5	50,0
215	-3.75	32.25	5	50,0
215	-4.75	33.25	5	50,0
215	-5.25	33.25	5	50,0
215	-7.25	31.25	5	50,0
215	-7.25	30.75	5	50,0
215	-6.75	30.25	5	50,0
215	-6.75	29.25	5	50,0
215	-6.25	29.25	5	50,0
215	-5.75	29.75	5	50,0
215	-5.75	30.25	5	50,0
215	-6.25	30.75	5	50,0
215	-6.25	31.25	5	50,0
215	-5.75	31.75	5	50,0
215	-5.25	31.75	5	50,0
215	-5.25	30.75	5	50,0
215	-4.25	29.75	5	50,0
215	-4.25	29.25	5	50,0
215	-4.75	28.75	5	50,0
215	-5.75	28.75	5	50,0
215	-6.25	28.25	5	50,0
215	-6.25	26.25	5	50,0
215	-6.75	25.75	5	50,0
215	-7.75	25.75	5	50,0
215	-7.75	25.25	5	50,0
215	-7.25	24.75	5	50,0
215	-7.25	24.25	5	50,0
215	-8.25	24.25	5	50,0
215	-8.25	23.75	5	50,0
215	-7.75	23.25	5	50,0
215	-6.75	23.25	5	50,0
215	-6.75	20.75	5	50,0
215	-7.25	20.25	5	50,0
215	-7.25	19.75	5	50,0
215	-6.75	19.25	5	50,0
215	-4.75	19.25	5	50,0
215	-4.75	18.75	5	50,0
215	-5.25	18.25	5	50,0
215	-5.25	17.75	5	50,0
215	-3.25	17.75	5	50,0
215	-3.25	16.75	5	50,0
215	-2.25	16.75	5	50,0
215	-1.75	16.25	5	50,0
215	-1.25	16.25	5	50,0
215	-1.25	16.75	5	50,0
215	-1.75	17.25	5	50,0
215	-1.75	17.75	5	50,0
215	-1.25	18.25	5	50,0
215	0.75	18.25	5	50,0
215	0.75	19.25	5	50,0
215	1.25	19.25	5	50,0
215	1.75	18.75	5	50,0
215	1.75	18.25	5	50,0
215	1.25	17.75	5	50,0
215	1.25	16.75	5	50,0
215	0.75	16.25	5	50,0
215	0.75	15.75	5	50,0
215	1.25	15.25	5	50,0
215	1.25	14.25	5	50,0
215	2.25	13.25	5	50,0
215	2.25	11.75	5	50,0
215	1.75	11.75	5	50,0
215	0.25	13.25	5	50,0
215	-1.25	13.25	5	50,0
215	-1.75	12.75	5	50,0
215	-1.75	12.25	5	50,0
215	-0.75	12.25	5	50,0
215	-0.75	11.25	5	50,0
215	-0.25	11.25	5	50,0
215	0.25	11.75	5	50,0
215	0.75	11.75	5	50,0
215	0.75	11.25	5	50,0
215	-1.25	9.25	5	50,0
215	-1.25	8.75	5	50,0
215	-0.75	8.75	5	50,0
215	0.25	9.75	5	50,0
215	0.75	9.75	5	50,0
215	0.75	8.75	5	50,0
215	1.25	8.75	5	50,0
215	1.75	9.25	5	50,0
215	2.25	9.25	5	50,0
215	2.25	8.75	5	50,0
215	1.75	8.25	5	50,0
215	1.75	7.25	5	50,0
215	1.25	7.25	5	50,0
215	0.75	7.75	5	50,0
215	0.25	7.75	5	50,0
215	-1.25	6.25	5	50,0
215	-1.25	4.75	5	50,0
215	-0.75	4.25	5	50,0
215	-0.75	3.75	5	50,0
215	-1.75	3.75	5	50,0
215	-3.25	2.25	5	50,0
215	-3.25	1.75	5	50,0
215	0.75	1.75	5	50,0
215	1.25	1.25	5	50,0
215	1.25	0.75	5	50,0
215	0.25	-0.25	5	50,0
215	-44.25	-0.25	5	50,0
215	-44.75	0.25	5	50,0
215	-44.75	4.25	5	50,0
215	-45.25	48.75	5	100,0
215	-45.25	49.25	5	100,0
215	-44.75	49.25	5	100,0
215	-44.75	48.75	5	100,0
215	-45.25	48.75	5	100,0
215	-44.75	-0.75	5	100,50
215	-44.75	-0.25	5	100,50
215	-44.25	-0.25	5	100,50
215	-44.25	-0.75	5	100,50
215	-44.75	-0.75	5	100,50
216	-3.25	28.75	5	50,0
216	-3.25	29.25	5	50,0
216	-2.25	29.25	5	50,0
216	-1.75	29.75	5	50,0
216	-1.75	30.75	5	50,0
216	-0.25	30.75	5	50,0
216	-0.25	29.75	5	50,0
216	0.75	29.75	5	50,0
216	0.75	28.75	5	50,0
216	1.25	28.75	5	50,0
216	2.25	29.75	5	50,0
216	2.25	31.75	5	50,0
216	2.75	32.25	5	50,0
216	3.25	32.25	5	50,0
216	3.25	31.25	5	50,0
216	3.75	30.75	5	50,0
216	4.75	30.75	5	50,0
216	4.75	13.25	5	50,0
216	4.25	13.25	5	50,0
216	3.75	13.75	5	50,0
216	3.75	15.25	5	50,0
216	4.25	15.75	5	50,0
216	4.25	20.25	5	50,0
216	3.75	20.25	5	50,0
216	2.75	19.25	5	50,0
216	2.25	19.25	5	50,0
216	2.25	20.25	5	50,0
216	0.75	21.75	5	50,0
216	0.75	22.25	5	50,0
216	1.25	22.75	5	50,0
216	2.25	22.75	5	50,0
216	2.75	23.25	5	50,0
216	2.75	23.75	5	50,0
216	1.25	23.75	5	50,0
216	0.25	22.75	5	50,0
216	-1.25	22.75	5	50,0
216	-2.25	23.75	5	50,0
216	-3.25	23.75	5	50,0
216	-3.75	24.25	5	50,0
216	-3.75	24.75	5	50,0
216	-3.25	25.25	5	50,0
216	-2.25	25.25	5	50,0
216	-2.25	26.25	5	50,0
216	-1.75	26.75	5	50,0
216	-1.75	27.25	5	50,0
216	-2.25	27.25	5	50,0
216	-2.75	26.75	5	50,0
216	-3.75	26.75	5	50,0
216	-3.75	25.75	5	50,0
216	-4.25	25.75	5	50,0
216	-4.75	26.25	5	50,0
216	-4.75	26.75	5	50,0
216	-3.75	27.75	5	50,0
216	-2.75	27.75	5	50,0
216	-2.75	28.25	5	50,0
216	-3.25	28.75	5	50,0
216	-44.25	49.25	5	100,0
216	-44.25	48.75	5	100,0
216	-43.75	48.25	5	100,0
216	-43.75	47.75	5	100,0
216	-44.25	47.25	5	100,0
216	-45.25	47.25	5	100,0
216	-45.25	45.75	5	100,0
216	-44.25	45.75	5	100,0
216	-43.25	44.75	5	100,0
216	-42.75	44.75	5	100,0
216	-42.25	45.25	5	100,0
216	-40.75	45.25	5	100,0
216	-40.75	43.75	5	100,0
216	-41.25	43.25	5	100,0
216	-41.75	43.25	5	100,0
216	-41.75	44.25	5	100,0
216	-42.25	44.25	5	100,0
216	-44.25	42.25	5	100,0
216	-45.25	42.25	5	100,0
216	-45.25	41.75	5	100,0
216	-43.75	40.25	5	100,0
216	-42.75	40.25	5	100,0
216	-42.25	39.75	5	100,0
216	-41.75	39.75	5	100,0
216	-41.75	40.75	5	100,0
216	-41.25	41.25	5	100,0
216	-41.25	42.25	5	100,0
216	-40.25	43.25	5	100,0
216	-39.75	43.25	5	100,0
216	-39.75	42.25	5	100,0
216	-39.25	41.75	5	100,0
216	-39.25	39.75	5	100,0
216	-38.75	39.25	5	100,0
216	-38.25	39.25	5	100,0
216	-38.25	40.25	5	100,0
216	-37.75	40.25	5	100,0
216	-36.25	38.75	5	100,0
216	-36.25	38.25	5	100,0
216	-37.25	38.25	5	100,0
216	-38.25	37.25	5	100,0
216	-38.25	36.75	5	100,0
216	-37.25	36.75	5	100,0
216	-37.25	35.25	5	100,0
216	-37.75	34.75	5	100,0
216	-39.25	34.75	5	100,0
216	-39.75	35.25	5	100,0
216	-39.75	35.75	5	100,0
216	-39.25	36.25	5	100,0
216	-39.25	36.75	5	100,0
216	-39.75	37.25	5	100,0
216	-40.25	37.25	5	100,0
216	-40.25	36.25	5	100,0
216	-41.25	35.25	5	100,0
216	-41.25	34.75	5	100,0
216	-40.75	34.25	5	100,0
216	-40.75	33.75	5	100,0
216	-41.75	32.75	5	100,0
216	-42.25	32.75	5	100,0
216	-42.25	33.25	5	100,0
216	-41.75	33.75	5	100,0
216	-41.75	34.25	5	100,0
216	-42.75	34.25	5	100,0
216	-42.75	34.75	5	100,0
216	-42.25	35.25	5	100,0
216	-42.25	35.75	5	100,0
216	-43.25	36.75	5	100,0
216	-43.75	36.75	5	100,0
216	-44.25	36.25	5	100,0
216	-45.25	36.25	5	100,0
216	-45.25	33.75	5	100,0
216	-44.75	33.25	5	100,0
216	-44.75	32.75	5	100,0
216	-45.25	32.25	5	100,0
216	-45.25	31.75	5	100,0
216	-44.75	31.25	5	100,0
216	-44.75	30.75	5	100,0
216	-45.25	30.25	5	100,0
216	-45.25	12.75	5	100,0
216	-44.75	12.25	5	100,0
216	-43.75	12.25	5	100,0
216	-43.25	11.75	5	100,0
216	-43.25	10.75	5	100,0
216	-41.75	9.25	5	100,0
216	-41.75	8.75	5	100,0
216	-43.25	7.25	5	100,0
216	-43.25	6.75	5	100,0
216	-42.75	6.75	5	100,0
216	-24.75	24.75	5	100,0
216	-23.25	24.75	5	100,0
216	-22.75	24.25	5	100,0
216	-22.25	24.25	5	100,0
216	-22.25	24.75	5	100,0
216	-23.25	25.75	5	100,0
216	-23.25	26.25	5	100,0
216	-22.75	26.75	5	100,0
216	-22.75	27.25	5	100,0
216	-23.75	28.25	5	100,0
216	-24.75	28.25	5	100,0
216	-24.75	28.75	5	100,0
216	-23.25	30.25	5	100,0
216	-23.25	30.75	5	100,0
216	-24.25	31.75	5	100,0
216	-24.25	32.25	5	100,0
216	-23.25	33.25	5	100,0
216	-22.25	33.25	5	100,0
216	-22.25	33.75	5	100,0
216	-22.75	34.25	5	100,0
216	-22.75	35.25	5	100,0
216	-24.25	36.75	5	100,0
216	-24.25	37.25	5	100,0
216	-23.75	37.75	5	100,0
216	-23.75	38.25	5	100,0
216	-25.25	38.25	5	100,0
216	-25.75	37.75	5	100,0
216	-26.25	37.75	5	100,0
216	-26.25	38.75	5	100,0
216	-27.25	38.75	5	100,0
216	-28.25	39.75	5	100,0
216	-28.25	40.25	5	100,0
216	-27.75	40.25	5	100,0
216	-27.25	39.75	5	100,0
216	-23.75	39.75	5	100,0
216	-23.25	40.25	5	100,0
216	-21.75	40.25	5	100,0
216	-21.25	39.75	5	100,0
216	-21.25	38.75	5	100,0
216	-20.75	38.75	5	100,0
216	-20.25	39.25	5	100,0
216	-20.25	40.25	5	100,0
216	-19.25	40.25	5	100,0
216	-19.25	40.75	5	100,0
216	-20.25	41.75	5	100,0
216	-21.25	41.75	5	100,0
216	-23.25	43.75	5	100,0
216	-23.25	44.25	5	100,0
216	-22.75	44.75	5	100,0
216	-22.75	45.25	5	100,0
216	-24.25	46.75	5	100,0
216	-24.75	46.75	5	100,0
216	-27.25	44.25	5	100,0
216	-29.25	44.25	5	100,0
216	-29.75	43.75	5	100,0
216	-30.25	43.75	5	100,0
216	-30.75	44.25	5	100,0
216	-30.75	44.75	5	100,0
216	-30.25	45.25	5	100,0
216	-30.25	45.75	5	100,0
216	-30.75	46.25	5	100,0
216	-31.75	46.25	5	100,0
216	-31.75	46.75	5	100,0
216	-30.25	48.25	5	100,0
216	-30.25	48.75	5	100,0
216	-30.75	49.25	5	100,0
216	-38.25	49.25	5	100,0
216	-38.75	48.75	5	100,0
216	-39.25	48.75	5	100,0
216	-39.75	49.25	5	100,0
216	-41.25	49.25	5	100,0
216	-41.75	48.75	5	100,0
216	-43.25	48.75	5	100,0
216	-43.75	49.25	5	100,0
216	-44.25	49.25	5	100,0
216	-42.25	-0.25	5	100,50
216	-42.25	0.25	5	100,50
216	-41.75	0.25	5	100,50
216	-41.25	-0.25	5	100,50
216	-41.25	-0.75	5	100,50
216	-41.75	-0.75	5	100,50
216	-42.25	-0.25	5	100,50
217	3.75	34.75	5	50,0
217	3.75	35.25	5	50,0
217	4.25	35.75	5	50,0
217	4.75	35.75	5	50,0
217	4.75	35.25	5	50,0
217	4.25	34.75	5	50,0
217	3.75	34.75	5	50,0
217	-45.25	38.75	5	100,0
217	-45.25	39.25	5	100,0
217	-44.75	39.75	5	100,0
217	-44.25	39.75	5	100,0
217	-44.25	39.25	5	100,0
217	-44.75	38.75	5	100,0
217	-45.25	38.75	5	100,0
217	-39.75	-0.75	5	100,50
217	-39.75	-0.25	5	100,50
217	-39.25	-0.25	5	100,50
217	-39.25	-0.75	5	100,50
217	-39.75	-0.75	5	100,50
86	-8.75	40.25	158	50,0
86	-8.75	40.75	158	50,0
86	-8.25	40.75	158	50,0
86	-8.25	40.25	158	50,0
86	-8.75	40.25	158	50,0
160	-0.75	48.25	23	50,0
160	-0.75	48.75	23	50,0
160	-0.25	49.25	23	50,0
160	4.25	49.25	23	50,0
160	4.75	48.75	23	50,0
160	4.75	48.25	23	50,0
160	3.75	48.25	23	50,0
160	3.25	47.75	23	50,0
160	2.25	47.75	23	50,0
160	0.75	46.25	23	50,0
160	0.75	45.75	23	50,0
160	1.25	45.25	23	50,0
160	1.25	44.75	23	50,0
160	0.75	44.75	23	50,0
160	-0.25	45.75	23	50,0
160	-0.25	47.75	23	50,0
160	-0.75	48.25	23	50,0
160	0.25	-0.75	23	50,50
160	0.25	-0.25	23	50,50
160	1.25	0.75	23	50,50
160	1.75	0.75	23	50,50
160	1.75	-0.75	23	50,50
160	0.25	-0.75	23	50,50
160	-43.25	5.75	23	100,50
160	-43.25	6.25	23	100,50
160	-39.25	10.25	23	100,50
160	-38.75	10.25	23	100,50
160	-38.25	9.75	23	100,50
160	-38.25	9.25	23	100,50
160	-39.75	7.75	23	100,50
160	-39.75	7.25	23	100,50
160	-39.25	6.75	23	100,50
160	-39.25	6.25	23	100,50
160	-39.75	5.75	23	100,50
160	-39.75	5.25	23	100,50
160	-39.25	4.75	23	100,50
160	-38.75	4.75	23	100,50
160	-38.25	5.25	23	100,50
160	-37.75	5.25	23	100,50
160	-37.75	3.75	23	100,50
160	-38.25	3.25	23	100,50
160	-38.25	2.75	23	100,50
160	-37.25	2.75	23	100,50
160	-36.75	2.25	23	100,50
160	-36.25	2.25	23	100,50
160	-35.75	2.75	23	100,50
160	-35.75	3.75	23	100,50
160	-34.75	3.75	23	100,50
160	-34.25	4.25	23	100,50
160	-34.25	4.75	23	100,50
160	-35.25	5.75	23	100,50
160	-36.25	5.75	23	100,50
160	-36.75	6.25	23	100,50
160	-37.75	6.25	23	100,50
160	-37.75	7.25	23	100,50
160	-38.25	7.75	23	100,50
160	-38.25	8.25	23	100,50
160	-37.75	8.25	23	100,50
160	-37.25	7.75	23	100,50
160	-36.25	7.75	23	100,50
160	-35.75	7.25	23	100,50
160	-34.75	7.25	23	100,50
160	-27.25	-0.25	23	100,50
160	-27.25	-0.75	23	100,50
160	-29.75	-0.75	23	100,50
160	-29.75	0.25	23	100,50
160	-30.25	0.75	23	100,50
160	-31.25	0.75	23	100,50
160	-31.75	1.25	23	100,50
160	-32.25	1.25	23	100,50
160	-32.25	-0.75	23	100,50
160	-32.75	-0.75	23	100,50
160	-34.25	0.75	23	100,50
160	-34.25	1.75	23	100,50
160	-35.75	1.75	23	100,50
160	-36.25	1.25	23	100,50
160	-36.25	0.75	23	100,50
160	-35.75	0.25	23	100,50
160	-35.75	-0.25	23	100,50
160	-37.75	-0.25	23	100,50
160	-38.25	-0.75	23	100,50
160	-38.75	-0.75	23	100,50
160	-39.25	-0.25	23	100,50
160	-39.75	-0.25	23	100,50
160	-40.25	-0.75	23	100,50
160	-40.75	-0.75	23	100,50
160	-41.75	0.25	23	100,50
160	-42.25	0.25	23	100,50
160	-42.25	-0.75	23	100,50
160	-43.75	-0.75	23	100,50
160	-44.25	-0.25	23	100,50
160	-45.25	-0.25	23	100,50
160	-45.25	0.25	23	100,50
160	-44.75	0.75	23	100,50
160	-44.25	0.75	23	100,50
160	-43.75	0.25	23	100,50
160	-43.25	0.25	23	100,50
160	-43.25	0.75	23	100,50
160	-43.75	1.25	23	100,50
160	-43.75	1.75	23	100,50
160	-43.25	2.25	23	100,50
160	-43.25	2.75	23	100,50
160	-43.75	3.25	23	100,50
160	-44.75	3.25	23	100,50
160	-44.75	3.75	23	100,50
160	-43.25	5.25	23	100,50
160	-43.25	5.75	23	100,50
160	-45.25	47.75	23	100,0
160	-45.25	48.25	23	100,0
160	-44.75	48.75	23	100,0
160	-44.25	48.75	23	100,0
160	-43.75	48.25	23	100,0
160	-43.75	47.75	23	100,0
160	-44.25	47.25	23	100,0
160	-44.75	47.25	23	100,0
160	-45.25	47.75	23	100,0
161	2.25	-0.25	23	50,50
161	2.25	-0.75	23	50,50
161	2.75	-0.75	23	50,50
161	2.75	-0.25	23	50,50
161	2.25	-0.25	23	50,50
161	-27.75	21.25	23	100,50
161	-27.75	21.75	23	100,50
161	-24.25	25.25	23	100,50
161	-23.75	25.25	23	100,50
161	-22.75	24.25	23	100,50
161	-21.75	24.25	23	100,50
161	-21.25	23.75	23	100,50
161	-21.25	21.75	23	100,50
161	-20.75	21.25	23	100,50
161	-20.75	19.75	23	100,50
161	-21.25	19.75	23	100,50
161	-21.75	20.25	23	100,50
161	-21.75	21.25	23	100,50
161	-22.25	21.75	23	100,50
161	-22.25	22.75	23	100,50
161	-22.75	22.75	23	100,50
161	-23.25	22.25	23	100,50
161	-24.25	22.25	23	100,50
161	-24.25	20.75	23	100,50
161	-23.75	20.25	23	100,50
161	-22.75	20.25	23	100,50
161	-22.25	19.75	23	100,50
161	-22.25	19.25	23	100,50
161	-24.25	19.25	23	100,50
161	-24.25	18.75	23	100,50
161	-23.75	18.25	23	100,50
161	-22.75	18.25	23	100,50
161	-21.75	17.25	23	100,50
161	-21.75	15.75	23	100,50
161	-22.25	15.75	23	100,50
161	-27.75	21.25	23	100,50
161	-43.25	48.75	23	100,0
161	-43.25	49.25	23	100,0
161	-42.75	49.25	23	100,0
161	-42.75	48.75	23	100,0
161	-43.25	48.75	23	100,0
162	3.25	-0.25	23	50,50
162	3.25	-0.75	23	50,50
162	3.75	-0.75	23	50,50
162	3.75	-0.25	23	50,50
162	3.25	-0.25	23	50,50
162	-26.75	21.25	23	100,50
162	-26.75	21.75	23	100,50
162	-26.25	21.75	23	100,50
162	-25.75	21.25	23	100,50
162	-25.75	20.75	23	100,50
162	-26.25	20.75	23	100,50
162	-26.75	21.25	23	100,50
162	-42.25	49.25	23	100,0
162	-42.25	48.75	23	100,0
162	-41.75	48.75	23	100,0
162	-41.75	49.25	23	100,0
162	-42.25	49.25	23	100,0
163	4.25	0.25	23	50,50
163	4.25	0.75	23	50,50
163	4.75	0.75	23	50,50
163	4.75	-0.75	23	50,50
163	4.25	-0.75	23	50,50
163	4.25	0.25	23	50,50
163	-35.75	11.25	23	100,50
163	-35.75	11.75	23	100,50
163	-35.25	11.75	23	100,50
163	-35.25	11.25	23	100,50
163	-35.75	11.25	23	100,50
163	-39.25	48.75	23	100,0
163	-39.25	49.25	23	100,0
163	-38.75	49.25	23	100,0
163	-38.75	48.75	23	100,0
163	-39.25	48.75	23	100,0
205	1.75	0.75	43	50,50
205	1.75	1.25	43	50,50
205	2.25	1.75	43	50,50
205	2.75	1.75	43	50,50
205	2.75	0.75	43	50,50
205	3.25	0.75	43	50,50
205	3.75	1.25	43	50,50
205	3.75	3.25	43	50,50
205	4.25	3.75	43	50,50
205	4.75	3.75	43	50,50
205	4.75	1.25	43	50,50
205	4.25	0.75	43	50,50
205	4.25	-0.25	43	50,50
205	1.75	-0.25	43	50,50
205	1.75	0.75	43	50,50
205	-45.25	3.75	43	100,50
205	-45.25	4.25	43	100,50
205	-43.75	5.75	43	100,50
205	-43.25	5.75	43	100,50
205	-43.25	5.25	43	100,50
205	-44.75	3.75	43	100,50
205	-44.75	3.25	43	100,50
205	-43.75	3.25	43	100,50
205	-43.25	2.75	43	100,50
205	-43.25	2.25	43	100,50
205	-43.75	1.75	43	100,50
205	-43.75	1.25	43	100,50
205	-43.25	0.75	43	100,50
205	-43.25	0.25	43	100,50
205	-43.75	0.25	43	100,50
205	-44.25	0.75	43	100,50
205	-45.25	0.75	43	100,50
205	-45.25	3.75	43	100,50
285	2.75	1.75	90	50,50
285	2.75	2.25	90	50,50
285	3.25	2.75	90	50,50
285	3.75	2.75	90	50,50
285	3.75	1.25	90	50,50
285	3.25	0.75	90	50,50
285	2.75	0.75	90	50,50
285	2.75	1.75	90	50,50
164	-34.75	10.25	23	100,50
164	-34.75	10.75	23	100,50
164	-34.25	10.75	23	100,50
164	-32.25	8.75	23	100,50
164	-32.25	8.25	23	100,50
164	-32.75	7.75	23	100,50
164	-33.25	7.75	23	100,50
164	-34.75	9.25	23	100,50
164	-34.75	10.25	23	100,50
164	-30.25	48.75	23	100,0
164	-30.25	49.25	23	100,0
164	-26.75	49.25	23	100,0
164	-25.75	48.25	23	100,0
164	-25.75	47.25	23	100,0
164	-25.25	46.75	23	100,0
164	-25.25	46.25	23	100,0
164	-27.25	44.25	23	100,0
164	-29.25	44.25	23	100,0
164	-29.75	43.75	23	100,0
164	-30.25	43.75	23	100,0
164	-30.75	44.25	23	100,0
164	-30.75	44.75	23	100,0
164	-30.25	45.25	23	100,0
164	-30.25	45.75	23	100,0
164	-30.75	46.25	23	100,0
164	-31.75	46.25	23	100,0
164	-31.75	46.75	23	100,0
164	-30.25	48.25	23	100,0
164	-30.25	48.75	23	100,0
165	-19.75	13.25	23	100,50
165	-19.75	13.75	23	100,50
165	-19.25	13.75	23	100,50
165	-18.75	13.25	23	100,50
165	-16.75	13.25	23	100,50
165	-16.25	12.75	23	100,50
165	-16.25	12.25	23	100,50
165	-17.25	11.25	23	100,50
165	-17.75	11.25	23	100,50
165	-19.75	13.25	23	100,50
166	-28.75	3.25	23	100,50
166	-28.75	3.75	23	100,50
166	-28.25	4.25	23	100,50
166	-27.75	4.25	23	100,50
166	-26.25	2.75	23	100,50
166	-26.25	2.25	23	100,50
166	-26.75	1.75	23	100,50
166	-27.25	1.75	23	100,50
166	-27.25	2.75	23	100,50
166	-28.25	2.75	23	100,50
166	-28.75	3.25	23	100,50
254	-38.75	10.25	73	100,50
254	-38.75	10.75	73	100,50
254	-38.25	10.75	73	100,50
254	-35.25	7.75	73	100,50
254	-35.25	7.25	73	100,50
254	-35.75	7.25	73	100,50
254	-36.25	7.75	73	100,50
254	-37.25	7.75	73	100,50
254	-37.75	8.25	73	100,50
254	-38.25	8.25	73	100,50
254	-38.25	7.75	73	100,50
254	-37.75	7.25	73	100,50
254	-37.75	6.25	73	100,50
254	-36.75	6.25	73	100,50
254	-36.25	5.75	73	100,50
254	-35.25	5.75	73	100,50
254	-34.25	4.75	73	100,50
254	-34.25	4.25	73	100,50
254	-34.75	3.75	73	100,50
254	-35.75	3.75	73	100,50
254	-35.75	2.75	73	100,50
254	-36.25	2.25	73	100,50
254	-36.75	2.25	73	100,50
254	-37.25	2.75	73	100,50
254	-38.25	2.75	73	100,50
254	-38.25	3.25	73	100,50
254	-37.75	3.75	73	100,50
254	-37.75	5.25	73	100,50
254	-38.25	5.25	73	100,50
254	-38.75	4.75	73	100,50
254	-39.25	4.75	73	100,50
254	-39.75	5.25	73	100,50
254	-39.75	5.75	73	100,50
254	-39.25	6.25	73	100,50
254	-39.25	6.75	73	100,50
254	-39.75	7.25	73	100,50
254	-39.75	7.75	73	100,50
254	-38.25	9.25	73	100,50
254	-38.25	9.75	73	100,50
254	-38.75	10.25	73	100,50
255	-36.75	12.25	73	100,50
255	-36.75	12.75	73	100,50
255	-36.25	12.75	73	100,50
255	-35.75	12.25	73	100,50
255	-35.75	11.75	73	100,50
255	-36.25	11.75	73	100,50
255	-36.75	12.25	73	100,50
256	-35.75	10.25	73	100,50
256	-35.75	10.75	73	100,50
256	-35.25	11.25	73	100,50
256	-34.75	11.25	73	100,50
256	-34.75	9.75	73	100,50
256	-35.25	9.75	73	100,50
256	-35.75	10.25	73	100,50
15	-37.25	11.75	107	100,50
15	-37.25	12.25	107	100,50
15	-36.75	12.25	107	100,50
15	-36.75	11.75	107	100,50
15	-37.25	11.75	107	100,50
148	-23.75	25.25	2	100,50
148	-23.75	25.75	2	100,50
148	-6.25	43.25	2	100,50
148	-4.75	43.25	2	100,50
148	-4.25	42.75	2	100,50
148	-3.75	42.75	2	100,50
148	-3.75	44.25	2	100,50
148	-4.25	44.75	2	100,50
148	-4.25	45.25	2	100,50
148	-3.75	45.75	2	100,50
148	-3.25	45.75	2	100,50
148	-2.75	45.25	2	100,50
148	-1.25	45.25	2	100,50
148	-0.75	45.75	2	100,50
148	-0.75	46.75	2	100,50
148	-0.25	47.25	2	100,50
148	-0.25	47.75	2	100,50
148	-0.75	47.75	2	100,50
148	-1.25	47.25	2	100,50
148	-1.75	47.25	2	100,50
148	-1.75	47.75	2	100,50
148	-0.75	48.75	2	100,50
148	4.75	48.75	2	100,50
148	5.25	48.25	2	100,50
148	5.25	43.75	2	100,50
148	4.75	43.25	2	100,50
148	4.75	42.75	2	100,50
148	5.25	42.25	2	100,50
148	5.25	36.75	2	100,50
148	4.75	36.75	2	100,50
148	3.75	37.75	2	100,50
148	3.25	37.75	2	100,50
148	3.25	37.25	2	100,50
148	4.75	35.75	2	100,50
148	4.75	35.25	2	100,50
148	3.25	33.75	2	100,50
148	2.75	33.75	2	100,50
148	2.25	34.25	2	100,50
148	1.75	34.25	2	100,50
148	1.75	33.25	2	100,50
148	1.25	32.75	2	100,50
148	0.75	32.75	2	100,50
148	0.25	33.25	2	100,50
148	0.25	33.75	2	100,50
148	0.75	34.25	2	100,50
148	0.75	34.75	2	100,50
148	-0.75	34.75	2	100,50
148	-0.75	33.75	2	100,50
148	-1.25	33.75	2	100,50
148	-1.75	34.25	2	100,50
148	-2.75	34.25	2	100,50
148	-3.75	35.25	2	100,50
148	-4.25	35.25	2	100,50
148	-4.75	34.75	2	100,50
148	-5.25	34.75	2	100,50
148	-5.25	35.75	2	100,50
148	-5.75	35.75	2	100,50
148	-6.75	34.75	2	100,50
148	-7.25	34.75	2	100,50
148	-7.75	35.25	2	100,50
148	-7.75	36.25	2	100,50
148	-8.25	36.25	2	100,50
148	-9.25	35.25	2	100,50
148	-10.25	35.25	2	100,50
148	-10.25	34.75	2	100,50
148	-9.75	34.25	2	100,50
148	-9.75	33.75	2	100,50
148	-10.25	33.75	2	100,50
148	-10.75	34.25	2	100,50
148	-11.25	34.25	2	100,50
148	-11.25	33.75	2	100,50
148	-10.75	33.25	2	100,50
148	-10.75	32.75	2	100,50
148	-11.25	32.25	2	100,50
148	-11.25	31.75	2	100,50
148	-10.75	31.75	2	100,50
148	-10.25	32.25	2	100,50
148	-9.75	32.25	2	100,50
148	-9.25	31.75	2	100,50
148	-8.25	31.75	2	100,50
148	-8.25	31.25	2	100,50
148	-8.75	30.75	2	100,50
148	-8.75	29.25	2	100,50
148	-8.25	29.25	2	100,50
148	-7.75	29.75	2	100,50
148	-6.75	29.75	2	100,50
148	-6.25	30.25	2	100,50
148	-5.75	30.25	2	100,50
148	-5.75	29.75	2	100,50
148	-7.25	28.25	2	100,50
148	-7.25	27.75	2	100,50
148	-6.75	27.25	2	100,50
148	-6.75	26.25	2	100,50
148	-6.25	25.75	2	100,50
148	-5.25	25.75	2	100,50
148	-4.75	25.25	2	100,50
148	-4.25	25.25	2	100,50
148	-4.25	27.25	2	100,50
148	-3.25	27.25	2	100,50
148	-2.75	27.75	2	100,50
148	-2.25	27.75	2	100,50
148	-1.75	27.25	2	100,50
148	-1.75	25.75	2	100,50
148	-2.75	25.75	2	100,50
148	-3.25	25.25	2	100,50
148	-3.25	21.25	2	100,50
148	-5.25	21.25	2	100,50
148	-5.75	20.75	2	100,50
148	-5.75	19.75	2	100,50
148	-6.75	19.75	2	100,50
148	-6.75	18.75	2	100,50
148	-8.25	18.75	2	100,50
148	-8.75	19.25	2	100,50
148	-9.75	19.25	2	100,50
148	-9.75	19.75	2	100,50
148	-9.25	20.25	2	100,50
148	-8.25	20.25	2	100,50
148	-8.25	21.75	2	100,50
148	-9.75	21.75	2	100,50
148	-10.25	21.25	2	100,50
148	-10.25	20.25	2	100,50
148	-10.75	20.25	2	100,50
148	-11.25	20.75	2	100,50
148	-11.25	22.75	2	100,50
148	-11.75	22.75	2	100,50
148	-12.25	22.25	2	100,50
148	-12.75	22.25	2	100,50
148	-13.25	22.75	2	100,50
148	-13.75	22.75	2	100,50
148	-14.25	22.25	2	100,50
148	-14.25	21.75	2	100,50
148	-13.25	21.75	2	100,50
148	-12.25	20.75	2	100,50
148	-12.25	20.25	2	100,50
148	-12.75	20.25	2	100,50
148	-13.25	20.75	2	100,50
148	-14.75	20.75	2	100,50
148	-15.75	19.75	2	100,50
148	-15.75	19.25	2	100,50
148	-14.75	19.25	2	100,50
148	-14.25	18.75	2	100,50
148	-14.25	18.25	2	100,50
148	-14.75	17.75	2	100,50
148	-14.75	17.25	2	100,50
148	-13.75	17.25	2	100,50
148	-12.75	16.25	2	100,50
148	-12.25	16.25	2	100,50
148	-12.25	17.25	2	100,50
148	-11.25	18.25	2	100,50
148	-8.75	18.25	2	100,50
148	-8.75	17.25	2	100,50
148	-8.25	16.75	2	100,50
148	-6.25	16.75	2	100,50
148	-5.25	15.75	2	100,50
148	-3.75	15.75	2	100,50
148	-2.75	16.75	2	100,50
148	0.25	16.75	2	100,50
148	0.25	17.75	2	100,50
148	1.25	17.75	2	100,50
148	1.25	18.75	2	100,50
148	1.75	18.75	2	100,50
148	2.25	18.25	2	100,50
148	2.25	17.25	2	100,50
148	3.25	17.25	2	100,50
148	3.25	16.25	2	100,50
148	4.25	16.25	2	100,50
148	4.25	14.75	2	100,50
148	3.75	14.75	2	100,50
148	3.25	15.25	2	100,50
148	2.75	15.25	2	100,50
148	2.75	14.25	2	100,50
148	1.75	14.25	2	100,50
148	0.75	13.25	2	100,50
148	0.75	12.75	2	100,50
148	1.75	12.75	2	100,50
148	1.75	11.25	2	100,50
148	1.25	11.25	2	100,50
148	0.25	12.25	2	100,50
148	-0.25	12.25	2	100,50
148	-1.75	10.75	2	100,50
148	-1.75	10.25	2	100,50
148	-1.25	10.25	2	100,50
148	-0.25	11.25	2	100,50
148	0.25	11.25	2	100,50
148	0.75	10.75	2	100,50
148	0.75	9.75	2	100,50
148	3.75	9.75	2	100,50
148	4.25	9.25	2	100,50
148	5.25	9.25	2	100,50
148	5.25	8.75	2	100,50
148	4.75	8.25	2	100,50
148	3.75	8.25	2	100,50
148	3.75	7.25	2	100,50
148	3.25	6.75	2	100,50
148	2.75	6.75	2	100,50
148	2.25	7.25	2	100,50
148	1.75	7.25	2	100,50
148	1.75	5.75	2	100,50
148	2.75	5.75	2	100,50
148	2.75	4.75	2	100,50
148	3.25	4.25	2	100,50
148	3.25	3.75	2	100,50
148	1.75	2.25	2	100,50
148	1.25	2.25	2	100,50
148	1.25	3.25	2	100,50
148	0.75	3.25	2	100,50
148	-0.25	2.25	2	100,50
148	-0.25	1.75	2	100,50
148	0.75	1.75	2	100,50
148	0.75	1.25	2	100,50
148	0.25	0.75	2	100,50
148	-0.25	0.75	2	100,50
148	-0.75	1.25	2	100,50
148	-1.25	1.25	2	100,50
148	-1.75	0.75	2	100,50
148	-1.75	0.25	2	100,50
148	-0.75	0.25	2	100,50
148	-0.75	-0.25	2	100,50
148	-1.25	-0.75	2	100,50
148	-4.75	-0.75	2	100,50
148	-4.75	0.25	2	100,50
148	-6.75	0.25	2	100,50
148	-6.75	1.25	2	100,50
148	-7.25	1.75	2	100,50
148	-7.25	2.25	2	100,50
148	-6.25	3.25	2	100,50
148	-6.25	3.75	2	100,50
148	-7.25	4.75	2	100,50
148	-7.75	4.75	2	100,50
148	-7.75	4.25	2	100,50
148	-7.25	3.75	2	100,50
148	-7.25	3.25	2	100,50
148	-7.75	3.25	2	100,50
148	-8.25	3.75	2	100,50
148	-8.75	3.75	2	100,50
148	-9.25	3.25	2	100,50
148	-9.75	3.25	2	100,50
148	-13.25	6.75	2	100,50
148	-13.25	7.75	2	100,50
148	-14.25	8.75	2	100,50
148	-14.25	9.75	2	100,50
148	-15.25	10.75	2	100,50
148	-15.75	10.75	2	100,50
148	-16.25	10.25	2	100,50
148	-16.75	10.25	2	100,50
148	-17.25	10.75	2	100,50
148	-17.25	11.25	2	100,50
148	-16.25	12.25	2	100,50
148	-16.25	12.75	2	100,50
148	-16.75	13.25	2	100,50
148	-18.75	13.25	2	100,50
148	-19.25	13.75	2	100,50
148	-20.25	13.75	2	100,50
148	-21.75	15.25	2	100,50
148	-21.75	17.25	2	100,50
148	-22.75	18.25	2	100,50
148	-23.75	18.25	2	100,50
148	-24.25	18.75	2	100,50
148	-24.25	19.25	2	100,50
148	-22.25	19.25	2	100,50
148	-22.25	19.75	2	100,50
148	-22.75	20.25	2	100,50
148	-23.75	20.25	2	100,50
148	-24.25	20.75	2	100,50
148	-24.25	22.25	2	100,50
148	-23.25	22.25	2	100,50
148	-22.75	22.75	2	100,50
148	-22.25	22.75	2	100,50
148	-22.25	21.75	2	100,50
148	-21.75	21.25	2	100,50
148	-21.75	20.25	2	100,50
148	-21.25	19.75	2	100,50
148	-20.75	19.75	2	100,50
148	-20.75	21.25	2	100,50
148	-21.25	21.75	2	100,50
148	-21.25	23.75	2	100,50
148	-21.75	24.25	2	100,50
148	-22.75	24.25	2	100,50
148	-23.75	25.25	2	100,50
148	-0.25	-1.25	2	100,100
148	-0.25	-0.75	2	100,100
148	4.75	4.25	2	100,100
148	5.25	4.25	2	100,100
148	5.25	-1.25	2	100,100
148	-0.25	-1.25	2	100,100
148	-44.75	4.25	2	150,100
148	-44.75	4.75	2	150,100
148	-25.25	24.25	2	150,100
148	-24.75	24.25	2	150,100
148	-18.75	18.25	2	150,100
148	-18.75	17.75	2	150,100
148	-20.75	17.75	2	150,100
148	-20.75	17.25	2	150,100
148	-19.75	16.25	2	150,100
148	-19.75	15.75	2	150,100
148	-20.25	15.75	2	150,100
148	-21.75	17.25	2	150,100
148	-22.25	17.25	2	150,100
148	-22.75	16.75	2	150,100
148	-22.75	16.25	2	150,100
148	-21.75	15.25	2	150,100
148	-21.75	14.25	2	150,100
148	-20.75	13.25	2	150,100
148	-20.75	12.25	2	150,100
148	-19.75	12.25	2	150,100
148	-19.75	11.75	2	150,100
148	-20.25	11.25	2	150,100
148	-20.25	10.25	2	150,100
148	-20.75	9.75	2	150,100
148	-20.75	9.25	2	150,100
148	-19.75	9.25	2	150,100
148	-19.75	8.75	2	150,100
148	-20.25	8.25	2	150,100
148	-20.25	6.75	2	150,100
148	-19.25	6.75	2	150,100
148	-18.75	6.25	2	150,100
148	-18.75	5.75	2	150,100
148	-19.75	4.75	2	150,100
148	-19.75	4.25	2	150,100
148	-19.25	3.75	2	150,100
148	-18.75	3.75	2	150,100
148	-18.75	4.75	2	150,100
148	-18.25	4.75	2	150,100
148	-17.75	4.25	2	150,100
148	-16.25	4.25	2	150,100
148	-15.75	4.75	2	150,100
148	-15.75	5.75	2	150,100
148	-15.25	6.25	2	150,100
148	-14.25	6.25	2	150,100
148	-13.25	7.25	2	150,100
148	-13.25	7.75	2	150,100
148	-13.75	7.75	2	150,100
148	-14.25	7.25	2	150,100
148	-16.75	7.25	2	150,100
148	-16.75	7.75	2	150,100
148	-16.25	8.25	2	150,100
148	-16.25	9.75	2	150,100
148	-17.25	10.75	2	150,100
148	-17.25	11.75	2	150,100
148	-18.25	12.75	2	150,100
148	-19.25	12.75	2	150,100
148	-19.25	13.25	2	150,100
148	-18.75	13.75	2	150,100
148	-16.75	13.75	2	150,100
148	-16.25	14.25	2	150,100
148	-16.25	14.75	2	150,100
148	-17.25	14.75	2	150,100
148	-17.25	15.25	2	150,100
148	-16.75	15.75	2	150,100
148	-16.25	15.75	2	150,100
148	-10.75	10.25	2	150,100
148	-10.75	9.75	2	150,100
148	-11.75	8.75	2	150,100
148	-11.75	6.25	2	150,100
148	-11.25	5.75	2	150,100
148	-10.25	5.75	2	150,100
148	-10.25	3.75	2	150,100
148	-9.25	3.75	2	150,100
148	-9.25	2.25	2	150,100
148	-9.75	1.75	2	150,100
148	-9.75	0.75	2	150,100
148	-10.25	0.25	2	150,100
148	-10.25	-0.25	2	150,100
148	-9.75	-0.75	2	150,100
148	-9.75	-1.25	2	150,100
148	-24.25	-1.25	2	150,100
148	-24.25	-0.25	2	150,100
148	-26.25	-0.25	2	150,100
148	-26.25	0.25	2	150,100
148	-25.25	1.25	2	150,100
148	-25.25	1.75	2	150,100
148	-27.25	1.75	2	150,100
148	-28.25	2.75	2	150,100
148	-29.25	2.75	2	150,100
148	-29.75	3.25	2	150,100
148	-29.75	3.75	2	150,100
148	-29.25	4.25	2	150,100
148	-29.25	5.75	2	150,100
148	-30.25	5.75	2	150,100
148	-30.75	6.25	2	150,100
148	-30.75	6.75	2	150,100
148	-30.25	7.25	2	150,100
148	-30.25	8.25	2	150,100
148	-29.75	8.75	2	150,100
148	-29.25	8.75	2	150,100
148	-28.25	7.75	2	150,100
148	-27.75	7.75	2	150,100
148	-27.75	8.25	2	150,100
148	-28.25	8.75	2	150,100
148	-28.25	9.25	2	150,100
148	-27.75	9.75	2	150,100
148	-27.75	10.25	2	150,100
148	-28.25	10.25	2	150,100
148	-28.75	9.75	2	150,100
148	-29.25	9.75	2	150,100
148	-29.25	10.75	2	150,100
148	-29.75	11.25	2	150,100
148	-30.25	11.25	2	150,100
148	-30.25	10.25	2	150,100
148	-30.75	9.75	2	150,100
148	-30.75	8.75	2	150,100
148	-31.75	8.75	2	150,100
148	-32.25	8.25	2	150,100
148	-33.25	8.25	2	150,100
148	-33.75	7.75	2	150,100
148	-33.75	7.25	2	150,100
148	-32.75	6.25	2	150,100
148	-32.75	5.75	2	150,100
148	-33.25	5.25	2	150,100
148	-34.25	5.25	2	150,100
148	-34.25	3.75	2	150,100
148	-33.75	3.25	2	150,100
148	-33.75	2.75	2	150,100
148	-34.25	2.25	2	150,100
148	-34.25	0.75	2	150,100
148	-33.75	0.25	2	150,100
148	-33.75	-1.25	2	150,100
148	-44.25	-1.25	2	150,100
148	-44.75	-0.75	2	150,100
148	-44.75	4.25	2	150,100
148	-44.75	48.25	2	150,50
148	-44.75	48.75	2	150,50
148	-33.25	48.75	2	150,50
148	-32.75	48.25	2	150,50
148	-32.75	47.75	2	150,50
148	-33.75	47.75	2	150,50
148	-35.75	45.75	2	150,50
148	-36.75	45.75	2	150,50
148	-36.75	45.25	2	150,50
148	-36.25	44.75	2	150,50
148	-35.25	44.75	2	150,50
148	-34.25	43.75	2	150,50
148	-33.25	43.75	2	150,50
148	-33.25	43.25	2	150,50
148	-35.25	41.25	2	150,50
148	-36.25	41.25	2	150,50
148	-36.25	39.75	2	150,50
148	-35.75	39.75	2	150,50
148	-34.75	40.75	2	150,50
148	-31.75	40.75	2	150,50
148	-31.25	41.25	2	150,50
148	-30.75	41.25	2	150,50
148	-30.25	40.75	2	150,50
148	-29.25	40.75	2	150,50
148	-28.75	40.25	2	150,50
148	-26.25	40.25	2	150,50
148	-26.25	41.75	2	150,50
148	-26.75	41.75	2	150,50
148	-27.25	41.25	2	150,50
148	-27.75	41.25	2	150,50
148	-27.75	41.75	2	150,50
148	-26.75	42.75	2	150,50
148	-26.75	43.25	2	150,50
148	-27.25	43.75	2	150,50
148	-27.25	44.25	2	150,50
148	-26.75	44.25	2	150,50
148	-24.75	42.25	2	150,50
148	-24.25	42.25	2	150,50
148	-23.75	42.75	2	150,50
148	-22.75	42.75	2	150,50
148	-22.75	43.25	2	150,50
148	-23.25	43.75	2	150,50
148	-23.75	43.75	2	150,50
148	-24.25	43.25	2	150,50
148	-24.75	43.25	2	150,50
148	-24.75	43.75	2	150,50
148	-24.25	44.25	2	150,50
148	-24.25	45.25	2	150,50
148	-23.25	45.25	2	150,50
148	-23.25	45.75	2	150,50
148	-24.75	47.25	2	150,50
148	-24.75	48.75	2	150,50
148	-13.25	48.75	2	150,50
148	-13.25	47.75	2	150,50
148	-12.75	47.25	2	150,50
148	-12.75	46.75	2	150,50
148	-13.25	46.25	2	150,50
148	-13.25	45.25	2	150,50
148	-14.25	44.25	2	150,50
148	-14.25	43.75	2	150,50
148	-13.75	43.75	2	150,50
148	-13.25	44.25	2	150,50
148	-12.75	44.25	2	150,50
148	-12.25	43.75	2	150,50
148	-12.25	42.75	2	150,50
148	-11.75	42.75	2	150,50
148	-11.25	43.25	2	150,50
148	-11.25	44.25	2	150,50
148	-10.75	44.25	2	150,50
148	-9.75	43.25	2	150,50
148	-9.75	42.75	2	150,50
148	-10.25	42.25	2	150,50
148	-11.25	42.25	2	150,50
148	-11.75	41.75	2	150,50
148	-11.75	41.25	2	150,50
148	-10.75	41.25	2	150,50
148	-10.75	40.25	2	150,50
148	-10.25	39.75	2	150,50
148	-9.25	39.75	2	150,50
148	-9.25	38.75	2	150,50
148	-8.75	38.75	2	150,50
148	-8.25	39.25	2	150,50
148	-8.25	40.75	2	150,50
148	-8.75	41.25	2	150,50
148	-9.75	41.25	2	150,50
148	-9.75	41.75	2	150,50
148	-9.25	42.25	2	150,50
148	-8.75	42.25	2	150,50
148	-8.25	41.75	2	150,50
148	-7.75	41.75	2	150,50
148	-6.25	43.25	2	150,50
148	-5.75	43.25	2	150,50
148	-5.75	42.75	2	150,50
148	-7.25	41.25	2	150,50
148	-7.25	40.75	2	150,50
148	-5.75	39.25	2	150,50
148	-3.75	39.25	2	150,50
148	-3.25	38.75	2	150,50
148	-2.75	38.75	2	150,50
148	-2.25	39.25	2	150,50
148	-1.75	39.25	2	150,50
148	-1.75	38.75	2	150,50
148	-2.25	38.25	2	150,50
148	-2.25	37.75	2	150,50
148	-1.75	37.25	2	150,50
148	-1.75	36.75	2	150,50
148	-2.25	36.75	2	150,50
148	-3.75	38.25	2	150,50
148	-5.25	38.25	2	150,50
148	-5.25	37.75	2	150,50
148	-3.25	35.75	2	150,50
148	-2.25	35.75	2	150,50
148	-1.75	35.25	2	150,50
148	-0.75	35.25	2	150,50
148	-0.25	34.75	2	150,50
148	1.75	34.75	2	150,50
148	2.75	33.75	2	150,50
148	2.75	32.25	2	150,50
148	2.25	32.25	2	150,50
148	1.75	32.75	2	150,50
148	1.25	32.75	2	150,50
148	1.25	32.25	2	150,50
148	1.75	31.75	2	150,50
148	1.75	30.75	2	150,50
148	2.75	30.75	2	150,50
148	2.75	30.25	2	150,50
148	1.75	29.25	2	150,50
148	1.25	29.25	2	150,50
148	1.25	30.25	2	150,50
148	0.75	30.75	2	150,50
148	0.25	30.75	2	150,50
148	-0.25	30.25	2	150,50
148	-1.25	30.25	2	150,50
148	-1.75	29.75	2	150,50
148	-2.25	29.75	2	150,50
148	-2.25	31.75	2	150,50
148	-2.75	32.25	2	150,50
148	-3.25	32.25	2	150,50
148	-4.75	30.75	2	150,50
148	-5.25	30.75	2	150,50
148	-5.75	31.25	2	150,50
148	-6.25	31.25	2	150,50
148	-6.75	30.75	2	150,50
148	-6.75	29.75	2	150,50
148	-7.25	29.75	2	150,50
148	-7.75	30.25	2	150,50
148	-7.75	30.75	2	150,50
148	-7.25	31.25	2	150,50
148	-7.25	31.75	2	150,50
148	-8.25	31.75	2	150,50
148	-8.25	33.25	2	150,50
148	-6.75	33.25	2	150,50
148	-5.75	32.25	2	150,50
148	-5.25	32.25	2	150,50
148	-5.25	33.25	2	150,50
148	-4.75	33.75	2	150,50
148	-4.75	34.25	2	150,50
148	-5.25	34.75	2	150,50
148	-5.25	35.25	2	150,50
148	-4.25	35.25	2	150,50
148	-4.25	35.75	2	150,50
148	-5.25	36.75	2	150,50
148	-6.25	36.75	2	150,50
148	-6.75	37.25	2	150,50
148	-6.75	38.25	2	150,50
148	-7.25	38.25	2	150,50
148	-7.75	37.75	2	150,50
148	-7.75	36.75	2	150,50
148	-8.25	36.75	2	150,50
148	-9.25	37.75	2	150,50
148	-9.75	37.75	2	150,50
148	-10.25	37.25	2	150,50
148	-11.25	37.25	2	150,50
148	-11.75	36.75	2	150,50
148	-12.25	36.75	2	150,50
148	-12.25	37.25	2	150,50
148	-10.75	38.75	2	150,50
148	-10.75	39.25	2	150,50
148	-11.25	39.25	2	150,50
148	-11.75	38.75	2	150,50
148	-13.75	38.75	2	150,50
148	-13.75	38.25	2	150,50
148	-13.25	37.75	2	150,50
148	-13.25	37.25	2	150,50
148	-13.75	37.25	2	150,50
148	-14.25	37.75	2	150,50
148	-14.75	37.75	2	150,50
148	-15.75	36.75	2	150,50
148	-16.25	36.75	2	150,50
148	-17.25	37.75	2	150,50
148	-17.75	37.75	2	150,50
148	-17.75	37.25	2	150,50
148	-17.25	36.75	2	150,50
148	-17.25	36.25	2	150,50
148	-17.75	35.75	2	150,50
148	-18.25	35.75	2	150,50
148	-18.25	36.75	2	150,50
148	-19.75	38.25	2	150,50
148	-20.75	38.25	2	150,50
148	-22.75	40.25	2	150,50
148	-23.75	40.25	2	150,50
148	-24.25	40.75	2	150,50
148	-25.75	40.75	2	150,50
148	-25.75	39.75	2	150,50
148	-26.25	39.25	2	150,50
148	-26.25	37.75	2	150,50
148	-25.75	37.75	2	150,50
148	-25.25	38.25	2	150,50
148	-24.75	38.25	2	150,50
148	-24.75	37.75	2	150,50
148	-25.75	36.75	2	150,50
148	-25.75	36.25	2	150,50
148	-24.25	34.75	2	150,50
148	-23.25	34.75	2	150,50
148	-23.25	34.25	2	150,50
148	-23.75	33.75	2	150,50
148	-23.75	33.25	2	150,50
148	-23.25	33.25	2	150,50
148	-22.75	33.75	2	150,50
148	-22.25	33.75	2	150,50
148	-22.25	33.25	2	150,50
148	-22.75	32.75	2	150,50
148	-22.75	31.75	2	150,50
148	-23.75	31.75	2	150,50
148	-24.25	31.25	2	150,50
148	-25.25	31.25	2	150,50
148	-25.75	30.75	2	150,50
148	-27.25	30.75	2	150,50
148	-27.25	31.25	2	150,50
148	-26.75	31.75	2	150,50
148	-26.75	32.75	2	150,50
148	-26.25	33.25	2	150,50
148	-26.25	33.75	2	150,50
148	-26.75	34.25	2	150,50
148	-27.75	34.25	2	150,50
148	-29.25	35.75	2	150,50
148	-29.75	35.75	2	150,50
148	-29.75	34.25	2	150,50
148	-28.75	34.25	2	150,50
148	-28.75	33.25	2	150,50
148	-28.25	32.75	2	150,50
148	-28.25	32.25	2	150,50
148	-29.75	32.25	2	150,50
148	-30.75	33.25	2	150,50
148	-30.75	35.25	2	150,50
148	-33.25	35.25	2	150,50
148	-33.25	33.75	2	150,50
148	-31.75	32.25	2	150,50
148	-31.75	31.75	2	150,50
148	-33.25	31.75	2	150,50
148	-33.75	32.25	2	150,50
148	-33.75	33.25	2	150,50
148	-35.25	34.75	2	150,50
148	-36.25	34.75	2	150,50
148	-36.25	35.25	2	150,50
148	-35.75	35.75	2	150,50
148	-35.75	36.25	2	150,50
148	-36.25	36.25	2	150,50
148	-36.75	35.75	2	150,50
148	-37.75	35.75	2	150,50
148	-37.75	35.25	2	150,50
148	-36.75	34.25	2	150,50
148	-36.75	33.75	2	150,50
148	-37.25	33.75	2	150,50
148	-38.25	34.75	2	150,50
148	-38.75	34.75	2	150,50
148	-39.25	34.25	2	150,50
148	-39.25	33.75	2	150,50
148	-38.75	33.25	2	150,50
148	-37.75	33.25	2	150,50
148	-37.25	32.75	2	150,50
148	-37.25	32.25	2	150,50
148	-37.75	31.75	2	150,50
148	-38.25	31.75	2	150,50
148	-38.75	32.25	2	150,50
148	-39.25	32.25	2	150,50
148	-40.25	31.25	2	150,50
148	-41.25	31.25	2	150,50
148	-41.75	30.75	2	150,50
148	-42.75	30.75	2	150,50
148	-43.25	30.25	2	150,50
148	-44.75	30.25	2	150,50
148	-44.75	32.75	2	150,50
148	-43.75	33.75	2	150,50
148	-42.75	33.75	2	150,50
148	-42.75	34.25	2	150,50
148	-43.75	35.25	2	150,50
148	-43.75	35.75	2	150,50
148	-43.25	35.75	2	150,50
148	-42.75	35.25	2	150,50
148	-42.25	35.25	2	150,50
148	-42.25	35.75	2	150,50
148	-42.75	36.25	2	150,50
148	-42.75	38.25	2	150,50
148	-44.25	38.25	2	150,50
148	-44.25	37.75	2	150,50
148	-43.75	37.25	2	150,50
148	-43.75	36.75	2	150,50
148	-44.25	36.75	2	150,50
148	-44.75	37.25	2	150,50
148	-44.75	48.25	2	150,50
148	-21.75	47.25	2	100,0
148	-21.75	47.75	2	100,0
148	-21.25	47.75	2	100,0
148	-21.25	47.25	2	100,0
148	-21.75	47.25	2	100,0
149	-32.25	7.75	2	100,50
149	-32.25	8.25	2	100,50
149	-31.75	8.25	2	100,50
149	-28.75	5.25	2	100,50
149	-28.75	4.75	2	100,50
149	-29.25	4.75	2	100,50
149	-29.75	5.25	2	100,50
149	-30.75	5.25	2	100,50
149	-30.75	6.25	2	100,50
149	-32.25	7.75	2	100,50
149	-38.25	5.75	2	150,100
149	-38.25	6.25	2	150,100
149	-36.75	6.25	2	150,100
149	-36.75	5.25	2	150,100
149	-36.25	5.25	2	150,100
149	-35.75	5.75	2	150,100
149	-35.75	6.25	2	150,100
149	-36.75	7.25	2	150,100
149	-36.75	7.75	2	150,100
149	-36.25	8.25	2	150,100
149	-35.25	8.25	2	150,100
149	-34.25	9.25	2	150,100
149	-33.75	9.25	2	150,100
149	-33.75	8.75	2	150,100
149	-34.25	8.25	2	150,100
149	-34.25	6.25	2	150,100
149	-35.75	4.75	2	150,100
149	-35.75	4.25	2	150,100
149	-35.25	3.75	2	150,100
149	-35.25	1.25	2	150,100
149	-35.75	1.25	2	150,100
149	-36.75	2.25	2	150,100
149	-37.25	2.25	2	150,100
149	-37.25	1.25	2	150,100
149	-37.75	1.25	2	150,100
149	-38.25	1.75	2	150,100
149	-40.25	1.75	2	150,100
149	-40.25	3.25	2	150,100
149	-39.75	3.25	2	150,100
149	-39.25	2.75	2	150,100
149	-38.75	2.75	2	150,100
149	-38.75	3.75	2	150,100
149	-36.75	3.75	2	150,100
149	-36.75	4.25	2	150,100
149	-38.25	5.75	2	150,100
149	-12.75	48.75	2	150,50
149	-12.75	48.25	2	150,50
149	-12.25	48.25	2	150,50
149	-12.25	48.75	2	150,50
149	-12.75	48.75	2	150,50
149	-20.75	46.25	2	100,0
149	-20.75	46.75	2	100,0
149	-20.25	46.75	2	100,0
149	-17.25	43.75	2	100,0
149	-17.25	43.25	2	100,0
149	-17.75	43.25	2	100,0
149	-18.25	43.75	2	100,0
149	-19.25	43.75	2	100,0
149	-20.75	45.25	2	100,0
149	-20.75	46.25	2	100,0
150	3.75	32.75	2	100,50
150	3.75	33.25	2	100,50
150	4.25	33.25	2	100,50
150	5.25	32.25	2	100,50
150	5.25	29.75	2	100,50
150	4.25	28.75	2	100,50
150	3.75	28.75	2	100,50
150	3.25	29.25	2	100,50
150	3.25	29.75	2	100,50
150	4.25	29.75	2	100,50
150	4.25	30.75	2	100,50
150	4.75	31.25	2	100,50
150	4.75	31.75	2	100,50
150	3.75	31.75	2	100,50
150	3.75	32.75	2	100,50
150	-27.25	15.75	2	150,100
150	-27.25	16.25	2	150,100
150	-25.75	16.25	2	150,100
150	-25.75	13.75	2	150,100
150	-26.25	13.75	2	150,100
150	-26.75	14.25	2	150,100
150	-26.75	15.25	2	150,100
150	-27.25	15.75	2	150,100
150	-11.75	48.75	2	150,50
150	-11.75	48.25	2	150,50
150	-11.25	47.75	2	150,50
150	-9.75	47.75	2	150,50
150	-9.25	48.25	2	150,50
150	-9.25	48.75	2	150,50
150	-11.75	48.75	2	150,50
150	-5.25	48.75	2	100,0
150	-5.25	49.25	2	100,0
150	1.25	49.25	2	100,0
150	1.25	47.25	2	100,0
150	2.25	47.25	2	100,0
150	2.25	46.75	2	100,0
150	1.75	46.25	2	100,0
150	0.75	46.25	2	100,0
150	0.75	45.25	2	100,0
150	0.25	44.75	2	100,0
150	-0.25	44.75	2	100,0
150	-0.75	45.25	2	100,0
150	-1.75	45.25	2	100,0
150	-5.25	48.75	2	100,0
151	-26.25	1.75	2	100,50
151	-26.25	2.25	2	100,50
151	-25.75	2.25	2	100,50
151	-25.75	1.75	2	100,50
151	-26.25	1.75	2	100,50
151	-33.25	-0.75	2	150,100
151	-33.25	-1.25	2	150,100
151	-32.75	-1.25	2	150,100
151	-32.75	-0.75	2	150,100
151	-33.25	-0.75	2	150,100
151	-44.75	8.25	2	150,50
151	-44.75	8.75	2	150,50
151	-44.25	8.75	2	150,50
151	-44.25	8.25	2	150,50
151	-44.75	8.25	2	150,50
151	-14.25	38.75	2	100,0
151	-14.25	39.25	2	100,0
151	-13.75	39.75	2	100,0
151	-13.25	39.75	2	100,0
151	-9.75	36.25	2	100,0
151	-9.75	35.75	2	100,0
151	-10.25	35.25	2	100,0
151	-10.75	35.25	2	100,0
151	-10.75	36.25	2	100,0
151	-11.75	36.25	2	100,0
151	-12.25	36.75	2	100,0
151	-12.25	37.75	2	100,0
151	-13.25	37.75	2	100,0
151	-14.25	38.75	2	100,0
167	-5.75	43.25	24	100,50
167	-5.75	43.75	24	100,50
167	-5.25	44.25	24	100,50
167	-4.75	44.25	24	100,50
167	-4.75	43.75	24	100,50
167	-5.25	43.25	24	100,50
167	-5.75	43.25	24	100,50
97	-4.75	44.25	166	100,50
97	-4.75	44.75	166	100,50
97	-4.25	44.75	166	100,50
97	-3.75	44.25	166	100,50
97	-3.75	42.75	166	100,50
97	-4.25	42.75	166	100,50
97	-4.75	43.25	166	100,50
97	-4.75	44.25	166	100,50
284	-3.25	45.75	9	100,50
284	-3.25	46.25	9	100,50
284	-2.25	47.25	9	100,50
284	-1.25	47.25	9	100,50
284	-0.75	47.75	9	100,50
284	-0.25	47.75	9	100,50
284	-0.25	47.25	9	100,50
284	-0.75	46.75	9	100,50
284	-0.75	45.75	9	100,50
284	-1.25	45.25	9	100,50
284	-2.75	45.25	9	100,50
284	-3.25	45.75	9	100,50
138	-26.75	21.25	190	100,50
138	-26.75	21.75	190	100,50
138	-26.25	21.75	190	100,50
138	-25.75	21.25	190	100,50
138	-25.75	20.75	190	100,50
138	-26.25	20.75	190	100,50
138	-26.75	21.25	190	100,50
144	-36.25	10.75	196	100,50
144	-36.25	11.25	196	100,50
144	-35.75	11.25	196	100,50
144	-35.75	10.75	196	100,50
144	-36.25	10.75	196	100,50
248	-11.25	33.75	71	100,50
248	-11.25	34.25	71	100,50
248	-10.75	34.25	71	100,50
248	-10.25	33.75	71	100,50
248	-9.75	33.75	71	100,50
248	-9.75	34.25	71	100,50
248	-10.25	34.75	71	100,50
248	-10.25	35.25	71	100,50
248	-9.25	35.25	71	100,50
248	-8.25	36.25	71	100,50
248	-7.75	36.25	71	100,50
248	-7.75	35.25	71	100,50
248	-7.25	34.75	71	100,50
248	-6.75	34.75	71	100,50
248	-5.75	35.75	71	100,50
248	-5.25	35.75	71	100,50
248	-5.25	34.75	71	100,50
248	-4.75	34.75	71	100,50
248	-4.25	35.25	71	100,50
248	-3.75	35.25	71	100,50
248	-2.75	34.25	71	100,50
248	-1.75	34.25	71	100,50
248	-1.25	33.75	71	100,50
248	-0.75	33.75	71	100,50
248	-0.75	34.75	71	100,50
248	0.75	34.75	71	100,50
248	0.75	34.25	71	100,50
248	0.25	33.75	71	100,50
248	0.25	33.25	71	100,50
248	0.75	32.75	71	100,50
248	1.25	32.75	71	100,50
248	1.75	33.25	71	100,50
248	1.75	34.25	71	100,50
248	2.25	34.25	71	100,50
248	2.75	33.75	71	100,50
248	3.25	33.75	71	100,50
248	4.25	34.75	71	100,50
248	4.75	34.75	71	100,50
248	5.25	34.25	71	100,50
248	5.25	32.75	71	100,50
248	4.75	32.75	71	100,50
248	4.25	33.25	71	100,50
248	3.75	33.25	71	100,50
248	3.75	31.75	71	100,50
248	4.75	31.75	71	100,50
248	4.75	31.25	71	100,50
248	4.25	30.75	71	100,50
248	4.25	29.75	71	100,50
248	3.25	29.75	71	100,50
248	3.25	29.25	71	100,50
248	3.75	28.75	71	100,50
248	4.25	28.75	71	100,50
248	4.75	29.25	71	100,50
248	5.25	29.25	71	100,50
248	5.25	26.75	71	100,50
248	4.75	26.25	71	100,50
248	4.75	24.75	71	100,50
248	5.25	24.25	71	100,50
248	5.25	22.75	71	100,50
248	4.75	22.25	71	100,50
248	4.75	21.25	71	100,50
248	3.25	21.25	71	100,50
248	2.75	21.75	71	100,50
248	1.75	21.75	71	100,50
248	1.75	22.25	71	100,50
248	2.25	22.75	71	100,50
248	2.25	23.25	71	100,50
248	1.75	23.75	71	100,50
248	1.75	24.75	71	100,50
248	-0.25	24.75	71	100,50
248	-0.25	25.75	71	100,50
248	-0.75	25.75	71	100,50
248	-1.25	25.25	71	100,50
248	-1.25	24.75	71	100,50
248	-0.75	24.25	71	100,50
248	-0.75	23.75	71	100,50
248	-1.25	23.75	71	100,50
248	-1.75	24.25	71	100,50
248	-2.25	24.25	71	100,50
248	-2.25	23.75	71	100,50
248	-1.75	23.25	71	100,50
248	-1.75	22.75	71	100,50
248	-2.25	22.25	71	100,50
248	-2.25	21.75	71	100,50
248	-1.75	21.25	71	100,50
248	-1.25	21.25	71	100,50
248	-0.75	21.75	71	100,50
248	-0.25	21.75	71	100,50
248	-0.25	21.25	71	100,50
248	-0.75	20.75	71	100,50
248	-0.75	19.25	71	100,50
248	-0.25	18.75	71	100,50
248	0.25	18.75	71	100,50
248	0.25	20.75	71	100,50
248	0.75	21.25	71	100,50
248	1.25	21.25	71	100,50
248	1.75	20.75	71	100,50
248	1.75	20.25	71	100,50
248	1.25	19.75	71	100,50
248	1.25	17.75	71	100,50
248	0.25	17.75	71	100,50
248	0.25	16.75	71	100,50
248	-2.75	16.75	71	100,50
248	-3.75	15.75	71	100,50
248	-5.25	15.75	71	100,50
248	-6.25	16.75	71	100,50
248	-8.25	16.75	71	100,50
248	-8.75	17.25	71	100,50
248	-8.75	18.25	71	100,50
248	-11.25	18.25	71	100,50
248	-12.25	17.25	71	100,50
248	-12.25	16.25	71	100,50
248	-12.75	16.25	71	100,50
248	-13.75	17.25	71	100,50
248	-14.75	17.25	71	100,50
248	-14.75	17.75	71	100,50
248	-14.25	18.25	71	100,50
248	-14.25	18.75	71	100,50
248	-14.75	19.25	71	100,50
248	-15.75	19.25	71	100,50
248	-15.75	19.75	71	100,50
248	-14.75	20.75	71	100,50
248	-13.25	20.75	71	100,50
248	-12.75	20.25	71	100,50
248	-12.25	20.25	71	100,50
248	-12.25	20.75	71	100,50
248	-13.25	21.75	71	100,50
248	-14.25	21.75	71	100,50
248	-14.25	22.25	71	100,50
248	-13.75	22.75	71	100,50
248	-13.25	22.75	71	100,50
248	-12.75	22.25	71	100,50
248	-12.25	22.25	71	100,50
248	-11.75	22.75	71	100,50
248	-11.25	22.75	71	100,50
248	-11.25	20.75	71	100,50
248	-10.75	20.25	71	100,50
248	-10.25	20.25	71	100,50
248	-10.25	21.25	71	100,50
248	-9.75	21.75	71	100,50
248	-8.25	21.75	71	100,50
248	-8.25	20.25	71	100,50
248	-9.25	20.25	71	100,50
248	-9.75	19.75	71	100,50
248	-9.75	19.25	71	100,50
248	-8.75	19.25	71	100,50
248	-8.25	18.75	71	100,50
248	-6.75	18.75	71	100,50
248	-6.75	19.75	71	100,50
248	-5.75	19.75	71	100,50
248	-5.75	20.75	71	100,50
248	-5.25	21.25	71	100,50
248	-3.25	21.25	71	100,50
248	-3.25	25.25	71	100,50
248	-2.75	25.75	71	100,50
248	-1.75	25.75	71	100,50
248	-1.75	27.25	71	100,50
248	-2.25	27.75	71	100,50
248	-2.75	27.75	71	100,50
248	-3.25	27.25	71	100,50
248	-4.25	27.25	71	100,50
248	-4.25	25.25	71	100,50
248	-4.75	25.25	71	100,50
248	-5.25	25.75	71	100,50
248	-6.25	25.75	71	100,50
248	-6.75	26.25	71	100,50
248	-6.75	27.25	71	100,50
248	-7.25	27.75	71	100,50
248	-7.25	28.25	71	100,50
248	-5.75	29.75	71	100,50
248	-5.75	30.25	71	100,50
248	-6.25	30.25	71	100,50
248	-6.75	29.75	71	100,50
248	-7.75	29.75	71	100,50
248	-8.25	29.25	71	100,50
248	-8.75	29.25	71	100,50
248	-8.75	30.75	71	100,50
248	-8.25	31.25	71	100,50
248	-8.25	31.75	71	100,50
248	-9.25	31.75	71	100,50
248	-9.75	32.25	71	100,50
248	-10.25	32.25	71	100,50
248	-10.75	31.75	71	100,50
248	-11.25	31.75	71	100,50
248	-11.25	32.25	71	100,50
248	-10.75	32.75	71	100,50
248	-10.75	33.25	71	100,50
248	-11.25	33.75	71	100,50
248	-44.75	34.25	71	150,50
248	-44.75	34.75	71	150,50
248	-44.25	34.75	71	150,50
248	-44.25	33.25	71	150,50
248	-44.75	33.25	71	150,50
248	-44.75	34.25	71	150,50
249	1.75	19.25	71	100,50
249	1.75	18.75	71	100,50
249	2.25	18.25	71	100,50
249	2.25	17.25	71	100,50
249	3.25	17.25	71	100,50
249	3.25	16.25	71	100,50
249	4.25	16.25	71	100,50
249	4.25	14.75	71	100,50
249	3.75	14.75	71	100,50
249	3.25	15.25	71	100,50
249	2.75	15.25	71	100,50
249	2.75	14.25	71	100,50
249	1.75	14.25	71	100,50
249	0.75	13.25	71	100,50
249	0.75	12.75	71	100,50
249	1.75	12.75	71	100,50
249	1.75	11.25	71	100,50
249	1.25	11.25	71	100,50
249	0.25	12.25	71	100,50
249	-0.25	12.25	71	100,50
249	-1.75	10.75	71	100,50
249	-1.75	10.25	71	100,50
249	-1.25	10.25	71	100,50
249	-0.25	11.25	71	100,50
249	0.25	11.25	71	100,50
249	0.75	10.75	71	100,50
249	0.75	9.75	71	100,50
249	3.75	9.75	71	100,50
249	4.25	9.25	71	100,50
249	4.75	9.25	71	100,50
249	5.25	9.75	71	100,50
249	5.25	17.25	71	100,50
249	4.25	17.25	71	100,50
249	4.25	17.75	71	100,50
249	5.25	18.75	71	100,50
249	5.25	19.25	71	100,50
249	4.75	19.25	71	100,50
249	3.75	18.25	71	100,50
249	3.25	18.25	71	100,50
249	3.25	19.25	71	100,50
249	2.75	19.75	71	100,50
249	2.25	19.75	71	100,50
249	1.75	19.25	71	100,50
249	-44.75	29.25	71	150,50
249	-44.75	29.75	71	150,50
249	-44.25	30.25	71	150,50
249	-43.25	30.25	71	150,50
249	-42.75	30.75	71	150,50
249	-41.75	30.75	71	150,50
249	-41.25	31.25	71	150,50
249	-40.75	31.25	71	150,50
249	-40.75	30.25	71	150,50
249	-40.25	29.75	71	150,50
249	-39.25	29.75	71	150,50
249	-39.25	29.25	71	150,50
249	-39.75	28.75	71	150,50
249	-39.75	28.25	71	150,50
249	-39.25	28.25	71	150,50
249	-38.25	29.25	71	150,50
249	-37.75	29.25	71	150,50
249	-37.75	28.75	71	150,50
249	-38.25	28.25	71	150,50
249	-38.25	25.75	71	150,50
249	-37.25	25.75	71	150,50
249	-36.75	25.25	71	150,50
249	-36.25	25.25	71	150,50
249	-36.25	25.75	71	150,50
249	-36.75	26.25	71	150,50
249	-36.75	26.75	71	150,50
249	-36.25	26.75	71	150,50
249	-35.75	26.25	71	150,50
249	-35.25	26.25	71	150,50
249	-35.25	26.75	71	150,50
249	-36.25	27.75	71	150,50
249	-37.25	27.75	71	150,50
249	-37.25	29.75	71	150,50
249	-37.75	30.25	71	150,50
249	-37.75	30.75	71	150,50
249	-36.75	31.75	71	150,50
249	-36.75	32.25	71	150,50
249	-38.25	33.75	71	150,50
249	-38.25	34.25	71	150,50
249	-37.75	34.25	71	150,50
249	-37.25	33.75	71	150,50
249	-36.75	33.75	71	150,50
249	-36.75	34.25	71	150,50
249	-37.75	35.25	71	150,50
249	-37.75	35.75	71	150,50
249	-36.75	35.75	71	150,50
249	-36.25	36.25	71	150,50
249	-35.75	36.25	71	150,50
249	-35.75	35.75	71	150,50
249	-36.25	35.25	71	150,50
249	-36.25	34.75	71	150,50
249	-35.25	34.75	71	150,50
249	-33.75	33.25	71	150,50
249	-33.75	32.25	71	150,50
249	-33.25	31.75	71	150,50
249	-31.75	31.75	71	150,50
249	-31.75	32.25	71	150,50
249	-33.25	33.75	71	150,50
249	-33.25	35.25	71	150,50
249	-30.75	35.25	71	150,50
249	-30.75	33.25	71	150,50
249	-29.75	32.25	71	150,50
249	-28.25	32.25	71	150,50
249	-28.25	32.75	71	150,50
249	-28.75	33.25	71	150,50
249	-28.75	34.25	71	150,50
249	-29.75	34.25	71	150,50
249	-29.75	35.75	71	150,50
249	-29.25	35.75	71	150,50
249	-27.75	34.25	71	150,50
249	-26.75	34.25	71	150,50
249	-26.25	33.75	71	150,50
249	-26.25	33.25	71	150,50
249	-26.75	32.75	71	150,50
249	-26.75	31.75	71	150,50
249	-27.25	31.25	71	150,50
249	-27.25	30.75	71	150,50
249	-25.75	30.75	71	150,50
249	-25.25	31.25	71	150,50
249	-24.25	31.25	71	150,50
249	-23.75	31.75	71	150,50
249	-22.75	31.75	71	150,50
249	-22.75	32.75	71	150,50
249	-22.25	33.25	71	150,50
249	-22.25	33.75	71	150,50
249	-22.75	33.75	71	150,50
249	-23.25	33.25	71	150,50
249	-23.75	33.25	71	150,50
249	-23.75	33.75	71	150,50
249	-23.25	34.25	71	150,50
249	-23.25	34.75	71	150,50
249	-24.25	34.75	71	150,50
249	-25.75	36.25	71	150,50
249	-25.75	36.75	71	150,50
249	-24.75	37.75	71	150,50
249	-24.75	38.25	71	150,50
249	-25.25	38.25	71	150,50
249	-25.75	37.75	71	150,50
249	-26.25	37.75	71	150,50
249	-26.25	39.25	71	150,50
249	-25.75	39.75	71	150,50
249	-25.75	40.75	71	150,50
249	-24.25	40.75	71	150,50
249	-23.75	40.25	71	150,50
249	-22.75	40.25	71	150,50
249	-20.75	38.25	71	150,50
249	-19.75	38.25	71	150,50
249	-18.25	36.75	71	150,50
249	-18.25	35.25	71	150,50
249	-19.25	35.25	71	150,50
249	-19.75	34.75	71	150,50
249	-19.75	33.75	71	150,50
249	-20.25	33.75	71	150,50
249	-20.75	34.25	71	150,50
249	-20.75	35.25	71	150,50
249	-21.75	35.25	71	150,50
249	-22.25	35.75	71	150,50
249	-22.25	36.75	71	150,50
249	-22.75	37.25	71	150,50
249	-22.75	38.25	71	150,50
249	-23.25	38.25	71	150,50
249	-24.25	37.25	71	150,50
249	-24.25	36.75	71	150,50
249	-23.25	36.75	71	150,50
249	-23.25	35.75	71	150,50
249	-20.75	33.25	71	150,50
249	-20.75	32.75	71	150,50
249	-21.25	32.25	71	150,50
249	-21.25	31.75	71	150,50
249	-19.75	31.75	71	150,50
249	-19.75	32.75	71	150,50
249	-18.25	32.75	71	150,50
249	-18.25	31.25	71	150,50
249	-19.25	31.25	71	150,50
249	-19.25	30.75	71	150,50
249	-18.75	30.25	71	150,50
249	-18.75	27.75	71	150,50
249	-19.75	27.75	71	150,50
249	-19.75	26.75	71	150,50
249	-20.25	26.25	71	150,50
249	-20.25	25.25	71	150,50
249	-20.75	24.75	71	150,50
249	-22.25	24.75	71	150,50
249	-22.75	25.25	71	150,50
249	-23.25	25.25	71	150,50
249	-23.25	24.75	71	150,50
249	-22.75	24.25	71	150,50
249	-22.75	21.75	71	150,50
249	-23.25	21.75	71	150,50
249	-23.75	22.25	71	150,50
249	-24.25	22.25	71	150,50
249	-25.25	21.25	71	150,50
249	-25.75	21.25	71	150,50
249	-25.75	21.75	71	150,50
249	-24.25	23.25	71	150,50
249	-24.25	24.75	71	150,50
249	-24.75	24.75	71	150,50
249	-25.75	23.75	71	150,50
249	-26.75	23.75	71	150,50
249	-26.75	23.25	71	150,50
249	-26.25	22.75	71	150,50
249	-26.25	22.25	71	150,50
249	-27.25	21.25	71	150,50
249	-27.25	19.25	71	150,50
249	-27.75	19.25	71	150,50
249	-28.25	19.75	71	150,50
249	-28.75	19.75	71	150,50
249	-29.25	19.25	71	150,50
249	-29.25	17.75	71	150,50
249	-28.75	17.25	71	150,50
249	-28.75	16.75	71	150,50
249	-29.75	15.75	71	150,50
249	-30.25	15.75	71	150,50
249	-30.75	16.25	71	150,50
249	-30.75	18.25	71	150,50
249	-32.25	18.25	71	150,50
249	-33.25	17.25	71	150,50
249	-33.25	16.75	71	150,50
249	-32.75	16.25	71	150,50
249	-32.75	15.75	71	150,50
249	-33.25	15.75	71	150,50
249	-33.75	16.25	71	150,50
249	-34.25	16.25	71	150,50
249	-34.25	15.25	71	150,50
249	-34.75	14.75	71	150,50
249	-34.75	13.75	71	150,50
249	-35.25	13.25	71	150,50
249	-36.25	13.25	71	150,50
249	-38.25	11.25	71	150,50
249	-38.25	10.75	71	150,50
249	-37.25	9.75	71	150,50
249	-36.75	9.75	71	150,50
249	-36.75	10.25	71	150,50
249	-37.25	10.75	71	150,50
249	-37.25	11.25	71	150,50
249	-36.25	11.25	71	150,50
249	-35.25	12.25	71	150,50
249	-34.75	12.25	71	150,50
249	-34.75	11.75	71	150,50
249	-35.75	10.75	71	150,50
249	-35.75	10.25	71	150,50
249	-35.25	9.75	71	150,50
249	-35.25	9.25	71	150,50
249	-36.25	9.25	71	150,50
249	-36.75	8.75	71	150,50
249	-36.75	8.25	71	150,50
249	-36.25	7.75	71	150,50
249	-35.75	7.75	71	150,50
249	-33.75	9.75	71	150,50
249	-33.25	9.75	71	150,50
249	-31.75	8.25	71	150,50
249	-31.25	8.25	71	150,50
249	-31.25	9.75	71	150,50
249	-32.25	9.75	71	150,50
249	-33.75	11.25	71	150,50
249	-33.75	11.75	71	150,50
249	-33.25	11.75	71	150,50
249	-32.75	11.25	71	150,50
249	-32.25	11.25	71	150,50
249	-29.25	14.25	71	150,50
249	-27.75	14.25	71	150,50
249	-27.25	13.75	71	150,50
249	-27.25	13.25	71	150,50
249	-27.75	12.75	71	150,50
249	-28.75	12.75	71	150,50
249	-28.75	10.75	71	150,50
249	-29.25	10.25	71	150,50
249	-29.25	8.75	71	150,50
249	-28.75	8.25	71	150,50
249	-28.75	7.75	71	150,50
249	-29.75	7.75	71	150,50
249	-30.25	7.25	71	150,50
249	-32.25	7.25	71	150,50
249	-32.75	6.75	71	150,50
249	-33.25	6.75	71	150,50
249	-33.25	7.25	71	150,50
249	-32.75	7.75	71	150,50
249	-32.75	8.25	71	150,50
249	-33.25	8.75	71	150,50
249	-33.75	8.75	71	150,50
249	-35.25	7.25	71	150,50
249	-35.25	5.25	71	150,50
249	-35.75	4.75	71	150,50
249	-35.75	3.75	71	150,50
249	-36.25	3.75	71	150,50
249	-37.25	4.75	71	150,50
249	-37.25	5.25	71	150,50
249	-36.75	5.75	71	150,50
249	-36.75	7.25	71	150,50
249	-37.75	8.25	71	150,50
249	-37.75	9.25	71	150,50
249	-38.75	9.25	71	150,50
249	-38.75	10.25	71	150,50
249	-39.25	10.75	71	150,50
249	-39.75	10.75	71	150,50
249	-40.75	9.75	71	150,50
249	-41.75	9.75	71	150,50
249	-41.75	9.25	71	150,50
249	-41.25	8.75	71	150,50
249	-41.25	7.25	71	150,50
249	-41.75	7.25	71	150,50
249	-42.75	8.25	71	150,50
249	-42.75	10.25	71	150,50
249	-43.25	10.75	71	150,50
249	-43.75	10.75	71	150,50
249	-43.75	8.75	71	150,50
249	-44.25	8.75	71	150,50
249	-44.75	9.25	71	150,50
249	-44.75	17.75	71	150,50
249	-43.75	18.75	71	150,50
249	-43.75	19.75	71	150,50
249	-42.75	19.75	71	150,50
249	-42.75	20.25	71	150,50
249	-44.25	21.75	71	150,50
249	-44.25	22.25	71	150,50
249	-42.75	23.75	71	150,50
249	-42.75	25.25	71	150,50
249	-43.75	25.25	71	150,50
249	-44.75	26.25	71	150,50
249	-44.75	29.25	71	150,50
218	-21.75	46.25	5	100,0
218	-21.75	46.75	5	100,0
218	-21.25	46.75	5	100,0
218	-21.25	46.25	5	100,0
218	-21.75	46.25	5	100,0
218	-37.75	-0.75	5	100,50
218	-37.75	-0.25	5	100,50
218	-37.25	-0.25	5	100,50
218	-37.25	-0.75	5	100,50
218	-37.75	-0.75	5	100,50
219	-36.25	0.75	5	100,50
219	-36.25	1.25	5	100,50
219	-35.75	1.75	5	100,50
219	-34.25	1.75	5	100,50
219	-34.25	0.75	5	100,50
219	-33.25	-0.25	5	100,50
219	-33.25	-0.75	5	100,50
219	-35.75	-0.75	5	100,50
219	-35.75	0.25	5	100,50
219	-36.25	0.75	5	100,50
220	-36.75	-0.25	5	100,50
220	-36.75	-0.75	5	100,50
220	-36.25	-0.75	5	100,50
220	-36.25	-0.25	5	100,50
220	-36.75	-0.25	5	100,50
221	-32.25	0.75	5	100,50
221	-32.25	1.25	5	100,50
221	-31.75	1.25	5	100,50
221	-31.25	0.75	5	100,50
221	-30.25	0.75	5	100,50
221	-29.75	0.25	5	100,50
221	-29.75	-0.25	5	100,50
221	-30.25	-0.75	5	100,50
221	-31.75	-0.75	5	100,50
221	-32.25	-0.25	5	100,50
221	-32.25	0.75	5	100,50
41	-35.75	8.25	120	100,50
41	-35.75	8.75	120	100,50
41	-35.25	9.25	120	100,50
41	-34.75	9.25	120	100,50
41	-34.75	8.75	120	100,50
41	-35.25	8.25	120	100,50
41	-35.75	8.25	120	100,50
41	-19.75	42.25	120	100,0
41	-19.75	42.75	120	100,0
41	-19.25	43.25	120	100,0
41	-18.75	43.25	120	100,0
41	-18.75	42.75	120	100,0
41	-19.25	42.25	120	100,0
41	-19.75	42.25	120	100,0
42	-31.75	4.25	120	100,50
42	-31.75	4.75	120	100,50
42	-31.25	4.75	120	100,50
42	-31.25	4.25	120	100,50
42	-31.75	4.25	120	100,50
204	-38.25	5.75	42	150,100
204	-38.25	6.25	42	150,100
204	-36.75	6.25	42	150,100
204	-36.75	5.25	42	150,100
204	-36.25	5.25	42	150,100
204	-35.75	5.75	42	150,100
204	-35.75	6.25	42	150,100
204	-36.75	7.25	42	150,100
204	-36.75	7.75	42	150,100
204	-36.25	8.25	42	150,100
204	-35.25	8.25	42	150,100
204	-34.25	9.25	42	150,100
204	-33.75	9.25	42	150,100
204	-33.75	8.75	42	150,100
204	-34.25	8.25	42	150,100
204	-34.25	6.25	42	150,100
204	-35.75	4.75	42	150,100
204	-35.75	4.25	42	150,100
204	-35.25	3.75	42	150,100
204	-35.25	1.25	42	150,100
204	-35.75	1.25	42	150,100
204	-36.75	2.25	42	150,100
204	-37.25	2.25	42	150,100
204	-37.25	1.25	42	150,100
204	-37.75	1.25	42	150,100
204	-38.25	1.75	42	150,100
204	-40.25	1.75	42	150,100
204	-40.25	3.25	42	150,100
204	-39.75	3.25	42	150,100
204	-39.25	2.75	42	150,100
204	-38.75	2.75	42	150,100
204	-38.75	3.75	42	150,100
204	-36.75	3.75	42	150,100
204	-36.75	4.25	42	150,100
204	-38.25	5.75	42	150,100
195	3.25	46.25	37	50,0
195	3.25	46.75	37	50,0
195	3.75	47.25	37	50,0
195	4.25	47.25	37	50,0
195	4.75	46.75	37	50,0
195	4.75	41.25	37	50,0
195	4.25	41.25	37	50,0
195	3.25	42.25	37	50,0
195	3.25	43.25	37	50,0
195	2.25	44.25	37	50,0
195	2.25	44.75	37	50,0
195	3.25	45.75	37	50,0
195	3.25	46.25	37	50,0
195	-45.25	44.75	37	100,0
195	-45.25	45.25	37	100,0
195	-44.75	45.75	37	100,0
195	-44.25	45.75	37	100,0
195	-43.25	44.75	37	100,0
195	-42.75	44.75	37	100,0
195	-42.25	45.25	37	100,0
195	-40.75	45.25	37	100,0
195	-40.75	43.75	37	100,0
195	-41.25	43.25	37	100,0
195	-41.75	43.25	37	100,0
195	-41.75	44.25	37	100,0
195	-42.25	44.25	37	100,0
195	-44.25	42.25	37	100,0
195	-44.75	42.25	37	100,0
195	-45.25	42.75	37	100,0
195	-45.25	44.75	37	100,0
139	-27.25	15.75	191	150,100
139	-27.25	16.25	191	150,100
139	-25.75	16.25	191	150,100
139	-25.75	13.75	191	150,100
139	-26.25	13.75	191	150,100
139	-26.75	14.25	191	150,100
139	-26.75	15.25	191	150,100
139	-27.25	15.75	191	150,100
296	-8.75	33.25	94	50,0
296	-8.75	33.75	94	50,0
296	-7.75	33.75	94	50,0
296	-6.75	34.75	94	50,0
296	-6.75	35.75	94	50,0
296	-5.75	35.75	94	50,0
296	-5.25	36.25	94	50,0
296	-4.75	36.25	94	50,0
296	-4.75	35.25	94	50,0
296	-3.25	35.25	94	50,0
296	-2.75	35.75	94	50,0
296	-2.25	35.75	94	50,0
296	-2.25	34.75	94	50,0
296	-0.75	34.75	94	50,0
296	-0.25	35.25	94	50,0
296	-0.25	36.25	94	50,0
296	0.25	36.75	94	50,0
296	0.25	37.75	94	50,0
296	0.75	38.25	94	50,0
296	1.25	38.25	94	50,0
296	1.25	37.25	94	50,0
296	1.75	36.75	94	50,0
296	3.25	36.75	94	50,0
296	4.25	37.75	94	50,0
296	4.75	37.75	94	50,0
296	4.75	36.25	94	50,0
296	3.75	35.25	94	50,0
296	3.75	34.75	94	50,0
296	4.75	34.75	94	50,0
296	4.75	31.25	94	50,0
296	4.25	30.75	94	50,0
296	3.75	30.75	94	50,0
296	3.25	31.25	94	50,0
296	3.25	32.25	94	50,0
296	2.75	32.25	94	50,0
296	2.25	31.75	94	50,0
296	2.25	29.75	94	50,0
296	1.25	28.75	94	50,0
296	0.75	28.75	94	50,0
296	0.75	29.75	94	50,0
296	-0.25	29.75	94	50,0
296	-0.25	30.75	94	50,0
296	-1.75	30.75	94	50,0
296	-1.75	29.75	94	50,0
296	-2.25	29.25	94	50,0
296	-3.25	29.25	94	50,0
296	-3.25	28.75	94	50,0
296	-2.75	28.25	94	50,0
296	-2.75	27.75	94	50,0
296	-3.75	27.75	94	50,0
296	-4.75	26.75	94	50,0
296	-4.75	26.25	94	50,0
296	-4.25	25.75	94	50,0
296	-3.75	25.75	94	50,0
296	-3.75	26.75	94	50,0
296	-2.75	26.75	94	50,0
296	-2.25	27.25	94	50,0
296	-1.75	27.25	94	50,0
296	-1.75	26.75	94	50,0
296	-2.25	26.25	94	50,0
296	-2.25	25.25	94	50,0
296	-3.25	25.25	94	50,0
296	-3.75	24.75	94	50,0
296	-3.75	24.25	94	50,0
296	-3.25	23.75	94	50,0
296	-2.25	23.75	94	50,0
296	-1.25	22.75	94	50,0
296	0.25	22.75	94	50,0
296	1.25	23.75	94	50,0
296	2.75	23.75	94	50,0
296	2.75	23.25	94	50,0
296	2.25	22.75	94	50,0
296	1.25	22.75	94	50,0
296	0.75	22.25	94	50,0
296	0.75	21.75	94	50,0
296	2.25	20.25	94	50,0
296	2.25	19.25	94	50,0
296	2.75	19.25	94	50,0
296	3.75	20.25	94	50,0
296	4.25	20.25	94	50,0
296	4.25	15.75	94	50,0
296	3.75	15.25	94	50,0
296	3.75	13.75	94	50,0
296	4.75	12.75	94	50,0
296	4.75	4.25	94	50,0
296	1.75	1.25	94	50,0
296	1.25	1.25	94	50,0
296	0.75	1.75	94	50,0
296	-3.25	1.75	94	50,0
296	-3.25	2.25	94	50,0
296	-1.75	3.75	94	50,0
296	-0.75	3.75	94	50,0
296	-0.75	4.25	94	50,0
296	-1.25	4.75	94	50,0
296	-1.25	6.25	94	50,0
296	0.25	7.75	94	50,0
296	0.75	7.75	94	50,0
296	1.25	7.25	94	50,0
296	1.75	7.25	94	50,0
296	1.75	8.25	94	50,0
296	2.25	8.75	94	50,0
296	2.25	9.25	94	50,0
296	1.75	9.25	94	50,0
296	1.25	8.75	94	50,0
296	0.75	8.75	94	50,0
296	0.75	9.75	94	50,0
296	0.25	9.75	94	50,0
296	-0.75	8.75	94	50,0
296	-1.25	8.75	94	50,0
296	-1.25	9.25	94	50,0
296	0.75	11.25	94	50,0
296	0.75	11.75	94	50,0
296	0.25	11.75	94	50,0
296	-0.25	11.25	94	50,0
296	-0.75	11.25	94	50,0
296	-0.75	12.25	94	50,0
296	-1.75	12.25	94	50,0
296	-1.75	12.75	94	50,0
296	-1.25	13.25	94	50,0
296	0.25	13.25	94	50,0
296	1.75	11.75	94	50,0
296	2.25	11.75	94	50,0
296	2.25	13.25	94	50,0
296	1.25	14.25	94	50,0
296	1.25	15.25	94	50,0
296	0.75	15.75	94	50,0
296	0.75	16.25	94	50,0
296	1.25	16.75	94	50,0
296	1.25	17.75	94	50,0
296	1.75	18.25	94	50,0
296	1.75	18.75	94	50,0
296	1.25	19.25	94	50,0
296	0.75	19.25	94	50,0
296	0.75	18.25	94	50,0
296	-1.25	18.25	94	50,0
296	-1.75	17.75	94	50,0
296	-1.75	17.25	94	50,0
296	-1.25	16.75	94	50,0
296	-1.25	16.25	94	50,0
296	-1.75	16.25	94	50,0
296	-2.25	16.75	94	50,0
296	-3.25	16.75	94	50,0
296	-3.25	17.75	94	50,0
296	-5.25	17.75	94	50,0
296	-5.25	18.25	94	50,0
296	-4.75	18.75	94	50,0
296	-4.75	19.25	94	50,0
296	-6.75	19.25	94	50,0
296	-7.25	19.75	94	50,0
296	-7.25	20.25	94	50,0
296	-6.75	20.75	94	50,0
296	-6.75	23.25	94	50,0
296	-7.75	23.25	94	50,0
296	-8.25	23.75	94	50,0
296	-8.25	24.25	94	50,0
296	-7.25	24.25	94	50,0
296	-7.25	24.75	94	50,0
296	-7.75	25.25	94	50,0
296	-7.75	25.75	94	50,0
296	-6.75	25.75	94	50,0
296	-6.25	26.25	94	50,0
296	-6.25	28.25	94	50,0
296	-5.75	28.75	94	50,0
296	-4.75	28.75	94	50,0
296	-4.25	29.25	94	50,0
296	-4.25	29.75	94	50,0
296	-5.25	30.75	94	50,0
296	-5.25	31.75	94	50,0
296	-5.75	31.75	94	50,0
296	-6.25	31.25	94	50,0
296	-6.25	30.75	94	50,0
296	-5.75	30.25	94	50,0
296	-5.75	29.75	94	50,0
296	-6.25	29.25	94	50,0
296	-6.75	29.25	94	50,0
296	-6.75	30.25	94	50,0
296	-7.25	30.75	94	50,0
296	-7.25	31.25	94	50,0
296	-5.25	33.25	94	50,0
296	-4.75	33.25	94	50,0
296	-3.75	32.25	94	50,0
296	-3.25	32.25	94	50,0
296	-3.25	33.75	94	50,0
296	-4.25	33.75	94	50,0
296	-4.75	34.25	94	50,0
296	-6.25	34.25	94	50,0
296	-6.25	33.25	94	50,0
296	-7.25	33.25	94	50,0
296	-7.75	32.75	94	50,0
296	-8.25	32.75	94	50,0
296	-8.75	33.25	94	50,0
296	-45.25	36.75	94	100,0
296	-45.25	37.25	94	100,0
296	-44.75	37.75	94	100,0
296	-42.75	37.75	94	100,0
296	-42.25	38.25	94	100,0
296	-41.75	38.25	94	100,0
296	-41.75	37.75	94	100,0
296	-42.25	37.25	94	100,0
296	-42.25	36.25	94	100,0
296	-42.75	36.25	94	100,0
296	-43.25	36.75	94	100,0
296	-43.75	36.75	94	100,0
296	-44.25	36.25	94	100,0
296	-44.75	36.25	94	100,0
296	-45.25	36.75	94	100,0
208	-33.75	7.25	46	150,100
208	-33.75	7.75	46	150,100
208	-33.25	8.25	46	150,100
208	-32.25	8.25	46	150,100
208	-31.75	8.75	46	150,100
208	-30.75	8.75	46	150,100
208	-30.75	9.75	46	150,100
208	-30.25	10.25	46	150,100
208	-30.25	11.25	46	150,100
208	-29.75	11.25	46	150,100
208	-29.25	10.75	46	150,100
208	-29.25	9.75	46	150,100
208	-28.75	9.75	46	150,100
208	-28.25	10.25	46	150,100
208	-27.75	10.25	46	150,100
208	-27.75	9.75	46	150,100
208	-28.25	9.25	46	150,100
208	-28.25	8.75	46	150,100
208	-27.75	8.25	46	150,100
208	-27.75	7.75	46	150,100
208	-28.25	7.75	46	150,100
208	-29.25	8.75	46	150,100
208	-29.75	8.75	46	150,100
208	-30.25	8.25	46	150,100
208	-30.25	7.25	46	150,100
208	-30.75	6.75	46	150,100
208	-30.75	6.25	46	150,100
208	-30.25	5.75	46	150,100
208	-29.25	5.75	46	150,100
208	-29.25	4.25	46	150,100
208	-29.75	3.75	46	150,100
208	-29.75	3.25	46	150,100
208	-29.25	2.75	46	150,100
208	-28.25	2.75	46	150,100
208	-27.25	1.75	46	150,100
208	-25.25	1.75	46	150,100
208	-25.25	1.25	46	150,100
208	-26.25	0.25	46	150,100
208	-26.25	-0.25	46	150,100
208	-24.25	-0.25	46	150,100
208	-24.25	-0.75	46	150,100
208	-24.75	-1.25	46	150,100
208	-26.25	-1.25	46	150,100
208	-30.75	3.25	46	150,100
208	-30.75	5.25	46	150,100
208	-31.25	5.75	46	150,100
208	-31.75	5.75	46	150,100
208	-32.75	4.75	46	150,100
208	-32.75	4.25	46	150,100
208	-31.75	4.25	46	150,100
208	-31.75	3.25	46	150,100
208	-31.25	2.75	46	150,100
208	-31.25	2.25	46	150,100
208	-31.75	1.75	46	150,100
208	-31.75	0.25	46	150,100
208	-30.75	-0.75	46	150,100
208	-30.75	-1.25	46	150,100
208	-32.25	-1.25	46	150,100
208	-32.75	-0.75	46	150,100
208	-33.75	-0.75	46	150,100
208	-33.75	0.25	46	150,100
208	-34.25	0.75	46	150,100
208	-34.25	2.25	46	150,100
208	-33.75	2.75	46	150,100
208	-33.75	3.25	46	150,100
208	-34.25	3.75	46	150,100
208	-34.25	5.25	46	150,100
208	-33.25	5.25	46	150,100
208	-32.75	5.75	46	150,100
208	-32.75	6.25	46	150,100
208	-33.75	7.25	46	150,100
208	-36.75	45.25	46	150,50
208	-36.75	45.75	46	150,50
208	-35.75	45.75	46	150,50
208	-33.75	47.75	46	150,50
208	-32.75	47.75	46	150,50
208	-32.75	48.75	46	150,50
208	-31.25	48.75	46	150,50
208	-31.25	46.75	46	150,50
208	-29.25	46.75	46	150,50
208	-28.75	46.25	46	150,50
208	-28.75	45.25	46	150,50
208	-28.25	44.75	46	150,50
208	-27.75	44.75	46	150,50
208	-27.25	45.25	46	150,50
208	-25.25	45.25	46	150,50
208	-25.25	45.75	46	150,50
208	-25.75	46.25	46	150,50
208	-26.75	46.25	46	150,50
208	-26.75	46.75	46	150,50
208	-25.75	47.75	46	150,50
208	-25.75	48.75	46	150,50
208	-25.25	48.75	46	150,50
208	-24.75	48.25	46	150,50
208	-24.75	47.25	46	150,50
208	-23.25	45.75	46	150,50
208	-23.25	45.25	46	150,50
208	-24.25	45.25	46	150,50
208	-24.25	44.25	46	150,50
208	-24.75	43.75	46	150,50
208	-24.75	43.25	46	150,50
208	-24.25	43.25	46	150,50
208	-23.75	43.75	46	150,50
208	-23.25	43.75	46	150,50
208	-22.75	43.25	46	150,50
208	-22.75	42.75	46	150,50
208	-23.75	42.75	46	150,50
208	-24.25	42.25	46	150,50
208	-24.75	42.25	46	150,50
208	-26.75	44.25	46	150,50
208	-27.25	44.25	46	150,50
208	-27.25	43.75	46	150,50
208	-26.75	43.25	46	150,50
208	-26.75	42.75	46	150,50
208	-27.75	41.75	46	150,50
208	-27.75	41.25	46	150,50
208	-27.25	41.25	46	150,50
208	-26.75	41.75	46	150,50
208	-26.25	41.75	46	150,50
208	-26.25	40.25	46	150,50
208	-28.75	40.25	46	150,50
208	-29.25	40.75	46	150,50
208	-30.25	40.75	46	150,50
208	-30.75	41.25	46	150,50
208	-31.25	41.25	46	150,50
208	-31.75	40.75	46	150,50
208	-34.75	40.75	46	150,50
208	-35.75	39.75	46	150,50
208	-36.25	39.75	46	150,50
208	-36.25	41.25	46	150,50
208	-35.25	41.25	46	150,50
208	-33.25	43.25	46	150,50
208	-33.25	43.75	46	150,50
208	-34.25	43.75	46	150,50
208	-35.25	44.75	46	150,50
208	-36.25	44.75	46	150,50
208	-36.75	45.25	46	150,50
196	-45.25	40.75	37	100,0
196	-45.25	41.25	37	100,0
196	-44.75	41.25	37	100,0
196	-43.75	40.25	37	100,0
196	-42.75	40.25	37	100,0
196	-42.25	39.75	37	100,0
196	-41.75	39.75	37	100,0
196	-41.75	40.75	37	100,0
196	-41.25	41.25	37	100,0
196	-41.25	42.25	37	100,0
196	-40.25	43.25	37	100,0
196	-39.75	43.25	37	100,0
196	-39.75	42.25	37	100,0
196	-39.25	41.75	37	100,0
196	-39.25	39.75	37	100,0
196	-38.75	39.25	37	100,0
196	-38.25	39.25	37	100,0
196	-38.25	40.25	37	100,0
196	-37.75	40.25	37	100,0
196	-36.25	38.75	37	100,0
196	-36.25	38.25	37	100,0
196	-37.25	38.25	37	100,0
196	-38.25	37.25	37	100,0
196	-38.25	36.75	37	100,0
196	-37.25	36.75	37	100,0
196	-37.25	35.25	37	100,0
196	-37.75	34.75	37	100,0
196	-39.25	34.75	37	100,0
196	-39.75	35.25	37	100,0
196	-39.75	35.75	37	100,0
196	-39.25	36.25	37	100,0
196	-39.25	36.75	37	100,0
196	-39.75	37.25	37	100,0
196	-40.25	37.25	37	100,0
196	-40.25	36.25	37	100,0
196	-41.25	35.25	37	100,0
196	-41.25	34.75	37	100,0
196	-40.75	34.25	37	100,0
196	-40.75	33.75	37	100,0
196	-41.75	32.75	37	100,0
196	-42.25	32.75	37	100,0
196	-42.25	33.25	37	100,0
196	-41.75	33.75	37	100,0
196	-41.75	34.25	37	100,0
196	-42.75	34.25	37	100,0
196	-42.75	34.75	37	100,0
196	-42.25	35.25	37	100,0
196	-42.25	37.25	37	100,0
196	-41.75	37.75	37	100,0
196	-41.75	38.25	37	100,0
196	-42.25	38.25	37	100,0
196	-42.75	37.75	37	100,0
196	-45.25	37.75	37	100,0
196	-45.25	38.25	37	100,0
196	-44.25	39.25	37	100,0
196	-44.25	39.75	37	100,0
196	-45.25	39.75	37	100,0
196	-45.25	40.75	37	100,0
172	-32.75	7.25	28	100,50
172	-32.75	7.75	28	100,50
172	-32.25	7.75	28	100,50
172	-31.25	6.75	28	100,50
172	-31.25	6.25	28	100,50
172	-31.75	6.25	28	100,50
172	-32.75	7.25	28	100,50
260	-22.75	16.25	77	150,100
260	-22.75	16.75	77	150,100
260	-22.25	17.25	77	150,100
260	-21.75	17.25	77	150,100
260	-20.25	15.75	77	150,100
260	-19.75	15.75	77	150,100
260	-19.75	16.25	77	150,100
260	-20.75	17.25	77	150,100
260	-20.75	17.75	77	150,100
260	-18.25	17.75	77	150,100
260	-16.75	16.25	77	150,100
260	-16.75	15.75	77	150,100
260	-17.25	15.25	77	150,100
260	-17.25	14.75	77	150,100
260	-16.25	14.75	77	150,100
260	-16.25	14.25	77	150,100
260	-16.75	13.75	77	150,100
260	-18.75	13.75	77	150,100
260	-19.25	13.25	77	150,100
260	-19.25	12.75	77	150,100
260	-18.25	12.75	77	150,100
260	-17.25	11.75	77	150,100
260	-17.25	10.75	77	150,100
260	-16.25	9.75	77	150,100
260	-16.25	8.25	77	150,100
260	-16.75	7.75	77	150,100
260	-16.75	7.25	77	150,100
260	-14.25	7.25	77	150,100
260	-13.75	7.75	77	150,100
260	-13.25	7.75	77	150,100
260	-13.25	7.25	77	150,100
260	-14.25	6.25	77	150,100
260	-15.25	6.25	77	150,100
260	-15.75	5.75	77	150,100
260	-15.75	4.75	77	150,100
260	-16.25	4.25	77	150,100
260	-17.75	4.25	77	150,100
260	-18.25	4.75	77	150,100
260	-18.75	4.75	77	150,100
260	-18.75	3.75	77	150,100
260	-19.25	3.75	77	150,100
260	-19.75	4.25	77	150,100
260	-19.75	4.75	77	150,100
260	-18.75	5.75	77	150,100
260	-18.75	6.25	77	150,100
260	-19.25	6.75	77	150,100
260	-20.25	6.75	77	150,100
260	-20.25	8.25	77	150,100
260	-19.75	8.75	77	150,100
260	-19.75	9.25	77	150,100
260	-20.75	9.25	77	150,100
260	-20.75	9.75	77	150,100
260	-20.25	10.25	77	150,100
260	-20.25	11.25	77	150,100
260	-19.75	11.75	77	150,100
260	-19.75	12.25	77	150,100
260	-20.75	12.25	77	150,100
260	-20.75	13.25	77	150,100
260	-21.75	14.25	77	150,100
260	-21.75	15.25	77	150,100
260	-22.75	16.25	77	150,100
108	4.75	42.75	176	100,50
108	4.75	43.25	176	100,50
108	5.25	43.25	176	100,50
108	5.25	42.75	176	100,50
108	4.75	42.75	176	100,50
74	-31.25	5.75	148	100,50
74	-31.25	6.25	148	100,50
74	-30.75	6.25	148	100,50
74	-30.75	5.75	148	100,50
74	-31.25	5.75	148	100,50
300	-32.75	4.25	95	150,100
300	-32.75	4.75	95	150,100
300	-31.75	5.75	95	150,100
300	-31.25	5.75	95	150,100
300	-30.75	5.25	95	150,100
300	-30.75	3.25	95	150,100
300	-26.75	-0.75	95	150,100
300	-26.75	-1.25	95	150,100
300	-30.25	-1.25	95	150,100
300	-31.75	0.25	95	150,100
300	-31.75	1.75	95	150,100
300	-31.25	2.25	95	150,100
300	-31.25	2.75	95	150,100
300	-31.75	3.25	95	150,100
300	-31.75	4.25	95	150,100
300	-32.75	4.25	95	150,100
300	-31.25	47.75	95	150,50
300	-31.25	48.25	95	150,50
300	-30.75	48.25	95	150,50
300	-30.25	47.75	95	150,50
300	-29.75	47.75	95	150,50
300	-28.75	48.75	95	150,50
300	-28.25	48.75	95	150,50
300	-28.25	48.25	95	150,50
300	-28.75	47.75	95	150,50
300	-28.75	47.25	95	150,50
300	-28.25	46.75	95	150,50
300	-27.75	46.75	95	150,50
300	-27.75	47.75	95	150,50
300	-26.75	47.75	95	150,50
300	-26.25	48.25	95	150,50
300	-25.75	48.25	95	150,50
300	-25.75	47.75	95	150,50
300	-26.75	46.75	95	150,50
300	-26.75	46.25	95	150,50
300	-25.75	46.25	95	150,50
300	-25.25	45.75	95	150,50
300	-25.25	45.25	95	150,50
300	-27.25	45.25	95	150,50
300	-27.75	44.75	95	150,50
300	-28.25	44.75	95	150,50
300	-28.75	45.25	95	150,50
300	-28.75	46.25	95	150,50
300	-29.25	46.75	95	150,50
300	-31.25	46.75	95	150,50
300	-31.25	47.75	95	150,50
95	-30.25	4.75	164	100,50
95	-30.25	5.25	164	100,50
95	-29.75	5.25	164	100,50
95	-29.25	4.75	164	100,50
95	-28.25	4.75	164	100,50
95	-28.25	4.25	164	100,50
95	-28.75	3.75	164	100,50
95	-29.25	3.75	164	100,50
95	-30.25	4.75	164	100,50
271	3.25	37.25	80	100,50
271	3.25	37.75	80	100,50
271	3.75	37.75	80	100,50
271	5.25	36.25	80	100,50
271	5.25	34.75	80	100,50
271	4.75	34.75	80	100,50
271	4.75	35.75	80	100,50
271	3.25	37.25	80	100,50
271	-44.25	37.75	80	150,50
271	-44.25	38.25	80	150,50
271	-42.75	38.25	80	150,50
271	-42.75	36.25	80	150,50
271	-42.25	35.75	80	150,50
271	-42.25	35.25	80	150,50
271	-42.75	35.25	80	150,50
271	-43.25	35.75	80	150,50
271	-43.75	35.75	80	150,50
271	-43.75	35.25	80	150,50
271	-42.75	34.25	80	150,50
271	-42.75	33.75	80	150,50
271	-44.25	33.75	80	150,50
271	-44.25	34.75	80	150,50
271	-44.75	35.25	80	150,50
271	-44.75	36.75	80	150,50
271	-43.75	36.75	80	150,50
271	-43.75	37.25	80	150,50
271	-44.25	37.75	80	150,50
297	-45.25	32.75	94	100,0
297	-45.25	33.25	94	100,0
297	-44.75	33.25	94	100,0
297	-44.75	32.75	94	100,0
297	-45.25	32.75	94	100,0
298	-45.25	30.75	94	100,0
298	-45.25	31.25	94	100,0
298	-44.75	31.25	94	100,0
298	-44.75	30.75	94	100,0
298	-45.25	30.75	94	100,0
299	-45.25	11.75	94	100,0
299	-45.25	12.25	94	100,0
299	-43.75	12.25	94	100,0
299	-43.25	11.75	94	100,0
299	-43.25	10.75	94	100,0
299	-41.75	9.25	94	100,0
299	-41.75	8.75	94	100,0
299	-43.25	7.25	94	100,0
299	-43.25	6.25	94	100,0
299	-44.75	4.75	94	100,0
299	-45.25	4.75	94	100,0
299	-45.25	11.75	94	100,0
209	-30.75	48.75	46	150,50
209	-30.75	48.25	46	150,50
209	-30.25	47.75	46	150,50
209	-29.75	47.75	46	150,50
209	-29.25	48.25	46	150,50
209	-29.25	48.75	46	150,50
209	-30.75	48.75	46	150,50
210	-28.75	47.25	46	150,50
210	-28.75	47.75	46	150,50
210	-27.75	48.75	46	150,50
210	-26.25	48.75	46	150,50
210	-26.25	48.25	46	150,50
210	-26.75	47.75	46	150,50
210	-27.75	47.75	46	150,50
210	-27.75	46.75	46	150,50
210	-28.25	46.75	46	150,50
210	-28.75	47.25	46	150,50
58	-29.25	1.75	135	100,50
58	-29.25	2.25	135	100,50
58	-28.75	2.25	135	100,50
58	-28.75	1.75	135	100,50
58	-29.25	1.75	135	100,50
130	-27.75	2.25	188	100,50
130	-27.75	2.75	188	100,50
130	-27.25	2.75	188	100,50
130	-27.25	2.25	188	100,50
130	-27.75	2.25	188	100,50
250	-44.75	24.25	71	150,50
250	-44.75	24.75	71	150,50
250	-44.25	24.75	71	150,50
250	-43.75	24.25	71	150,50
250	-43.75	23.75	71	150,50
250	-44.25	23.25	71	150,50
250	-44.75	23.25	71	150,50
250	-44.75	24.25	71	150,50
251	-34.25	28.75	71	150,50
251	-34.25	29.25	71	150,50
251	-33.75	29.75	71	150,50
251	-33.25	29.75	71	150,50
251	-32.75	29.25	71	150,50
251	-31.75	29.25	71	150,50
251	-31.25	28.75	71	150,50
251	-31.25	28.25	71	150,50
251	-32.25	28.25	71	150,50
251	-32.75	27.75	71	150,50
251	-32.75	27.25	71	150,50
251	-31.25	25.75	71	150,50
251	-31.25	24.25	71	150,50
251	-32.25	24.25	71	150,50
251	-32.25	23.75	71	150,50
251	-31.75	23.25	71	150,50
251	-31.75	22.75	71	150,50
251	-32.25	22.75	71	150,50
251	-33.75	24.25	71	150,50
251	-33.75	24.75	71	150,50
251	-32.75	24.75	71	150,50
251	-32.25	25.25	71	150,50
251	-32.25	25.75	71	150,50
251	-33.75	27.25	71	150,50
251	-33.75	28.25	71	150,50
251	-34.25	28.75	71	150,50
125	-26.75	1.25	184	100,50
125	-26.75	1.75	184	100,50
125	-26.25	1.75	184	100,50
125	-26.25	1.25	184	100,50
125	-26.75	1.25	184	100,50
69	-26.25	0.75	144	100,50
69	-26.25	1.25	144	100,50
69	-25.75	1.25	144	100,50
69	-25.75	0.75	144	100,50
69	-26.25	0.75	144	100,50
236	-25.75	1.25	61	100,50
236	-25.75	1.75	61	100,50
236	-25.25	1.75	61	100,50
236	-24.75	1.25	61	100,50
236	-24.75	0.75	61	100,50
236	-25.25	0.25	61	100,50
236	-25.75	0.25	61	100,50
236	-25.75	1.25	61	100,50
237	-16.25	9.75	61	100,50
237	-16.25	10.25	61	100,50
237	-15.75	10.75	61	100,50
237	-15.25	10.75	61	100,50
237	-14.75	10.25	61	100,50
237	-14.75	9.75	61	100,50
237	-16.25	9.75	61	100,50
113	-2.25	23.75	179	100,50
113	-2.25	24.25	179	100,50
113	-1.75	24.25	179	100,50
113	-1.25	23.75	179	100,50
113	-0.75	23.75	179	100,50
113	-0.75	24.25	179	100,50
113	-1.25	24.75	179	100,50
113	-1.25	25.25	179	100,50
113	-0.75	25.75	179	100,50
113	-0.25	25.75	179	100,50
113	-0.25	24.75	179	100,50
113	1.75	24.75	179	100,50
113	1.75	23.75	179	100,50
113	2.25	23.25	179	100,50
113	2.25	22.75	179	100,50
113	1.75	22.25	179	100,50
113	1.75	21.75	179	100,50
113	2.75	21.75	179	100,50
113	3.25	21.25	179	100,50
113	4.75	21.25	179	100,50
113	4.75	22.25	179	100,50
113	5.25	22.25	179	100,50
113	5.25	19.75	179	100,50
113	3.75	18.25	179	100,50
113	3.25	18.25	179	100,50
113	3.25	19.25	179	100,50
113	2.75	19.75	179	100,50
113	2.25	19.75	179	100,50
113	1.75	19.25	179	100,50
113	1.25	19.25	179	100,50
113	1.25	19.75	179	100,50
113	1.75	20.25	179	100,50
113	1.75	20.75	179	100,50
113	1.25	21.25	179	100,50
113	0.75	21.25	179	100,50
113	0.25	20.75	179	100,50
113	0.25	18.75	179	100,50
113	-0.25	18.75	179	100,50
113	-0.75	19.25	179	100,50
113	-0.75	20.75	179	100,50
113	-0.25	21.25	179	100,50
113	-0.25	21.75	179	100,50
113	-0.75	21.75	179	100,50
113	-1.25	21.25	179	100,50
113	-1.75	21.25	179	100,50
113	-2.25	21.75	179	100,50
113	-2.25	22.25	179	100,50
113	-1.75	22.75	179	100,50
113	-1.75	23.25	179	100,50
113	-2.25	23.75	179	100,50
113	-44.75	25.25	179	150,50
113	-44.75	25.75	179	150,50
113	-44.25	25.75	179	150,50
113	-43.75	25.25	179	150,50
113	-42.75	25.25	179	150,50
113	-42.75	23.75	179	150,50
113	-44.25	22.25	179	150,50
113	-44.25	21.75	179	150,50
113	-42.75	20.25	179	150,50
113	-42.75	19.75	179	150,50
113	-43.75	19.75	179	150,50
113	-43.75	18.75	179	150,50
113	-44.25	18.25	179	150,50
113	-44.75	18.25	179	150,50
113	-44.75	22.75	179	150,50
113	-43.75	23.75	179	150,50
113	-43.75	24.25	179	150,50
113	-44.75	25.25	179	150,50
114	4.75	25.75	179	100,50
114	4.75	26.25	179	100,50
114	5.25	26.25	179	100,50
114	5.25	24.75	179	100,50
114	4.75	24.75	179	100,50
114	4.75	25.75	179	100,50
115	4.25	17.25	179	100,50
115	4.25	17.75	179	100,50
115	4.75	18.25	179	100,50
115	5.25	18.25	179	100,50
115	5.25	17.75	179	100,50
115	4.75	17.25	179	100,50
115	4.25	17.25	179	100,50
87	-26.25	48.75	159	100,0
87	-26.25	49.25	159	100,0
87	-25.75	49.25	159	100,0
87	-25.75	48.75	159	100,0
87	-26.25	48.75	159	100,0
88	-23.75	46.25	159	100,0
88	-23.75	46.75	159	100,0
88	-23.25	46.75	159	100,0
88	-23.25	46.25	159	100,0
88	-23.75	46.25	159	100,0
89	-21.25	43.75	159	100,0
89	-21.25	44.25	159	100,0
89	-20.75	44.25	159	100,0
89	-20.75	43.75	159	100,0
89	-21.25	43.75	159	100,0
278	-25.25	-0.25	85	100,50
278	-25.25	0.25	85	100,50
278	-24.75	0.75	85	100,50
278	-24.25	0.75	85	100,50
278	-23.75	0.25	85	100,50
278	-23.75	-0.25	85	100,50
278	-24.25	-0.75	85	100,50
278	-24.75	-0.75	85	100,50
278	-25.25	-0.25	85	100,50
279	-15.75	9.25	85	100,50
279	-15.75	9.75	85	100,50
279	-14.25	9.75	85	100,50
279	-14.25	8.25	85	100,50
279	-14.75	8.25	85	100,50
279	-15.75	9.25	85	100,50
131	-25.75	47.25	189	100,0
131	-25.75	47.75	189	100,0
131	-25.25	47.75	189	100,0
131	-24.75	47.25	189	100,0
131	-24.75	46.75	189	100,0
131	-25.25	46.75	189	100,0
131	-25.75	47.25	189	100,0
132	-23.75	48.25	189	100,0
132	-23.75	48.75	189	100,0
132	-23.25	49.25	189	100,0
132	-22.75	49.25	189	100,0
132	-22.75	47.75	189	100,0
132	-23.25	47.75	189	100,0
132	-23.75	48.25	189	100,0
235	-24.25	48.75	60	100,0
235	-24.25	49.25	60	100,0
235	-23.75	49.25	60	100,0
235	-23.75	48.75	60	100,0
235	-24.25	48.75	60	100,0
235	-23.75	-0.75	60	100,50
235	-23.75	-0.25	60	100,50
235	-23.25	-0.25	60	100,50
235	-23.25	-0.75	60	100,50
235	-23.75	-0.75	60	100,50
93	-39.25	33.75	162	150,50
93	-39.25	34.25	162	150,50
93	-38.75	34.75	162	150,50
93	-38.25	34.75	162	150,50
93	-38.25	33.25	162	150,50
93	-38.75	33.25	162	150,50
93	-39.25	33.75	162	150,50
62	-14.25	7.75	139	100,50
62	-14.25	8.25	139	100,50
62	-13.75	8.25	139	100,50
62	-13.25	7.75	139	100,50
62	-13.25	7.25	139	100,50
62	-13.75	7.25	139	100,50
62	-14.25	7.75	139	100,50
62	-22.75	48.25	139	100,0
62	-22.75	48.75	139	100,0
62	-22.25	48.75	139	100,0
62	-21.75	48.25	139	100,0
62	-21.75	46.75	139	100,0
62	-22.25	46.75	139	100,0
62	-22.75	47.25	139	100,0
62	-22.75	48.25	139	100,0
96	-40.75	30.25	165	150,50
96	-40.75	30.75	165	150,50
96	-39.25	32.25	165	150,50
96	-38.75	32.25	165	150,50
96	-38.25	31.75	165	150,50
96	-37.75	31.75	165	150,50
96	-37.25	32.25	165	150,50
96	-36.75	32.25	165	150,50
96	-36.75	31.75	165	150,50
96	-37.75	30.75	165	150,50
96	-37.75	30.25	165	150,50
96	-37.25	29.75	165	150,50
96	-37.25	29.25	165	150,50
96	-38.25	29.25	165	150,50
96	-39.25	28.25	165	150,50
96	-39.75	28.25	165	150,50
96	-39.75	28.75	165	150,50
96	-39.25	29.25	165	150,50
96	-39.25	29.75	165	150,50
96	-40.25	29.75	165	150,50
96	-40.75	30.25	165	150,50
263	-11.75	8.25	8	150,100
263	-11.75	8.75	8	150,100
263	-10.75	9.75	8	150,100
263	-10.25	9.75	8	150,100
263	0.25	-0.75	8	150,100
263	0.25	-1.25	8	150,100
263	-9.25	-1.25	8	150,100
263	-10.25	-0.25	8	150,100
263	-10.25	0.25	8	150,100
263	-9.75	0.75	8	150,100
263	-9.75	1.75	8	150,100
263	-9.25	2.25	8	150,100
263	-9.25	3.75	8	150,100
263	-10.25	3.75	8	150,100
263	-10.25	5.75	8	150,100
263	-11.25	5.75	8	150,100
263	-11.75	6.25	8	150,100
263	-11.75	8.25	8	150,100
263	-13.25	47.75	8	150,50
263	-13.25	48.25	8	150,50
263	-11.75	48.25	8	150,50
263	-11.25	47.75	8	150,50
263	-9.75	47.75	8	150,50
263	-8.75	48.75	8	150,50
263	0.75	48.75	8	150,50
263	4.75	44.75	8	150,50
263	4.75	26.25	8	150,50
263	4.25	26.25	8	150,50
263	3.75	26.75	8	150,50
263	3.25	26.75	8	150,50
263	3.25	26.25	8	150,50
263	4.25	25.25	8	150,50
263	4.25	23.75	8	150,50
263	3.75	23.25	8	150,50
263	3.75	21.75	8	150,50
263	4.25	21.25	8	150,50
263	4.25	20.75	8	150,50
263	3.25	20.75	8	150,50
263	3.25	20.25	8	150,50
263	4.75	18.75	8	150,50
263	4.75	11.25	8	150,50
263	4.25	10.75	8	150,50
263	2.75	10.75	8	150,50
263	2.75	11.75	8	150,50
263	1.75	12.75	8	150,50
263	1.75	13.25	8	150,50
263	2.25	13.75	8	150,50
263	2.25	15.25	8	150,50
263	1.25	16.25	8	150,50
263	0.75	16.25	8	150,50
263	0.75	15.25	8	150,50
263	-0.25	14.25	8	150,50
263	-0.75	14.25	8	150,50
263	-1.25	14.75	8	150,50
263	-2.25	14.75	8	150,50
263	-2.25	15.25	8	150,50
263	-1.75	15.75	8	150,50
263	-1.25	15.75	8	150,50
263	-0.75	15.25	8	150,50
263	-0.25	15.25	8	150,50
263	-0.25	15.75	8	150,50
263	-1.25	16.75	8	150,50
263	-1.25	18.25	8	150,50
263	-0.25	18.25	8	150,50
263	-0.25	18.75	8	150,50
263	-0.75	19.25	8	150,50
263	-1.75	19.25	8	150,50
263	-1.75	19.75	8	150,50
263	-1.25	20.25	8	150,50
263	-1.25	20.75	8	150,50
263	-1.75	21.25	8	150,50
263	-1.75	22.25	8	150,50
263	-2.25	22.75	8	150,50
263	-2.75	22.75	8	150,50
263	-3.25	22.25	8	150,50
263	-4.75	22.25	8	150,50
263	-4.75	22.75	8	150,50
263	-3.75	23.75	8	150,50
263	-3.75	24.25	8	150,50
263	-4.25	24.75	8	150,50
263	-4.25	25.25	8	150,50
263	-3.75	25.25	8	150,50
263	-2.75	24.25	8	150,50
263	-2.25	24.25	8	150,50
263	-2.25	24.75	8	150,50
263	-3.75	26.25	8	150,50
263	-3.75	27.25	8	150,50
263	-4.25	27.75	8	150,50
263	-4.75	27.75	8	150,50
263	-4.75	26.75	8	150,50
263	-5.25	26.75	8	150,50
263	-6.25	27.75	8	150,50
263	-7.75	27.75	8	150,50
263	-7.75	27.25	8	150,50
263	-7.25	26.75	8	150,50
263	-6.25	26.75	8	150,50
263	-6.25	26.25	8	150,50
263	-6.75	25.75	8	150,50
263	-6.75	25.25	8	150,50
263	-6.25	24.75	8	150,50
263	-6.25	24.25	8	150,50
263	-6.75	24.25	8	150,50
263	-7.75	25.25	8	150,50
263	-7.75	26.25	8	150,50
263	-8.25	26.75	8	150,50
263	-8.75	26.75	8	150,50
263	-8.75	25.75	8	150,50
263	-9.75	24.75	8	150,50
263	-10.25	24.75	8	150,50
263	-10.75	25.25	8	150,50
263	-11.25	25.25	8	150,50
263	-11.25	24.25	8	150,50
263	-11.75	24.25	8	150,50
263	-13.25	25.75	8	150,50
263	-13.25	26.25	8	150,50
263	-11.25	26.25	8	150,50
263	-11.25	26.75	8	150,50
263	-12.75	28.25	8	150,50
263	-12.75	28.75	8	150,50
263	-11.75	28.75	8	150,50
263	-11.25	29.25	8	150,50
263	-11.25	30.25	8	150,50
263	-10.25	30.25	8	150,50
263	-10.25	30.75	8	150,50
263	-10.75	31.25	8	150,50
263	-10.75	31.75	8	150,50
263	-9.75	31.75	8	150,50
263	-9.75	32.75	8	150,50
263	-9.25	33.25	8	150,50
263	-9.25	33.75	8	150,50
263	-10.25	33.75	8	150,50
263	-10.25	34.75	8	150,50
263	-11.25	34.75	8	150,50
263	-11.75	35.25	8	150,50
263	-13.25	35.25	8	150,50
263	-13.75	34.75	8	150,50
263	-17.25	34.75	8	150,50
263	-17.75	35.25	8	150,50
263	-17.75	35.75	8	150,50
263	-17.25	36.25	8	150,50
263	-17.25	36.75	8	150,50
263	-17.75	37.25	8	150,50
263	-17.75	37.75	8	150,50
263	-17.25	37.75	8	150,50
263	-16.25	36.75	8	150,50
263	-15.75	36.75	8	150,50
263	-14.75	37.75	8	150,50
263	-14.25	37.75	8	150,50
263	-13.75	37.25	8	150,50
263	-13.25	37.25	8	150,50
263	-13.25	37.75	8	150,50
263	-13.75	38.25	8	150,50
263	-13.75	38.75	8	150,50
263	-11.75	38.75	8	150,50
263	-11.25	39.25	8	150,50
263	-10.75	39.25	8	150,50
263	-10.75	38.75	8	150,50
263	-12.25	37.25	8	150,50
263	-12.25	36.75	8	150,50
263	-11.75	36.75	8	150,50
263	-11.25	37.25	8	150,50
263	-10.25	37.25	8	150,50
263	-9.75	37.75	8	150,50
263	-9.25	37.75	8	150,50
263	-8.25	36.75	8	150,50
263	-7.75	36.75	8	150,50
263	-7.75	37.75	8	150,50
263	-7.25	38.25	8	150,50
263	-6.75	38.25	8	150,50
263	-6.75	37.25	8	150,50
263	-6.25	36.75	8	150,50
263	-5.25	36.75	8	150,50
263	-4.25	35.75	8	150,50
263	-4.25	35.25	8	150,50
263	-5.25	35.25	8	150,50
263	-5.25	34.75	8	150,50
263	-4.75	34.25	8	150,50
263	-4.75	33.75	8	150,50
263	-5.25	33.25	8	150,50
263	-5.25	32.25	8	150,50
263	-5.75	32.25	8	150,50
263	-6.75	33.25	8	150,50
263	-8.25	33.25	8	150,50
263	-8.25	31.75	8	150,50
263	-7.25	31.75	8	150,50
263	-7.25	31.25	8	150,50
263	-7.75	30.75	8	150,50
263	-7.75	30.25	8	150,50
263	-7.25	29.75	8	150,50
263	-6.75	29.75	8	150,50
263	-6.75	30.75	8	150,50
263	-6.25	31.25	8	150,50
263	-5.75	31.25	8	150,50
263	-5.25	30.75	8	150,50
263	-4.75	30.75	8	150,50
263	-3.25	32.25	8	150,50
263	-2.75	32.25	8	150,50
263	-2.25	31.75	8	150,50
263	-2.25	29.75	8	150,50
263	-1.75	29.75	8	150,50
263	-1.25	30.25	8	150,50
263	-0.25	30.25	8	150,50
263	0.25	30.75	8	150,50
263	0.75	30.75	8	150,50
263	1.25	30.25	8	150,50
263	1.25	29.25	8	150,50
263	1.75	29.25	8	150,50
263	2.75	30.25	8	150,50
263	2.75	30.75	8	150,50
263	1.75	30.75	8	150,50
263	1.75	31.75	8	150,50
263	1.25	32.25	8	150,50
263	1.25	32.75	8	150,50
263	1.75	32.75	8	150,50
263	2.25	32.25	8	150,50
263	2.75	32.25	8	150,50
263	2.75	33.75	8	150,50
263	1.75	34.75	8	150,50
263	-0.25	34.75	8	150,50
263	-0.75	35.25	8	150,50
263	-1.75	35.25	8	150,50
263	-2.25	35.75	8	150,50
263	-3.25	35.75	8	150,50
263	-5.25	37.75	8	150,50
263	-5.25	38.25	8	150,50
263	-3.75	38.25	8	150,50
263	-2.25	36.75	8	150,50
263	-1.75	36.75	8	150,50
263	-1.75	37.25	8	150,50
263	-2.25	37.75	8	150,50
263	-2.25	38.25	8	150,50
263	-1.75	38.75	8	150,50
263	-1.75	39.25	8	150,50
263	-2.25	39.25	8	150,50
263	-2.75	38.75	8	150,50
263	-3.25	38.75	8	150,50
263	-3.75	39.25	8	150,50
263	-5.75	39.25	8	150,50
263	-7.25	40.75	8	150,50
263	-7.25	41.25	8	150,50
263	-5.75	42.75	8	150,50
263	-5.75	43.25	8	150,50
263	-6.25	43.25	8	150,50
263	-7.75	41.75	8	150,50
263	-8.25	41.75	8	150,50
263	-8.75	42.25	8	150,50
263	-9.25	42.25	8	150,50
263	-9.75	41.75	8	150,50
263	-9.75	41.25	8	150,50
263	-8.75	41.25	8	150,50
263	-8.25	40.75	8	150,50
263	-8.25	39.25	8	150,50
263	-8.75	38.75	8	150,50
263	-9.25	38.75	8	150,50
263	-9.25	39.75	8	150,50
263	-10.25	39.75	8	150,50
263	-10.75	40.25	8	150,50
263	-10.75	41.25	8	150,50
263	-11.75	41.25	8	150,50
263	-11.75	41.75	8	150,50
263	-11.25	42.25	8	150,50
263	-10.25	42.25	8	150,50
263	-9.75	42.75	8	150,50
263	-9.75	43.25	8	150,50
263	-10.75	44.25	8	150,50
263	-11.25	44.25	8	150,50
263	-11.25	43.25	8	150,50
263	-11.75	42.75	8	150,50
263	-12.25	42.75	8	150,50
263	-12.25	43.75	8	150,50
263	-12.75	44.25	8	150,50
263	-13.25	44.25	8	150,50
263	-13.75	43.75	8	150,50
263	-14.25	43.75	8	150,50
263	-14.25	44.25	8	150,50
263	-13.25	45.25	8	150,50
263	-13.25	46.25	8	150,50
263	-12.75	46.75	8	150,50
263	-12.75	47.25	8	150,50
263	-13.25	47.75	8	150,50
263	-45.25	43.75	8	200,50
263	-45.25	44.25	8	200,50
263	-44.75	44.25	8	200,50
263	-14.25	13.75	8	200,50
263	-14.25	13.25	8	200,50
263	-15.25	12.25	8	200,50
263	-15.25	11.25	8	200,50
263	-16.25	11.25	8	200,50
263	-16.75	10.75	8	200,50
263	-16.75	9.75	8	200,50
263	-17.75	9.75	8	200,50
263	-22.25	5.25	8	200,50
263	-22.25	4.25	8	200,50
263	-22.75	4.25	8	200,50
263	-23.25	4.75	8	200,50
263	-23.75	4.75	8	200,50
263	-23.75	2.75	8	200,50
263	-24.25	2.25	8	200,50
263	-25.25	2.25	8	200,50
263	-28.25	-0.75	8	200,50
263	-43.75	-0.75	8	200,50
263	-43.75	-0.25	8	200,50
263	-43.25	0.25	8	200,50
263	-41.25	0.25	8	200,50
263	-41.25	2.75	8	200,50
263	-42.25	3.75	8	200,50
263	-42.25	4.75	8	200,50
263	-42.75	5.25	8	200,50
263	-43.25	5.25	8	200,50
263	-43.25	4.25	8	200,50
263	-43.75	4.25	8	200,50
263	-44.25	4.75	8	200,50
263	-44.25	5.25	8	200,50
263	-43.75	5.75	8	200,50
263	-43.75	6.75	8	200,50
263	-43.25	6.75	8	200,50
263	-41.75	5.25	8	200,50
263	-41.25	5.25	8	200,50
263	-40.25	6.25	8	200,50
263	-39.75	6.25	8	200,50
263	-39.25	5.75	8	200,50
263	-39.25	3.75	8	200,50
263	-38.75	3.25	8	200,50
263	-37.75	3.25	8	200,50
263	-37.25	2.75	8	200,50
263	-36.75	2.75	8	200,50
263	-36.25	3.25	8	200,50
263	-35.25	3.25	8	200,50
263	-34.75	3.75	8	200,50
263	-34.25	3.75	8	200,50
263	-33.75	3.25	8	200,50
263	-33.25	3.25	8	200,50
263	-33.25	4.25	8	200,50
263	-32.75	4.75	8	200,50
263	-32.75	5.75	8	200,50
263	-32.25	6.25	8	200,50
263	-32.25	6.75	8	200,50
263	-32.75	7.25	8	200,50
263	-32.75	7.75	8	200,50
263	-30.75	7.75	8	200,50
263	-30.75	8.25	8	200,50
263	-31.25	8.75	8	200,50
263	-32.25	8.75	8	200,50
263	-32.25	9.25	8	200,50
263	-31.75	9.75	8	200,50
263	-31.75	10.25	8	200,50
263	-32.25	10.75	8	200,50
263	-32.75	10.75	8	200,50
263	-33.25	10.25	8	200,50
263	-33.25	9.25	8	200,50
263	-34.75	9.25	8	200,50
263	-34.75	9.75	8	200,50
263	-34.25	10.25	8	200,50
263	-34.25	11.75	8	200,50
263	-34.75	12.25	8	200,50
263	-34.75	13.25	8	200,50
263	-35.25	13.75	8	200,50
263	-36.75	13.75	8	200,50
263	-37.25	13.25	8	200,50
263	-37.75	13.25	8	200,50
263	-38.25	13.75	8	200,50
263	-38.75	13.75	8	200,50
263	-39.25	13.25	8	200,50
263	-39.75	13.25	8	200,50
263	-39.75	13.75	8	200,50
263	-38.75	14.75	8	200,50
263	-38.25	14.75	8	200,50
263	-37.75	14.25	8	200,50
263	-37.25	14.25	8	200,50
263	-36.75	14.75	8	200,50
263	-35.25	14.75	8	200,50
263	-34.75	14.25	8	200,50
263	-33.25	14.25	8	200,50
263	-33.25	15.25	8	200,50
263	-31.75	16.75	8	200,50
263	-31.75	17.75	8	200,50
263	-30.75	17.75	8	200,50
263	-30.75	18.75	8	200,50
263	-30.25	19.25	8	200,50
263	-29.75	19.25	8	200,50
263	-29.75	18.25	8	200,50
263	-29.25	18.25	8	200,50
263	-28.25	19.25	8	200,50
263	-28.25	20.25	8	200,50
263	-27.25	20.25	8	200,50
263	-27.25	21.75	8	200,50
263	-28.25	21.75	8	200,50
263	-28.25	22.25	8	200,50
263	-27.25	23.25	8	200,50
263	-27.25	23.75	8	200,50
263	-27.75	23.75	8	200,50
263	-28.25	23.25	8	200,50
263	-30.75	23.25	8	200,50
263	-31.75	24.25	8	200,50
263	-31.75	25.25	8	200,50
263	-32.25	25.25	8	200,50
263	-33.25	24.25	8	200,50
263	-33.25	23.75	8	200,50
263	-32.75	23.25	8	200,50
263	-32.75	21.75	8	200,50
263	-33.75	21.75	8	200,50
263	-34.25	21.25	8	200,50
263	-34.75	21.25	8	200,50
263	-34.75	21.75	8	200,50
263	-33.75	22.75	8	200,50
263	-33.75	23.25	8	200,50
263	-34.25	23.75	8	200,50
263	-35.75	23.75	8	200,50
263	-35.75	22.75	8	200,50
263	-37.25	22.75	8	200,50
263	-37.25	23.75	8	200,50
263	-38.75	23.75	8	200,50
263	-38.75	23.25	8	200,50
263	-38.25	22.75	8	200,50
263	-38.25	22.25	8	200,50
263	-38.75	21.75	8	200,50
263	-39.25	21.75	8	200,50
263	-42.25	24.75	8	200,50
263	-42.75	24.75	8	200,50
263	-42.75	23.75	8	200,50
263	-43.75	22.75	8	200,50
263	-44.25	22.75	8	200,50
263	-44.75	23.25	8	200,50
263	-44.75	23.75	8	200,50
263	-43.75	23.75	8	200,50
263	-43.75	25.25	8	200,50
263	-44.75	25.25	8	200,50
263	-45.25	25.75	8	200,50
263	-45.25	43.75	8	200,50
263	3.25	47.25	8	150,0
263	3.25	47.75	8	150,0
263	4.75	47.75	8	150,0
263	4.75	36.25	8	150,0
263	2.75	36.25	8	150,0
263	2.25	35.75	8	150,0
263	1.25	35.75	8	150,0
263	0.25	34.75	8	150,0
263	0.25	34.25	8	150,0
263	0.75	33.75	8	150,0
263	0.75	33.25	8	150,0
263	-0.25	33.25	8	150,0
263	-0.75	32.75	8	150,0
263	-1.25	32.75	8	150,0
263	-1.75	33.25	8	150,0
263	-2.25	33.25	8	150,0
263	-4.25	31.25	8	150,0
263	-4.75	31.25	8	150,0
263	-4.75	31.75	8	150,0
263	-4.25	32.25	8	150,0
263	-4.25	32.75	8	150,0
263	-5.25	32.75	8	150,0
263	-5.25	34.25	8	150,0
263	-3.25	34.25	8	150,0
263	-2.25	35.25	8	150,0
263	-2.25	36.25	8	150,0
263	-1.75	36.75	8	150,0
263	-0.75	36.75	8	150,0
263	0.75	38.25	8	150,0
263	2.25	38.25	8	150,0
263	2.75	37.75	8	150,0
263	3.25	37.75	8	150,0
263	3.25	40.25	8	150,0
263	2.75	40.75	8	150,0
263	2.75	41.75	8	150,0
263	1.75	41.75	8	150,0
263	1.75	43.25	8	150,0
263	2.75	43.25	8	150,0
263	3.25	43.75	8	150,0
263	3.25	45.25	8	150,0
263	2.75	45.75	8	150,0
263	2.75	46.25	8	150,0
263	3.25	46.75	8	150,0
263	3.25	47.25	8	150,0
263	-45.25	48.75	8	200,0
263	-45.25	49.25	8	200,0
263	-44.75	49.25	8	200,0
263	-44.75	48.75	8	200,0
263	-45.25	48.75	8	200,0
152	-14.75	37.25	2	100,0
152	-14.75	37.75	2	100,0
152	-14.25	37.75	2	100,0
152	-14.25	37.25	2	100,0
152	-14.75	37.25	2	100,0
153	-13.25	33.75	2	100,0
153	-13.25	34.25	2	100,0
153	-11.75	34.25	2	100,0
153	-11.25	33.75	2	100,0
153	-11.25	33.25	2	100,0
153	-12.75	33.25	2	100,0
153	-13.25	33.75	2	100,0
186	-28.25	39.75	36	100,0
186	-28.25	40.25	36	100,0
186	-27.75	40.25	36	100,0
186	-27.25	39.75	36	100,0
186	-23.75	39.75	36	100,0
186	-23.25	40.25	36	100,0
186	-21.75	40.25	36	100,0
186	-21.25	39.75	36	100,0
186	-21.25	38.75	36	100,0
186	-20.75	38.75	36	100,0
186	-20.25	39.25	36	100,0
186	-20.25	40.25	36	100,0
186	-19.25	40.25	36	100,0
186	-19.25	40.75	36	100,0
186	-20.25	41.75	36	100,0
186	-21.25	41.75	36	100,0
186	-23.25	43.75	36	100,0
186	-23.25	44.25	36	100,0
186	-22.75	44.75	36	100,0
186	-22.25	44.75	36	100,0
186	-14.25	36.75	36	100,0
186	-13.25	36.75	36	100,0
186	-13.25	35.75	36	100,0
186	-12.25	34.75	36	100,0
186	-12.25	34.25	36	100,0
186	-13.25	34.25	36	100,0
186	-13.25	33.75	36	100,0
186	-12.75	33.25	36	100,0
186	-11.25	33.25	36	100,0
186	-10.75	33.75	36	100,0
186	-10.25	33.75	36	100,0
186	-10.25	32.75	36	100,0
186	-7.75	30.25	36	100,0
186	-6.75	30.25	36	100,0
186	-6.75	28.75	36	100,0
186	-8.25	28.75	36	100,0
186	-9.25	29.75	36	100,0
186	-9.25	30.75	36	100,0
186	-9.75	31.25	36	100,0
186	-10.25	31.25	36	100,0
186	-10.75	30.75	36	100,0
186	-11.25	30.75	36	100,0
186	-11.75	31.25	36	100,0
186	-12.25	31.25	36	100,0
186	-12.75	30.75	36	100,0
186	-12.75	29.75	36	100,0
186	-14.25	28.25	36	100,0
186	-14.25	27.75	36	100,0
186	-13.75	27.25	36	100,0
186	-13.75	26.75	36	100,0
186	-14.25	26.75	36	100,0
186	-15.25	27.75	36	100,0
186	-16.25	27.75	36	100,0
186	-16.25	28.75	36	100,0
186	-17.25	29.75	36	100,0
186	-17.25	30.25	36	100,0
186	-16.75	30.75	36	100,0
186	-15.75	30.75	36	100,0
186	-15.75	31.25	36	100,0
186	-16.75	32.25	36	100,0
186	-17.25	32.25	36	100,0
186	-17.25	31.25	36	100,0
186	-18.25	30.25	36	100,0
186	-20.25	30.25	36	100,0
186	-20.75	29.75	36	100,0
186	-21.25	29.75	36	100,0
186	-21.75	30.25	36	100,0
186	-22.25	30.25	36	100,0
186	-22.25	28.75	36	100,0
186	-21.25	28.75	36	100,0
186	-20.75	28.25	36	100,0
186	-20.25	28.25	36	100,0
186	-20.25	29.25	36	100,0
186	-19.75	29.25	36	100,0
186	-19.25	28.75	36	100,0
186	-19.25	27.75	36	100,0
186	-18.75	27.75	36	100,0
186	-18.25	28.25	36	100,0
186	-17.75	28.25	36	100,0
186	-17.75	27.25	36	100,0
186	-16.75	27.25	36	100,0
186	-16.25	26.75	36	100,0
186	-16.25	24.75	36	100,0
186	-15.75	24.25	36	100,0
186	-15.25	24.25	36	100,0
186	-15.25	26.25	36	100,0
186	-14.75	26.25	36	100,0
186	-14.25	25.75	36	100,0
186	-14.25	24.25	36	100,0
186	-15.75	22.75	36	100,0
186	-17.75	22.75	36	100,0
186	-17.75	22.25	36	100,0
186	-16.75	21.25	36	100,0
186	-16.75	20.75	36	100,0
186	-17.25	20.75	36	100,0
186	-17.75	21.25	36	100,0
186	-18.75	21.25	36	100,0
186	-18.75	22.25	36	100,0
186	-19.25	22.75	36	100,0
186	-19.25	23.75	36	100,0
186	-19.75	24.25	36	100,0
186	-21.25	24.25	36	100,0
186	-21.25	22.75	36	100,0
186	-20.75	22.25	36	100,0
186	-20.75	21.75	36	100,0
186	-21.25	21.75	36	100,0
186	-23.75	24.25	36	100,0
186	-23.75	24.75	36	100,0
186	-23.25	24.75	36	100,0
186	-22.75	24.25	36	100,0
186	-22.25	24.25	36	100,0
186	-22.25	24.75	36	100,0
186	-23.25	25.75	36	100,0
186	-23.25	26.25	36	100,0
186	-22.75	26.75	36	100,0
186	-22.75	27.25	36	100,0
186	-23.75	28.25	36	100,0
186	-24.75	28.25	36	100,0
186	-24.75	28.75	36	100,0
186	-23.25	30.25	36	100,0
186	-23.25	30.75	36	100,0
186	-24.25	31.75	36	100,0
186	-24.25	32.25	36	100,0
186	-23.25	33.25	36	100,0
186	-22.25	33.25	36	100,0
186	-22.25	33.75	36	100,0
186	-22.75	34.25	36	100,0
186	-22.75	35.25	36	100,0
186	-24.25	36.75	36	100,0
186	-24.25	37.25	36	100,0
186	-23.75	37.75	36	100,0
186	-23.75	38.25	36	100,0
186	-25.25	38.25	36	100,0
186	-25.75	37.75	36	100,0
186	-26.25	37.75	36	100,0
186	-26.25	38.75	36	100,0
186	-27.25	38.75	36	100,0
186	-28.25	39.75	36	100,0
186	-9.25	2.75	36	100,50
186	-9.25	3.25	36	100,50
186	-8.75	3.75	36	100,50
186	-8.25	3.75	36	100,50
186	-7.75	3.25	36	100,50
186	-7.25	3.25	36	100,50
186	-7.25	3.75	36	100,50
186	-7.75	4.25	36	100,50
186	-7.75	4.75	36	100,50
186	-7.25	4.75	36	100,50
186	-6.25	3.75	36	100,50
186	-6.25	3.25	36	100,50
186	-7.25	2.25	36	100,50
186	-7.25	1.75	36	100,50
186	-6.75	1.25	36	100,50
186	-6.75	0.75	36	100,50
186	-7.25	0.75	36	100,50
186	-9.25	2.75	36	100,50
186	-44.75	7.25	36	150,50
186	-44.75	7.75	36	150,50
186	-44.25	8.25	36	150,50
186	-43.75	8.25	36	150,50
186	-43.75	7.75	36	150,50
186	-44.25	7.25	36	150,50
186	-44.25	6.25	36	150,50
186	-44.75	6.25	36	150,50
186	-44.75	7.25	36	150,50
186	-44.75	47.25	36	150,0
186	-44.75	47.75	36	150,0
186	-44.25	48.25	36	150,0
186	-42.75	48.25	36	150,0
186	-41.75	47.25	36	150,0
186	-41.75	46.75	36	150,0
186	-42.75	46.75	36	150,0
186	-44.25	45.25	36	150,0
186	-44.25	44.75	36	150,0
186	-43.75	44.75	36	150,0
186	-42.75	45.75	36	150,0
186	-41.25	45.75	36	150,0
186	-41.25	44.75	36	150,0
186	-39.75	43.25	36	150,0
186	-39.75	40.25	36	150,0
186	-38.75	39.25	36	150,0
186	-38.75	37.75	36	150,0
186	-39.25	37.25	36	150,0
186	-39.75	37.25	36	150,0
186	-39.75	38.25	36	150,0
186	-41.75	38.25	36	150,0
186	-41.75	39.25	36	150,0
186	-42.75	39.25	36	150,0
186	-42.75	40.75	36	150,0
186	-41.75	41.75	36	150,0
186	-41.75	42.25	36	150,0
186	-42.25	42.25	36	150,0
186	-43.25	41.25	36	150,0
186	-43.75	41.25	36	150,0
186	-44.75	42.25	36	150,0
186	-44.75	47.25	36	150,0
187	-18.75	43.25	36	100,0
187	-18.75	43.75	36	100,0
187	-18.25	43.75	36	100,0
187	-17.75	43.25	36	100,0
187	-17.75	42.75	36	100,0
187	-18.25	42.75	36	100,0
187	-18.75	43.25	36	100,0
187	-6.25	-0.25	36	100,50
187	-6.25	0.25	36	100,50
187	-4.75	0.25	36	100,50
187	-4.75	-0.25	36	100,50
187	-5.25	-0.75	36	100,50
187	-5.75	-0.75	36	100,50
187	-6.25	-0.25	36	100,50
187	-44.75	4.25	36	150,50
187	-44.75	4.75	36	150,50
187	-44.25	5.25	36	150,50
187	-42.25	5.25	36	150,50
187	-42.25	6.25	36	150,50
187	-41.25	6.25	36	150,50
187	-40.25	7.25	36	150,50
187	-39.75	7.25	36	150,50
187	-39.25	6.75	36	150,50
187	-39.25	6.25	36	150,50
187	-40.25	6.25	36	150,50
187	-41.75	4.75	36	150,50
187	-41.75	4.25	36	150,50
187	-41.25	4.25	36	150,50
187	-40.25	5.25	36	150,50
187	-39.75	5.25	36	150,50
187	-39.75	4.75	36	150,50
187	-40.75	3.75	36	150,50
187	-40.75	2.75	36	150,50
187	-41.25	2.75	36	150,50
187	-42.75	4.25	36	150,50
187	-43.25	4.25	36	150,50
187	-44.25	3.25	36	150,50
187	-44.25	2.75	36	150,50
187	-43.75	2.75	36	150,50
187	-43.25	3.25	36	150,50
187	-42.75	3.25	36	150,50
187	-42.75	2.75	36	150,50
187	-43.25	2.25	36	150,50
187	-43.25	1.75	36	150,50
187	-42.25	0.75	36	150,50
187	-42.25	0.25	36	150,50
187	-44.75	0.25	36	150,50
187	-44.75	4.25	36	150,50
188	-17.25	43.25	36	100,0
188	-17.25	42.75	36	100,0
188	-15.75	41.25	36	100,0
188	-15.75	40.25	36	100,0
188	-14.75	39.25	36	100,0
188	-14.25	39.25	36	100,0
188	-13.75	39.75	36	100,0
188	-13.75	40.25	36	100,0
188	-16.75	43.25	36	100,0
188	-17.25	43.25	36	100,0
188	1.75	6.75	36	100,50
188	1.75	7.25	36	100,50
188	2.25	7.25	36	100,50
188	2.75	6.75	36	100,50
188	3.25	6.75	36	100,50
188	3.75	7.25	36	100,50
188	3.75	8.25	36	100,50
188	5.25	8.25	36	100,50
188	5.25	6.75	36	100,50
188	4.25	6.75	36	100,50
188	4.25	6.25	36	100,50
188	5.25	5.25	36	100,50
188	5.25	0.75	36	100,50
188	4.25	-0.25	36	100,50
188	3.25	-0.25	36	100,50
188	2.75	-0.75	36	100,50
188	-0.75	-0.75	36	100,50
188	-0.75	0.25	36	100,50
188	-1.75	0.25	36	100,50
188	-1.75	0.75	36	100,50
188	-1.25	1.25	36	100,50
188	-0.75	1.25	36	100,50
188	-0.25	0.75	36	100,50
188	0.25	0.75	36	100,50
188	0.75	1.25	36	100,50
188	0.75	1.75	36	100,50
188	-0.25	1.75	36	100,50
188	-0.25	2.25	36	100,50
188	0.75	3.25	36	100,50
188	1.25	3.25	36	100,50
188	1.25	2.25	36	100,50
188	1.75	2.25	36	100,50
188	3.25	3.75	36	100,50
188	3.25	4.25	36	100,50
188	2.75	4.75	36	100,50
188	2.75	5.75	36	100,50
188	1.75	5.75	36	100,50
188	1.75	6.75	36	100,50
189	-12.75	37.25	36	100,0
189	-12.75	37.75	36	100,0
189	-12.25	37.75	36	100,0
189	-12.25	37.25	36	100,0
189	-12.75	37.25	36	100,0
190	1.25	48.25	36	100,0
190	1.25	48.75	36	100,0
190	1.75	49.25	36	100,0
190	3.25	49.25	36	100,0
190	3.75	48.75	36	100,0
190	4.75	48.75	36	100,0
190	5.25	48.25	36	100,0
190	5.25	42.75	36	100,0
190	3.75	42.75	36	100,0
190	3.75	43.75	36	100,0
190	3.25	44.25	36	100,0
190	3.25	44.75	36	100,0
190	3.75	45.25	36	100,0
190	3.75	46.75	36	100,0
190	3.25	46.75	36	100,0
190	2.75	46.25	36	100,0
190	2.75	45.25	36	100,0
190	1.75	45.25	36	100,0
190	0.25	43.75	36	100,0
190	-0.25	43.75	36	100,0
190	-1.25	44.75	36	100,0
190	-1.25	45.25	36	100,0
190	-0.75	45.25	36	100,0
190	-0.25	44.75	36	100,0
190	0.25	44.75	36	100,0
190	0.75	45.25	36	100,0
190	0.75	46.25	36	100,0
190	1.75	46.25	36	100,0
190	2.25	46.75	36	100,0
190	2.25	47.25	36	100,0
190	1.25	47.25	36	100,0
190	1.25	48.25	36	100,0
191	-9.75	35.25	36	100,0
191	-9.75	35.75	36	100,0
191	-9.25	35.75	36	100,0
191	-4.75	31.25	36	100,0
191	-4.75	30.75	36	100,0
191	-5.25	30.25	36	100,0
191	-5.75	30.25	36	100,0
191	-8.75	33.25	36	100,0
191	-8.75	34.25	36	100,0
191	-9.75	34.25	36	100,0
191	-9.75	35.25	36	100,0
192	0.75	42.75	36	100,0
192	0.75	43.25	36	100,0
192	1.25	43.75	36	100,0
192	1.75	43.75	36	100,0
192	3.25	42.25	36	100,0
192	3.25	41.75	36	100,0
192	2.75	41.25	36	100,0
192	2.25	41.25	36	100,0
192	0.75	42.75	36	100,0
193	3.25	40.25	36	100,0
193	3.25	40.75	36	100,0
193	3.75	40.75	36	100,0
193	4.25	40.25	36	100,0
193	4.25	39.75	36	100,0
193	3.75	39.75	36	100,0
193	3.25	40.25	36	100,0
194	-6.25	29.25	36	100,0
194	-6.25	28.75	36	100,0
194	-5.75	28.75	36	100,0
194	-5.75	29.25	36	100,0
194	-6.25	29.25	36	100,0
145	-21.25	46.75	197	100,0
145	-21.25	47.25	197	100,0
145	-20.75	47.25	197	100,0
145	-20.75	46.75	197	100,0
145	-21.25	46.75	197	100,0
81	-21.25	45.75	154	100,0
81	-21.25	46.25	154	100,0
81	-20.75	46.25	154	100,0
81	-20.75	45.75	154	100,0
81	-21.25	45.75	154	100,0
304	-38.25	27.75	99	150,50
304	-38.25	28.25	99	150,50
304	-37.75	28.75	99	150,50
304	-37.25	28.75	99	150,50
304	-37.25	27.75	99	150,50
304	-36.25	27.75	99	150,50
304	-35.25	26.75	99	150,50
304	-35.25	26.25	99	150,50
304	-35.75	26.25	99	150,50
304	-36.25	26.75	99	150,50
304	-36.75	26.75	99	150,50
304	-36.75	26.25	99	150,50
304	-36.25	25.75	99	150,50
304	-36.25	25.25	99	150,50
304	-36.75	25.25	99	150,50
304	-37.25	25.75	99	150,50
304	-38.25	25.75	99	150,50
304	-38.25	27.75	99	150,50
53	-20.75	43.25	130	100,0
53	-20.75	43.75	130	100,0
53	-20.25	43.75	130	100,0
53	-20.25	43.25	130	100,0
53	-20.75	43.25	130	100,0
100	-34.25	28.75	169	150,50
100	-34.25	29.25	169	150,50
100	-33.75	29.75	169	150,50
100	-33.25	29.75	169	150,50
100	-32.75	29.25	169	150,50
100	-31.75	29.25	169	150,50
100	-31.25	28.75	169	150,50
100	-31.25	28.25	169	150,50
100	-32.25	28.25	169	150,50
100	-32.75	27.75	169	150,50
100	-32.75	27.25	169	150,50
100	-31.25	25.75	169	150,50
100	-31.25	24.25	169	150,50
100	-32.25	24.25	169	150,50
100	-32.25	23.75	169	150,50
100	-31.75	23.25	169	150,50
100	-31.75	22.75	169	150,50
100	-32.25	22.75	169	150,50
100	-33.75	24.25	169	150,50
100	-33.75	24.75	169	150,50
100	-32.75	24.75	169	150,50
100	-32.25	25.25	169	150,50
100	-32.25	25.75	169	150,50
100	-33.75	27.25	169	150,50
100	-33.75	28.25	169	150,50
100	-34.25	28.75	169	150,50
133	-24.25	36.75	19	150,50
133	-24.25	37.25	19	150,50
133	-23.25	38.25	19	150,50
133	-22.75	38.25	19	150,50
133	-22.75	37.25	19	150,50
133	-22.25	36.75	19	150,50
133	-22.25	35.75	19	150,50
133	-21.75	35.25	19	150,50
133	-20.75	35.25	19	150,50
133	-20.75	34.25	19	150,50
133	-20.25	33.75	19	150,50
133	-19.75	33.75	19	150,50
133	-19.75	34.75	19	150,50
133	-19.25	35.25	19	150,50
133	-17.75	35.25	19	150,50
133	-17.25	34.75	19	150,50
133	-13.75	34.75	19	150,50
133	-13.25	35.25	19	150,50
133	-11.75	35.25	19	150,50
133	-11.25	34.75	19	150,50
133	-10.25	34.75	19	150,50
133	-10.25	33.75	19	150,50
133	-9.25	33.75	19	150,50
133	-9.25	33.25	19	150,50
133	-9.75	32.75	19	150,50
133	-9.75	31.75	19	150,50
133	-10.75	31.75	19	150,50
133	-10.75	31.25	19	150,50
133	-10.25	30.75	19	150,50
133	-10.25	30.25	19	150,50
133	-11.25	30.25	19	150,50
133	-11.25	29.25	19	150,50
133	-11.75	28.75	19	150,50
133	-12.75	28.75	19	150,50
133	-12.75	28.25	19	150,50
133	-11.25	26.75	19	150,50
133	-11.25	26.25	19	150,50
133	-13.25	26.25	19	150,50
133	-13.25	25.75	19	150,50
133	-11.75	24.25	19	150,50
133	-11.25	24.25	19	150,50
133	-11.25	25.25	19	150,50
133	-10.75	25.25	19	150,50
133	-10.25	24.75	19	150,50
133	-9.75	24.75	19	150,50
133	-8.75	25.75	19	150,50
133	-8.75	26.75	19	150,50
133	-8.25	26.75	19	150,50
133	-7.75	26.25	19	150,50
133	-7.75	25.25	19	150,50
133	-6.75	24.25	19	150,50
133	-6.25	24.25	19	150,50
133	-6.25	24.75	19	150,50
133	-6.75	25.25	19	150,50
133	-6.75	25.75	19	150,50
133	-6.25	26.25	19	150,50
133	-6.25	26.75	19	150,50
133	-7.25	26.75	19	150,50
133	-7.75	27.25	19	150,50
133	-7.75	27.75	19	150,50
133	-6.25	27.75	19	150,50
133	-5.25	26.75	19	150,50
133	-4.75	26.75	19	150,50
133	-4.75	27.75	19	150,50
133	-4.25	27.75	19	150,50
133	-3.75	27.25	19	150,50
133	-3.75	26.25	19	150,50
133	-2.25	24.75	19	150,50
133	-2.25	24.25	19	150,50
133	-2.75	24.25	19	150,50
133	-3.75	25.25	19	150,50
133	-4.25	25.25	19	150,50
133	-4.25	24.75	19	150,50
133	-3.75	24.25	19	150,50
133	-3.75	23.75	19	150,50
133	-4.75	22.75	19	150,50
133	-4.75	22.25	19	150,50
133	-3.25	22.25	19	150,50
133	-2.75	22.75	19	150,50
133	-2.25	22.75	19	150,50
133	-1.75	22.25	19	150,50
133	-1.75	21.25	19	150,50
133	-1.25	20.75	19	150,50
133	-1.25	20.25	19	150,50
133	-1.75	19.75	19	150,50
133	-1.75	19.25	19	150,50
133	-0.75	19.25	19	150,50
133	-0.25	18.75	19	150,50
133	-0.25	18.25	19	150,50
133	-1.25	18.25	19	150,50
133	-1.25	16.75	19	150,50
133	-0.25	15.75	19	150,50
133	-0.25	15.25	19	150,50
133	-0.75	15.25	19	150,50
133	-1.25	15.75	19	150,50
133	-1.75	15.75	19	150,50
133	-2.25	15.25	19	150,50
133	-2.25	14.75	19	150,50
133	-1.25	14.75	19	150,50
133	-0.75	14.25	19	150,50
133	-0.75	13.75	19	150,50
133	-1.75	12.75	19	150,50
133	-2.75	12.75	19	150,50
133	-3.25	12.25	19	150,50
133	-3.75	12.25	19	150,50
133	-4.25	12.75	19	150,50
133	-4.25	13.75	19	150,50
133	-5.25	13.75	19	150,50
133	-5.75	14.25	19	150,50
133	-6.25	14.25	19	150,50
133	-6.75	13.75	19	150,50
133	-7.75	13.75	19	150,50
133	-7.75	12.75	19	150,50
133	-8.75	11.75	19	150,50
133	-9.75	11.75	19	150,50
133	-10.75	10.75	19	150,50
133	-11.75	10.75	19	150,50
133	-12.25	10.25	19	150,50
133	-12.75	10.25	19	150,50
133	-12.75	11.25	19	150,50
133	-13.25	11.75	19	150,50
133	-14.25	11.75	19	150,50
133	-15.25	12.75	19	150,50
133	-16.25	12.75	19	150,50
133	-16.75	13.25	19	150,50
133	-17.75	13.25	19	150,50
133	-17.75	14.75	19	150,50
133	-17.25	15.25	19	150,50
133	-16.75	15.25	19	150,50
133	-16.25	14.75	19	150,50
133	-15.75	14.75	19	150,50
133	-15.25	15.25	19	150,50
133	-14.75	15.25	19	150,50
133	-14.25	14.75	19	150,50
133	-13.75	14.75	19	150,50
133	-13.25	15.25	19	150,50
133	-12.75	15.25	19	150,50
133	-11.75	14.25	19	150,50
133	-11.25	14.25	19	150,50
133	-10.75	14.75	19	150,50
133	-10.25	14.75	19	150,50
133	-10.25	13.75	19	150,50
133	-9.75	13.75	19	150,50
133	-9.25	14.25	19	150,50
133	-8.25	14.25	19	150,50
133	-8.25	14.75	19	150,50
133	-8.75	15.25	19	150,50
133	-8.75	15.75	19	150,50
133	-7.75	15.75	19	150,50
133	-6.75	16.75	19	150,50
133	-6.75	17.75	19	150,50
133	-6.25	17.75	19	150,50
133	-4.75	16.25	19	150,50
133	-3.75	16.25	19	150,50
133	-3.25	15.75	19	150,50
133	-2.75	15.75	19	150,50
133	-2.75	16.25	19	150,50
133	-3.75	17.25	19	150,50
133	-3.75	17.75	19	150,50
133	-3.25	17.75	19	150,50
133	-2.75	17.25	19	150,50
133	-2.25	17.25	19	150,50
133	-2.25	18.75	19	150,50
133	-2.75	19.25	19	150,50
133	-2.75	21.25	19	150,50
133	-3.25	21.25	19	150,50
133	-3.75	20.75	19	150,50
133	-4.25	20.75	19	150,50
133	-5.25	21.75	19	150,50
133	-5.75	21.75	19	150,50
133	-6.75	20.75	19	150,50
133	-7.25	20.75	19	150,50
133	-7.75	21.25	19	150,50
133	-7.75	21.75	19	150,50
133	-7.25	22.25	19	150,50
133	-7.25	22.75	19	150,50
133	-7.75	22.75	19	150,50
133	-8.25	22.25	19	150,50
133	-9.25	22.25	19	150,50
133	-9.75	21.75	19	150,50
133	-10.75	21.75	19	150,50
133	-10.75	21.25	19	150,50
133	-10.25	20.75	19	150,50
133	-10.25	20.25	19	150,50
133	-11.25	19.25	19	150,50
133	-12.25	19.25	19	150,50
133	-12.25	18.75	19	150,50
133	-11.75	18.25	19	150,50
133	-11.75	16.75	19	150,50
133	-12.25	16.25	19	150,50
133	-12.75	16.25	19	150,50
133	-13.75	17.25	19	150,50
133	-13.75	18.25	19	150,50
133	-14.25	18.75	19	150,50
133	-14.25	20.75	19	150,50
133	-14.75	20.75	19	150,50
133	-15.25	20.25	19	150,50
133	-15.25	19.25	19	150,50
133	-16.25	19.25	19	150,50
133	-16.25	18.75	19	150,50
133	-15.75	18.25	19	150,50
133	-15.75	17.75	19	150,50
133	-16.75	17.75	19	150,50
133	-17.25	17.25	19	150,50
133	-17.75	17.25	19	150,50
133	-18.75	18.25	19	150,50
133	-18.75	18.75	19	150,50
133	-17.75	18.75	19	150,50
133	-16.75	19.75	19	150,50
133	-16.75	21.25	19	150,50
133	-17.75	21.25	19	150,50
133	-18.25	21.75	19	150,50
133	-18.75	21.75	19	150,50
133	-19.75	20.75	19	150,50
133	-19.75	20.25	19	150,50
133	-19.25	19.75	19	150,50
133	-19.25	19.25	19	150,50
133	-19.75	18.75	19	150,50
133	-20.25	18.75	19	150,50
133	-21.25	19.75	19	150,50
133	-21.75	19.75	19	150,50
133	-21.75	18.25	19	150,50
133	-21.25	17.75	19	150,50
133	-19.25	17.75	19	150,50
133	-19.25	17.25	19	150,50
133	-20.75	15.75	19	150,50
133	-20.75	15.25	19	150,50
133	-20.25	15.25	19	150,50
133	-19.75	15.75	19	150,50
133	-19.25	15.75	19	150,50
133	-19.25	14.75	19	150,50
133	-18.75	14.25	19	150,50
133	-18.75	12.75	19	150,50
133	-19.75	12.75	19	150,50
133	-19.75	12.25	19	150,50
133	-19.25	11.75	19	150,50
133	-18.75	11.75	19	150,50
133	-18.25	12.25	19	150,50
133	-16.75	12.25	19	150,50
133	-16.25	11.75	19	150,50
133	-16.25	11.25	19	150,50
133	-18.25	11.25	19	150,50
133	-18.75	10.75	19	150,50
133	-18.75	7.25	19	150,50
133	-18.25	6.75	19	150,50
133	-18.25	5.75	19	150,50
133	-17.75	5.25	19	150,50
133	-17.25	5.25	19	150,50
133	-17.25	7.25	19	150,50
133	-16.75	7.75	19	150,50
133	-16.25	7.75	19	150,50
133	-16.25	6.75	19	150,50
133	-15.25	5.75	19	150,50
133	-14.25	5.75	19	150,50
133	-14.25	4.75	19	150,50
133	-13.75	4.75	19	150,50
133	-12.25	6.25	19	150,50
133	-11.75	6.25	19	150,50
133	-11.75	5.25	19	150,50
133	-10.75	4.25	19	150,50
133	-10.75	3.75	19	150,50
133	-11.25	3.25	19	150,50
133	-11.25	2.25	19	150,50
133	-11.75	1.75	19	150,50
133	-11.75	1.25	19	150,50
133	-11.25	0.75	19	150,50
133	-11.25	0.25	19	150,50
133	-12.75	0.25	19	150,50
133	-13.25	0.75	19	150,50
133	-13.25	2.75	19	150,50
133	-14.75	2.75	19	150,50
133	-15.25	2.25	19	150,50
133	-15.75	2.25	19	150,50
133	-16.75	3.25	19	150,50
133	-17.25	3.25	19	150,50
133	-17.25	2.75	19	150,50
133	-16.75	2.25	19	150,50
133	-16.75	1.75	19	150,50
133	-17.25	1.25	19	150,50
133	-17.25	-0.75	19	150,50
133	-18.75	-0.75	19	150,50
133	-18.75	0.25	19	150,50
133	-19.25	0.75	19	150,50
133	-19.25	1.25	19	150,50
133	-18.75	1.75	19	150,50
133	-18.75	4.25	19	150,50
133	-19.75	5.25	19	150,50
133	-20.25	5.25	19	150,50
133	-20.25	3.75	19	150,50
133	-19.75	3.25	19	150,50
133	-19.75	2.75	19	150,50
133	-20.25	2.25	19	150,50
133	-20.25	0.75	19	150,50
133	-19.75	0.25	19	150,50
133	-19.75	-0.25	19	150,50
133	-20.75	-0.25	19	150,50
133	-21.25	-0.75	19	150,50
133	-44.75	-0.75	19	150,50
133	-44.75	-0.25	19	150,50
133	-44.25	0.25	19	150,50
133	-42.25	0.25	19	150,50
133	-42.25	0.75	19	150,50
133	-43.25	1.75	19	150,50
133	-43.25	2.25	19	150,50
133	-42.75	2.75	19	150,50
133	-42.75	3.25	19	150,50
133	-43.25	3.25	19	150,50
133	-43.75	2.75	19	150,50
133	-44.25	2.75	19	150,50
133	-44.25	3.25	19	150,50
133	-43.25	4.25	19	150,50
133	-42.75	4.25	19	150,50
133	-41.25	2.75	19	150,50
133	-40.75	2.75	19	150,50
133	-40.75	3.75	19	150,50
133	-39.75	4.75	19	150,50
133	-39.75	5.25	19	150,50
133	-40.25	5.25	19	150,50
133	-41.25	4.25	19	150,50
133	-41.75	4.25	19	150,50
133	-41.75	4.75	19	150,50
133	-40.25	6.25	19	150,50
133	-39.25	6.25	19	150,50
133	-39.25	6.75	19	150,50
133	-39.75	7.25	19	150,50
133	-40.25	7.25	19	150,50
133	-41.25	6.25	19	150,50
133	-42.25	6.25	19	150,50
133	-42.25	5.25	19	150,50
133	-44.75	5.25	19	150,50
133	-44.75	5.75	19	150,50
133	-44.25	6.25	19	150,50
133	-44.25	7.25	19	150,50
133	-43.75	7.75	19	150,50
133	-43.75	10.75	19	150,50
133	-43.25	10.75	19	150,50
133	-42.75	10.25	19	150,50
133	-42.75	8.25	19	150,50
133	-41.75	7.25	19	150,50
133	-41.25	7.25	19	150,50
133	-41.25	8.75	19	150,50
133	-41.75	9.25	19	150,50
133	-41.75	9.75	19	150,50
133	-40.75	9.75	19	150,50
133	-39.75	10.75	19	150,50
133	-39.25	10.75	19	150,50
133	-38.75	10.25	19	150,50
133	-38.75	9.25	19	150,50
133	-37.75	9.25	19	150,50
133	-37.75	8.25	19	150,50
133	-36.75	7.25	19	150,50
133	-36.75	5.75	19	150,50
133	-37.25	5.25	19	150,50
133	-37.25	4.75	19	150,50
133	-36.25	3.75	19	150,50
133	-35.75	3.75	19	150,50
133	-35.75	4.75	19	150,50
133	-35.25	5.25	19	150,50
133	-35.25	7.25	19	150,50
133	-33.75	8.75	19	150,50
133	-33.25	8.75	19	150,50
133	-32.75	8.25	19	150,50
133	-32.75	7.75	19	150,50
133	-33.25	7.25	19	150,50
133	-33.25	6.75	19	150,50
133	-32.75	6.75	19	150,50
133	-32.25	7.25	19	150,50
133	-30.25	7.25	19	150,50
133	-29.75	7.75	19	150,50
133	-28.75	7.75	19	150,50
133	-28.75	8.25	19	150,50
133	-29.25	8.75	19	150,50
133	-29.25	10.25	19	150,50
133	-28.75	10.75	19	150,50
133	-28.75	12.75	19	150,50
133	-27.75	12.75	19	150,50
133	-27.25	13.25	19	150,50
133	-27.25	13.75	19	150,50
133	-27.75	14.25	19	150,50
133	-29.25	14.25	19	150,50
133	-32.25	11.25	19	150,50
133	-32.75	11.25	19	150,50
133	-33.25	11.75	19	150,50
133	-33.75	11.75	19	150,50
133	-33.75	11.25	19	150,50
133	-32.25	9.75	19	150,50
133	-31.25	9.75	19	150,50
133	-31.25	8.25	19	150,50
133	-31.75	8.25	19	150,50
133	-33.25	9.75	19	150,50
133	-33.75	9.75	19	150,50
133	-35.75	7.75	19	150,50
133	-36.25	7.75	19	150,50
133	-36.75	8.25	19	150,50
133	-36.75	8.75	19	150,50
133	-36.25	9.25	19	150,50
133	-35.25	9.25	19	150,50
133	-35.25	9.75	19	150,50
133	-35.75	10.25	19	150,50
133	-35.75	10.75	19	150,50
133	-34.75	11.75	19	150,50
133	-34.75	12.25	19	150,50
133	-35.25	12.25	19	150,50
133	-36.25	11.25	19	150,50
133	-37.25	11.25	19	150,50
133	-37.25	10.75	19	150,50
133	-36.75	10.25	19	150,50
133	-36.75	9.75	19	150,50
133	-37.25	9.75	19	150,50
133	-38.25	10.75	19	150,50
133	-38.25	11.25	19	150,50
133	-36.25	13.25	19	150,50
133	-35.25	13.25	19	150,50
133	-34.75	13.75	19	150,50
133	-34.75	14.75	19	150,50
133	-34.25	15.25	19	150,50
133	-34.25	16.25	19	150,50
133	-33.75	16.25	19	150,50
133	-33.25	15.75	19	150,50
133	-32.75	15.75	19	150,50
133	-32.75	16.25	19	150,50
133	-33.25	16.75	19	150,50
133	-33.25	17.25	19	150,50
133	-32.25	18.25	19	150,50
133	-30.75	18.25	19	150,50
133	-30.75	16.25	19	150,50
133	-30.25	15.75	19	150,50
133	-29.75	15.75	19	150,50
133	-28.75	16.75	19	150,50
133	-28.75	17.25	19	150,50
133	-29.25	17.75	19	150,50
133	-29.25	19.25	19	150,50
133	-28.75	19.75	19	150,50
133	-28.25	19.75	19	150,50
133	-27.75	19.25	19	150,50
133	-27.25	19.25	19	150,50
133	-27.25	21.25	19	150,50
133	-26.25	22.25	19	150,50
133	-26.25	22.75	19	150,50
133	-26.75	23.25	19	150,50
133	-26.75	23.75	19	150,50
133	-25.75	23.75	19	150,50
133	-24.75	24.75	19	150,50
133	-24.25	24.75	19	150,50
133	-24.25	23.25	19	150,50
133	-25.75	21.75	19	150,50
133	-25.75	21.25	19	150,50
133	-25.25	21.25	19	150,50
133	-24.25	22.25	19	150,50
133	-23.75	22.25	19	150,50
133	-23.25	21.75	19	150,50
133	-22.75	21.75	19	150,50
133	-22.75	24.25	19	150,50
133	-23.25	24.75	19	150,50
133	-23.25	25.25	19	150,50
133	-22.75	25.25	19	150,50
133	-22.25	24.75	19	150,50
133	-20.75	24.75	19	150,50
133	-20.25	25.25	19	150,50
133	-20.25	26.25	19	150,50
133	-19.75	26.75	19	150,50
133	-19.75	27.75	19	150,50
133	-18.75	27.75	19	150,50
133	-18.75	30.25	19	150,50
133	-19.25	30.75	19	150,50
133	-19.25	31.25	19	150,50
133	-18.25	31.25	19	150,50
133	-18.25	32.75	19	150,50
133	-19.75	32.75	19	150,50
133	-19.75	31.75	19	150,50
133	-21.25	31.75	19	150,50
133	-21.25	32.25	19	150,50
133	-20.75	32.75	19	150,50
133	-20.75	33.25	19	150,50
133	-23.25	35.75	19	150,50
133	-23.25	36.75	19	150,50
133	-24.25	36.75	19	150,50
133	4.25	6.25	19	100,50
133	4.25	6.75	19	100,50
133	4.75	6.75	19	100,50
133	5.25	6.25	19	100,50
133	5.25	5.75	19	100,50
133	4.75	5.75	19	100,50
133	4.25	6.25	19	100,50
133	3.75	48.75	19	100,0
133	3.75	49.25	19	100,0
133	4.25	49.25	19	100,0
133	4.25	48.75	19	100,0
133	3.75	48.75	19	100,0
133	-44.75	48.25	19	150,0
133	-44.75	48.75	19	150,0
133	-44.25	49.25	19	150,0
133	-26.75	49.25	19	150,0
133	-26.75	48.75	19	150,0
133	-28.75	46.75	19	150,0
133	-30.25	46.75	19	150,0
133	-30.75	47.25	19	150,0
133	-31.25	47.25	19	150,0
133	-32.25	46.25	19	150,0
133	-32.25	45.75	19	150,0
133	-30.75	44.25	19	150,0
133	-30.25	44.25	19	150,0
133	-30.25	45.25	19	150,0
133	-29.75	45.25	19	150,0
133	-29.25	44.75	19	150,0
133	-29.25	43.25	19	150,0
133	-31.75	43.25	19	150,0
133	-31.75	44.25	19	150,0
133	-32.25	44.25	19	150,0
133	-32.75	43.75	19	150,0
133	-33.25	43.75	19	150,0
133	-33.25	44.25	19	150,0
133	-32.75	44.75	19	150,0
133	-32.75	45.25	19	150,0
133	-33.25	45.25	19	150,0
133	-35.25	43.25	19	150,0
133	-35.75	43.25	19	150,0
133	-35.75	43.75	19	150,0
133	-35.25	44.25	19	150,0
133	-35.25	44.75	19	150,0
133	-35.75	45.25	19	150,0
133	-36.25	45.25	19	150,0
133	-36.75	44.75	19	150,0
133	-36.75	42.25	19	150,0
133	-35.75	41.25	19	150,0
133	-35.25	41.25	19	150,0
133	-34.75	41.75	19	150,0
133	-34.25	41.75	19	150,0
133	-34.25	41.25	19	150,0
133	-34.75	40.75	19	150,0
133	-34.75	39.25	19	150,0
133	-34.25	38.75	19	150,0
133	-34.25	38.25	19	150,0
133	-36.25	36.25	19	150,0
133	-36.25	35.75	19	150,0
133	-35.75	35.75	19	150,0
133	-34.75	36.75	19	150,0
133	-33.25	36.75	19	150,0
133	-32.75	36.25	19	150,0
133	-32.25	36.25	19	150,0
133	-31.25	37.25	19	150,0
133	-30.75	37.25	19	150,0
133	-30.75	35.75	19	150,0
133	-31.25	35.25	19	150,0
133	-31.25	34.75	19	150,0
133	-30.25	34.75	19	150,0
133	-30.25	33.75	19	150,0
133	-28.25	31.75	19	150,0
133	-28.25	30.75	19	150,0
133	-27.75	30.25	19	150,0
133	-25.75	30.25	19	150,0
133	-25.25	29.75	19	150,0
133	-24.75	29.75	19	150,0
133	-24.75	30.75	19	150,0
133	-24.25	31.25	19	150,0
133	-23.75	31.25	19	150,0
133	-22.75	30.25	19	150,0
133	-22.75	29.75	19	150,0
133	-23.75	29.75	19	150,0
133	-24.25	29.25	19	150,0
133	-24.25	27.25	19	150,0
133	-25.25	27.25	19	150,0
133	-25.25	26.75	19	150,0
133	-23.75	25.25	19	150,0
133	-22.25	25.25	19	150,0
133	-21.75	25.75	19	150,0
133	-21.75	26.25	19	150,0
133	-22.25	26.75	19	150,0
133	-23.25	26.75	19	150,0
133	-23.25	28.25	19	150,0
133	-22.25	28.25	19	150,0
133	-22.25	29.25	19	150,0
133	-18.75	29.25	19	150,0
133	-18.75	27.75	19	150,0
133	-19.75	27.75	19	150,0
133	-20.25	27.25	19	150,0
133	-20.25	26.75	19	150,0
133	-19.25	26.75	19	150,0
133	-19.25	26.25	19	150,0
133	-20.75	24.75	19	150,0
133	-20.75	24.25	19	150,0
133	-20.25	23.75	19	150,0
133	-19.25	23.75	19	150,0
133	-19.25	23.25	19	150,0
133	-19.75	22.75	19	150,0
133	-19.75	21.75	19	150,0
133	-20.25	21.25	19	150,0
133	-21.25	21.25	19	150,0
133	-22.25	20.25	19	150,0
133	-22.75	20.25	19	150,0
133	-22.75	21.25	19	150,0
133	-23.75	21.25	19	150,0
133	-23.75	22.25	19	150,0
133	-25.25	22.25	19	150,0
133	-25.25	21.25	19	150,0
133	-26.25	21.25	19	150,0
133	-26.75	20.75	19	150,0
133	-27.25	20.75	19	150,0
133	-27.25	22.75	19	150,0
133	-27.75	22.75	19	150,0
133	-28.25	22.25	19	150,0
133	-28.75	22.25	19	150,0
133	-29.75	23.25	19	150,0
133	-29.75	23.75	19	150,0
133	-29.25	24.25	19	150,0
133	-29.25	24.75	19	150,0
133	-30.25	24.75	19	150,0
133	-30.25	25.25	19	150,0
133	-29.75	25.75	19	150,0
133	-28.25	25.75	19	150,0
133	-27.75	25.25	19	150,0
133	-27.75	24.25	19	150,0
133	-26.75	23.25	19	150,0
133	-25.25	23.25	19	150,0
133	-24.75	23.75	19	150,0
133	-24.75	25.25	19	150,0
133	-25.75	25.25	19	150,0
133	-26.25	25.75	19	150,0
133	-27.25	25.75	19	150,0
133	-27.75	26.25	19	150,0
133	-27.75	26.75	19	150,0
133	-27.25	27.25	19	150,0
133	-27.25	27.75	19	150,0
133	-28.25	27.75	19	150,0
133	-28.75	28.25	19	150,0
133	-28.75	28.75	19	150,0
133	-28.25	29.25	19	150,0
133	-28.25	29.75	19	150,0
133	-29.25	30.75	19	150,0
133	-29.25	31.75	19	150,0
133	-30.25	31.75	19	150,0
133	-30.25	32.75	19	150,0
133	-30.75	33.25	19	150,0
133	-31.25	33.25	19	150,0
133	-31.25	32.25	19	150,0
133	-31.75	31.75	19	150,0
133	-32.75	31.75	19	150,0
133	-32.75	30.75	19	150,0
133	-33.25	30.25	19	150,0
133	-33.25	29.75	19	150,0
133	-32.75	29.75	19	150,0
133	-31.75	30.75	19	150,0
133	-31.25	30.75	19	150,0
133	-31.25	30.25	19	150,0
133	-31.75	29.75	19	150,0
133	-31.75	28.75	19	150,0
133	-32.75	28.75	19	150,0
133	-33.25	28.25	19	150,0
133	-33.75	28.25	19	150,0
133	-33.75	29.25	19	150,0
133	-34.25	29.25	19	150,0
133	-34.75	28.75	19	150,0
133	-35.25	28.75	19	150,0
133	-35.75	29.25	19	150,0
133	-35.75	29.75	19	150,0
133	-35.25	30.25	19	150,0
133	-35.25	30.75	19	150,0
133	-35.75	30.75	19	150,0
133	-36.25	30.25	19	150,0
133	-36.75	30.25	19	150,0
133	-44.75	38.25	19	150,0
133	-44.75	38.75	19	150,0
133	-44.25	39.25	19	150,0
133	-44.25	39.75	19	150,0
133	-44.75	40.25	19	150,0
133	-44.75	41.75	19	150,0
133	-44.25	41.75	19	150,0
133	-43.75	41.25	19	150,0
133	-43.25	41.25	19	150,0
133	-42.25	42.25	19	150,0
133	-41.75	42.25	19	150,0
133	-41.75	41.75	19	150,0
133	-42.75	40.75	19	150,0
133	-42.75	39.25	19	150,0
133	-41.75	39.25	19	150,0
133	-41.75	38.25	19	150,0
133	-39.75	38.25	19	150,0
133	-39.75	37.25	19	150,0
133	-39.25	37.25	19	150,0
133	-38.75	37.75	19	150,0
133	-38.75	39.25	19	150,0
133	-39.75	40.25	19	150,0
133	-39.75	43.25	19	150,0
133	-41.25	44.75	19	150,0
133	-41.25	45.75	19	150,0
133	-42.75	45.75	19	150,0
133	-43.75	44.75	19	150,0
133	-44.25	44.75	19	150,0
133	-44.25	45.25	19	150,0
133	-42.75	46.75	19	150,0
133	-41.75	46.75	19	150,0
133	-41.75	47.25	19	150,0
133	-42.75	48.25	19	150,0
133	-44.75	48.25	19	150,0
134	-14.75	-0.75	19	150,50
134	-14.75	-0.25	19	150,50
134	-14.25	-0.25	19	150,50
134	-14.25	-0.75	19	150,50
134	-14.75	-0.75	19	150,50
134	3.25	-0.75	19	100,50
134	3.25	-0.25	19	100,50
134	3.75	-0.25	19	100,50
134	3.75	-0.75	19	100,50
134	3.25	-0.75	19	100,50
134	4.75	49.25	19	100,0
134	4.75	48.75	19	100,0
134	5.25	48.75	19	100,0
134	5.25	49.25	19	100,0
134	4.75	49.25	19	100,0
134	-26.25	49.25	19	150,0
134	-26.25	48.75	19	150,0
134	-24.75	47.25	19	150,0
134	-24.75	45.75	19	150,0
134	-25.75	45.75	19	150,0
134	-25.75	44.75	19	150,0
134	-26.75	43.75	19	150,0
134	-26.75	42.75	19	150,0
134	-27.75	41.75	19	150,0
134	-27.75	41.25	19	150,0
134	-27.25	41.25	19	150,0
134	-26.75	41.75	19	150,0
134	-25.25	41.75	19	150,0
134	-24.25	40.75	19	150,0
134	-23.25	40.75	19	150,0
134	-22.75	40.25	19	150,0
134	-22.25	40.25	19	150,0
134	-21.75	40.75	19	150,0
134	-21.75	41.25	19	150,0
134	-22.25	41.75	19	150,0
134	-22.25	42.25	19	150,0
134	-21.25	42.25	19	150,0
134	-21.25	43.75	19	150,0
134	-22.75	45.25	19	150,0
134	-22.75	47.75	19	150,0
134	-22.25	47.75	19	150,0
134	-21.75	47.25	19	150,0
134	-21.25	47.25	19	150,0
134	-20.75	47.75	19	150,0
134	-20.75	49.25	19	150,0
134	-26.25	49.25	19	150,0
51	-17.75	42.25	129	100,0
51	-17.75	42.75	129	100,0
51	-17.25	42.75	129	100,0
51	-17.25	42.25	129	100,0
51	-17.75	42.25	129	100,0
107	-17.25	41.75	175	100,0
107	-17.25	42.25	175	100,0
107	-16.75	42.25	175	100,0
107	-15.75	41.25	175	100,0
107	-15.75	40.75	175	100,0
107	-16.25	40.75	175	100,0
107	-17.25	41.75	175	100,0
127	-17.75	40.25	186	100,0
127	-17.75	40.75	186	100,0
127	-17.25	40.75	186	100,0
127	-16.25	39.75	186	100,0
127	-16.25	39.25	186	100,0
127	-16.75	39.25	186	100,0
127	-17.75	40.25	186	100,0
128	-15.25	37.75	186	100,0
128	-15.25	38.25	186	100,0
128	-14.75	38.25	186	100,0
128	-14.75	37.75	186	100,0
128	-15.25	37.75	186	100,0
18	-22.25	29.75	11	100,0
18	-22.25	30.25	11	100,0
18	-21.75	30.25	11	100,0
18	-21.25	29.75	11	100,0
18	-20.75	29.75	11	100,0
18	-20.25	30.25	11	100,0
18	-18.25	30.25	11	100,0
18	-17.25	31.25	11	100,0
18	-17.25	32.25	11	100,0
18	-16.75	32.25	11	100,0
18	-15.75	31.25	11	100,0
18	-15.75	30.75	11	100,0
18	-16.75	30.75	11	100,0
18	-17.25	30.25	11	100,0
18	-17.25	29.75	11	100,0
18	-16.25	28.75	11	100,0
18	-16.25	27.75	11	100,0
18	-15.25	27.75	11	100,0
18	-14.25	26.75	11	100,0
18	-13.75	26.75	11	100,0
18	-13.75	27.25	11	100,0
18	-14.25	27.75	11	100,0
18	-14.25	28.25	11	100,0
18	-12.75	29.75	11	100,0
18	-12.75	30.75	11	100,0
18	-12.25	31.25	11	100,0
18	-11.75	31.25	11	100,0
18	-11.25	30.75	11	100,0
18	-10.75	30.75	11	100,0
18	-10.25	31.25	11	100,0
18	-9.75	31.25	11	100,0
18	-9.25	30.75	11	100,0
18	-9.25	29.75	11	100,0
18	-8.25	28.75	11	100,0
18	-6.25	28.75	11	100,0
18	-2.25	24.75	11	100,0
18	-1.25	24.75	11	100,0
18	-1.25	23.75	11	100,0
18	0.75	21.75	11	100,0
18	1.75	21.75	11	100,0
18	1.75	20.75	11	100,0
18	3.25	19.25	11	100,0
18	4.25	19.25	11	100,0
18	4.75	18.75	11	100,0
18	4.75	17.75	11	100,0
18	5.25	17.25	11	100,0
18	5.25	-0.25	11	100,0
18	0.75	-0.25	11	100,0
18	-20.75	21.25	11	100,0
18	-20.75	22.25	11	100,0
18	-21.25	22.75	11	100,0
18	-21.25	24.25	11	100,0
18	-19.75	24.25	11	100,0
18	-19.25	23.75	11	100,0
18	-19.25	22.75	11	100,0
18	-18.75	22.25	11	100,0
18	-18.75	21.25	11	100,0
18	-17.75	21.25	11	100,0
18	-17.25	20.75	11	100,0
18	-16.75	20.75	11	100,0
18	-16.75	21.25	11	100,0
18	-17.75	22.25	11	100,0
18	-17.75	22.75	11	100,0
18	-15.75	22.75	11	100,0
18	-14.25	24.25	11	100,0
18	-14.25	25.75	11	100,0
18	-14.75	26.25	11	100,0
18	-15.25	26.25	11	100,0
18	-15.25	24.25	11	100,0
18	-15.75	24.25	11	100,0
18	-16.25	24.75	11	100,0
18	-16.25	26.75	11	100,0
18	-16.75	27.25	11	100,0
18	-17.75	27.25	11	100,0
18	-17.75	28.25	11	100,0
18	-18.25	28.25	11	100,0
18	-18.75	27.75	11	100,0
18	-19.25	27.75	11	100,0
18	-19.25	28.75	11	100,0
18	-19.75	29.25	11	100,0
18	-20.25	29.25	11	100,0
18	-20.25	28.25	11	100,0
18	-20.75	28.25	11	100,0
18	-21.25	28.75	11	100,0
18	-22.25	28.75	11	100,0
18	-22.25	29.75	11	100,0
18	-44.75	39.25	11	150,0
18	-44.75	39.75	11	150,0
18	-44.25	39.75	11	150,0
18	-44.25	39.25	11	150,0
18	-44.75	39.25	11	150,0
19	-5.25	29.75	11	100,0
19	-5.25	30.25	11	100,0
19	-4.75	30.75	11	100,0
19	-4.25	30.75	11	100,0
19	-4.25	29.75	11	100,0
19	-3.75	29.25	11	100,0
19	-3.75	28.75	11	100,0
19	-4.25	28.75	11	100,0
19	-5.25	29.75	11	100,0
19	-36.25	29.75	11	150,0
19	-36.25	30.25	11	150,0
19	-35.75	30.75	11	150,0
19	-35.25	30.75	11	150,0
19	-35.25	30.25	11	150,0
19	-35.75	29.75	11	150,0
19	-36.25	29.75	11	150,0
20	4.25	39.25	11	100,0
20	4.25	39.75	11	100,0
20	4.75	39.75	11	100,0
20	5.25	39.25	11	100,0
20	5.25	38.75	11	100,0
20	4.75	38.75	11	100,0
20	4.25	39.25	11	100,0
20	-44.75	20.25	11	150,0
20	-44.75	20.75	11	150,0
20	-44.25	20.75	11	150,0
20	-44.25	19.75	11	150,0
20	-43.25	19.75	11	150,0
20	-38.75	15.25	11	150,0
20	-38.75	14.75	11	150,0
20	-39.25	14.75	11	150,0
20	-40.25	15.75	11	150,0
20	-41.25	15.75	11	150,0
20	-41.25	16.75	11	150,0
20	-42.25	16.75	11	150,0
20	-44.75	19.25	11	150,0
20	-44.75	20.25	11	150,0
21	4.75	20.75	11	100,0
21	4.75	21.25	11	100,0
21	5.25	21.25	11	100,0
21	5.25	19.75	11	100,0
21	4.75	19.75	11	100,0
21	4.75	20.75	11	100,0
21	-32.75	31.25	11	150,0
21	-32.75	31.75	11	150,0
21	-31.75	31.75	11	150,0
21	-31.25	32.25	11	150,0
21	-31.25	33.25	11	150,0
21	-30.75	33.25	11	150,0
21	-30.25	32.75	11	150,0
21	-30.25	31.75	11	150,0
21	-29.25	31.75	11	150,0
21	-29.25	30.75	11	150,0
21	-28.25	29.75	11	150,0
21	-28.25	29.25	11	150,0
21	-28.75	28.75	11	150,0
21	-28.75	28.25	11	150,0
21	-28.25	27.75	11	150,0
21	-27.25	27.75	11	150,0
21	-27.25	27.25	11	150,0
21	-27.75	26.75	11	150,0
21	-27.75	26.25	11	150,0
21	-27.25	25.75	11	150,0
21	-26.25	25.75	11	150,0
21	-25.75	25.25	11	150,0
21	-24.75	25.25	11	150,0
21	-24.75	23.75	11	150,0
21	-25.25	23.25	11	150,0
21	-26.75	23.25	11	150,0
21	-27.75	24.25	11	150,0
21	-27.75	25.25	11	150,0
21	-28.25	25.75	11	150,0
21	-29.75	25.75	11	150,0
21	-30.25	25.25	11	150,0
21	-30.25	24.75	11	150,0
21	-29.25	24.75	11	150,0
21	-29.25	24.25	11	150,0
21	-29.75	23.75	11	150,0
21	-30.25	23.75	11	150,0
21	-34.75	28.25	11	150,0
21	-34.75	28.75	11	150,0
21	-34.25	29.25	11	150,0
21	-33.75	29.25	11	150,0
21	-33.75	28.25	11	150,0
21	-33.25	28.25	11	150,0
21	-32.75	28.75	11	150,0
21	-31.75	28.75	11	150,0
21	-31.75	29.75	11	150,0
21	-31.25	30.25	11	150,0
21	-31.25	30.75	11	150,0
21	-31.75	30.75	11	150,0
21	-32.75	29.75	11	150,0
21	-33.25	29.75	11	150,0
21	-33.25	30.25	11	150,0
21	-32.75	30.75	11	150,0
21	-32.75	31.25	11	150,0
135	4.25	-0.25	19	100,50
135	4.25	-0.75	19	100,50
135	4.75	-0.75	19	100,50
135	5.25	-0.25	19	100,50
135	5.25	0.25	19	100,50
135	4.75	0.25	19	100,50
135	4.25	-0.25	19	100,50
135	0.25	43.25	19	100,0
135	0.25	43.75	19	100,0
135	1.75	45.25	19	100,0
135	2.75	45.25	19	100,0
135	2.75	46.25	19	100,0
135	3.25	46.75	19	100,0
135	3.75	46.75	19	100,0
135	3.75	45.25	19	100,0
135	3.25	44.75	19	100,0
135	3.25	44.25	19	100,0
135	3.75	43.75	19	100,0
135	3.75	42.75	19	100,0
135	4.75	42.75	19	100,0
135	5.25	42.25	19	100,0
135	5.25	39.75	19	100,0
135	4.75	39.75	19	100,0
135	3.75	40.75	19	100,0
135	2.75	40.75	19	100,0
135	2.75	41.25	19	100,0
135	3.25	41.75	19	100,0
135	3.25	42.25	19	100,0
135	1.75	43.75	19	100,0
135	1.25	43.75	19	100,0
135	0.75	43.25	19	100,0
135	0.25	43.25	19	100,0
135	-18.75	48.25	19	150,0
135	-18.75	48.75	19	150,0
135	-18.25	49.25	19	150,0
135	-13.75	49.25	19	150,0
135	-13.75	48.75	19	150,0
135	-14.25	48.25	19	150,0
135	-14.25	47.75	19	150,0
135	-13.25	47.75	19	150,0
135	-13.25	43.75	19	150,0
135	-12.75	43.25	19	150,0
135	-12.75	42.75	19	150,0
135	-13.25	42.75	19	150,0
135	-13.75	43.25	19	150,0
135	-14.25	43.25	19	150,0
135	-14.25	42.25	19	150,0
135	-15.75	42.25	19	150,0
135	-16.25	42.75	19	150,0
135	-16.25	43.25	19	150,0
135	-15.75	43.75	19	150,0
135	-14.75	43.75	19	150,0
135	-14.25	44.25	19	150,0
135	-14.25	44.75	19	150,0
135	-14.75	45.25	19	150,0
135	-14.75	47.25	19	150,0
135	-16.25	47.25	19	150,0
135	-16.25	46.75	19	150,0
135	-15.75	46.25	19	150,0
135	-15.75	45.75	19	150,0
135	-16.25	45.75	19	150,0
135	-18.75	48.25	19	150,0
50	-14.25	36.75	128	100,0
50	-14.25	37.25	128	100,0
50	-13.75	37.25	128	100,0
50	-13.75	36.75	128	100,0
50	-14.25	36.75	128	100,0
229	0.75	-0.25	55	50,0
229	0.75	0.25	55	50,0
229	1.25	0.75	55	50,0
229	4.75	0.75	55	50,0
229	4.75	0.25	55	50,0
229	4.25	-0.25	55	50,0
229	0.75	-0.25	55	50,0
229	-45.25	-0.25	55	100,0
229	-45.25	0.25	55	100,0
229	-44.75	0.25	55	100,0
229	-44.75	-0.25	55	100,0
229	-45.25	-0.25	55	100,0
281	1.75	0.75	87	50,0
281	1.75	1.25	87	50,0
281	4.25	3.75	87	50,0
281	4.75	3.75	87	50,0
281	4.75	3.25	87	50,0
281	4.25	2.75	87	50,0
281	4.25	0.75	87	50,0
281	1.75	0.75	87	50,0
281	-45.25	3.75	87	100,0
281	-45.25	4.25	87	100,0
281	-44.75	4.25	87	100,0
281	-43.75	3.25	87	100,0
281	-42.75	3.25	87	100,0
281	-42.25	2.75	87	100,0
281	-41.75	2.75	87	100,0
281	-41.25	3.25	87	100,0
281	-41.25	4.25	87	100,0
281	-40.25	4.25	87	100,0
281	-39.75	4.75	87	100,0
281	-39.25	4.75	87	100,0
281	-39.25	3.75	87	100,0
281	-38.25	2.75	87	100,0
281	-36.25	2.75	87	100,0
281	-36.25	2.25	87	100,0
281	-36.75	1.75	87	100,0
281	-36.75	0.75	87	100,0
281	-37.25	0.25	87	100,0
281	-37.75	0.25	87	100,0
281	-38.25	0.75	87	100,0
281	-38.75	0.75	87	100,0
281	-39.25	0.25	87	100,0
281	-39.75	0.25	87	100,0
281	-40.25	0.75	87	100,0
281	-43.75	0.75	87	100,0
281	-44.25	0.25	87	100,0
281	-44.75	0.25	87	100,0
281	-45.25	0.75	87	100,0
281	-45.25	1.25	87	100,0
281	-44.25	2.25	87	100,0
281	-44.25	2.75	87	100,0
281	-45.25	3.75	87	100,0
272	-44.75	4.25	81	100,0
272	-44.75	4.75	81	100,0
272	-38.75	10.75	81	100,0
272	-38.25	10.75	81	100,0
272	-38.25	10.25	81	100,0
272	-39.25	9.25	81	100,0
272	-39.25	8.25	81	100,0
272	-40.25	7.25	81	100,0
272	-41.25	7.25	81	100,0
272	-41.25	6.75	81	100,0
272	-39.75	5.25	81	100,0
272	-39.75	4.75	81	100,0
272	-40.25	4.25	81	100,0
272	-41.25	4.25	81	100,0
272	-41.25	3.25	81	100,0
272	-41.75	2.75	81	100,0
272	-42.25	2.75	81	100,0
272	-42.75	3.25	81	100,0
272	-43.75	3.25	81	100,0
272	-44.75	4.25	81	100,0
6	-38.25	10.75	10	100,0
6	-38.25	11.25	10	100,0
6	-37.25	12.25	10	100,0
6	-36.75	12.25	10	100,0
6	-35.75	11.25	10	100,0
6	-33.75	11.25	10	100,0
6	-33.75	10.25	10	100,0
6	-33.25	10.25	10	100,0
6	-32.75	10.75	10	100,0
6	-32.25	10.75	10	100,0
6	-31.75	10.25	10	100,0
6	-31.75	9.75	10	100,0
6	-32.75	9.75	10	100,0
6	-34.75	7.75	10	100,0
6	-35.25	7.75	10	100,0
6	-35.75	8.25	10	100,0
6	-36.25	8.25	10	100,0
6	-36.75	7.75	10	100,0
6	-36.75	7.25	10	100,0
6	-36.25	6.75	10	100,0
6	-36.25	6.25	10	100,0
6	-36.75	6.25	10	100,0
6	-37.25	6.75	10	100,0
6	-38.75	6.75	10	100,0
6	-39.25	6.25	10	100,0
6	-39.25	5.25	10	100,0
6	-39.75	5.25	10	100,0
6	-41.25	6.75	10	100,0
6	-41.25	7.25	10	100,0
6	-40.25	7.25	10	100,0
6	-39.25	8.25	10	100,0
6	-39.25	9.25	10	100,0
6	-38.25	10.25	10	100,0
6	-38.25	10.75	10	100,0
7	-38.75	8.75	10	100,0
7	-38.75	8.25	10	100,0
7	-38.25	8.25	10	100,0
7	-38.25	8.75	10	100,0
7	-38.75	8.75	10	100,0
246	-36.75	12.25	7	100,0
246	-36.75	12.75	7	100,0
246	-35.75	13.75	7	100,0
246	-35.25	13.75	7	100,0
246	-34.25	12.75	7	100,0
246	-33.25	12.75	7	100,0
246	-32.25	11.75	7	100,0
246	-31.25	11.75	7	100,0
246	-31.25	10.75	7	100,0
246	-30.75	10.25	7	100,0
246	-30.75	9.75	7	100,0
246	-31.75	8.75	7	100,0
246	-31.75	8.25	7	100,0
246	-31.25	8.25	7	100,0
246	-29.75	9.75	7	100,0
246	-29.75	10.75	7	100,0
246	-29.25	10.75	7	100,0
246	-28.75	10.25	7	100,0
246	-28.75	9.75	7	100,0
246	-29.75	8.75	7	100,0
246	-29.75	8.25	7	100,0
246	-28.75	7.25	7	100,0
246	-28.75	6.25	7	100,0
246	-28.25	5.75	7	100,0
246	-28.25	5.25	7	100,0
246	-28.75	5.25	7	100,0
246	-29.75	6.25	7	100,0
246	-30.25	6.25	7	100,0
246	-30.25	5.75	7	100,0
246	-29.75	5.25	7	100,0
246	-29.75	4.75	7	100,0
246	-30.25	4.75	7	100,0
246	-31.25	5.75	7	100,0
246	-31.25	6.75	7	100,0
246	-31.75	6.75	7	100,0
246	-32.75	5.75	7	100,0
246	-32.75	4.75	7	100,0
246	-33.75	3.75	7	100,0
246	-34.25	3.75	7	100,0
246	-34.25	4.25	7	100,0
246	-33.75	4.75	7	100,0
246	-33.75	5.75	7	100,0
246	-32.25	7.25	7	100,0
246	-32.25	7.75	7	100,0
246	-32.75	7.75	7	100,0
246	-34.25	6.25	7	100,0
246	-34.75	6.25	7	100,0
246	-35.25	6.75	7	100,0
246	-36.25	6.75	7	100,0
246	-36.75	7.25	7	100,0
246	-36.75	7.75	7	100,0
246	-36.25	8.25	7	100,0
246	-35.75	8.25	7	100,0
246	-35.25	7.75	7	100,0
246	-34.75	7.75	7	100,0
246	-32.75	9.75	7	100,0
246	-31.75	9.75	7	100,0
246	-31.75	10.25	7	100,0
246	-32.25	10.75	7	100,0
246	-32.75	10.75	7	100,0
246	-33.25	10.25	7	100,0
246	-33.75	10.25	7	100,0
246	-33.75	11.25	7	100,0
246	-35.75	11.25	7	100,0
246	-36.75	12.25	7	100,0
185	-35.25	13.75	35	100,0
185	-35.25	14.25	35	100,0
185	-31.25	18.25	35	100,0
185	-30.75	18.25	35	100,0
185	-29.75	17.25	35	100,0
185	-29.25	17.25	35	100,0
185	-29.25	18.25	35	100,0
185	-28.75	18.25	35	100,0
185	-27.75	17.25	35	100,0
185	-27.75	16.75	35	100,0
185	-28.75	16.75	35	100,0
185	-29.25	16.25	35	100,0
185	-29.25	15.25	35	100,0
185	-29.75	14.75	35	100,0
185	-30.25	14.75	35	100,0
185	-30.75	15.25	35	100,0
185	-32.25	15.25	35	100,0
185	-33.75	13.75	35	100,0
185	-33.75	12.75	35	100,0
185	-34.25	12.75	35	100,0
185	-35.25	13.75	35	100,0
1	-30.75	18.25	1	100,0
1	-30.75	18.75	1	100,0
1	-27.75	21.75	1	100,0
1	-27.25	21.75	1	100,0
1	-27.25	21.25	1	100,0
1	-27.75	20.75	1	100,0
1	-27.75	18.25	1	100,0
1	-27.25	17.75	1	100,0
1	-26.25	17.75	1	100,0
1	-25.75	17.25	1	100,0
1	-25.25	17.25	1	100,0
1	-25.25	17.75	1	100,0
1	-25.75	18.25	1	100,0
1	-25.75	19.25	1	100,0
1	-26.25	19.75	1	100,0
1	-26.25	20.25	1	100,0
1	-24.25	20.25	1	100,0
1	-22.25	22.25	1	100,0
1	-21.75	22.25	1	100,0
1	-16.25	16.75	1	100,0
1	-16.25	14.75	1	100,0
1	-15.75	14.25	1	100,0
1	-15.75	13.75	1	100,0
1	-16.25	13.75	1	100,0
1	-17.25	14.75	1	100,0
1	-17.75	14.75	1	100,0
1	-19.25	13.25	1	100,0
1	-19.75	13.25	1	100,0
1	-19.75	13.75	1	100,0
1	-19.25	14.25	1	100,0
1	-19.25	14.75	1	100,0
1	-19.75	15.25	1	100,0
1	-19.75	16.25	1	100,0
1	-20.75	17.25	1	100,0
1	-21.25	17.25	1	100,0
1	-21.25	16.25	1	100,0
1	-22.25	15.25	1	100,0
1	-22.25	14.75	1	100,0
1	-20.75	13.25	1	100,0
1	-20.75	12.75	1	100,0
1	-21.25	12.75	1	100,0
1	-22.25	13.75	1	100,0
1	-22.75	13.75	1	100,0
1	-23.75	12.75	1	100,0
1	-23.75	12.25	1	100,0
1	-23.25	11.75	1	100,0
1	-23.25	11.25	1	100,0
1	-23.75	11.25	1	100,0
1	-24.25	11.75	1	100,0
1	-24.75	11.75	1	100,0
1	-25.25	11.25	1	100,0
1	-25.75	11.25	1	100,0
1	-27.25	12.75	1	100,0
1	-28.75	12.75	1	100,0
1	-29.25	12.25	1	100,0
1	-29.25	11.75	1	100,0
1	-28.75	11.25	1	100,0
1	-28.25	11.25	1	100,0
1	-27.75	11.75	1	100,0
1	-27.25	11.75	1	100,0
1	-26.75	11.25	1	100,0
1	-26.75	10.25	1	100,0
1	-26.25	9.75	1	100,0
1	-25.75	9.75	1	100,0
1	-24.75	10.75	1	100,0
1	-24.25	10.75	1	100,0
1	-24.25	10.25	1	100,0
1	-25.75	8.75	1	100,0
1	-26.75	8.75	1	100,0
1	-26.75	8.25	1	100,0
1	-25.75	7.25	1	100,0
1	-25.25	7.25	1	100,0
1	-24.75	7.75	1	100,0
1	-24.25	7.75	1	100,0
1	-24.25	7.25	1	100,0
1	-25.25	6.25	1	100,0
1	-27.75	6.25	1	100,0
1	-29.75	8.25	1	100,0
1	-29.75	8.75	1	100,0
1	-28.75	9.75	1	100,0
1	-28.75	10.25	1	100,0
1	-29.25	10.75	1	100,0
1	-29.75	10.75	1	100,0
1	-29.75	9.75	1	100,0
1	-31.25	8.25	1	100,0
1	-31.75	8.25	1	100,0
1	-31.75	8.75	1	100,0
1	-30.75	9.75	1	100,0
1	-30.75	10.25	1	100,0
1	-31.25	10.75	1	100,0
1	-31.25	11.75	1	100,0
1	-32.25	11.75	1	100,0
1	-32.25	12.25	1	100,0
1	-29.25	15.25	1	100,0
1	-29.25	16.25	1	100,0
1	-28.75	16.75	1	100,0
1	-27.75	16.75	1	100,0
1	-27.75	17.25	1	100,0
1	-28.75	18.25	1	100,0
1	-29.25	18.25	1	100,0
1	-29.75	17.75	1	100,0
1	-30.25	17.75	1	100,0
1	-30.75	18.25	1	100,0
2	-22.75	20.25	1	100,0
2	-22.75	20.75	1	100,0
2	-22.25	20.75	1	100,0
2	-22.25	20.25	1	100,0
2	-22.75	20.25	1	100,0
3	-24.25	15.75	1	100,0
3	-24.25	16.25	1	100,0
3	-23.75	16.25	1	100,0
3	-23.75	15.75	1	100,0
3	-24.25	15.75	1	100,0
4	-23.75	14.25	1	100,0
4	-23.75	14.75	1	100,0
4	-23.25	14.75	1	100,0
4	-23.25	14.25	1	100,0
4	-23.75	14.25	1	100,0
5	-28.25	8.75	1	100,0
5	-28.25	9.25	1	100,0
5	-27.75	9.25	1	100,0
5	-27.75	8.75	1	100,0
5	-28.25	8.75	1	100,0
231	-27.25	21.75	57	100,0
231	-27.25	22.25	57	100,0
231	-26.75	22.75	57	100,0
231	-25.25	22.75	57	100,0
231	-25.25	22.25	57	100,0
231	-25.75	21.75	57	100,0
231	-25.75	21.25	57	100,0
231	-25.25	20.75	57	100,0
231	-25.25	20.25	57	100,0
231	-26.25	20.25	57	100,0
231	-26.25	19.75	57	100,0
231	-25.75	19.25	57	100,0
231	-25.75	18.25	57	100,0
231	-25.25	17.75	57	100,0
231	-25.25	17.25	57	100,0
231	-25.75	17.25	57	100,0
231	-26.25	17.75	57	100,0
231	-27.25	17.75	57	100,0
231	-27.75	18.25	57	100,0
231	-27.75	20.75	57	100,0
231	-27.25	21.25	57	100,0
231	-27.25	21.75	57	100,0
82	-26.25	22.75	155	100,0
82	-26.25	23.25	155	100,0
82	-24.75	24.75	155	100,0
82	-24.25	24.75	155	100,0
82	-24.25	24.25	155	100,0
82	-24.75	23.75	155	100,0
82	-24.75	22.75	155	100,0
82	-26.25	22.75	155	100,0
280	-13.25	35.75	86	100,0
280	-13.25	36.25	86	100,0
280	-12.75	36.75	86	100,0
280	-12.25	36.75	86	100,0
280	-12.25	36.25	86	100,0
280	-12.75	35.75	86	100,0
280	-13.25	35.75	86	100,0
158	4.25	2.25	21	50,0
158	4.25	2.75	21	50,0
158	4.75	2.75	21	50,0
158	4.75	1.25	21	50,0
158	4.25	1.25	21	50,0
158	4.25	2.25	21	50,0
158	-45.25	2.75	21	100,0
158	-45.25	3.25	21	100,0
158	-44.75	3.25	21	100,0
158	-44.25	2.75	21	100,0
158	-44.25	2.25	21	100,0
158	-44.75	1.75	21	100,0
158	-45.25	1.75	21	100,0
158	-45.25	2.75	21	100,0
258	-24.75	23.25	75	100,0
258	-24.75	23.75	75	100,0
258	-24.25	24.25	75	100,0
258	-23.75	24.25	75	100,0
258	-22.25	22.75	75	100,0
258	-22.25	22.25	75	100,0
258	-23.25	22.25	75	100,0
258	-23.75	21.75	75	100,0
258	-24.25	21.75	75	100,0
258	-24.75	22.25	75	100,0
258	-24.75	23.25	75	100,0
59	-38.75	8.25	136	100,0
59	-38.75	8.75	136	100,0
59	-38.25	8.75	136	100,0
59	-38.25	8.25	136	100,0
59	-38.75	8.25	136	100,0
159	-33.75	13.25	22	100,0
159	-33.75	13.75	22	100,0
159	-32.25	15.25	22	100,0
159	-30.75	15.25	22	100,0
159	-30.25	14.75	22	100,0
159	-30.25	14.25	22	100,0
159	-32.25	12.25	22	100,0
159	-32.75	12.25	22	100,0
159	-33.75	13.25	22	100,0
303	-29.75	17.25	98	100,0
303	-29.75	17.75	98	100,0
303	-29.25	17.75	98	100,0
303	-29.25	17.25	98	100,0
303	-29.75	17.25	98	100,0
234	-25.75	21.25	6	100,0
234	-25.75	21.75	6	100,0
234	-25.25	22.25	6	100,0
234	-24.75	22.25	6	100,0
234	-24.25	21.75	6	100,0
234	-23.75	21.75	6	100,0
234	-23.25	22.25	6	100,0
234	-22.75	22.25	6	100,0
234	-22.75	21.75	6	100,0
234	-24.25	20.25	6	100,0
234	-24.75	20.25	6	100,0
234	-25.75	21.25	6	100,0
31	-11.25	35.75	115	100,0
31	-11.25	36.25	115	100,0
31	-10.75	36.25	115	100,0
31	-10.75	35.75	115	100,0
31	-11.25	35.75	115	100,0
200	-39.25	5.75	4	100,0
200	-39.25	6.25	4	100,0
200	-38.75	6.75	4	100,0
200	-37.25	6.75	4	100,0
200	-36.75	6.25	4	100,0
200	-36.25	6.25	4	100,0
200	-35.75	6.75	4	100,0
200	-35.25	6.75	4	100,0
200	-34.75	6.25	4	100,0
200	-34.75	5.75	4	100,0
200	-35.75	5.75	4	100,0
200	-35.75	5.25	4	100,0
200	-35.25	4.75	4	100,0
200	-34.75	4.75	4	100,0
200	-34.25	5.25	4	100,0
200	-33.75	5.25	4	100,0
200	-33.75	4.75	4	100,0
200	-34.25	4.25	4	100,0
200	-34.25	3.75	4	100,0
200	-33.75	3.75	4	100,0
200	-31.75	5.75	4	100,0
200	-31.25	5.75	4	100,0
200	-30.25	4.75	4	100,0
200	-29.75	4.75	4	100,0
200	-29.75	5.25	4	100,0
200	-30.25	5.75	4	100,0
200	-30.25	6.25	4	100,0
200	-29.75	6.25	4	100,0
200	-28.75	5.25	4	100,0
200	-28.25	5.25	4	100,0
200	-28.25	5.75	4	100,0
200	-28.75	6.25	4	100,0
200	-28.75	6.75	4	100,0
200	-28.25	6.75	4	100,0
200	-27.75	6.25	4	100,0
200	-25.25	6.25	4	100,0
200	-24.25	7.25	4	100,0
200	-22.25	7.25	4	100,0
200	-21.75	7.75	4	100,0
200	-21.25	7.75	4	100,0
200	-21.25	6.75	4	100,0
200	-20.75	6.25	4	100,0
200	-20.75	5.75	4	100,0
200	-21.25	5.25	4	100,0
200	-21.25	4.75	4	100,0
200	-20.75	4.75	4	100,0
200	-20.25	5.25	4	100,0
200	-18.75	5.25	4	100,0
200	-18.75	4.75	4	100,0
200	-19.25	4.25	4	100,0
200	-19.25	3.25	4	100,0
200	-20.25	3.25	4	100,0
200	-20.75	2.75	4	100,0
200	-26.25	2.75	4	100,0
200	-26.25	3.75	4	100,0
200	-26.75	3.75	4	100,0
200	-27.75	2.75	4	100,0
200	-30.25	2.75	4	100,0
200	-30.75	3.25	4	100,0
200	-31.25	3.25	4	100,0
200	-31.75	2.75	4	100,0
200	-32.75	2.75	4	100,0
200	-32.75	1.75	4	100,0
200	-33.25	1.75	4	100,0
200	-34.25	2.75	4	100,0
200	-34.75	2.75	4	100,0
200	-36.25	1.25	4	100,0
200	-36.75	1.25	4	100,0
200	-36.75	1.75	4	100,0
200	-36.25	2.25	4	100,0
200	-36.25	2.75	4	100,0
200	-38.25	2.75	4	100,0
200	-39.25	3.75	4	100,0
200	-39.25	5.75	4	100,0
155	-10.25	34.75	200	100,0
155	-10.25	35.25	200	100,0
155	-9.75	35.25	200	100,0
155	-9.75	34.75	200	100,0
155	-10.25	34.75	200	100,0
136	-4.25	29.75	19	100,0
136	-4.25	30.25	19	100,0
136	-3.75	30.25	19	100,0
136	4.75	21.75	19	100,0
136	4.75	20.25	19	100,0
136	4.25	20.25	19	100,0
136	-3.75	28.25	19	100,0
136	-3.75	29.25	19	100,0
136	-4.25	29.75	19	100,0
136	-44.25	19.75	19	150,0
136	-44.25	20.25	19	150,0
136	-43.75	20.25	19	150,0
136	-43.75	19.75	19	150,0
136	-44.25	19.75	19	150,0
83	-44.25	-0.25	156	100,0
83	-44.25	0.25	156	100,0
83	-43.75	0.75	156	100,0
83	-40.25	0.75	156	100,0
83	-39.75	0.25	156	100,0
83	-39.75	-0.25	156	100,0
83	-44.25	-0.25	156	100,0
75	-22.75	20.25	149	100,0
75	-22.75	20.75	149	100,0
75	-22.25	20.75	149	100,0
75	-22.25	20.25	149	100,0
75	-22.75	20.25	149	100,0
273	-10.25	32.75	82	100,0
273	-10.25	33.25	82	100,0
273	-9.75	33.25	82	100,0
273	-9.75	32.75	82	100,0
273	-10.25	32.75	82	100,0
274	-9.25	33.75	82	100,0
274	-9.25	34.25	82	100,0
274	-8.75	34.25	82	100,0
274	-8.75	33.75	82	100,0
274	-9.25	33.75	82	100,0
275	-8.25	30.75	82	100,0
275	-8.25	31.25	82	100,0
275	-7.75	31.25	82	100,0
275	-7.75	30.75	82	100,0
275	-8.25	30.75	82	100,0
137	-40.75	15.25	19	150,0
137	-40.75	15.75	19	150,0
137	-40.25	15.75	19	150,0
137	-39.25	14.75	19	150,0
137	-38.25	14.75	19	150,0
137	-37.75	14.25	19	150,0
137	-37.75	13.75	19	150,0
137	-38.25	13.25	19	150,0
137	-38.75	13.25	19	150,0
137	-40.75	15.25	19	150,0
14	-9.25	32.75	106	100,0
14	-9.25	33.25	106	100,0
14	-8.75	33.25	106	100,0
14	-8.75	32.75	106	100,0
14	-9.25	32.75	106	100,0
122	-35.75	5.25	181	100,0
122	-35.75	5.75	181	100,0
122	-34.75	5.75	181	100,0
122	-32.75	7.75	181	100,0
122	-32.25	7.75	181	100,0
122	-32.25	7.25	181	100,0
122	-34.75	4.75	181	100,0
122	-35.25	4.75	181	100,0
122	-35.75	5.25	181	100,0
90	-29.25	11.75	16	100,0
90	-29.25	12.25	16	100,0
90	-28.75	12.75	16	100,0
90	-27.25	12.75	16	100,0
90	-25.75	11.25	16	100,0
90	-25.25	11.25	16	100,0
90	-24.75	11.75	16	100,0
90	-24.25	11.75	16	100,0
90	-23.75	11.25	16	100,0
90	-23.25	11.25	16	100,0
90	-23.25	11.75	16	100,0
90	-23.75	12.25	16	100,0
90	-23.75	12.75	16	100,0
90	-22.75	13.75	16	100,0
90	-22.25	13.75	16	100,0
90	-21.25	12.75	16	100,0
90	-20.75	12.75	16	100,0
90	-20.75	13.25	16	100,0
90	-22.25	14.75	16	100,0
90	-22.25	15.25	16	100,0
90	-20.75	16.75	16	100,0
90	-20.25	16.75	16	100,0
90	-19.75	16.25	16	100,0
90	-19.75	15.25	16	100,0
90	-19.25	14.75	16	100,0
90	-19.25	14.25	16	100,0
90	-19.75	13.75	16	100,0
90	-19.75	13.25	16	100,0
90	-19.25	13.25	16	100,0
90	-17.75	14.75	16	100,0
90	-17.25	14.75	16	100,0
90	-16.25	13.75	16	100,0
90	-15.75	13.75	16	100,0
90	-15.75	14.25	16	100,0
90	-16.25	14.75	16	100,0
90	-16.25	16.25	16	100,0
90	-15.75	16.25	16	100,0
90	-15.25	15.75	16	100,0
90	-15.25	14.75	16	100,0
90	-14.25	13.75	16	100,0
90	-14.25	12.75	16	100,0
90	-13.25	12.75	16	100,0
90	-13.25	12.25	16	100,0
90	-14.25	11.25	16	100,0
90	-14.75	11.25	16	100,0
90	-15.25	11.75	16	100,0
90	-16.25	11.75	16	100,0
90	-17.25	12.75	16	100,0
90	-17.75	12.75	16	100,0
90	-17.75	12.25	16	100,0
90	-17.25	11.75	16	100,0
90	-17.25	9.25	16	100,0
90	-17.75	8.75	16	100,0
90	-17.75	7.75	16	100,0
90	-18.25	7.25	16	100,0
90	-18.25	6.25	16	100,0
90	-19.25	6.25	16	100,0
90	-20.75	4.75	16	100,0
90	-21.25	4.75	16	100,0
90	-21.25	5.25	16	100,0
90	-20.75	5.75	16	100,0
90	-20.75	6.25	16	100,0
90	-21.25	6.75	16	100,0
90	-21.25	7.75	16	100,0
90	-21.75	7.75	16	100,0
90	-22.25	7.25	16	100,0
90	-23.75	7.25	16	100,0
90	-24.25	7.75	16	100,0
90	-24.75	7.75	16	100,0
90	-25.25	7.25	16	100,0
90	-25.75	7.25	16	100,0
90	-26.75	8.25	16	100,0
90	-26.75	8.75	16	100,0
90	-25.75	8.75	16	100,0
90	-24.25	10.25	16	100,0
90	-24.25	10.75	16	100,0
90	-24.75	10.75	16	100,0
90	-25.75	9.75	16	100,0
90	-26.25	9.75	16	100,0
90	-26.75	10.25	16	100,0
90	-26.75	11.25	16	100,0
90	-27.25	11.75	16	100,0
90	-27.75	11.75	16	100,0
90	-28.25	11.25	16	100,0
90	-28.75	11.25	16	100,0
90	-29.25	11.75	16	100,0
71	-8.75	32.25	146	100,0
71	-8.75	32.75	146	100,0
71	-8.25	32.75	146	100,0
71	-8.25	32.25	146	100,0
71	-8.75	32.25	146	100,0
72	-6.75	30.25	146	100,0
72	-6.75	30.75	146	100,0
72	-6.25	30.75	146	100,0
72	-6.25	30.25	146	100,0
72	-6.75	30.25	146	100,0
233	-21.75	19.25	59	150,50
233	-21.75	19.75	59	150,50
233	-21.25	19.75	59	150,50
233	-20.25	18.75	59	150,50
233	-19.75	18.75	59	150,50
233	-19.25	19.25	59	150,50
233	-19.25	19.75	59	150,50
233	-19.75	20.25	59	150,50
233	-19.75	20.75	59	150,50
233	-18.75	21.75	59	150,50
233	-18.25	21.75	59	150,50
233	-17.75	21.25	59	150,50
233	-16.75	21.25	59	150,50
233	-16.75	19.75	59	150,50
233	-17.75	18.75	59	150,50
233	-18.75	18.75	59	150,50
233	-18.75	18.25	59	150,50
233	-17.75	17.25	59	150,50
233	-17.25	17.25	59	150,50
233	-16.75	17.75	59	150,50
233	-15.75	17.75	59	150,50
233	-15.75	18.25	59	150,50
233	-16.25	18.75	59	150,50
233	-16.25	19.25	59	150,50
233	-15.25	19.25	59	150,50
233	-15.25	20.25	59	150,50
233	-14.75	20.75	59	150,50
233	-14.25	20.75	59	150,50
233	-14.25	18.75	59	150,50
233	-13.75	18.25	59	150,50
233	-13.75	17.25	59	150,50
233	-12.75	16.25	59	150,50
233	-12.25	16.25	59	150,50
233	-11.75	16.75	59	150,50
233	-11.75	18.25	59	150,50
233	-12.25	18.75	59	150,50
233	-12.25	19.25	59	150,50
233	-11.25	19.25	59	150,50
233	-10.25	20.25	59	150,50
233	-10.25	20.75	59	150,50
233	-10.75	21.25	59	150,50
233	-10.75	21.75	59	150,50
233	-9.75	21.75	59	150,50
233	-9.25	22.25	59	150,50
233	-8.25	22.25	59	150,50
233	-7.75	22.75	59	150,50
233	-7.25	22.75	59	150,50
233	-7.25	22.25	59	150,50
233	-7.75	21.75	59	150,50
233	-7.75	21.25	59	150,50
233	-7.25	20.75	59	150,50
233	-6.75	20.75	59	150,50
233	-5.75	21.75	59	150,50
233	-5.25	21.75	59	150,50
233	-4.25	20.75	59	150,50
233	-3.75	20.75	59	150,50
233	-3.25	21.25	59	150,50
233	-2.75	21.25	59	150,50
233	-2.75	19.25	59	150,50
233	-2.25	18.75	59	150,50
233	-2.25	17.25	59	150,50
233	-2.75	17.25	59	150,50
233	-3.25	17.75	59	150,50
233	-3.75	17.75	59	150,50
233	-3.75	17.25	59	150,50
233	-2.75	16.25	59	150,50
233	-2.75	15.75	59	150,50
233	-3.25	15.75	59	150,50
233	-3.75	16.25	59	150,50
233	-4.75	16.25	59	150,50
233	-6.25	17.75	59	150,50
233	-6.75	17.75	59	150,50
233	-6.75	16.75	59	150,50
233	-7.75	15.75	59	150,50
233	-8.75	15.75	59	150,50
233	-8.75	15.25	59	150,50
233	-8.25	14.75	59	150,50
233	-8.25	14.25	59	150,50
233	-9.25	14.25	59	150,50
233	-9.75	13.75	59	150,50
233	-10.25	13.75	59	150,50
233	-10.25	14.75	59	150,50
233	-10.75	14.75	59	150,50
233	-11.25	14.25	59	150,50
233	-11.75	14.25	59	150,50
233	-12.75	15.25	59	150,50
233	-13.25	15.25	59	150,50
233	-13.75	14.75	59	150,50
233	-14.25	14.75	59	150,50
233	-14.75	15.25	59	150,50
233	-15.25	15.25	59	150,50
233	-15.75	14.75	59	150,50
233	-16.25	14.75	59	150,50
233	-16.75	15.25	59	150,50
233	-17.25	15.25	59	150,50
233	-17.75	14.75	59	150,50
233	-17.75	13.25	59	150,50
233	-16.75	13.25	59	150,50
233	-16.25	12.75	59	150,50
233	-15.25	12.75	59	150,50
233	-14.25	11.75	59	150,50
233	-13.25	11.75	59	150,50
233	-12.75	11.25	59	150,50
233	-12.75	10.25	59	150,50
233	-12.25	10.25	59	150,50
233	-11.75	10.75	59	150,50
233	-10.75	10.75	59	150,50
233	-9.75	11.75	59	150,50
233	-8.75	11.75	59	150,50
233	-7.75	12.75	59	150,50
233	-7.75	13.75	59	150,50
233	-6.75	13.75	59	150,50
233	-6.25	14.25	59	150,50
233	-5.75	14.25	59	150,50
233	-5.25	13.75	59	150,50
233	-4.25	13.75	59	150,50
233	-4.25	12.75	59	150,50
233	-3.75	12.25	59	150,50
233	-3.25	12.25	59	150,50
233	-2.75	12.75	59	150,50
233	-1.75	12.75	59	150,50
233	-0.75	13.75	59	150,50
233	-0.25	13.75	59	150,50
233	-0.25	13.25	59	150,50
233	-1.75	11.75	59	150,50
233	-1.75	9.75	59	150,50
233	-2.25	9.25	59	150,50
233	-2.75	9.25	59	150,50
233	-3.25	9.75	59	150,50
233	-3.75	9.75	59	150,50
233	-4.25	9.25	59	150,50
233	-5.25	9.25	59	150,50
233	-5.25	8.25	59	150,50
233	-5.75	7.75	59	150,50
233	-7.25	7.75	59	150,50
233	-8.75	9.25	59	150,50
233	-9.25	9.25	59	150,50
233	-9.75	8.75	59	150,50
233	-9.75	7.75	59	150,50
233	-10.75	6.75	59	150,50
233	-10.75	6.25	59	150,50
233	-9.75	6.25	59	150,50
233	-9.75	5.75	59	150,50
233	-10.25	5.25	59	150,50
233	-10.25	4.75	59	150,50
233	-9.75	4.25	59	150,50
233	-9.75	3.75	59	150,50
233	-10.75	2.75	59	150,50
233	-11.25	2.75	59	150,50
233	-11.25	3.25	59	150,50
233	-10.75	3.75	59	150,50
233	-10.75	4.25	59	150,50
233	-11.75	5.25	59	150,50
233	-11.75	6.25	59	150,50
233	-12.25	6.25	59	150,50
233	-13.75	4.75	59	150,50
233	-14.25	4.75	59	150,50
233	-14.25	5.75	59	150,50
233	-15.25	5.75	59	150,50
233	-16.25	6.75	59	150,50
233	-16.25	7.75	59	150,50
233	-16.75	7.75	59	150,50
233	-17.25	7.25	59	150,50
233	-17.25	5.25	59	150,50
233	-17.75	5.25	59	150,50
233	-18.25	5.75	59	150,50
233	-18.25	6.75	59	150,50
233	-18.75	7.25	59	150,50
233	-18.75	10.75	59	150,50
233	-18.25	11.25	59	150,50
233	-16.25	11.25	59	150,50
233	-16.25	11.75	59	150,50
233	-16.75	12.25	59	150,50
233	-18.25	12.25	59	150,50
233	-18.75	11.75	59	150,50
233	-19.25	11.75	59	150,50
233	-19.75	12.25	59	150,50
233	-19.75	12.75	59	150,50
233	-18.75	12.75	59	150,50
233	-18.75	14.25	59	150,50
233	-19.25	14.75	59	150,50
233	-19.25	15.75	59	150,50
233	-19.75	15.75	59	150,50
233	-20.25	15.25	59	150,50
233	-20.75	15.25	59	150,50
233	-20.75	15.75	59	150,50
233	-19.25	17.25	59	150,50
233	-19.25	17.75	59	150,50
233	-21.25	17.75	59	150,50
233	-21.75	18.25	59	150,50
233	-21.75	19.25	59	150,50
94	-24.25	15.75	163	100,0
94	-24.25	16.25	163	100,0
94	-23.75	16.25	163	100,0
94	-23.75	15.75	163	100,0
94	-24.25	15.75	163	100,0
32	-39.25	-0.25	116	100,0
32	-39.25	0.25	116	100,0
32	-38.75	0.75	116	100,0
32	-38.25	0.75	116	100,0
32	-37.75	0.25	116	100,0
32	-37.75	-0.25	116	100,0
32	-39.25	-0.25	116	100,0
264	-45.25	17.75	8	200,50
264	-45.25	18.25	8	200,50
264	-44.75	18.25	8	200,50
264	-44.75	17.75	8	200,50
264	-45.25	17.75	8	200,50
264	-44.25	49.25	8	200,0
264	-44.25	47.25	8	200,0
264	-45.25	47.25	8	200,0
264	-45.25	36.75	8	200,0
264	-44.75	36.25	8	200,0
264	-44.25	36.25	8	200,0
264	-42.75	37.75	8	200,0
264	-42.75	38.25	8	200,0
264	-43.75	38.25	8	200,0
264	-43.75	39.75	8	200,0
264	-42.25	39.75	8	200,0
264	-42.25	38.75	8	200,0
264	-41.25	38.75	8	200,0
264	-41.25	38.25	8	200,0
264	-41.75	37.75	8	200,0
264	-41.75	37.25	8	200,0
264	-41.25	37.25	8	200,0
264	-40.25	38.25	8	200,0
264	-40.25	38.75	8	200,0
264	-40.75	39.25	8	200,0
264	-40.75	39.75	8	200,0
264	-40.25	40.25	8	200,0
264	-39.75	40.25	8	200,0
264	-38.75	39.25	8	200,0
264	-38.25	39.25	8	200,0
264	-29.75	47.75	8	200,0
264	-28.75	47.75	8	200,0
264	-28.75	49.25	8	200,0
264	-44.25	49.25	8	200,0
265	-45.25	15.75	8	200,50
265	-45.25	16.25	8	200,50
265	-43.25	18.25	8	200,50
265	-42.75	18.25	8	200,50
265	-42.75	16.75	8	200,50
265	-43.75	15.75	8	200,50
265	-43.75	14.25	8	200,50
265	-43.25	13.75	8	200,50
265	-43.25	13.25	8	200,50
265	-43.75	12.75	8	200,50
265	-43.75	12.25	8	200,50
265	-43.25	11.75	8	200,50
265	-43.25	11.25	8	200,50
265	-44.25	11.25	8	200,50
265	-44.75	10.75	8	200,50
265	-45.25	10.75	8	200,50
265	-45.25	15.75	8	200,50
265	-37.75	37.25	8	200,0
265	-37.75	37.75	8	200,0
265	-36.25	39.25	8	200,0
265	-35.75	39.25	8	200,0
265	-35.25	38.75	8	200,0
265	-35.25	38.25	8	200,0
265	-36.25	37.25	8	200,0
265	-37.75	37.25	8	200,0
266	-44.75	-0.75	8	200,50
266	-44.75	-0.25	8	200,50
266	-44.25	-0.25	8	200,50
266	-44.25	-0.75	8	200,50
266	-44.75	-0.75	8	200,50
266	-35.25	39.75	8	200,0
266	-35.25	40.25	8	200,0
266	-26.75	48.75	8	200,0
266	-26.25	48.75	8	200,0
266	-26.25	47.25	8	200,0
266	-34.25	39.25	8	200,0
266	-34.75	39.25	8	200,0
266	-35.25	39.75	8	200,0
267	-25.75	-0.75	8	200,50
267	-25.75	-0.25	8	200,50
267	-24.75	0.75	8	200,50
267	-24.25	0.75	8	200,50
267	-24.25	-0.75	8	200,50
267	-25.75	-0.75	8	200,50
267	-27.25	28.75	8	200,0
267	-27.25	29.25	8	200,0
267	-18.25	38.25	8	200,0
267	-16.75	38.25	8	200,0
267	-15.75	37.25	8	200,0
267	-14.75	37.25	8	200,0
267	-14.75	36.25	8	200,0
267	-14.25	35.75	8	200,0
267	-14.25	35.25	8	200,0
267	-14.75	35.25	8	200,0
267	-15.25	35.75	8	200,0
267	-15.75	35.75	8	200,0
267	-15.75	35.25	8	200,0
267	-15.25	34.75	8	200,0
267	-15.25	34.25	8	200,0
267	-15.75	34.25	8	200,0
267	-16.25	34.75	8	200,0
267	-16.75	34.75	8	200,0
267	-16.75	33.25	8	200,0
267	-15.75	33.25	8	200,0
267	-15.75	32.75	8	200,0
267	-16.25	32.25	8	200,0
267	-16.25	31.25	8	200,0
267	-16.75	30.75	8	200,0
267	-16.75	29.75	8	200,0
267	-17.75	29.75	8	200,0
267	-18.25	29.25	8	200,0
267	-18.25	28.75	8	200,0
267	-15.25	28.75	8	200,0
267	-15.25	28.25	8	200,0
267	-15.75	27.75	8	200,0
267	-15.75	27.25	8	200,0
267	-15.25	27.25	8	200,0
267	-14.25	28.25	8	200,0
267	-14.25	29.25	8	200,0
267	-13.75	29.25	8	200,0
267	-13.25	28.75	8	200,0
267	-13.25	28.25	8	200,0
267	-13.75	27.75	8	200,0
267	-13.75	27.25	8	200,0
267	-13.25	27.25	8	200,0
267	-12.25	28.25	8	200,0
267	-12.25	29.25	8	200,0
267	-11.75	29.25	8	200,0
267	-11.25	28.75	8	200,0
267	-11.25	27.75	8	200,0
267	-10.75	27.25	8	200,0
267	-10.75	26.75	8	200,0
267	-12.75	26.75	8	200,0
267	-12.75	25.25	8	200,0
267	-12.25	25.25	8	200,0
267	-11.75	25.75	8	200,0
267	-11.25	25.75	8	200,0
267	-11.25	25.25	8	200,0
267	-11.75	24.75	8	200,0
267	-11.75	24.25	8	200,0
267	-10.25	22.75	8	200,0
267	-9.75	22.75	8	200,0
267	-9.75	24.25	8	200,0
267	-10.25	24.75	8	200,0
267	-10.25	25.25	8	200,0
267	-8.25	27.25	8	200,0
267	-6.75	27.25	8	200,0
267	-6.25	26.75	8	200,0
267	-6.25	25.75	8	200,0
267	-5.75	25.25	8	200,0
267	-5.75	22.75	8	200,0
267	-6.25	22.25	8	200,0
267	-8.25	22.25	8	200,0
267	-8.75	21.75	8	200,0
267	-10.25	21.75	8	200,0
267	-10.75	22.25	8	200,0
267	-11.75	22.25	8	200,0
267	-11.75	23.25	8	200,0
267	-12.25	23.25	8	200,0
267	-12.75	22.75	8	200,0
267	-13.25	22.75	8	200,0
267	-13.25	23.75	8	200,0
267	-13.75	24.25	8	200,0
267	-14.25	24.25	8	200,0
267	-14.75	23.75	8	200,0
267	-14.75	22.25	8	200,0
267	-14.25	21.75	8	200,0
267	-14.25	20.75	8	200,0
267	-13.75	20.25	8	200,0
267	-13.75	19.25	8	200,0
267	-12.75	19.25	8	200,0
267	-12.25	18.75	8	200,0
267	-11.25	18.75	8	200,0
267	-11.25	18.25	8	200,0
267	-11.75	17.75	8	200,0
267	-12.25	17.75	8	200,0
267	-12.75	18.25	8	200,0
267	-17.75	18.25	8	200,0
267	-17.75	18.75	8	200,0
267	-17.25	19.25	8	200,0
267	-17.25	20.75	8	200,0
267	-17.75	20.75	8	200,0
267	-18.25	20.25	8	200,0
267	-18.75	20.25	8	200,0
267	-19.25	20.75	8	200,0
267	-19.25	21.25	8	200,0
267	-18.75	21.75	8	200,0
267	-18.75	22.25	8	200,0
267	-19.25	22.25	8	200,0
267	-19.75	21.75	8	200,0
267	-20.75	21.75	8	200,0
267	-20.75	20.75	8	200,0
267	-21.25	20.75	8	200,0
267	-21.75	21.25	8	200,0
267	-21.75	22.25	8	200,0
267	-22.25	22.75	8	200,0
267	-22.25	23.75	8	200,0
267	-23.25	24.75	8	200,0
267	-23.25	25.25	8	200,0
267	-22.75	25.75	8	200,0
267	-22.75	26.25	8	200,0
267	-23.75	27.25	8	200,0
267	-23.75	27.75	8	200,0
267	-23.25	28.25	8	200,0
267	-21.25	28.25	8	200,0
267	-21.25	29.25	8	200,0
267	-20.75	29.75	8	200,0
267	-20.25	29.75	8	200,0
267	-19.75	29.25	8	200,0
267	-19.25	29.25	8	200,0
267	-17.75	30.75	8	200,0
267	-17.75	32.25	8	200,0
267	-18.75	33.25	8	200,0
267	-20.25	33.25	8	200,0
267	-20.75	32.75	8	200,0
267	-20.75	31.75	8	200,0
267	-21.75	31.75	8	200,0
267	-21.75	30.75	8	200,0
267	-22.25	30.25	8	200,0
267	-23.25	30.25	8	200,0
267	-23.25	29.25	8	200,0
267	-24.25	29.25	8	200,0
267	-24.25	28.25	8	200,0
267	-24.75	27.75	8	200,0
267	-25.25	27.75	8	200,0
267	-25.75	28.25	8	200,0
267	-25.75	29.25	8	200,0
267	-26.25	29.25	8	200,0
267	-26.75	28.75	8	200,0
267	-27.25	28.75	8	200,0
268	-23.75	1.25	8	200,50
268	-23.75	1.75	8	200,50
268	-22.75	2.75	8	200,50
268	-22.25	2.75	8	200,50
268	-22.25	1.25	8	200,50
268	-22.75	0.75	8	200,50
268	-23.25	0.75	8	200,50
268	-23.75	1.25	8	200,50
268	-15.75	40.25	8	200,0
268	-15.75	40.75	8	200,0
268	-15.25	40.75	8	200,0
268	-15.25	40.25	8	200,0
268	-15.75	40.25	8	200,0
269	-19.75	5.25	8	200,50
269	-19.75	5.75	8	200,50
269	-19.25	6.25	8	200,50
269	-18.75	6.25	8	200,50
269	-18.75	5.75	8	200,50
269	-19.25	5.25	8	200,50
269	-19.75	5.25	8	200,50
269	-14.75	41.25	8	200,0
269	-14.75	41.75	8	200,0
269	-13.25	43.25	8	200,0
269	-12.25	43.25	8	200,0
269	-11.75	43.75	8	200,0
269	-11.25	43.75	8	200,0
269	-10.75	43.25	8	200,0
269	-10.75	42.25	8	200,0
269	-10.25	42.25	8	200,0
269	-9.75	42.75	8	200,0
269	-9.25	42.75	8	200,0
269	-9.25	41.75	8	200,0
269	-8.25	40.75	8	200,0
269	-6.25	40.75	8	200,0
269	-5.25	39.75	8	200,0
269	-4.75	39.75	8	200,0
269	-4.75	40.75	8	200,0
269	-4.25	41.25	8	200,0
269	-4.25	41.75	8	200,0
269	-4.75	42.25	8	200,0
269	-5.25	42.25	8	200,0
269	-5.25	41.25	8	200,0
269	-5.75	41.25	8	200,0
269	-6.25	41.75	8	200,0
269	-6.25	42.25	8	200,0
269	-5.75	42.75	8	200,0
269	-5.75	43.75	8	200,0
269	-5.25	43.75	8	200,0
269	-4.25	42.75	8	200,0
269	-3.25	42.75	8	200,0
269	-2.75	42.25	8	200,0
269	-2.25	42.25	8	200,0
269	-0.75	43.75	8	200,0
269	0.25	43.75	8	200,0
269	1.25	44.75	8	200,0
269	1.75	44.75	8	200,0
269	1.75	43.25	8	200,0
269	0.75	43.25	8	200,0
269	0.75	42.75	8	200,0
269	1.25	42.25	8	200,0
269	1.25	41.75	8	200,0
269	0.75	41.25	8	200,0
269	0.25	41.25	8	200,0
269	0.25	42.25	8	200,0
269	-0.25	42.25	8	200,0
269	-1.25	41.25	8	200,0
269	-1.25	40.25	8	200,0
269	-1.75	39.75	8	200,0
269	-3.75	39.75	8	200,0
269	-3.75	38.75	8	200,0
269	-5.75	38.75	8	200,0
269	-6.75	37.75	8	200,0
269	-6.75	37.25	8	200,0
269	-6.25	36.75	8	200,0
269	-5.25	36.75	8	200,0
269	-5.25	36.25	8	200,0
269	-5.75	35.75	8	200,0
269	-5.75	33.75	8	200,0
269	-6.25	33.75	8	200,0
269	-6.75	34.25	8	200,0
269	-7.25	34.25	8	200,0
269	-7.25	32.75	8	200,0
269	-6.25	31.75	8	200,0
269	-6.25	30.75	8	200,0
269	-5.75	30.25	8	200,0
269	-4.75	30.25	8	200,0
269	-4.75	28.25	8	200,0
269	-4.25	27.75	8	200,0
269	-4.25	27.25	8	200,0
269	-4.75	27.25	8	200,0
269	-5.75	28.25	8	200,0
269	-5.75	29.25	8	200,0
269	-6.25	29.75	8	200,0
269	-6.75	29.75	8	200,0
269	-8.25	28.25	8	200,0
269	-8.75	28.25	8	200,0
269	-8.75	30.25	8	200,0
269	-9.75	30.25	8	200,0
269	-9.75	30.75	8	200,0
269	-9.25	31.25	8	200,0
269	-9.25	31.75	8	200,0
269	-9.75	32.25	8	200,0
269	-9.75	33.25	8	200,0
269	-10.75	33.25	8	200,0
269	-10.75	34.25	8	200,0
269	-11.25	34.75	8	200,0
269	-12.25	34.75	8	200,0
269	-12.75	35.25	8	200,0
269	-12.75	36.25	8	200,0
269	-13.75	36.25	8	200,0
269	-13.75	37.25	8	200,0
269	-14.25	37.75	8	200,0
269	-14.25	39.25	8	200,0
269	-13.75	39.25	8	200,0
269	-13.25	38.75	8	200,0
269	-12.75	38.75	8	200,0
269	-12.75	39.25	8	200,0
269	-13.25	39.75	8	200,0
269	-13.25	40.25	8	200,0
269	-11.75	40.25	8	200,0
269	-11.25	39.75	8	200,0
269	-11.25	39.25	8	200,0
269	-11.75	38.75	8	200,0
269	-11.75	38.25	8	200,0
269	-10.75	38.25	8	200,0
269	-10.75	37.25	8	200,0
269	-10.25	36.75	8	200,0
269	-9.75	36.75	8	200,0
269	-9.75	41.25	8	200,0
269	-10.25	41.25	8	200,0
269	-10.75	40.75	8	200,0
269	-11.25	40.75	8	200,0
269	-11.25	41.75	8	200,0
269	-11.75	42.25	8	200,0
269	-12.25	42.25	8	200,0
269	-13.75	40.75	8	200,0
269	-14.25	40.75	8	200,0
269	-14.75	41.25	8	200,0
270	-14.75	10.25	8	200,50
270	-14.75	10.75	8	200,50
270	-14.25	11.25	8	200,50
270	-13.75	11.25	8	200,50
270	-13.75	9.75	8	200,50
270	-14.25	9.75	8	200,50
270	-14.75	10.25	8	200,50
129	-32.75	5.25	187	100,0
129	-32.75	5.75	187	100,0
129	-31.75	6.75	187	100,0
129	-31.25	6.75	187	100,0
129	-31.25	6.25	187	100,0
129	-32.25	5.25	187	100,0
129	-32.75	5.25	187	100,0
142	-23.75	14.25	194	100,0
142	-23.75	14.75	194	100,0
142	-23.25	14.75	194	100,0
142	-23.25	14.25	194	100,0
142	-23.75	14.25	194	100,0
141	-21.25	16.75	193	100,0
141	-21.25	17.25	193	100,0
141	-20.75	17.25	193	100,0
141	-20.75	16.75	193	100,0
141	-21.25	16.75	193	100,0
121	-37.25	-0.25	180	100,0
121	-37.25	0.25	180	100,0
121	-36.75	0.75	180	100,0
121	-30.25	0.75	180	100,0
121	-29.75	0.25	180	100,0
121	-29.75	-0.25	180	100,0
121	-37.25	-0.25	180	100,0
241	-36.25	0.75	65	100,0
241	-36.25	1.25	65	100,0
241	-34.75	2.75	65	100,0
241	-34.25	2.75	65	100,0
241	-33.25	1.75	65	100,0
241	-32.75	1.75	65	100,0
241	-32.75	2.75	65	100,0
241	-31.75	2.75	65	100,0
241	-31.25	3.25	65	100,0
241	-30.75	3.25	65	100,0
241	-30.25	2.75	65	100,0
241	-27.75	2.75	65	100,0
241	-26.75	3.75	65	100,0
241	-26.25	3.75	65	100,0
241	-26.25	2.75	65	100,0
241	-20.25	2.75	65	100,0
241	-19.75	2.25	65	100,0
241	-19.25	2.25	65	100,0
241	-18.75	2.75	65	100,0
241	-16.75	2.75	65	100,0
241	-15.75	3.75	65	100,0
241	-14.25	3.75	65	100,0
241	-14.25	3.25	65	100,0
241	-15.25	2.25	65	100,0
241	-15.25	1.75	65	100,0
241	-14.25	1.75	65	100,0
241	-14.25	1.25	65	100,0
241	-14.75	0.75	65	100,0
241	-16.25	0.75	65	100,0
241	-16.75	1.25	65	100,0
241	-19.25	1.25	65	100,0
241	-20.25	0.25	65	100,0
241	-20.75	0.25	65	100,0
241	-21.25	0.75	65	100,0
241	-23.75	0.75	65	100,0
241	-24.25	0.25	65	100,0
241	-24.75	0.25	65	100,0
241	-25.25	0.75	65	100,0
241	-26.25	0.75	65	100,0
241	-26.75	1.25	65	100,0
241	-27.25	1.25	65	100,0
241	-27.75	0.75	65	100,0
241	-28.75	0.75	65	100,0
241	-29.25	0.25	65	100,0
241	-29.75	0.25	65	100,0
241	-30.25	0.75	65	100,0
241	-36.25	0.75	65	100,0
257	-28.25	8.75	74	100,0
257	-28.25	9.25	74	100,0
257	-27.75	9.25	74	100,0
257	-27.75	8.75	74	100,0
257	-28.25	8.75	74	100,0
156	-5.75	29.25	201	100,0
156	-5.75	29.75	201	100,0
156	-5.25	29.75	201	100,0
156	-5.25	29.25	201	100,0
156	-5.75	29.25	201	100,0
252	-5.25	28.75	72	100,0
252	-5.25	29.25	72	100,0
252	-4.75	29.25	72	100,0
252	-4.75	28.75	72	100,0
252	-5.25	28.75	72	100,0
253	-4.25	27.75	72	100,0
253	-4.25	28.25	72	100,0
253	-3.75	28.25	72	100,0
253	-3.75	27.25	72	100,0
253	-2.75	27.25	72	100,0
253	-2.25	26.75	72	100,0
253	-2.25	25.25	72	100,0
253	-2.75	25.25	72	100,0
253	-4.25	26.75	72	100,0
253	-4.25	27.75	72	100,0
22	-44.75	16.25	11	150,0
22	-44.75	16.75	11	150,0
22	-44.25	17.25	11	150,0
22	-43.75	17.25	11	150,0
22	-42.75	16.25	11	150,0
22	-42.75	15.25	11	150,0
22	-41.75	15.25	11	150,0
22	-41.75	14.25	11	150,0
22	-40.25	12.75	11	150,0
22	-39.25	12.75	11	150,0
22	-39.25	11.75	11	150,0
22	-38.25	11.75	11	150,0
22	-38.25	10.75	11	150,0
22	-36.75	9.25	11	150,0
22	-35.75	9.25	11	150,0
22	-34.75	8.25	11	150,0
22	-34.75	7.25	11	150,0
22	-33.25	5.75	11	150,0
22	-32.25	5.75	11	150,0
22	-32.25	4.75	11	150,0
22	-31.25	3.75	11	150,0
22	-30.25	3.75	11	150,0
22	-30.25	2.75	11	150,0
22	-28.75	2.75	11	150,0
22	-28.75	3.25	11	150,0
22	-35.75	10.25	11	150,0
22	-36.75	10.25	11	150,0
22	-36.75	11.25	11	150,0
22	-38.25	12.75	11	150,0
22	-38.25	13.25	11	150,0
22	-37.75	13.75	11	150,0
22	-37.25	13.75	11	150,0
22	-25.75	2.25	11	150,0
22	-25.75	1.75	11	150,0
22	-26.25	1.25	11	150,0
22	-26.75	1.25	11	150,0
22	-27.75	2.25	11	150,0
22	-28.25	2.25	11	150,0
22	-28.25	0.75	11	150,0
22	-27.25	0.75	11	150,0
22	-27.25	0.25	11	150,0
22	-27.75	-0.25	11	150,0
22	-44.25	-0.25	11	150,0
22	-44.75	0.25	11	150,0
22	-44.75	16.25	11	150,0
23	-28.25	21.75	11	150,0
23	-28.25	22.25	11	150,0
23	-27.75	22.75	11	150,0
23	-27.25	22.75	11	150,0
23	-27.25	21.25	11	150,0
23	-27.75	21.25	11	150,0
23	-28.25	21.75	11	150,0
24	-26.75	20.25	11	150,0
24	-26.75	20.75	11	150,0
24	-26.25	21.25	11	150,0
24	-25.25	21.25	11	150,0
24	-25.25	22.25	11	150,0
24	-23.75	22.25	11	150,0
24	-23.75	21.25	11	150,0
24	-22.75	21.25	11	150,0
24	-22.75	20.25	11	150,0
24	-22.25	20.25	11	150,0
24	-21.25	21.25	11	150,0
24	-20.25	21.25	11	150,0
24	-19.75	21.75	11	150,0
24	-19.75	22.75	11	150,0
24	-18.25	24.25	11	150,0
24	-17.75	24.25	11	150,0
24	-17.75	23.25	11	150,0
24	-17.25	23.25	11	150,0
24	-16.75	23.75	11	150,0
24	-16.25	23.75	11	150,0
24	-15.75	23.25	11	150,0
24	-15.75	22.25	11	150,0
24	-15.25	21.75	11	150,0
24	-15.25	20.75	11	150,0
24	-14.25	20.75	11	150,0
24	-12.75	19.25	11	150,0
24	-12.25	19.25	11	150,0
24	-11.75	19.75	11	150,0
24	-11.75	20.75	11	150,0
24	-9.75	20.75	11	150,0
24	-9.75	21.25	11	150,0
24	-10.25	21.75	11	150,0
24	-10.25	22.25	11	150,0
24	-9.25	23.25	11	150,0
24	-9.25	24.25	11	150,0
24	-6.75	24.25	11	150,0
24	-6.75	23.75	11	150,0
24	-7.25	23.25	11	150,0
24	-7.25	22.25	11	150,0
24	-8.25	22.25	11	150,0
24	-8.25	21.75	11	150,0
24	-7.75	21.25	11	150,0
24	-7.75	20.75	11	150,0
24	-8.75	20.75	11	150,0
24	-9.25	20.25	11	150,0
24	-9.25	19.25	11	150,0
24	-9.75	18.75	11	150,0
24	-11.75	18.75	11	150,0
24	-11.75	17.75	11	150,0
24	-12.75	17.75	11	150,0
24	-12.75	16.25	11	150,0
24	-11.75	15.25	11	150,0
24	-11.75	14.75	11	150,0
24	-12.25	14.75	11	150,0
24	-13.25	15.75	11	150,0
24	-13.75	15.75	11	150,0
24	-13.75	14.75	11	150,0
24	-14.25	14.75	11	150,0
24	-14.75	15.25	11	150,0
24	-16.25	15.25	11	150,0
24	-16.25	14.25	11	150,0
24	-16.75	13.75	11	150,0
24	-16.75	13.25	11	150,0
24	-15.75	13.25	11	150,0
24	-15.25	12.75	11	150,0
24	-15.25	12.25	11	150,0
24	-16.75	10.75	11	150,0
24	-17.25	10.75	11	150,0
24	-26.75	20.25	11	150,0
25	-14.75	10.25	11	150,0
25	-14.75	10.75	11	150,0
25	-13.25	12.25	11	150,0
25	-12.75	12.25	11	150,0
25	-12.75	11.75	11	150,0
25	-14.25	10.25	11	150,0
25	-14.75	10.25	11	150,0
143	-4.75	27.25	195	100,0
143	-4.75	27.75	195	100,0
143	-4.25	27.75	195	100,0
143	-4.25	27.25	195	100,0
143	-4.75	27.25	195	100,0
288	-36.75	44.25	93	150,0
288	-36.75	44.75	93	150,0
288	-36.25	45.25	93	150,0
288	-35.75	45.25	93	150,0
288	-35.25	44.75	93	150,0
288	-35.25	44.25	93	150,0
288	-35.75	43.75	93	150,0
288	-35.75	43.25	93	150,0
288	-35.25	43.25	93	150,0
288	-33.25	45.25	93	150,0
288	-32.75	45.25	93	150,0
288	-32.75	44.75	93	150,0
288	-33.25	44.25	93	150,0
288	-33.25	43.75	93	150,0
288	-32.75	43.75	93	150,0
288	-32.25	44.25	93	150,0
288	-31.75	44.25	93	150,0
288	-31.75	43.25	93	150,0
288	-29.25	43.25	93	150,0
288	-29.25	44.75	93	150,0
288	-29.75	45.25	93	150,0
288	-30.25	45.25	93	150,0
288	-30.25	44.25	93	150,0
288	-30.75	44.25	93	150,0
288	-32.25	45.75	93	150,0
288	-32.25	46.25	93	150,0
288	-31.25	47.25	93	150,0
288	-30.75	47.25	93	150,0
288	-30.25	46.75	93	150,0
288	-28.75	46.75	93	150,0
288	-26.75	48.75	93	150,0
288	-26.25	48.75	93	150,0
288	-24.75	47.25	93	150,0
288	-24.75	45.75	93	150,0
288	-25.75	45.75	93	150,0
288	-25.75	44.75	93	150,0
288	-26.75	43.75	93	150,0
288	-26.75	42.75	93	150,0
288	-27.75	41.75	93	150,0
288	-27.75	41.25	93	150,0
288	-27.25	41.25	93	150,0
288	-26.75	41.75	93	150,0
288	-25.25	41.75	93	150,0
288	-24.25	40.75	93	150,0
288	-23.25	40.75	93	150,0
288	-22.75	40.25	93	150,0
288	-22.25	40.25	93	150,0
288	-21.75	40.75	93	150,0
288	-21.75	41.25	93	150,0
288	-22.25	41.75	93	150,0
288	-22.25	42.25	93	150,0
288	-21.25	42.25	93	150,0
288	-21.25	43.75	93	150,0
288	-22.75	45.25	93	150,0
288	-22.75	47.75	93	150,0
288	-22.25	47.75	93	150,0
288	-21.75	47.25	93	150,0
288	-21.25	47.25	93	150,0
288	-20.75	47.75	93	150,0
288	-20.75	48.75	93	150,0
288	-20.25	49.25	93	150,0
288	-18.75	49.25	93	150,0
288	-18.75	48.25	93	150,0
288	-16.25	45.75	93	150,0
288	-15.75	45.75	93	150,0
288	-15.75	46.25	93	150,0
288	-16.25	46.75	93	150,0
288	-16.25	47.25	93	150,0
288	-14.75	47.25	93	150,0
288	-14.75	45.25	93	150,0
288	-14.25	44.75	93	150,0
288	-14.25	44.25	93	150,0
288	-14.75	43.75	93	150,0
288	-15.75	43.75	93	150,0
288	-16.25	43.25	93	150,0
288	-16.25	42.75	93	150,0
288	-15.75	42.25	93	150,0
288	-14.25	42.25	93	150,0
288	-14.25	43.25	93	150,0
288	-13.75	43.25	93	150,0
288	-13.25	42.75	93	150,0
288	-13.25	42.25	93	150,0
288	-14.25	41.25	93	150,0
288	-15.25	41.25	93	150,0
288	-15.75	40.75	93	150,0
288	-15.75	38.75	93	150,0
288	-16.25	38.75	93	150,0
288	-17.75	40.25	93	150,0
288	-17.75	41.25	93	150,0
288	-18.25	41.25	93	150,0
288	-18.75	40.75	93	150,0
288	-18.75	40.25	93	150,0
288	-17.75	39.25	93	150,0
288	-17.75	38.75	93	150,0
288	-18.75	37.75	93	150,0
288	-19.25	37.75	93	150,0
288	-19.25	38.75	93	150,0
288	-19.75	38.75	93	150,0
288	-20.25	38.25	93	150,0
288	-20.75	38.25	93	150,0
288	-20.75	38.75	93	150,0
288	-20.25	39.25	93	150,0
288	-20.25	40.75	93	150,0
288	-20.75	40.75	93	150,0
288	-21.25	40.25	93	150,0
288	-21.25	39.25	93	150,0
288	-22.25	39.25	93	150,0
288	-22.25	38.25	93	150,0
288	-22.75	37.75	93	150,0
288	-23.25	37.75	93	150,0
288	-23.75	38.25	93	150,0
288	-23.75	39.25	93	150,0
288	-24.25	39.25	93	150,0
288	-25.25	38.25	93	150,0
288	-25.75	38.25	93	150,0
288	-25.75	38.75	93	150,0
288	-25.25	39.25	93	150,0
288	-25.25	39.75	93	150,0
288	-25.75	39.75	93	150,0
288	-26.25	39.25	93	150,0
288	-26.75	39.25	93	150,0
288	-27.75	40.25	93	150,0
288	-28.75	40.25	93	150,0
288	-28.75	41.25	93	150,0
288	-29.25	41.25	93	150,0
288	-30.25	40.25	93	150,0
288	-30.25	39.75	93	150,0
288	-29.25	39.75	93	150,0
288	-28.75	39.25	93	150,0
288	-28.75	38.25	93	150,0
288	-28.25	37.75	93	150,0
288	-28.25	35.75	93	150,0
288	-27.75	35.75	93	150,0
288	-26.75	36.75	93	150,0
288	-26.25	36.75	93	150,0
288	-26.25	34.25	93	150,0
288	-26.75	33.75	93	150,0
288	-26.75	33.25	93	150,0
288	-25.25	33.25	93	150,0
288	-24.75	33.75	93	150,0
288	-24.25	33.75	93	150,0
288	-24.25	32.75	93	150,0
288	-23.75	32.75	93	150,0
288	-23.25	33.25	93	150,0
288	-23.25	34.25	93	150,0
288	-22.75	34.75	93	150,0
288	-22.25	34.75	93	150,0
288	-22.25	33.75	93	150,0
288	-21.75	33.75	93	150,0
288	-21.25	34.25	93	150,0
288	-20.75	34.25	93	150,0
288	-20.25	33.75	93	150,0
288	-19.75	33.75	93	150,0
288	-19.25	34.25	93	150,0
288	-19.25	35.25	93	150,0
288	-18.75	35.75	93	150,0
288	-18.75	36.75	93	150,0
288	-18.25	36.75	93	150,0
288	-17.75	36.25	93	150,0
288	-17.75	35.75	93	150,0
288	-18.25	35.25	93	150,0
288	-18.25	34.25	93	150,0
288	-19.25	33.25	93	150,0
288	-19.25	30.75	93	150,0
288	-18.25	30.75	93	150,0
288	-17.75	30.25	93	150,0
288	-17.25	30.25	93	150,0
288	-16.75	30.75	93	150,0
288	-16.75	31.75	93	150,0
288	-15.75	31.75	93	150,0
288	-15.75	33.25	93	150,0
288	-16.75	33.25	93	150,0
288	-17.25	33.75	93	150,0
288	-17.25	35.25	93	150,0
288	-16.25	36.25	93	150,0
288	-15.75	36.25	93	150,0
288	-15.25	35.75	93	150,0
288	-15.25	34.75	93	150,0
288	-14.75	34.25	93	150,0
288	-14.25	34.25	93	150,0
288	-13.75	34.75	93	150,0
288	-13.25	34.75	93	150,0
288	-12.75	34.25	93	150,0
288	-12.75	32.75	93	150,0
288	-13.75	32.75	93	150,0
288	-13.75	32.25	93	150,0
288	-13.25	31.75	93	150,0
288	-13.25	31.25	93	150,0
288	-13.75	30.75	93	150,0
288	-13.75	30.25	93	150,0
288	-13.25	30.25	93	150,0
288	-12.75	30.75	93	150,0
288	-12.25	30.75	93	150,0
288	-11.75	30.25	93	150,0
288	-11.75	29.25	93	150,0
288	-11.25	28.75	93	150,0
288	-11.25	27.75	93	150,0
288	-9.25	27.75	93	150,0
288	-9.25	26.75	93	150,0
288	-8.75	26.75	93	150,0
288	-8.25	27.25	93	150,0
288	-7.75	27.25	93	150,0
288	-7.75	25.25	93	150,0
288	-7.25	25.25	93	150,0
288	-6.75	25.75	93	150,0
288	-6.25	25.75	93	150,0
288	-6.25	24.75	93	150,0
288	-5.25	23.75	93	150,0
288	-5.25	22.25	93	150,0
288	-6.75	20.75	93	150,0
288	-6.75	19.75	93	150,0
288	-7.25	19.25	93	150,0
288	-8.25	19.25	93	150,0
288	-11.75	15.75	93	150,0
288	-12.25	15.75	93	150,0
288	-12.75	16.25	93	150,0
288	-12.75	17.75	93	150,0
288	-11.75	17.75	93	150,0
288	-11.75	18.75	93	150,0
288	-9.75	18.75	93	150,0
288	-9.25	19.25	93	150,0
288	-9.25	20.25	93	150,0
288	-8.75	20.75	93	150,0
288	-7.75	20.75	93	150,0
288	-7.75	21.25	93	150,0
288	-8.25	21.75	93	150,0
288	-8.25	22.25	93	150,0
288	-7.25	22.25	93	150,0
288	-7.25	23.25	93	150,0
288	-6.75	23.75	93	150,0
288	-6.75	24.25	93	150,0
288	-9.25	24.25	93	150,0
288	-9.25	23.25	93	150,0
288	-10.25	22.25	93	150,0
288	-10.25	21.75	93	150,0
288	-9.75	21.25	93	150,0
288	-9.75	20.75	93	150,0
288	-11.75	20.75	93	150,0
288	-11.75	19.75	93	150,0
288	-12.25	19.25	93	150,0
288	-12.75	19.25	93	150,0
288	-14.25	20.75	93	150,0
288	-15.25	20.75	93	150,0
288	-15.25	21.75	93	150,0
288	-15.75	22.25	93	150,0
288	-15.75	23.25	93	150,0
288	-16.25	23.75	93	150,0
288	-16.75	23.75	93	150,0
288	-17.25	23.25	93	150,0
288	-17.75	23.25	93	150,0
288	-17.75	24.25	93	150,0
288	-18.25	24.25	93	150,0
288	-18.75	23.75	93	150,0
288	-20.25	23.75	93	150,0
288	-20.75	24.25	93	150,0
288	-20.75	24.75	93	150,0
288	-19.25	26.25	93	150,0
288	-19.25	26.75	93	150,0
288	-20.25	26.75	93	150,0
288	-20.25	27.25	93	150,0
288	-19.75	27.75	93	150,0
288	-18.75	27.75	93	150,0
288	-18.75	29.25	93	150,0
288	-22.25	29.25	93	150,0
288	-22.25	28.25	93	150,0
288	-23.25	28.25	93	150,0
288	-23.25	26.75	93	150,0
288	-22.25	26.75	93	150,0
288	-21.75	26.25	93	150,0
288	-21.75	25.75	93	150,0
288	-22.25	25.25	93	150,0
288	-23.75	25.25	93	150,0
288	-25.25	26.75	93	150,0
288	-25.25	27.25	93	150,0
288	-24.25	27.25	93	150,0
288	-24.25	29.25	93	150,0
288	-23.75	29.75	93	150,0
288	-22.75	29.75	93	150,0
288	-22.75	30.25	93	150,0
288	-23.75	31.25	93	150,0
288	-24.25	31.25	93	150,0
288	-24.75	30.75	93	150,0
288	-24.75	29.75	93	150,0
288	-25.25	29.75	93	150,0
288	-25.75	30.25	93	150,0
288	-27.75	30.25	93	150,0
288	-28.25	30.75	93	150,0
288	-28.25	31.75	93	150,0
288	-30.25	33.75	93	150,0
288	-30.25	34.75	93	150,0
288	-31.25	34.75	93	150,0
288	-31.25	35.25	93	150,0
288	-30.75	35.75	93	150,0
288	-30.75	37.25	93	150,0
288	-31.25	37.25	93	150,0
288	-32.25	36.25	93	150,0
288	-32.75	36.25	93	150,0
288	-33.25	36.75	93	150,0
288	-34.75	36.75	93	150,0
288	-35.75	35.75	93	150,0
288	-36.25	35.75	93	150,0
288	-36.25	36.25	93	150,0
288	-34.25	38.25	93	150,0
288	-34.25	38.75	93	150,0
288	-34.75	39.25	93	150,0
288	-34.75	40.75	93	150,0
288	-34.25	41.25	93	150,0
288	-34.25	41.75	93	150,0
288	-34.75	41.75	93	150,0
288	-35.25	41.25	93	150,0
288	-35.75	41.25	93	150,0
288	-36.75	42.25	93	150,0
288	-36.75	44.25	93	150,0
288	-20.25	4.75	93	150,50
288	-20.25	5.25	93	150,50
288	-19.75	5.25	93	150,50
288	-18.75	4.25	93	150,50
288	-18.75	1.75	93	150,50
288	-19.25	1.25	93	150,50
288	-19.25	0.75	93	150,50
288	-18.75	0.25	93	150,50
288	-18.75	-0.25	93	150,50
288	-19.25	-0.75	93	150,50
288	-19.75	-0.75	93	150,50
288	-19.75	0.25	93	150,50
288	-20.25	0.75	93	150,50
288	-20.25	2.25	93	150,50
288	-19.75	2.75	93	150,50
288	-19.75	3.25	93	150,50
288	-20.25	3.75	93	150,50
288	-20.25	4.75	93	150,50
288	-45.25	7.75	93	200,0
288	-45.25	8.25	93	200,0
288	-44.75	8.25	93	200,0
288	-44.75	7.25	93	200,0
288	-43.75	7.25	93	200,0
288	-43.75	6.75	93	200,0
288	-44.75	5.75	93	200,0
288	-45.25	5.75	93	200,0
288	-45.25	7.75	93	200,0
289	-16.25	14.75	93	150,0
289	-16.25	15.25	93	150,0
289	-14.75	15.25	93	150,0
289	-14.25	14.75	93	150,0
289	-13.75	14.75	93	150,0
289	-13.75	15.75	93	150,0
289	-13.25	15.75	93	150,0
289	-12.75	15.25	93	150,0
289	-12.75	14.75	93	150,0
289	-14.75	12.75	93	150,0
289	-15.25	12.75	93	150,0
289	-15.75	13.25	93	150,0
289	-16.75	13.25	93	150,0
289	-16.75	13.75	93	150,0
289	-16.25	14.25	93	150,0
289	-16.25	14.75	93	150,0
289	-20.75	-0.75	93	150,50
289	-20.75	-0.25	93	150,50
289	-20.25	-0.25	93	150,50
289	-20.25	-0.75	93	150,50
289	-20.75	-0.75	93	150,50
290	-25.25	-0.25	93	150,0
290	-25.25	0.25	93	150,0
290	-24.75	0.75	93	150,0
290	-24.25	0.75	93	150,0
290	-23.75	0.25	93	150,0
290	-23.75	-0.25	93	150,0
290	-25.25	-0.25	93	150,0
291	-15.75	9.25	93	150,0
291	-15.75	9.75	93	150,0
291	-15.25	10.25	93	150,0
291	-14.25	10.25	93	150,0
291	-12.75	11.75	93	150,0
291	-12.75	12.75	93	150,0
291	-10.25	15.25	93	150,0
291	-9.75	15.25	93	150,0
291	-9.25	14.75	93	150,0
291	-9.25	14.25	93	150,0
291	-14.75	8.75	93	150,0
291	-15.25	8.75	93	150,0
291	-15.75	9.25	93	150,0
292	-7.25	17.75	93	150,0
292	-7.25	18.25	93	150,0
292	-6.25	19.25	93	150,0
292	-5.75	19.25	93	150,0
292	-5.75	18.75	93	150,0
292	-6.25	18.25	93	150,0
292	-6.25	17.25	93	150,0
292	-6.75	16.75	93	150,0
292	-7.25	16.75	93	150,0
292	-7.25	17.75	93	150,0
293	-8.75	15.25	93	150,0
293	-8.75	15.75	93	150,0
293	-8.25	16.25	93	150,0
293	-7.75	16.25	93	150,0
293	-7.75	15.75	93	150,0
293	-8.25	15.25	93	150,0
293	-8.75	15.25	93	150,0
294	-6.25	-0.25	93	150,0
294	-6.25	0.25	93	150,0
294	0.75	7.25	93	150,0
294	1.25	7.25	93	150,0
294	1.75	6.75	93	150,0
294	1.75	6.25	93	150,0
294	0.75	5.25	93	150,0
294	0.75	4.75	93	150,0
294	3.25	4.75	93	150,0
294	3.75	5.25	93	150,0
294	3.75	5.75	93	150,0
294	2.75	5.75	93	150,0
294	2.75	6.25	93	150,0
294	4.25	7.75	93	150,0
294	4.25	8.75	93	150,0
294	4.75	8.75	93	150,0
294	4.75	5.25	93	150,0
294	-0.75	-0.25	93	150,0
294	-6.25	-0.25	93	150,0
295	2.25	8.25	93	150,0
295	2.25	8.75	93	150,0
295	2.75	9.25	93	150,0
295	3.25	9.25	93	150,0
295	3.25	8.75	93	150,0
295	2.75	8.25	93	150,0
295	2.25	8.25	93	150,0
92	-17.75	12.25	161	100,0
92	-17.75	12.75	161	100,0
92	-17.25	12.75	161	100,0
92	-16.25	11.75	161	100,0
92	-16.25	10.75	161	100,0
92	-15.25	10.75	161	100,0
92	-14.75	10.25	161	100,0
92	-14.75	9.75	161	100,0
92	-15.25	9.25	161	100,0
92	-16.25	9.25	161	100,0
92	-16.75	8.75	161	100,0
92	-17.25	8.75	161	100,0
92	-17.25	11.75	161	100,0
92	-17.75	12.25	161	100,0
171	-15.25	14.75	27	100,0
171	-15.25	15.25	27	100,0
171	-14.75	15.25	27	100,0
171	-9.25	9.75	27	100,0
171	-9.25	8.25	27	100,0
171	-9.75	7.75	27	100,0
171	-9.75	7.25	27	100,0
171	-7.75	7.25	27	100,0
171	-7.75	5.75	27	100,0
171	-8.25	5.25	27	100,0
171	-8.25	4.75	27	100,0
171	-7.75	4.75	27	100,0
171	-7.25	5.25	27	100,0
171	-5.75	5.25	27	100,0
171	-5.75	4.75	27	100,0
171	-6.25	4.25	27	100,0
171	-7.25	4.25	27	100,0
171	-7.75	3.75	27	100,0
171	-8.75	3.75	27	100,0
171	-9.75	2.75	27	100,0
171	-11.25	2.75	27	100,0
171	-11.75	3.25	27	100,0
171	-12.25	3.25	27	100,0
171	-12.75	2.75	27	100,0
171	-13.25	2.75	27	100,0
171	-13.25	3.75	27	100,0
171	-14.25	4.75	27	100,0
171	-14.25	5.25	27	100,0
171	-12.75	5.25	27	100,0
171	-12.25	4.75	27	100,0
171	-11.75	4.75	27	100,0
171	-11.75	6.25	27	100,0
171	-12.25	6.75	27	100,0
171	-12.25	7.75	27	100,0
171	-14.25	7.75	27	100,0
171	-14.75	8.25	27	100,0
171	-15.25	8.25	27	100,0
171	-15.75	7.75	27	100,0
171	-16.25	7.75	27	100,0
171	-16.75	8.25	27	100,0
171	-16.75	8.75	27	100,0
171	-16.25	9.25	27	100,0
171	-15.25	9.25	27	100,0
171	-14.75	9.75	27	100,0
171	-14.75	10.25	27	100,0
171	-15.25	10.75	27	100,0
171	-16.25	10.75	27	100,0
171	-16.25	11.25	27	100,0
171	-15.75	11.75	27	100,0
171	-15.25	11.75	27	100,0
171	-14.75	11.25	27	100,0
171	-14.25	11.25	27	100,0
171	-13.25	12.25	27	100,0
171	-13.25	12.75	27	100,0
171	-14.25	12.75	27	100,0
171	-14.25	13.75	27	100,0
171	-15.25	14.75	27	100,0
243	-29.25	-0.25	67	100,0
243	-29.25	0.25	67	100,0
243	-28.75	0.75	67	100,0
243	-27.75	0.75	67	100,0
243	-27.25	1.25	67	100,0
243	-26.75	1.25	67	100,0
243	-26.25	0.75	67	100,0
243	-25.25	0.75	67	100,0
243	-24.75	0.25	67	100,0
243	-24.75	-0.25	67	100,0
243	-29.25	-0.25	67	100,0
28	-2.25	24.75	112	100,0
28	-2.25	25.25	112	100,0
28	-1.75	25.25	112	100,0
28	-1.75	24.75	112	100,0
28	-2.25	24.75	112	100,0
174	-17.75	8.25	3	100,0
174	-17.75	8.75	3	100,0
174	-17.25	8.75	3	100,0
174	-16.25	7.75	3	100,0
174	-15.75	7.75	3	100,0
174	-15.25	8.25	3	100,0
174	-14.75	8.25	3	100,0
174	-14.25	7.75	3	100,0
174	-13.25	7.75	3	100,0
174	-13.25	6.25	3	100,0
174	-14.25	5.25	3	100,0
174	-14.25	4.75	3	100,0
174	-13.25	3.75	3	100,0
174	-13.25	2.75	3	100,0
174	-12.75	2.75	3	100,0
174	-12.25	3.25	3	100,0
174	-11.75	3.25	3	100,0
174	-11.25	2.75	3	100,0
174	-9.75	2.75	3	100,0
174	-8.75	3.75	3	100,0
174	-7.75	3.75	3	100,0
174	-7.25	4.25	3	100,0
174	-6.25	4.25	3	100,0
174	-5.75	4.75	3	100,0
174	-5.75	5.25	3	100,0
174	-7.25	5.25	3	100,0
174	-7.75	4.75	3	100,0
174	-8.25	4.75	3	100,0
174	-8.25	5.25	3	100,0
174	-7.75	5.75	3	100,0
174	-7.75	7.25	3	100,0
174	-9.75	7.25	3	100,0
174	-9.75	7.75	3	100,0
174	-9.25	8.25	3	100,0
174	-9.25	9.25	3	100,0
174	-8.75	9.25	3	100,0
174	-0.75	1.25	3	100,0
174	-0.75	0.75	3	100,0
174	-9.25	0.75	3	100,0
174	-9.75	1.25	3	100,0
174	-10.25	1.25	3	100,0
174	-10.75	0.75	3	100,0
174	-11.25	0.75	3	100,0
174	-11.75	1.25	3	100,0
174	-12.25	1.25	3	100,0
174	-12.75	0.75	3	100,0
174	-14.25	0.75	3	100,0
174	-14.25	1.75	3	100,0
174	-15.25	1.75	3	100,0
174	-15.25	2.25	3	100,0
174	-14.25	3.25	3	100,0
174	-14.25	3.75	3	100,0
174	-15.75	3.75	3	100,0
174	-16.75	2.75	3	100,0
174	-18.75	2.75	3	100,0
174	-19.25	2.25	3	100,0
174	-19.75	2.25	3	100,0
174	-20.25	2.75	3	100,0
174	-20.25	3.25	3	100,0
174	-19.25	3.25	3	100,0
174	-19.25	4.25	3	100,0
174	-18.75	4.75	3	100,0
174	-18.75	5.25	3	100,0
174	-19.75	5.25	3	100,0
174	-19.75	5.75	3	100,0
174	-19.25	6.25	3	100,0
174	-18.25	6.25	3	100,0
174	-18.25	7.25	3	100,0
174	-17.75	7.75	3	100,0
174	-17.75	8.25	3	100,0
27	-1.25	24.75	111	100,0
27	-1.25	25.25	111	100,0
27	-0.75	25.25	111	100,0
27	-0.75	24.75	111	100,0
27	-1.25	24.75	111	100,0
73	-1.25	23.75	147	100,0
73	-1.25	24.25	147	100,0
73	-0.75	24.25	147	100,0
73	-0.25	23.75	147	100,0
73	-0.25	23.25	147	100,0
73	-0.75	23.25	147	100,0
73	-1.25	23.75	147	100,0
60	-24.25	-0.25	137	100,0
60	-24.25	0.25	137	100,0
60	-23.75	0.75	137	100,0
60	-21.25	0.75	137	100,0
60	-20.75	0.25	137	100,0
60	-20.75	-0.25	137	100,0
60	-24.25	-0.25	137	100,0
66	-0.25	22.75	141	100,0
66	-0.25	23.25	141	100,0
66	0.25	23.25	141	100,0
66	0.75	22.75	141	100,0
66	0.75	22.25	141	100,0
66	0.25	22.25	141	100,0
66	-0.25	22.75	141	100,0
198	3.25	26.25	39	150,50
198	3.25	26.75	39	150,50
198	3.75	26.75	39	150,50
198	4.75	25.75	39	150,50
198	4.75	19.25	39	150,50
198	4.25	19.25	39	150,50
198	3.25	20.25	39	150,50
198	3.25	20.75	39	150,50
198	4.25	20.75	39	150,50
198	4.25	21.25	39	150,50
198	3.75	21.75	39	150,50
198	3.75	23.25	39	150,50
198	4.25	23.75	39	150,50
198	4.25	25.25	39	150,50
198	3.25	26.25	39	150,50
198	-45.25	24.75	39	200,50
198	-45.25	25.25	39	200,50
198	-43.75	25.25	39	200,50
198	-43.75	23.75	39	200,50
198	-44.75	23.75	39	200,50
198	-44.75	23.25	39	200,50
198	-44.25	22.75	39	200,50
198	-43.75	22.75	39	200,50
198	-42.75	23.75	39	200,50
198	-42.75	24.75	39	200,50
198	-42.25	24.75	39	200,50
198	-39.25	21.75	39	200,50
198	-38.75	21.75	39	200,50
198	-38.25	22.25	39	200,50
198	-38.25	22.75	39	200,50
198	-38.75	23.25	39	200,50
198	-38.75	23.75	39	200,50
198	-37.25	23.75	39	200,50
198	-37.25	22.75	39	200,50
198	-35.75	22.75	39	200,50
198	-35.75	23.75	39	200,50
198	-34.25	23.75	39	200,50
198	-33.75	23.25	39	200,50
198	-33.75	22.75	39	200,50
198	-34.75	21.75	39	200,50
198	-34.75	21.25	39	200,50
198	-34.25	21.25	39	200,50
198	-33.75	21.75	39	200,50
198	-32.75	21.75	39	200,50
198	-32.75	23.25	39	200,50
198	-33.25	23.75	39	200,50
198	-33.25	24.25	39	200,50
198	-32.25	25.25	39	200,50
198	-31.75	25.25	39	200,50
198	-31.75	24.25	39	200,50
198	-30.75	23.25	39	200,50
198	-28.25	23.25	39	200,50
198	-27.75	23.75	39	200,50
198	-27.25	23.75	39	200,50
198	-27.25	23.25	39	200,50
198	-28.25	22.25	39	200,50
198	-28.25	21.75	39	200,50
198	-27.25	21.75	39	200,50
198	-27.25	20.25	39	200,50
198	-28.25	20.25	39	200,50
198	-28.25	19.25	39	200,50
198	-29.25	18.25	39	200,50
198	-29.75	18.25	39	200,50
198	-29.75	19.25	39	200,50
198	-30.25	19.25	39	200,50
198	-30.75	18.75	39	200,50
198	-30.75	17.75	39	200,50
198	-31.75	17.75	39	200,50
198	-31.75	16.75	39	200,50
198	-33.25	15.25	39	200,50
198	-33.25	14.25	39	200,50
198	-34.75	14.25	39	200,50
198	-35.25	14.75	39	200,50
198	-36.75	14.75	39	200,50
198	-37.25	14.25	39	200,50
198	-37.75	14.25	39	200,50
198	-38.25	14.75	39	200,50
198	-38.75	14.75	39	200,50
198	-39.75	13.75	39	200,50
198	-39.75	13.25	39	200,50
198	-39.25	13.25	39	200,50
198	-38.75	13.75	39	200,50
198	-38.25	13.75	39	200,50
198	-37.75	13.25	39	200,50
198	-37.25	13.25	39	200,50
198	-36.75	13.75	39	200,50
198	-35.25	13.75	39	200,50
198	-34.75	13.25	39	200,50
198	-34.75	12.25	39	200,50
198	-34.25	11.75	39	200,50
198	-34.25	10.25	39	200,50
198	-34.75	9.75	39	200,50
198	-34.75	9.25	39	200,50
198	-33.25	9.25	39	200,50
198	-33.25	10.25	39	200,50
198	-32.75	10.75	39	200,50
198	-32.25	10.75	39	200,50
198	-31.75	10.25	39	200,50
198	-31.75	9.75	39	200,50
198	-32.25	9.25	39	200,50
198	-32.25	8.75	39	200,50
198	-31.25	8.75	39	200,50
198	-30.75	8.25	39	200,50
198	-30.75	7.75	39	200,50
198	-32.75	7.75	39	200,50
198	-32.75	7.25	39	200,50
198	-32.25	6.75	39	200,50
198	-32.25	6.25	39	200,50
198	-32.75	5.75	39	200,50
198	-32.75	4.75	39	200,50
198	-33.25	4.25	39	200,50
198	-33.25	3.25	39	200,50
198	-33.75	3.25	39	200,50
198	-34.25	3.75	39	200,50
198	-34.75	3.75	39	200,50
198	-35.25	3.25	39	200,50
198	-36.25	3.25	39	200,50
198	-36.75	2.75	39	200,50
198	-37.25	2.75	39	200,50
198	-37.75	3.25	39	200,50
198	-38.75	3.25	39	200,50
198	-39.25	3.75	39	200,50
198	-39.25	5.75	39	200,50
198	-39.75	6.25	39	200,50
198	-40.25	6.25	39	200,50
198	-41.25	5.25	39	200,50
198	-41.75	5.25	39	200,50
198	-43.25	6.75	39	200,50
198	-43.25	7.25	39	200,50
198	-42.75	7.25	39	200,50
198	-42.25	6.75	39	200,50
198	-41.75	6.75	39	200,50
198	-41.25	7.25	39	200,50
198	-39.25	7.25	39	200,50
198	-39.25	8.25	39	200,50
198	-38.75	8.25	39	200,50
198	-37.75	7.25	39	200,50
198	-37.25	7.25	39	200,50
198	-37.25	8.25	39	200,50
198	-36.25	9.25	39	200,50
198	-36.25	9.75	39	200,50
198	-36.75	10.25	39	200,50
198	-36.75	10.75	39	200,50
198	-35.75	10.75	39	200,50
198	-35.25	11.25	39	200,50
198	-35.25	11.75	39	200,50
198	-37.75	11.75	39	200,50
198	-37.75	10.75	39	200,50
198	-40.25	10.75	39	200,50
198	-40.75	11.25	39	200,50
198	-42.25	11.25	39	200,50
198	-43.25	10.25	39	200,50
198	-43.25	9.75	39	200,50
198	-42.75	9.25	39	200,50
198	-42.75	8.75	39	200,50
198	-43.25	8.25	39	200,50
198	-43.75	8.25	39	200,50
198	-45.25	9.75	39	200,50
198	-45.25	10.25	39	200,50
198	-44.25	11.25	39	200,50
198	-43.25	11.25	39	200,50
198	-43.25	11.75	39	200,50
198	-43.75	12.25	39	200,50
198	-43.75	12.75	39	200,50
198	-43.25	13.25	39	200,50
198	-43.25	13.75	39	200,50
198	-43.75	14.25	39	200,50
198	-43.75	15.75	39	200,50
198	-42.75	16.75	39	200,50
198	-42.75	18.25	39	200,50
198	-43.25	18.25	39	200,50
198	-44.75	16.75	39	200,50
198	-45.25	16.75	39	200,50
198	-45.25	17.25	39	200,50
198	-44.75	17.75	39	200,50
198	-44.75	18.25	39	200,50
198	-45.25	18.75	39	200,50
198	-45.25	24.75	39	200,50
199	-9.75	8.25	39	150,50
199	-9.75	8.75	39	150,50
199	-9.25	9.25	39	150,50
199	-8.75	9.25	39	150,50
199	-7.25	7.75	39	150,50
199	-5.75	7.75	39	150,50
199	-5.25	8.25	39	150,50
199	-5.25	9.25	39	150,50
199	-4.25	9.25	39	150,50
199	-3.75	9.75	39	150,50
199	-3.25	9.75	39	150,50
199	-2.75	9.25	39	150,50
199	-2.25	9.25	39	150,50
199	-1.75	9.75	39	150,50
199	-1.75	11.75	39	150,50
199	-0.25	13.25	39	150,50
199	-0.25	14.25	39	150,50
199	0.75	15.25	39	150,50
199	0.75	16.25	39	150,50
199	1.25	16.25	39	150,50
199	2.25	15.25	39	150,50
199	2.25	13.75	39	150,50
199	1.75	13.25	39	150,50
199	1.75	12.75	39	150,50
199	2.75	11.75	39	150,50
199	2.75	10.75	39	150,50
199	4.75	10.75	39	150,50
199	4.75	9.25	39	150,50
199	3.75	8.25	39	150,50
199	3.25	8.25	39	150,50
199	3.25	9.25	39	150,50
199	2.75	9.75	39	150,50
199	2.25	9.75	39	150,50
199	0.75	8.25	39	150,50
199	0.75	7.25	39	150,50
199	-0.75	5.75	39	150,50
199	-1.75	5.75	39	150,50
199	-2.25	5.25	39	150,50
199	-2.75	5.25	39	150,50
199	-2.75	5.75	39	150,50
199	-2.25	6.25	39	150,50
199	-2.25	7.75	39	150,50
199	-2.75	7.75	39	150,50
199	-3.75	6.75	39	150,50
199	-4.25	6.75	39	150,50
199	-4.25	7.75	39	150,50
199	-4.75	7.75	39	150,50
199	-5.25	7.25	39	150,50
199	-5.25	5.75	39	150,50
199	-4.75	5.25	39	150,50
199	-4.75	4.75	39	150,50
199	-6.75	4.75	39	150,50
199	-7.75	3.75	39	150,50
199	-8.75	3.75	39	150,50
199	-8.75	1.75	39	150,50
199	-9.25	1.25	39	150,50
199	-9.75	1.25	39	150,50
199	-9.75	2.25	39	150,50
199	-10.75	2.25	39	150,50
199	-10.75	2.75	39	150,50
199	-9.75	3.75	39	150,50
199	-9.75	4.25	39	150,50
199	-10.25	4.75	39	150,50
199	-10.25	5.25	39	150,50
199	-9.75	5.75	39	150,50
199	-9.75	6.25	39	150,50
199	-10.75	6.25	39	150,50
199	-10.75	6.75	39	150,50
199	-9.75	7.75	39	150,50
199	-9.75	8.25	39	150,50
77	0.75	22.75	150	100,0
77	0.75	23.25	150	100,0
77	1.25	23.25	150	100,0
77	1.25	22.75	150	100,0
77	0.75	22.75	150	100,0
57	0.75	21.75	134	100,0
57	0.75	22.25	134	100,0
57	1.25	22.25	134	100,0
57	1.25	21.75	134	100,0
57	0.75	21.75	134	100,0
35	-20.25	-0.25	119	100,0
35	-20.25	0.25	119	100,0
35	-19.25	1.25	119	100,0
35	-16.75	1.25	119	100,0
35	-16.25	0.75	119	100,0
35	-12.75	0.75	119	100,0
35	-12.25	1.25	119	100,0
35	-11.75	1.25	119	100,0
35	-11.25	0.75	119	100,0
35	-10.75	0.75	119	100,0
35	-10.25	1.25	119	100,0
35	-9.75	1.25	119	100,0
35	-9.25	0.75	119	100,0
35	-0.25	0.75	119	100,0
35	0.25	0.25	119	100,0
35	0.25	-0.25	119	100,0
35	-20.25	-0.25	119	100,0
259	-13.25	6.75	76	100,0
259	-13.25	7.25	76	100,0
259	-12.75	7.75	76	100,0
259	-12.25	7.75	76	100,0
259	-12.25	6.75	76	100,0
259	-11.75	6.25	76	100,0
259	-11.75	4.75	76	100,0
259	-12.25	4.75	76	100,0
259	-12.75	5.25	76	100,0
259	-13.75	5.25	76	100,0
259	-13.75	5.75	76	100,0
259	-13.25	6.25	76	100,0
259	-13.25	6.75	76	100,0
116	-30.25	39.75	18	150,0
116	-30.25	40.25	18	150,0
116	-29.25	41.25	18	150,0
116	-28.75	41.25	18	150,0
116	-28.75	40.25	18	150,0
116	-27.75	40.25	18	150,0
116	-26.75	39.25	18	150,0
116	-26.25	39.25	18	150,0
116	-25.75	39.75	18	150,0
116	-25.25	39.75	18	150,0
116	-25.25	39.25	18	150,0
116	-25.75	38.75	18	150,0
116	-25.75	38.25	18	150,0
116	-25.25	38.25	18	150,0
116	-24.25	39.25	18	150,0
116	-23.75	39.25	18	150,0
116	-23.75	38.25	18	150,0
116	-23.25	37.75	18	150,0
116	-22.75	37.75	18	150,0
116	-22.25	38.25	18	150,0
116	-22.25	39.25	18	150,0
116	-21.25	39.25	18	150,0
116	-21.25	40.25	18	150,0
116	-20.75	40.75	18	150,0
116	-20.25	40.75	18	150,0
116	-20.25	39.25	18	150,0
116	-20.75	38.75	18	150,0
116	-20.75	38.25	18	150,0
116	-20.25	38.25	18	150,0
116	-19.75	38.75	18	150,0
116	-19.25	38.75	18	150,0
116	-19.25	37.75	18	150,0
116	-18.75	37.75	18	150,0
116	-17.75	38.75	18	150,0
116	-17.75	39.25	18	150,0
116	-18.75	40.25	18	150,0
116	-18.75	40.75	18	150,0
116	-18.25	41.25	18	150,0
116	-17.75	41.25	18	150,0
116	-17.75	40.25	18	150,0
116	-16.25	38.75	18	150,0
116	-15.75	38.75	18	150,0
116	-15.75	40.75	18	150,0
116	-15.25	41.25	18	150,0
116	-14.25	41.25	18	150,0
116	-13.25	42.25	18	150,0
116	-12.75	42.25	18	150,0
116	-12.75	41.75	18	150,0
116	-13.25	41.25	18	150,0
116	-13.25	40.25	18	150,0
116	-14.25	39.25	18	150,0
116	-14.25	38.25	18	150,0
116	-15.25	38.25	18	150,0
116	-15.25	37.75	18	150,0
116	-14.75	37.25	18	150,0
116	-14.25	37.25	18	150,0
116	-11.75	39.75	18	150,0
116	-10.25	39.75	18	150,0
116	-10.25	37.25	18	150,0
116	-10.75	36.75	18	150,0
116	-11.75	36.75	18	150,0
116	-11.75	36.25	18	150,0
116	-11.25	35.75	18	150,0
116	-10.75	35.75	18	150,0
116	-10.25	36.25	18	150,0
116	-9.75	36.25	18	150,0
116	-9.25	35.75	18	150,0
116	-9.25	34.75	18	150,0
116	-8.75	34.25	18	150,0
116	-8.75	33.25	18	150,0
116	-7.75	33.25	18	150,0
116	-7.25	32.75	18	150,0
116	-6.75	32.75	18	150,0
116	-6.75	33.25	18	150,0
116	-7.75	34.25	18	150,0
116	-7.75	34.75	18	150,0
116	-7.25	35.25	18	150,0
116	-5.25	35.25	18	150,0
116	-4.75	35.75	18	150,0
116	-4.75	37.25	18	150,0
116	-6.25	38.75	18	150,0
116	-7.25	38.75	18	150,0
116	-7.25	39.25	18	150,0
116	-5.75	40.75	18	150,0
116	-5.25	40.75	18	150,0
116	-4.25	39.75	18	150,0
116	-4.25	38.75	18	150,0
116	-3.75	38.75	18	150,0
116	-2.75	39.75	18	150,0
116	-2.75	40.25	18	150,0
116	-3.75	40.25	18	150,0
116	-4.75	41.25	18	150,0
116	-4.75	42.25	18	150,0
116	-5.25	42.75	18	150,0
116	-5.25	43.25	18	150,0
116	-4.25	43.25	18	150,0
116	-4.25	45.25	18	150,0
116	-3.25	45.25	18	150,0
116	-2.75	45.75	18	150,0
116	-2.75	46.75	18	150,0
116	-1.75	47.75	18	150,0
116	-1.75	48.25	18	150,0
116	-2.25	48.75	18	150,0
116	-2.25	49.25	18	150,0
116	-1.75	49.25	18	150,0
116	-1.25	48.75	18	150,0
116	-0.75	48.75	18	150,0
116	-0.25	49.25	18	150,0
116	4.25	49.25	18	150,0
116	4.75	48.75	18	150,0
116	4.75	48.25	18	150,0
116	4.25	47.75	18	150,0
116	3.25	47.75	18	150,0
116	3.25	46.75	18	150,0
116	2.75	46.25	18	150,0
116	2.75	45.75	18	150,0
116	3.25	45.25	18	150,0
116	3.25	43.75	18	150,0
116	2.75	43.25	18	150,0
116	1.75	43.25	18	150,0
116	1.75	41.75	18	150,0
116	2.75	41.75	18	150,0
116	2.75	40.75	18	150,0
116	3.25	40.25	18	150,0
116	3.25	37.75	18	150,0
116	2.75	37.75	18	150,0
116	2.25	38.25	18	150,0
116	0.75	38.25	18	150,0
116	-0.75	36.75	18	150,0
116	-1.75	36.75	18	150,0
116	-2.25	36.25	18	150,0
116	-2.25	35.25	18	150,0
116	-3.25	34.25	18	150,0
116	-5.25	34.25	18	150,0
116	-5.25	32.75	18	150,0
116	-4.25	32.75	18	150,0
116	-4.25	32.25	18	150,0
116	-4.75	31.75	18	150,0
116	-4.75	31.25	18	150,0
116	-4.25	31.25	18	150,0
116	-2.25	33.25	18	150,0
116	-1.75	33.25	18	150,0
116	-1.25	32.75	18	150,0
116	-0.75	32.75	18	150,0
116	-0.25	33.25	18	150,0
116	0.75	33.25	18	150,0
116	0.75	33.75	18	150,0
116	0.25	34.25	18	150,0
116	0.25	34.75	18	150,0
116	1.25	35.75	18	150,0
116	2.25	35.75	18	150,0
116	2.75	36.25	18	150,0
116	4.25	36.25	18	150,0
116	4.75	35.75	18	150,0
116	4.75	32.25	18	150,0
116	1.75	29.25	18	150,0
116	1.75	27.75	18	150,0
116	2.25	27.75	18	150,0
116	4.25	29.75	18	150,0
116	4.75	29.75	18	150,0
116	4.75	28.25	18	150,0
116	-5.75	17.75	18	150,0
116	-6.25	17.75	18	150,0
116	-6.25	18.25	18	150,0
116	-5.75	18.75	18	150,0
116	-5.75	19.75	18	150,0
116	1.25	26.75	18	150,0
116	1.25	28.25	18	150,0
116	0.75	28.25	18	150,0
116	0.75	27.25	18	150,0
116	0.25	26.75	18	150,0
116	-0.75	26.75	18	150,0
116	-3.75	23.75	18	150,0
116	-3.75	22.75	18	150,0
116	-4.75	22.75	18	150,0
116	-4.75	21.75	18	150,0
116	-5.25	21.75	18	150,0
116	-5.25	23.75	18	150,0
116	-6.25	24.75	18	150,0
116	-6.25	25.75	18	150,0
116	-6.75	25.75	18	150,0
116	-7.25	25.25	18	150,0
116	-7.75	25.25	18	150,0
116	-7.75	27.25	18	150,0
116	-8.25	27.25	18	150,0
116	-8.75	26.75	18	150,0
116	-9.25	26.75	18	150,0
116	-9.25	27.75	18	150,0
116	-11.25	27.75	18	150,0
116	-11.25	28.75	18	150,0
116	-11.75	29.25	18	150,0
116	-11.75	30.25	18	150,0
116	-12.25	30.75	18	150,0
116	-12.75	30.75	18	150,0
116	-13.25	30.25	18	150,0
116	-13.75	30.25	18	150,0
116	-13.75	30.75	18	150,0
116	-13.25	31.25	18	150,0
116	-13.25	31.75	18	150,0
116	-13.75	32.25	18	150,0
116	-13.75	32.75	18	150,0
116	-12.75	32.75	18	150,0
116	-12.75	34.25	18	150,0
116	-13.25	34.75	18	150,0
116	-13.75	34.75	18	150,0
116	-14.25	34.25	18	150,0
116	-14.75	34.25	18	150,0
116	-15.25	34.75	18	150,0
116	-15.25	35.75	18	150,0
116	-15.75	36.25	18	150,0
116	-16.25	36.25	18	150,0
116	-17.25	35.25	18	150,0
116	-17.25	33.75	18	150,0
116	-16.75	33.25	18	150,0
116	-15.75	33.25	18	150,0
116	-15.75	31.75	18	150,0
116	-16.75	31.75	18	150,0
116	-16.75	30.75	18	150,0
116	-17.25	30.25	18	150,0
116	-17.75	30.25	18	150,0
116	-18.25	30.75	18	150,0
116	-19.25	30.75	18	150,0
116	-19.25	33.25	18	150,0
116	-18.25	34.25	18	150,0
116	-18.25	35.25	18	150,0
116	-17.75	35.75	18	150,0
116	-17.75	36.25	18	150,0
116	-18.25	36.75	18	150,0
116	-18.75	36.75	18	150,0
116	-18.75	35.75	18	150,0
116	-19.25	35.25	18	150,0
116	-19.25	34.25	18	150,0
116	-19.75	33.75	18	150,0
116	-20.25	33.75	18	150,0
116	-20.75	34.25	18	150,0
116	-21.25	34.25	18	150,0
116	-21.75	33.75	18	150,0
116	-22.25	33.75	18	150,0
116	-22.25	34.75	18	150,0
116	-22.75	34.75	18	150,0
116	-23.25	34.25	18	150,0
116	-23.25	33.25	18	150,0
116	-23.75	32.75	18	150,0
116	-24.25	32.75	18	150,0
116	-24.25	33.75	18	150,0
116	-24.75	33.75	18	150,0
116	-25.25	33.25	18	150,0
116	-26.75	33.25	18	150,0
116	-26.75	33.75	18	150,0
116	-26.25	34.25	18	150,0
116	-26.25	36.75	18	150,0
116	-26.75	36.75	18	150,0
116	-27.75	35.75	18	150,0
116	-28.25	35.75	18	150,0
116	-28.25	37.75	18	150,0
116	-28.75	38.25	18	150,0
116	-28.75	39.25	18	150,0
116	-29.25	39.75	18	150,0
116	-30.25	39.75	18	150,0
116	-2.25	2.75	18	150,50
116	-2.25	3.25	18	150,50
116	-1.25	3.25	18	150,50
116	-0.75	3.75	18	150,50
116	-0.75	4.75	18	150,50
116	-0.25	5.25	18	150,50
116	0.25	5.25	18	150,50
116	0.75	4.75	18	150,50
116	1.25	4.75	18	150,50
116	1.75	5.25	18	150,50
116	1.75	6.25	18	150,50
116	2.25	6.75	18	150,50
116	2.75	6.75	18	150,50
116	2.75	5.75	18	150,50
116	3.25	5.75	18	150,50
116	3.75	6.25	18	150,50
116	4.25	6.25	18	150,50
116	4.75	5.75	18	150,50
116	4.75	-0.75	18	150,50
116	-0.75	-0.75	18	150,50
116	-0.75	0.25	18	150,50
116	-1.75	1.25	18	150,50
116	-2.75	1.25	18	150,50
116	-2.75	1.75	18	150,50
116	-2.25	2.25	18	150,50
116	-2.25	2.75	18	150,50
116	-45.25	6.75	18	200,50
116	-45.25	7.25	18	200,50
116	-43.75	7.25	18	200,50
116	-43.75	5.75	18	200,50
116	-44.25	5.25	18	200,50
116	-44.25	4.75	18	200,50
116	-43.75	4.25	18	200,50
116	-43.25	4.25	18	200,50
116	-43.25	5.25	18	200,50
116	-42.75	5.25	18	200,50
116	-42.25	4.75	18	200,50
116	-42.25	3.75	18	200,50
116	-41.25	2.75	18	200,50
116	-41.25	0.25	18	200,50
116	-43.25	0.25	18	200,50
116	-43.75	-0.25	18	200,50
116	-45.25	-0.25	18	200,50
116	-45.25	6.75	18	200,50
116	-45.25	47.75	18	200,0
116	-45.25	48.25	18	200,0
116	-44.75	48.75	18	200,0
116	-44.25	48.75	18	200,0
116	-44.25	47.25	18	200,0
116	-44.75	47.25	18	200,0
116	-45.25	47.75	18	200,0
117	-5.25	46.75	18	150,0
117	-5.25	47.25	18	150,0
117	-3.25	49.25	18	150,0
117	-2.75	49.25	18	150,0
117	-2.75	48.75	18	150,0
117	-3.75	47.75	18	150,0
117	-3.75	46.75	18	150,0
117	-4.75	45.75	18	150,0
117	-5.25	45.75	18	150,0
117	-5.25	46.75	18	150,0
117	-2.75	-0.75	18	150,50
117	-2.75	-0.25	18	150,50
117	-2.25	0.25	18	150,50
117	-1.75	0.25	18	150,50
117	-1.75	-0.25	18	150,50
117	-2.25	-0.75	18	150,50
117	-2.75	-0.75	18	150,50
117	-43.75	39.25	18	200,0
117	-43.75	39.75	18	200,0
117	-42.25	39.75	18	200,0
117	-42.25	38.75	18	200,0
117	-41.25	38.75	18	200,0
117	-41.25	38.25	18	200,0
117	-41.75	37.75	18	200,0
117	-41.75	37.25	18	200,0
117	-41.25	37.25	18	200,0
117	-40.25	38.25	18	200,0
117	-40.25	38.75	18	200,0
117	-40.75	39.25	18	200,0
117	-40.75	39.75	18	200,0
117	-40.25	40.25	18	200,0
117	-39.75	40.25	18	200,0
117	-38.75	39.25	18	200,0
117	-38.75	37.75	18	200,0
117	-39.75	37.75	18	200,0
117	-42.75	34.75	18	200,0
117	-42.75	33.75	18	200,0
117	-43.75	33.75	18	200,0
117	-43.75	32.75	18	200,0
117	-45.25	32.75	18	200,0
117	-45.25	36.25	18	200,0
117	-44.25	36.25	18	200,0
117	-42.75	37.75	18	200,0
117	-42.75	38.25	18	200,0
117	-43.75	38.25	18	200,0
117	-43.75	39.25	18	200,0
118	-8.75	18.25	18	150,0
118	-8.75	18.75	18	150,0
118	-8.25	18.75	18	150,0
118	-8.25	18.25	18	150,0
118	-8.75	18.25	18	150,0
118	-45.25	29.75	18	200,0
118	-45.25	30.25	18	200,0
118	-38.25	37.25	18	200,0
118	-36.75	37.25	18	200,0
118	-36.75	36.75	18	200,0
118	-44.75	28.75	18	200,0
118	-45.25	28.75	18	200,0
118	-45.25	29.75	18	200,0
119	-8.75	16.25	18	150,0
119	-8.75	16.75	18	150,0
119	-7.75	17.75	18	150,0
119	-7.25	17.75	18	150,0
119	-7.25	16.25	18	150,0
119	-8.75	16.25	18	150,0
119	-45.25	10.75	18	200,0
119	-45.25	11.25	18	200,0
119	-27.75	28.75	18	200,0
119	-26.75	28.75	18	200,0
119	-26.25	29.25	18	200,0
119	-25.75	29.25	18	200,0
119	-25.75	28.25	18	200,0
119	-25.25	27.75	18	200,0
119	-24.75	27.75	18	200,0
119	-24.25	28.25	18	200,0
119	-24.25	29.25	18	200,0
119	-23.25	29.25	18	200,0
119	-23.25	30.25	18	200,0
119	-22.25	30.25	18	200,0
119	-21.75	30.75	18	200,0
119	-21.75	31.75	18	200,0
119	-20.75	31.75	18	200,0
119	-20.75	32.75	18	200,0
119	-20.25	33.25	18	200,0
119	-18.75	33.25	18	200,0
119	-17.75	32.25	18	200,0
119	-17.75	30.75	18	200,0
119	-19.25	29.25	18	200,0
119	-19.75	29.25	18	200,0
119	-20.25	29.75	18	200,0
119	-20.75	29.75	18	200,0
119	-21.25	29.25	18	200,0
119	-21.25	28.25	18	200,0
119	-23.25	28.25	18	200,0
119	-23.75	27.75	18	200,0
119	-23.75	27.25	18	200,0
119	-22.75	26.25	18	200,0
119	-22.75	25.75	18	200,0
119	-23.25	25.25	18	200,0
119	-23.25	24.75	18	200,0
119	-22.25	23.75	18	200,0
119	-22.25	22.75	18	200,0
119	-21.75	22.25	18	200,0
119	-21.75	21.75	18	200,0
119	-22.25	21.75	18	200,0
119	-25.25	24.75	18	200,0
119	-25.75	24.75	18	200,0
119	-43.25	7.25	18	200,0
119	-44.75	7.25	18	200,0
119	-44.75	8.25	18	200,0
119	-45.25	8.75	18	200,0
119	-45.25	10.75	18	200,0
120	1.25	7.25	18	150,0
120	1.25	7.75	18	150,0
120	1.75	8.25	18	150,0
120	2.75	8.25	18	150,0
120	3.25	8.75	18	150,0
120	3.25	9.75	18	150,0
120	4.25	10.75	18	150,0
120	4.75	10.75	18	150,0
120	4.75	9.25	18	150,0
120	4.25	8.75	18	150,0
120	4.25	7.75	18	150,0
120	2.75	6.25	18	150,0
120	2.75	5.75	18	150,0
120	3.75	5.75	18	150,0
120	3.75	5.25	18	150,0
120	3.25	4.75	18	150,0
120	0.75	4.75	18	150,0
120	0.75	5.25	18	150,0
120	1.75	6.25	18	150,0
120	1.75	6.75	18	150,0
120	1.25	7.25	18	150,0
84	-17.25	2.75	157	150,50
84	-17.25	3.25	157	150,50
84	-16.75	3.25	157	150,50
84	-15.75	2.25	157	150,50
84	-15.25	2.25	157	150,50
84	-14.75	2.75	157	150,50
84	-13.25	2.75	157	150,50
84	-13.25	0.75	157	150,50
84	-12.75	0.25	157	150,50
84	-11.25	0.25	157	150,50
84	-11.25	0.75	157	150,50
84	-11.75	1.25	157	150,50
84	-11.75	1.75	157	150,50
84	-11.25	2.25	157	150,50
84	-9.75	2.25	157	150,50
84	-9.75	1.25	157	150,50
84	-9.25	1.25	157	150,50
84	-8.75	1.75	157	150,50
84	-8.75	3.75	157	150,50
84	-7.75	3.75	157	150,50
84	-6.75	4.75	157	150,50
84	-4.75	4.75	157	150,50
84	-4.75	5.25	157	150,50
84	-5.25	5.75	157	150,50
84	-5.25	7.25	157	150,50
84	-4.75	7.75	157	150,50
84	-4.25	7.75	157	150,50
84	-4.25	6.75	157	150,50
84	-3.75	6.75	157	150,50
84	-2.75	7.75	157	150,50
84	-2.25	7.75	157	150,50
84	-2.25	6.25	157	150,50
84	-2.75	5.75	157	150,50
84	-2.75	5.25	157	150,50
84	-2.25	5.25	157	150,50
84	-1.75	5.75	157	150,50
84	-0.75	5.75	157	150,50
84	0.75	7.25	157	150,50
84	0.75	8.25	157	150,50
84	2.25	9.75	157	150,50
84	2.75	9.75	157	150,50
84	3.25	9.25	157	150,50
84	3.25	8.25	157	150,50
84	3.75	8.25	157	150,50
84	4.25	8.75	157	150,50
84	4.75	8.75	157	150,50
84	4.75	6.25	157	150,50
84	3.75	6.25	157	150,50
84	3.25	5.75	157	150,50
84	2.75	5.75	157	150,50
84	2.75	6.75	157	150,50
84	2.25	6.75	157	150,50
84	1.75	6.25	157	150,50
84	1.75	5.25	157	150,50
84	1.25	4.75	157	150,50
84	0.75	4.75	157	150,50
84	0.25	5.25	157	150,50
84	-0.25	5.25	157	150,50
84	-0.75	4.75	157	150,50
84	-0.75	3.75	157	150,50
84	-1.25	3.25	157	150,50
84	-2.25	3.25	157	150,50
84	-2.25	2.25	157	150,50
84	-2.75	1.75	157	150,50
84	-2.75	1.25	157	150,50
84	-1.75	1.25	157	150,50
84	-0.75	0.25	157	150,50
84	-0.75	-0.25	157	150,50
84	-1.25	-0.75	157	150,50
84	-1.75	-0.75	157	150,50
84	-1.75	0.25	157	150,50
84	-2.25	0.25	157	150,50
84	-3.25	-0.75	157	150,50
84	-13.75	-0.75	157	150,50
84	-14.25	-0.25	157	150,50
84	-14.75	-0.25	157	150,50
84	-15.25	-0.75	157	150,50
84	-16.75	-0.75	157	150,50
84	-17.25	-0.25	157	150,50
84	-17.25	1.25	157	150,50
84	-16.75	1.75	157	150,50
84	-16.75	2.25	157	150,50
84	-17.25	2.75	157	150,50
84	-14.25	47.75	157	150,0
84	-14.25	48.25	157	150,0
84	-13.25	49.25	157	150,0
84	-3.75	49.25	157	150,0
84	-3.75	48.75	157	150,0
84	-5.25	47.25	157	150,0
84	-5.25	45.75	157	150,0
84	-4.75	45.75	157	150,0
84	-3.75	46.75	157	150,0
84	-3.75	47.75	157	150,0
84	-2.75	48.75	157	150,0
84	-2.25	48.75	157	150,0
84	-1.75	48.25	157	150,0
84	-1.75	47.75	157	150,0
84	-2.75	46.75	157	150,0
84	-2.75	45.75	157	150,0
84	-3.25	45.25	157	150,0
84	-4.25	45.25	157	150,0
84	-4.25	43.25	157	150,0
84	-5.25	43.25	157	150,0
84	-5.25	42.75	157	150,0
84	-4.75	42.25	157	150,0
84	-4.75	41.25	157	150,0
84	-3.75	40.25	157	150,0
84	-2.75	40.25	157	150,0
84	-2.75	39.75	157	150,0
84	-3.75	38.75	157	150,0
84	-4.25	38.75	157	150,0
84	-4.25	39.75	157	150,0
84	-5.25	40.75	157	150,0
84	-5.75	40.75	157	150,0
84	-7.25	39.25	157	150,0
84	-7.25	38.75	157	150,0
84	-6.25	38.75	157	150,0
84	-4.75	37.25	157	150,0
84	-4.75	35.75	157	150,0
84	-5.25	35.25	157	150,0
84	-7.25	35.25	157	150,0
84	-7.75	34.75	157	150,0
84	-7.75	34.25	157	150,0
84	-6.75	33.25	157	150,0
84	-6.75	32.75	157	150,0
84	-7.25	32.75	157	150,0
84	-7.75	33.25	157	150,0
84	-8.75	33.25	157	150,0
84	-8.75	34.25	157	150,0
84	-9.25	34.75	157	150,0
84	-9.25	35.75	157	150,0
84	-9.75	36.25	157	150,0
84	-10.25	36.25	157	150,0
84	-10.75	35.75	157	150,0
84	-11.25	35.75	157	150,0
84	-11.75	36.25	157	150,0
84	-11.75	36.75	157	150,0
84	-10.75	36.75	157	150,0
84	-10.25	37.25	157	150,0
84	-10.25	39.75	157	150,0
84	-11.75	39.75	157	150,0
84	-14.25	37.25	157	150,0
84	-14.75	37.25	157	150,0
84	-15.25	37.75	157	150,0
84	-15.25	38.25	157	150,0
84	-14.25	38.25	157	150,0
84	-14.25	39.25	157	150,0
84	-13.25	40.25	157	150,0
84	-13.25	41.25	157	150,0
84	-12.75	41.75	157	150,0
84	-12.75	43.25	157	150,0
84	-13.25	43.75	157	150,0
84	-13.25	47.75	157	150,0
84	-14.25	47.75	157	150,0
84	-45.25	8.75	157	200,50
84	-45.25	9.25	157	200,50
84	-44.75	9.25	157	200,50
84	-43.75	8.25	157	200,50
84	-43.25	8.25	157	200,50
84	-42.75	8.75	157	200,50
84	-42.75	9.25	157	200,50
84	-43.25	9.75	157	200,50
84	-43.25	10.25	157	200,50
84	-42.25	11.25	157	200,50
84	-40.75	11.25	157	200,50
84	-40.25	10.75	157	200,50
84	-37.75	10.75	157	200,50
84	-37.75	11.75	157	200,50
84	-35.25	11.75	157	200,50
84	-35.25	11.25	157	200,50
84	-35.75	10.75	157	200,50
84	-36.75	10.75	157	200,50
84	-36.75	10.25	157	200,50
84	-36.25	9.75	157	200,50
84	-36.25	9.25	157	200,50
84	-37.25	8.25	157	200,50
84	-37.25	7.25	157	200,50
84	-37.75	7.25	157	200,50
84	-38.75	8.25	157	200,50
84	-39.25	8.25	157	200,50
84	-39.25	7.25	157	200,50
84	-41.25	7.25	157	200,50
84	-41.75	6.75	157	200,50
84	-42.25	6.75	157	200,50
84	-42.75	7.25	157	200,50
84	-44.75	7.25	157	200,50
84	-45.25	7.75	157	200,50
84	-45.25	8.75	157	200,50
228	1.75	20.75	54	100,0
228	1.75	21.25	54	100,0
228	2.25	21.25	54	100,0
228	2.75	20.75	54	100,0
228	2.75	20.25	54	100,0
228	2.25	20.25	54	100,0
228	1.75	20.75	54	100,0
176	3.25	20.25	31	100,0
176	3.25	20.75	31	100,0
176	3.75	20.75	31	100,0
176	3.75	20.25	31	100,0
176	3.25	20.25	31	100,0
176	-42.25	15.75	31	150,0
176	-42.25	16.25	31	150,0
176	-41.75	16.75	31	150,0
176	-41.25	16.75	31	150,0
176	-41.25	16.25	31	150,0
176	-41.75	15.75	31	150,0
176	-42.25	15.75	31	150,0
177	4.25	19.25	31	100,0
177	4.25	19.75	31	100,0
177	4.75	19.75	31	100,0
177	4.75	19.25	31	100,0
177	4.25	19.25	31	100,0
49	4.75	17.75	127	100,0
49	4.75	18.25	127	100,0
49	5.25	18.25	127	100,0
49	5.25	17.75	127	100,0
49	4.75	17.75	127	100,0
85	-1.25	48.75	157	150,0
85	-1.25	49.25	157	150,0
85	-0.75	49.25	157	150,0
85	-0.75	48.75	157	150,0
85	-1.25	48.75	157	150,0
79	-42.75	15.25	152	150,0
79	-42.75	15.75	152	150,0
79	-42.25	15.75	152	150,0
79	-42.25	15.25	152	150,0
79	-42.75	15.25	152	150,0
227	-41.75	14.25	53	150,0
227	-41.75	14.75	53	150,0
227	-41.25	14.75	53	150,0
227	-40.75	14.25	53	150,0
227	-40.75	13.75	53	150,0
227	-41.25	13.75	53	150,0
227	-41.75	14.25	53	150,0
140	-40.75	13.25	192	150,0
140	-40.75	13.75	192	150,0
140	-40.25	13.75	192	150,0
140	-40.25	13.25	192	150,0
140	-40.75	13.25	192	150,0
30	-40.25	12.75	114	150,0
30	-40.25	13.25	114	150,0
30	-39.75	13.25	114	150,0
30	-39.75	12.75	114	150,0
30	-40.25	12.75	114	150,0
46	-39.25	11.75	124	150,0
46	-39.25	12.25	124	150,0
46	-38.75	12.25	124	150,0
46	-38.75	11.75	124	150,0
46	-39.25	11.75	124	150,0
230	-38.25	10.75	56	150,0
230	-38.25	11.25	56	150,0
230	-36.75	11.25	56	150,0
230	-36.75	10.25	56	150,0
230	-36.25	9.75	56	150,0
230	-36.25	9.25	56	150,0
230	-36.75	9.25	56	150,0
230	-38.25	10.75	56	150,0
225	-35.25	8.75	52	150,0
225	-35.25	9.25	52	150,0
225	-34.75	9.25	52	150,0
225	-34.75	8.75	52	150,0
225	-35.25	8.75	52	150,0
226	-33.75	7.25	52	150,0
226	-33.75	7.75	52	150,0
226	-33.25	7.75	52	150,0
226	-33.25	7.25	52	150,0
226	-33.75	7.25	52	150,0
13	-34.75	7.25	105	150,0
13	-34.75	7.75	105	150,0
13	-34.25	7.75	105	150,0
13	-34.25	7.25	105	150,0
13	-34.75	7.25	105	150,0
76	-34.25	6.75	15	150,0
76	-34.25	7.25	15	150,0
76	-33.75	7.25	15	150,0
76	-33.25	6.75	15	150,0
76	-32.25	6.75	15	150,0
76	-32.25	6.25	15	150,0
76	-32.75	5.75	15	150,0
76	-33.25	5.75	15	150,0
76	-34.25	6.75	15	150,0
12	-32.25	5.75	104	150,0
12	-32.25	6.25	104	150,0
12	-31.75	6.25	104	150,0
12	-31.75	5.75	104	150,0
12	-32.25	5.75	104	150,0
56	-31.25	3.75	133	150,0
56	-31.25	4.25	133	150,0
56	-30.75	4.25	133	150,0
56	-30.75	3.75	133	150,0
56	-31.25	3.75	133	150,0
80	-30.25	2.75	153	150,0
80	-30.25	3.25	153	150,0
80	-29.75	3.25	153	150,0
80	-29.75	2.75	153	150,0
80	-30.25	2.75	153	150,0
11	-28.25	0.75	103	150,0
11	-28.25	1.25	103	150,0
11	-27.75	1.25	103	150,0
11	-27.75	0.75	103	150,0
11	-28.25	0.75	103	150,0
36	-23.75	4.25	12	200,50
36	-23.75	4.75	12	200,50
36	-23.25	4.75	12	200,50
36	-23.25	4.25	12	200,50
36	-23.75	4.25	12	200,50
36	-26.25	48.75	12	200,0
36	-26.25	49.25	12	200,0
36	-24.75	49.25	12	200,0
36	-24.75	48.75	12	200,0
36	-25.75	47.75	12	200,0
36	-26.25	47.75	12	200,0
36	-26.25	48.75	12	200,0
36	-44.75	43.25	12	250,0
36	-44.75	43.75	12	250,0
36	-44.25	43.75	12	250,0
36	-0.75	0.25	12	250,0
36	-0.75	-0.25	12	250,0
36	-44.25	-0.25	12	250,0
36	-44.75	0.25	12	250,0
36	-44.75	43.25	12	250,0
37	-22.25	2.75	12	200,50
37	-22.25	3.25	12	200,50
37	-20.25	5.25	12	200,50
37	-19.25	5.25	12	200,50
37	-18.75	5.75	12	200,50
37	-18.75	6.75	12	200,50
37	-15.25	10.25	12	200,50
37	-14.75	10.25	12	200,50
37	-14.25	9.75	12	200,50
37	-14.25	9.25	12	200,50
37	-21.75	1.75	12	200,50
37	-22.25	1.75	12	200,50
37	-22.25	2.75	12	200,50
37	-17.75	38.25	12	200,0
37	-17.75	38.75	12	200,0
37	-16.25	40.25	12	200,0
37	-15.25	40.25	12	200,0
37	-15.25	41.25	12	200,0
37	-14.75	41.25	12	200,0
37	-14.25	40.75	12	200,0
37	-13.75	40.75	12	200,0
37	-12.25	42.25	12	200,0
37	-11.75	42.25	12	200,0
37	-11.25	41.75	12	200,0
37	-11.25	40.75	12	200,0
37	-10.75	40.75	12	200,0
37	-10.25	41.25	12	200,0
37	-9.75	41.25	12	200,0
37	-9.75	36.75	12	200,0
37	-10.25	36.75	12	200,0
37	-10.75	37.25	12	200,0
37	-10.75	38.25	12	200,0
37	-11.75	38.25	12	200,0
37	-11.75	38.75	12	200,0
37	-11.25	39.25	12	200,0
37	-11.25	39.75	12	200,0
37	-11.75	40.25	12	200,0
37	-13.25	40.25	12	200,0
37	-13.25	39.75	12	200,0
37	-12.75	39.25	12	200,0
37	-12.75	38.75	12	200,0
37	-13.25	38.75	12	200,0
37	-13.75	39.25	12	200,0
37	-14.25	39.25	12	200,0
37	-14.25	37.75	12	200,0
37	-13.75	37.25	12	200,0
37	-13.75	36.25	12	200,0
37	-12.75	36.25	12	200,0
37	-12.75	35.25	12	200,0
37	-12.25	34.75	12	200,0
37	-11.25	34.75	12	200,0
37	-10.75	34.25	12	200,0
37	-10.75	33.25	12	200,0
37	-9.75	33.25	12	200,0
37	-9.75	32.25	12	200,0
37	-9.25	31.75	12	200,0
37	-9.25	31.25	12	200,0
37	-9.75	30.75	12	200,0
37	-9.75	30.25	12	200,0
37	-8.75	30.25	12	200,0
37	-8.75	28.25	12	200,0
37	-8.25	28.25	12	200,0
37	-6.75	29.75	12	200,0
37	-6.25	29.75	12	200,0
37	-5.75	29.25	12	200,0
37	-5.75	28.25	12	200,0
37	-4.75	27.25	12	200,0
37	-4.25	27.25	12	200,0
37	-4.25	27.75	12	200,0
37	-4.75	28.25	12	200,0
37	-4.75	30.25	12	200,0
37	-5.75	30.25	12	200,0
37	-6.25	30.75	12	200,0
37	-6.25	31.75	12	200,0
37	-7.25	32.75	12	200,0
37	-7.25	34.25	12	200,0
37	-6.75	34.25	12	200,0
37	-6.25	33.75	12	200,0
37	-5.75	33.75	12	200,0
37	-5.75	35.75	12	200,0
37	-5.25	36.25	12	200,0
37	-5.25	36.75	12	200,0
37	-6.25	36.75	12	200,0
37	-6.75	37.25	12	200,0
37	-6.75	37.75	12	200,0
37	-5.75	38.75	12	200,0
37	-3.75	38.75	12	200,0
37	-3.75	39.75	12	200,0
37	-1.75	39.75	12	200,0
37	-1.25	40.25	12	200,0
37	-1.25	41.25	12	200,0
37	-0.25	42.25	12	200,0
37	0.25	42.25	12	200,0
37	0.25	41.25	12	200,0
37	0.75	41.25	12	200,0
37	1.25	41.75	12	200,0
37	1.25	42.25	12	200,0
37	0.75	42.75	12	200,0
37	0.75	43.25	12	200,0
37	1.75	43.25	12	200,0
37	1.75	44.75	12	200,0
37	1.25	44.75	12	200,0
37	0.25	43.75	12	200,0
37	-0.75	43.75	12	200,0
37	-2.25	42.25	12	200,0
37	-2.75	42.25	12	200,0
37	-3.25	42.75	12	200,0
37	-4.25	42.75	12	200,0
37	-5.25	43.75	12	200,0
37	-5.75	43.75	12	200,0
37	-5.75	42.75	12	200,0
37	-6.25	42.25	12	200,0
37	-6.25	41.75	12	200,0
37	-5.75	41.25	12	200,0
37	-5.25	41.25	12	200,0
37	-5.25	42.25	12	200,0
37	-4.75	42.25	12	200,0
37	-4.25	41.75	12	200,0
37	-4.25	41.25	12	200,0
37	-4.75	40.75	12	200,0
37	-4.75	39.75	12	200,0
37	-5.25	39.75	12	200,0
37	-6.25	40.75	12	200,0
37	-8.25	40.75	12	200,0
37	-9.25	41.75	12	200,0
37	-9.25	42.75	12	200,0
37	-9.75	42.75	12	200,0
37	-10.25	42.25	12	200,0
37	-10.75	42.25	12	200,0
37	-10.75	43.25	12	200,0
37	-11.25	43.75	12	200,0
37	-11.75	43.75	12	200,0
37	-12.25	43.25	12	200,0
37	-12.75	43.25	12	200,0
37	-12.75	43.75	12	200,0
37	-7.25	49.25	12	200,0
37	0.25	49.25	12	200,0
37	5.25	44.25	12	200,0
37	5.25	-0.25	12	200,0
37	-0.25	-0.25	12	200,0
37	-20.75	20.25	12	200,0
37	-20.75	21.75	12	200,0
37	-19.75	21.75	12	200,0
37	-19.25	22.25	12	200,0
37	-18.75	22.25	12	200,0
37	-18.75	21.75	12	200,0
37	-19.25	21.25	12	200,0
37	-19.25	20.75	12	200,0
37	-18.75	20.25	12	200,0
37	-18.25	20.25	12	200,0
37	-17.75	20.75	12	200,0
37	-17.25	20.75	12	200,0
37	-17.25	19.25	12	200,0
37	-17.75	18.75	12	200,0
37	-17.75	18.25	12	200,0
37	-12.75	18.25	12	200,0
37	-12.25	17.75	12	200,0
37	-11.75	17.75	12	200,0
37	-11.25	18.25	12	200,0
37	-11.25	18.75	12	200,0
37	-12.25	18.75	12	200,0
37	-12.75	19.25	12	200,0
37	-13.75	19.25	12	200,0
37	-13.75	20.25	12	200,0
37	-14.25	20.75	12	200,0
37	-14.25	21.75	12	200,0
37	-14.75	22.25	12	200,0
37	-14.75	23.75	12	200,0
37	-14.25	24.25	12	200,0
37	-13.75	24.25	12	200,0
37	-13.25	23.75	12	200,0
37	-13.25	22.75	12	200,0
37	-12.75	22.75	12	200,0
37	-12.25	23.25	12	200,0
37	-11.75	23.25	12	200,0
37	-11.75	22.25	12	200,0
37	-10.75	22.25	12	200,0
37	-10.25	21.75	12	200,0
37	-8.75	21.75	12	200,0
37	-8.25	22.25	12	200,0
37	-6.25	22.25	12	200,0
37	-5.75	22.75	12	200,0
37	-5.75	25.25	12	200,0
37	-6.25	25.75	12	200,0
37	-6.25	26.75	12	200,0
37	-6.75	27.25	12	200,0
37	-8.25	27.25	12	200,0
37	-10.25	25.25	12	200,0
37	-10.25	24.75	12	200,0
37	-9.75	24.25	12	200,0
37	-9.75	22.75	12	200,0
37	-10.25	22.75	12	200,0
37	-11.75	24.25	12	200,0
37	-11.75	24.75	12	200,0
37	-11.25	25.25	12	200,0
37	-11.25	25.75	12	200,0
37	-11.75	25.75	12	200,0
37	-12.25	25.25	12	200,0
37	-12.75	25.25	12	200,0
37	-12.75	26.75	12	200,0
37	-10.75	26.75	12	200,0
37	-10.75	27.25	12	200,0
37	-11.25	27.75	12	200,0
37	-11.25	28.75	12	200,0
37	-11.75	29.25	12	200,0
37	-12.25	29.25	12	200,0
37	-12.25	28.25	12	200,0
37	-13.25	27.25	12	200,0
37	-13.75	27.25	12	200,0
37	-13.75	27.75	12	200,0
37	-13.25	28.25	12	200,0
37	-13.25	28.75	12	200,0
37	-13.75	29.25	12	200,0
37	-14.25	29.25	12	200,0
37	-14.25	28.25	12	200,0
37	-15.25	27.25	12	200,0
37	-15.75	27.25	12	200,0
37	-15.75	27.75	12	200,0
37	-15.25	28.25	12	200,0
37	-15.25	28.75	12	200,0
37	-18.25	28.75	12	200,0
37	-18.25	29.25	12	200,0
37	-17.75	29.75	12	200,0
37	-16.75	29.75	12	200,0
37	-16.75	30.75	12	200,0
37	-16.25	31.25	12	200,0
37	-16.25	32.25	12	200,0
37	-15.75	32.75	12	200,0
37	-15.75	33.25	12	200,0
37	-16.75	33.25	12	200,0
37	-16.75	34.75	12	200,0
37	-16.25	34.75	12	200,0
37	-15.75	34.25	12	200,0
37	-15.25	34.25	12	200,0
37	-15.25	34.75	12	200,0
37	-15.75	35.25	12	200,0
37	-15.75	35.75	12	200,0
37	-15.25	35.75	12	200,0
37	-14.75	35.25	12	200,0
37	-14.25	35.25	12	200,0
37	-14.25	35.75	12	200,0
37	-14.75	36.25	12	200,0
37	-14.75	37.25	12	200,0
37	-15.75	37.25	12	200,0
37	-16.75	38.25	12	200,0
37	-17.75	38.25	12	200,0
38	-13.75	11.25	12	200,50
38	-13.75	11.75	12	200,50
38	-13.25	12.25	12	200,50
38	-12.75	12.25	12	200,50
38	-12.25	11.75	12	200,50
38	-12.25	11.25	12	200,50
38	-13.25	10.25	12	200,50
38	-13.75	10.25	12	200,50
38	-13.75	11.25	12	200,50
39	-24.25	-0.25	12	200,50
39	-24.25	0.25	12	200,50
39	-23.75	0.75	12	200,50
39	-23.25	0.75	12	200,50
39	-23.25	0.25	12	200,50
39	-23.75	-0.25	12	200,50
39	-24.25	-0.25	12	200,50
40	-6.75	-0.75	12	200,50
40	-6.75	-0.25	12	200,50
40	-3.75	2.75	12	200,50
40	-3.25	2.75	12	200,50
40	-0.25	-0.25	12	200,50
40	-0.25	-0.75	12	200,50
40	-6.75	-0.75	12	200,50
178	-26.25	0.75	32	150,0
178	-26.25	1.25	32	150,0
178	-25.75	1.75	32	150,0
178	-25.25	1.75	32	150,0
178	-24.75	1.25	32	150,0
178	-24.75	0.75	32	150,0
178	-26.25	0.75	32	150,0
179	-16.75	10.25	32	150,0
179	-16.75	10.75	32	150,0
179	-16.25	10.75	32	150,0
179	-16.25	10.25	32	150,0
179	-16.75	10.25	32	150,0
180	-15.75	10.75	32	150,0
180	-15.75	10.25	32	150,0
180	-15.25	10.25	32	150,0
180	-15.25	10.75	32	150,0
180	-15.75	10.75	32	150,0
109	-16.25	10.75	177	150,0
109	-16.25	11.25	177	150,0
109	-15.75	11.75	177	150,0
109	-15.25	11.75	177	150,0
109	-15.25	11.25	177	150,0
109	-15.75	10.75	177	150,0
109	-16.25	10.75	177	150,0
110	-14.75	12.25	177	150,0
110	-14.75	12.75	177	150,0
110	-14.25	12.75	177	150,0
110	-14.25	12.25	177	150,0
110	-14.75	12.25	177	150,0
111	-13.25	13.75	177	150,0
111	-13.25	14.25	177	150,0
111	-12.75	14.25	177	150,0
111	-12.75	13.75	177	150,0
111	-13.25	13.75	177	150,0
240	-9.75	17.25	64	150,0
240	-9.75	17.75	64	150,0
240	-9.25	18.25	64	150,0
240	-8.75	18.25	64	150,0
240	-8.75	17.75	64	150,0
240	-9.25	17.25	64	150,0
240	-9.75	17.25	64	150,0
78	-8.25	18.75	151	150,0
78	-8.25	19.25	151	150,0
78	-7.75	19.25	151	150,0
78	-7.75	18.75	151	150,0
78	-8.25	18.75	151	150,0
242	-6.75	20.25	66	150,0
242	-6.75	20.75	66	150,0
242	-5.75	21.75	66	150,0
242	-5.25	21.75	66	150,0
242	-5.25	21.25	66	150,0
242	-6.25	20.25	66	150,0
242	-6.75	20.25	66	150,0
45	-4.75	22.25	123	150,0
45	-4.75	22.75	123	150,0
45	-4.25	22.75	123	150,0
45	-4.25	22.25	123	150,0
45	-4.75	22.25	123	150,0
61	-2.75	24.25	138	150,0
61	-2.75	24.75	138	150,0
61	-2.25	25.25	138	150,0
61	-1.75	25.25	138	150,0
61	-1.75	24.75	138	150,0
61	-2.25	24.25	138	150,0
61	-2.75	24.25	138	150,0
213	-1.75	25.25	49	150,0
213	-1.75	25.75	49	150,0
213	-1.25	25.75	49	150,0
213	-1.25	25.25	49	150,0
213	-1.75	25.25	49	150,0
214	-0.75	26.25	49	150,0
214	-0.75	26.75	49	150,0
214	-0.25	26.75	49	150,0
214	-0.25	26.25	49	150,0
214	-0.75	26.25	49	150,0
26	0.75	27.75	110	150,0
26	0.75	28.25	110	150,0
26	1.25	28.25	110	150,0
26	1.25	27.75	110	150,0
26	0.75	27.75	110	150,0
44	1.75	28.75	122	150,0
44	1.75	29.25	122	150,0
44	2.25	29.25	122	150,0
44	2.25	28.75	122	150,0
44	1.75	28.75	122	150,0
202	2.25	29.25	41	150,0
202	2.25	29.75	41	150,0
202	2.75	29.75	41	150,0
202	3.25	29.25	41	150,0
202	3.25	28.75	41	150,0
202	2.75	28.75	41	150,0
202	2.25	29.25	41	150,0
202	-44.75	32.25	41	200,0
202	-44.75	32.75	41	200,0
202	-44.25	32.75	41	200,0
202	-43.75	32.25	41	200,0
202	-43.75	31.75	41	200,0
202	-44.25	31.75	41	200,0
202	-44.75	32.25	41	200,0
203	3.25	30.25	41	150,0
203	3.25	30.75	41	150,0
203	3.75	30.75	41	150,0
203	3.75	30.25	41	150,0
203	3.25	30.25	41	150,0
47	3.75	30.75	125	150,0
47	3.75	31.25	125	150,0
47	4.25	31.25	125	150,0
47	4.25	30.75	125	150,0
47	3.75	30.75	125	150,0
48	-43.75	33.25	126	200,0
48	-43.75	33.75	126	200,0
48	-43.25	33.75	126	200,0
48	-43.25	33.25	126	200,0
48	-43.75	33.25	126	200,0
29	-42.25	34.75	113	200,0
29	-42.25	35.25	113	200,0
29	-41.75	35.25	113	200,0
29	-41.75	34.75	113	200,0
29	-42.25	34.75	113	200,0
102	-40.75	36.25	170	200,0
102	-40.75	36.75	170	200,0
102	-40.25	37.25	170	200,0
102	-39.75	37.25	170	200,0
102	-39.75	36.75	170	200,0
102	-40.25	36.25	170	200,0
102	-40.75	36.25	170	200,0
17	-39.75	37.25	109	200,0
17	-39.75	37.75	109	200,0
17	-39.25	37.75	109	200,0
17	-39.25	37.25	109	200,0
17	-39.75	37.25	109	200,0
16	-38.25	38.75	108	200,0
16	-38.25	39.25	108	200,0
16	-37.75	39.25	108	200,0
16	-37.75	38.75	108	200,0
16	-38.25	38.75	108	200,0
55	-37.75	39.25	132	200,0
55	-37.75	39.75	132	200,0
55	-37.25	39.75	132	200,0
55	-37.25	39.25	132	200,0
55	-37.75	39.25	132	200,0
181	-36.75	40.25	33	200,0
181	-36.75	40.75	33	200,0
181	-36.25	40.75	33	200,0
181	-36.25	40.25	33	200,0
181	-36.75	40.25	33	200,0
182	-35.75	39.25	33	200,0
182	-35.75	39.75	33	200,0
182	-35.25	39.75	33	200,0
182	-34.75	39.25	33	200,0
182	-34.75	38.75	33	200,0
182	-35.25	38.75	33	200,0
182	-35.75	39.25	33	200,0
64	-35.75	41.25	140	200,0
64	-35.75	41.75	140	200,0
64	-35.25	41.75	140	200,0
64	-35.25	41.25	140	200,0
64	-35.75	41.25	140	200,0
65	-33.75	43.25	140	200,0
65	-33.75	43.75	140	200,0
65	-33.25	43.75	140	200,0
65	-33.25	43.25	140	200,0
65	-33.75	43.25	140	200,0
168	-33.25	43.75	25	200,0
168	-33.25	44.25	25	200,0
168	-32.75	44.25	25	200,0
168	-32.75	43.75	25	200,0
168	-33.25	43.75	25	200,0
169	-32.25	44.75	25	200,0
169	-32.25	45.25	25	200,0
169	-31.75	45.75	25	200,0
169	-31.25	45.75	25	200,0
169	-31.25	45.25	25	200,0
169	-31.75	44.75	25	200,0
169	-32.25	44.75	25	200,0
170	-31.25	45.75	26	200,0
170	-31.25	46.25	26	200,0
170	-30.25	47.25	26	200,0
170	-29.75	47.25	26	200,0
170	-29.75	46.75	26	200,0
170	-30.75	45.75	26	200,0
170	-31.25	45.75	26	200,0
146	-29.75	47.25	198	200,0
146	-29.75	47.75	198	200,0
146	-29.25	47.75	198	200,0
146	-29.25	47.25	198	200,0
146	-29.75	47.25	198	200,0
10	-28.75	48.25	102	200,0
10	-28.75	48.75	102	200,0
10	-28.25	48.75	102	200,0
10	-28.25	48.25	102	200,0
10	-28.75	48.25	102	200,0
70	-27.75	-0.75	145	200,50
70	-27.75	-0.25	145	200,50
70	-27.25	0.25	145	200,50
70	-26.75	0.25	145	200,50
70	-26.75	-0.25	145	200,50
70	-27.25	-0.75	145	200,50
70	-27.75	-0.75	145	200,50
54	-23.75	3.25	131	200,50
54	-23.75	3.75	131	200,50
54	-23.25	3.75	131	200,50
54	-23.25	3.25	131	200,50
54	-23.75	3.25	131	200,50
9	-22.25	4.75	101	200,50
9	-22.25	5.25	101	200,50
9	-21.75	5.75	101	200,50
9	-21.25	5.75	101	200,50
9	-21.25	5.25	101	200,50
9	-21.75	4.75	101	200,50
9	-22.25	4.75	101	200,50
91	-21.25	5.75	160	200,50
91	-21.25	6.25	160	200,50
91	-20.75	6.25	160	200,50
91	-20.25	5.75	160	200,50
91	-20.25	5.25	160	200,50
91	-20.75	4.75	160	200,50
91	-21.25	4.75	160	200,50
91	-21.25	5.75	160	200,50
147	-20.25	6.75	199	200,50
147	-20.25	7.25	199	200,50
147	-19.75	7.25	199	200,50
147	-19.75	6.75	199	200,50
147	-20.25	6.75	199	200,50
67	-19.75	7.25	142	200,50
67	-19.75	7.75	142	200,50
67	-19.25	8.25	142	200,50
67	-18.75	8.25	142	200,50
67	-18.75	7.75	142	200,50
67	-19.25	7.25	142	200,50
67	-19.75	7.25	142	200,50
157	-18.75	8.25	202	200,50
157	-18.75	8.75	202	200,50
157	-18.25	8.75	202	200,50
157	-18.25	8.25	202	200,50
157	-18.75	8.25	202	200,50
239	-17.75	9.25	63	200,50
239	-17.75	9.75	63	200,50
239	-17.25	9.75	63	200,50
239	-17.25	9.25	63	200,50
239	-17.75	9.25	63	200,50
212	-15.25	11.75	48	200,50
212	-15.25	12.25	48	200,50
212	-14.25	13.25	48	200,50
212	-13.75	13.25	48	200,50
212	-13.75	12.75	48	200,50
212	-14.75	11.75	48	200,50
212	-15.25	11.75	48	200,50
223	-18.75	7.25	51	200,50
223	-18.75	7.75	51	200,50
223	-18.25	7.75	51	200,50
223	-18.25	7.25	51	200,50
223	-18.75	7.25	51	200,50
224	-16.75	9.25	51	200,50
224	-16.75	9.75	51	200,50
224	-16.25	9.75	51	200,50
224	-16.25	9.25	51	200,50
224	-16.75	9.25	51	200,50
34	-9.75	15.25	118	150,0
34	-9.75	15.75	118	150,0
34	-9.25	16.25	118	150,0
34	-8.75	16.25	118	150,0
34	-8.75	14.75	118	150,0
34	-9.25	14.75	118	150,0
34	-9.75	15.25	118	150,0
103	-24.25	0.75	171	200,50
103	-24.25	1.25	171	200,50
103	-23.75	1.25	171	200,50
103	-23.75	0.75	171	200,50
103	-24.25	0.75	171	200,50
261	-0.25	-0.25	78	150,0
261	-0.25	0.25	78	150,0
261	1.25	1.75	78	150,0
261	1.75	1.75	78	150,0
261	2.75	0.75	78	150,0
261	4.75	0.75	78	150,0
261	4.75	0.25	78	150,0
261	4.25	-0.25	78	150,0
261	-0.25	-0.25	78	150,0
261	-44.75	2.25	78	200,0
261	-44.75	2.75	78	200,0
261	-44.25	3.25	78	200,0
261	-42.75	3.25	78	200,0
261	-42.75	2.75	78	200,0
261	-43.25	2.25	78	200,0
261	-43.25	0.75	78	200,0
261	-42.75	0.25	78	200,0
261	-42.75	-0.25	78	200,0
261	-45.25	-0.25	78	200,0
261	-45.25	0.25	78	200,0
261	-44.75	0.75	78	200,0
261	-44.75	2.25	78	200,0
52	1.75	1.75	13	150,0
52	1.75	2.25	13	150,0
52	3.25	3.75	13	150,0
52	4.75	3.75	13	150,0
52	4.75	1.25	13	150,0
52	4.25	0.75	13	150,0
52	2.75	0.75	13	150,0
52	1.75	1.75	13	150,0
52	-44.75	5.25	13	200,0
52	-44.75	5.75	13	200,0
52	-43.75	6.75	13	200,0
52	-43.25	6.75	13	200,0
52	-42.75	6.25	13	200,0
52	-42.25	6.25	13	200,0
52	-40.75	7.75	13	200,0
52	-40.75	8.25	13	200,0
52	-41.25	8.75	13	200,0
52	-41.25	9.25	13	200,0
52	-40.25	9.25	13	200,0
52	-37.25	12.25	13	200,0
52	-36.25	12.25	13	200,0
52	-35.25	13.25	13	200,0
52	-35.25	15.25	13	200,0
52	-32.75	15.25	13	200,0
52	-32.75	14.25	13	200,0
52	-32.25	13.75	13	200,0
52	-32.25	12.75	13	200,0
52	-31.25	12.75	13	200,0
52	-30.75	12.25	13	200,0
52	-30.75	10.75	13	200,0
52	-32.25	10.75	13	200,0
52	-33.25	11.75	13	200,0
52	-33.75	11.75	13	200,0
52	-34.75	10.75	13	200,0
52	-34.75	9.75	13	200,0
52	-35.75	9.75	13	200,0
52	-37.75	7.75	13	200,0
52	-37.75	5.75	13	200,0
52	-38.25	5.75	13	200,0
52	-38.75	6.25	13	200,0
52	-39.25	6.25	13	200,0
52	-39.75	5.75	13	200,0
52	-39.75	4.75	13	200,0
52	-40.75	3.75	13	200,0
52	-40.75	3.25	13	200,0
52	-39.75	3.25	13	200,0
52	-39.75	2.75	13	200,0
52	-42.25	0.25	13	200,0
52	-42.75	0.25	13	200,0
52	-43.25	0.75	13	200,0
52	-43.25	2.25	13	200,0
52	-42.75	2.75	13	200,0
52	-42.75	3.25	13	200,0
52	-44.25	3.25	13	200,0
52	-44.75	2.75	13	200,0
52	-44.75	0.75	13	200,0
52	-45.25	0.75	13	200,0
52	-45.25	4.25	13	200,0
52	-44.75	4.75	13	200,0
52	-44.75	5.25	13	200,0
43	3.75	3.75	121	150,0
43	3.75	4.25	121	150,0
43	4.25	4.75	121	150,0
43	4.75	4.75	121	150,0
43	4.75	4.25	121	150,0
43	4.25	3.75	121	150,0
43	3.75	3.75	121	150,0
43	-45.25	4.75	121	200,0
43	-45.25	5.25	121	200,0
43	-44.75	5.25	121	200,0
43	-44.75	4.75	121	200,0
43	-45.25	4.75	121	200,0
244	-43.25	6.75	68	200,0
244	-43.25	7.25	68	200,0
244	-41.75	8.75	68	200,0
244	-41.25	8.75	68	200,0
244	-40.75	8.25	68	200,0
244	-40.75	7.75	68	200,0
244	-42.25	6.25	68	200,0
244	-42.75	6.25	68	200,0
244	-43.25	6.75	68	200,0
245	-40.75	9.25	69	200,0
245	-40.75	9.75	69	200,0
245	-35.75	14.75	69	200,0
245	-35.25	14.75	69	200,0
245	-35.25	13.25	69	200,0
245	-36.25	12.25	69	200,0
245	-37.25	12.25	69	200,0
245	-40.25	9.25	69	200,0
245	-40.75	9.25	69	200,0
287	-34.75	15.25	92	200,0
287	-34.75	15.75	92	200,0
287	-31.75	18.75	92	200,0
287	-31.25	18.75	92	200,0
287	-30.75	18.25	92	200,0
287	-30.75	17.75	92	200,0
287	-31.75	17.75	92	200,0
287	-33.25	16.25	92	200,0
287	-33.25	15.25	92	200,0
287	-34.75	15.25	92	200,0
154	-31.25	18.75	20	200,0
154	-31.25	19.25	20	200,0
154	-25.75	24.75	20	200,0
154	-25.25	24.75	20	200,0
154	-24.75	24.25	20	200,0
154	-24.75	23.75	20	200,0
154	-25.25	23.25	20	200,0
154	-25.25	22.25	20	200,0
154	-26.25	21.25	20	200,0
154	-26.75	21.25	20	200,0
154	-27.25	21.75	20	200,0
154	-27.75	21.75	20	200,0
154	-28.25	21.25	20	200,0
154	-28.25	20.75	20	200,0
154	-27.75	20.25	20	200,0
154	-27.75	19.75	20	200,0
154	-29.75	17.75	20	200,0
154	-30.25	17.75	20	200,0
154	-31.25	18.75	20	200,0
201	-33.25	15.75	40	200,0
201	-33.25	16.25	40	200,0
201	-31.75	17.75	40	200,0
201	-30.25	17.75	40	200,0
201	-29.25	16.75	40	200,0
201	-29.25	16.25	40	200,0
201	-29.75	15.75	40	200,0
201	-29.75	14.75	40	200,0
201	-31.25	14.75	40	200,0
201	-31.75	15.25	40	200,0
201	-32.75	15.25	40	200,0
201	-33.25	15.75	40	200,0
286	-28.25	20.75	91	200,0
286	-28.25	21.25	91	200,0
286	-27.75	21.75	91	200,0
286	-27.25	21.75	91	200,0
286	-26.25	20.75	91	200,0
286	-26.25	20.25	91	200,0
286	-27.75	20.25	91	200,0
286	-28.25	20.75	91	200,0
173	-25.25	22.75	29	200,0
173	-25.25	23.25	29	200,0
173	-24.75	23.75	29	200,0
173	-24.25	23.75	29	200,0
173	-22.75	22.25	29	200,0
173	-22.75	21.75	29	200,0
173	-23.75	21.75	29	200,0
173	-28.75	16.75	29	200,0
173	-29.25	16.75	29	200,0
173	-29.75	17.25	29	200,0
173	-29.75	17.75	29	200,0
173	-27.25	20.25	29	200,0
173	-26.25	20.25	29	200,0
173	-26.25	21.25	29	200,0
173	-25.25	22.25	29	200,0
173	-25.25	22.75	29	200,0
247	-32.75	14.25	70	200,0
247	-32.75	14.75	70	200,0
247	-32.25	15.25	70	200,0
247	-31.75	15.25	70	200,0
247	-31.25	14.75	70	200,0
247	-29.25	14.75	70	200,0
247	-29.25	13.75	70	200,0
247	-28.75	13.25	70	200,0
247	-28.75	12.75	70	200,0
247	-29.75	11.75	70	200,0
247	-29.75	11.25	70	200,0
247	-29.25	10.75	70	200,0
247	-28.75	10.75	70	200,0
247	-27.75	11.75	70	200,0
247	-26.25	11.75	70	200,0
247	-26.25	11.25	70	200,0
247	-26.75	10.75	70	200,0
247	-27.75	10.75	70	200,0
247	-28.25	10.25	70	200,0
247	-28.25	9.75	70	200,0
247	-27.25	9.75	70	200,0
247	-26.75	9.25	70	200,0
247	-26.25	9.25	70	200,0
247	-25.75	9.75	70	200,0
247	-25.25	9.75	70	200,0
247	-25.25	8.25	70	200,0
247	-26.75	8.25	70	200,0
247	-27.25	8.75	70	200,0
247	-28.25	8.75	70	200,0
247	-29.75	10.25	70	200,0
247	-30.75	10.25	70	200,0
247	-30.75	11.75	70	200,0
247	-29.75	12.75	70	200,0
247	-29.75	13.25	70	200,0
247	-30.25	13.25	70	200,0
247	-30.75	12.75	70	200,0
247	-32.25	12.75	70	200,0
247	-32.25	13.75	70	200,0
247	-32.75	14.25	70	200,0
232	-39.75	5.25	58	200,0
232	-39.75	5.75	58	200,0
232	-39.25	6.25	58	200,0
232	-38.75	6.25	58	200,0
232	-38.25	5.75	58	200,0
232	-38.25	5.25	58	200,0
232	-40.25	3.25	58	200,0
232	-40.75	3.25	58	200,0
232	-40.75	3.75	58	200,0
232	-39.75	4.75	58	200,0
232	-39.75	5.25	58	200,0
183	-37.75	7.25	34	200,0
183	-37.75	7.75	34	200,0
183	-35.75	9.75	34	200,0
183	-33.75	9.75	34	200,0
183	-33.25	10.25	34	200,0
183	-32.25	10.25	34	200,0
183	-31.75	10.75	34	200,0
183	-31.25	10.75	34	200,0
183	-31.25	10.25	34	200,0
183	-32.25	9.25	34	200,0
183	-32.25	7.75	34	200,0
183	-31.75	7.25	34	200,0
183	-30.25	7.25	34	200,0
183	-29.25	8.25	34	200,0
183	-28.75	8.25	34	200,0
183	-27.75	7.25	34	200,0
183	-26.75	7.25	34	200,0
183	-26.75	6.75	34	200,0
183	-27.25	6.25	34	200,0
183	-27.25	5.25	34	200,0
183	-27.75	4.75	34	200,0
183	-27.75	3.25	34	200,0
183	-26.75	2.25	34	200,0
183	-26.75	1.75	34	200,0
183	-27.25	1.75	34	200,0
183	-27.75	2.25	34	200,0
183	-28.75	2.25	34	200,0
183	-29.25	2.75	34	200,0
183	-29.25	3.75	34	200,0
183	-29.75	4.25	34	200,0
183	-30.25	4.25	34	200,0
183	-30.25	3.25	34	200,0
183	-31.25	3.25	34	200,0
183	-31.75	2.75	34	200,0
183	-31.75	1.75	34	200,0
183	-33.25	1.75	34	200,0
183	-33.75	2.25	34	200,0
183	-35.25	2.25	34	200,0
183	-36.25	1.25	34	200,0
183	-37.25	1.25	34	200,0
183	-37.75	0.75	34	200,0
183	-38.75	0.75	34	200,0
183	-39.25	0.25	34	200,0
183	-39.75	0.25	34	200,0
183	-40.25	0.75	34	200,0
183	-41.25	0.75	34	200,0
183	-41.25	1.25	34	200,0
183	-39.75	2.75	34	200,0
183	-39.75	3.75	34	200,0
183	-37.75	5.75	34	200,0
183	-37.75	7.25	34	200,0
184	-37.25	7.25	34	200,0
184	-37.25	6.75	34	200,0
184	-36.75	6.25	34	200,0
184	-36.75	5.25	34	200,0
184	-36.25	4.75	34	200,0
184	-35.75	4.75	34	200,0
184	-35.75	5.75	34	200,0
184	-35.25	6.25	34	200,0
184	-34.25	6.25	34	200,0
184	-34.25	6.75	34	200,0
184	-34.75	7.25	34	200,0
184	-34.75	8.25	34	200,0
184	-35.25	8.25	34	200,0
184	-35.25	7.25	34	200,0
184	-35.75	7.25	34	200,0
184	-36.25	7.75	34	200,0
184	-36.75	7.75	34	200,0
184	-37.25	7.25	34	200,0
101	-34.75	10.25	17	200,0
101	-34.75	10.75	17	200,0
101	-33.75	11.75	17	200,0
101	-33.25	11.75	17	200,0
101	-32.25	10.75	17	200,0
101	-32.25	10.25	17	200,0
101	-33.25	10.25	17	200,0
101	-33.75	9.75	17	200,0
101	-34.25	9.75	17	200,0
101	-34.75	10.25	17	200,0
276	-29.75	15.25	83	200,0
276	-29.75	15.75	83	200,0
276	-28.75	16.75	83	200,0
276	-28.25	16.75	83	200,0
276	-28.25	16.25	83	200,0
276	-28.75	15.75	83	200,0
276	-28.75	14.75	83	200,0
276	-29.25	14.75	83	200,0
276	-29.75	15.25	83	200,0
105	-28.25	16.75	173	200,0
105	-28.25	17.25	173	200,0
105	-27.75	17.75	173	200,0
105	-26.75	17.75	173	200,0
105	-26.25	18.25	173	200,0
105	-25.75	18.25	173	200,0
105	-25.25	17.75	173	200,0
105	-25.25	17.25	173	200,0
105	-25.75	16.75	173	200,0
105	-26.75	16.75	173	200,0
105	-28.25	15.25	173	200,0
105	-28.75	15.25	173	200,0
105	-28.75	15.75	173	200,0
105	-28.25	16.25	173	200,0
105	-28.25	16.75	173	200,0
63	-27.25	17.75	14	200,0
63	-27.25	18.25	14	200,0
63	-25.75	19.75	14	200,0
63	-25.25	19.75	14	200,0
63	-24.25	18.75	14	200,0
63	-24.25	17.25	14	200,0
63	-24.75	17.25	14	200,0
63	-25.75	18.25	14	200,0
63	-26.25	18.25	14	200,0
63	-26.75	17.75	14	200,0
63	-27.25	17.75	14	200,0
207	-25.25	19.75	45	200,0
207	-25.25	20.25	45	200,0
207	-23.75	21.75	45	200,0
207	-22.25	21.75	45	200,0
207	-22.25	21.25	45	200,0
207	-22.75	20.75	45	200,0
207	-22.75	19.75	45	200,0
207	-23.75	18.75	45	200,0
207	-24.25	18.75	45	200,0
207	-25.25	19.75	45	200,0
238	-37.25	6.75	62	200,0
238	-37.25	7.25	62	200,0
238	-34.75	7.25	62	200,0
238	-34.25	6.75	62	200,0
238	-34.25	6.25	62	200,0
238	-35.25	6.25	62	200,0
238	-35.75	5.75	62	200,0
238	-35.75	4.75	62	200,0
238	-36.25	4.75	62	200,0
238	-36.75	5.25	62	200,0
238	-36.75	6.25	62	200,0
238	-37.25	6.75	62	200,0
104	-36.75	7.25	172	200,0
104	-36.75	7.75	172	200,0
104	-36.25	7.75	172	200,0
104	-36.25	7.25	172	200,0
104	-36.75	7.25	172	200,0
8	-35.25	7.75	100	200,0
8	-35.25	8.25	100	200,0
8	-34.75	8.25	100	200,0
8	-34.75	7.75	100	200,0
8	-35.25	7.75	100	200,0
98	-30.75	12.25	167	200,0
98	-30.75	12.75	167	200,0
98	-30.25	13.25	167	200,0
98	-29.75	13.25	167	200,0
98	-29.75	12.75	167	200,0
98	-30.25	12.25	167	200,0
98	-30.75	12.25	167	200,0
206	-29.25	13.75	44	200,0
206	-29.25	14.25	44	200,0
206	-28.25	15.25	44	200,0
206	-27.25	15.25	44	200,0
206	-25.25	17.25	44	200,0
206	-24.25	17.25	44	200,0
206	-24.25	18.25	44	200,0
206	-22.75	19.75	44	200,0
206	-22.75	20.75	44	200,0
206	-22.25	21.25	44	200,0
206	-21.75	21.25	44	200,0
206	-17.25	16.75	44	200,0
206	-17.25	16.25	44	200,0
206	-18.25	15.25	44	200,0
206	-18.75	15.25	44	200,0
206	-19.75	16.25	44	200,0
206	-20.25	16.25	44	200,0
206	-20.75	15.75	44	200,0
206	-22.75	15.75	44	200,0
206	-23.25	15.25	44	200,0
206	-23.25	14.75	44	200,0
206	-22.75	14.25	44	200,0
206	-22.75	13.75	44	200,0
206	-23.25	13.75	44	200,0
206	-24.25	14.75	44	200,0
206	-25.25	14.75	44	200,0
206	-25.75	15.25	44	200,0
206	-26.25	15.25	44	200,0
206	-27.25	14.25	44	200,0
206	-27.25	12.75	44	200,0
206	-26.75	12.75	44	200,0
206	-26.25	13.25	44	200,0
206	-23.75	13.25	44	200,0
206	-22.75	12.25	44	200,0
206	-22.25	12.25	44	200,0
206	-22.25	13.25	44	200,0
206	-21.75	13.25	44	200,0
206	-21.25	12.75	44	200,0
206	-21.25	12.25	44	200,0
206	-22.25	11.25	44	200,0
206	-22.75	11.25	44	200,0
206	-23.75	12.25	44	200,0
206	-25.25	12.25	44	200,0
206	-25.25	10.75	44	200,0
206	-24.25	9.75	44	200,0
206	-23.25	9.75	44	200,0
206	-23.25	9.25	44	200,0
206	-23.75	8.75	44	200,0
206	-23.75	8.25	44	200,0
206	-22.75	8.25	44	200,0
206	-22.75	7.75	44	200,0
206	-23.25	7.25	44	200,0
206	-23.25	6.75	44	200,0
206	-22.75	6.25	44	200,0
206	-22.75	5.75	44	200,0
206	-23.75	5.75	44	200,0
206	-24.25	5.25	44	200,0
206	-24.75	5.25	44	200,0
206	-24.75	6.25	44	200,0
206	-25.25	6.75	44	200,0
206	-25.75	6.75	44	200,0
206	-26.25	6.25	44	200,0
206	-26.25	5.75	44	200,0
206	-25.75	5.25	44	200,0
206	-25.75	4.75	44	200,0
206	-26.75	4.75	44	200,0
206	-27.25	4.25	44	200,0
206	-27.75	4.25	44	200,0
206	-27.75	4.75	44	200,0
206	-27.25	5.25	44	200,0
206	-27.25	6.25	44	200,0
206	-26.75	6.75	44	200,0
206	-26.75	7.25	44	200,0
206	-27.75	7.25	44	200,0
206	-28.75	8.25	44	200,0
206	-29.25	8.25	44	200,0
206	-30.25	7.25	44	200,0
206	-31.75	7.25	44	200,0
206	-32.25	7.75	44	200,0
206	-32.25	9.25	44	200,0
206	-31.25	10.25	44	200,0
206	-29.75	10.25	44	200,0
206	-28.25	8.75	44	200,0
206	-27.25	8.75	44	200,0
206	-26.75	8.25	44	200,0
206	-25.25	8.25	44	200,0
206	-25.25	9.75	44	200,0
206	-25.75	9.75	44	200,0
206	-26.25	9.25	44	200,0
206	-26.75	9.25	44	200,0
206	-27.25	9.75	44	200,0
206	-28.25	9.75	44	200,0
206	-28.25	10.25	44	200,0
206	-27.75	10.75	44	200,0
206	-26.75	10.75	44	200,0
206	-26.25	11.25	44	200,0
206	-26.25	11.75	44	200,0
206	-27.75	11.75	44	200,0
206	-28.75	10.75	44	200,0
206	-29.25	10.75	44	200,0
206	-29.75	11.25	44	200,0
206	-29.75	11.75	44	200,0
206	-28.75	12.75	44	200,0
206	-28.75	13.25	44	200,0
206	-29.25	13.75	44	200,0
277	-27.75	15.25	84	200,0
277	-27.75	15.75	84	200,0
277	-26.75	16.75	84	200,0
277	-26.25	16.75	84	200,0
277	-26.25	16.25	84	200,0
277	-27.25	15.25	84	200,0
277	-27.75	15.25	84	200,0
99	-42.25	-0.25	168	200,0
99	-42.25	0.25	168	200,0
99	-41.75	0.75	168	200,0
99	-40.25	0.75	168	200,0
99	-39.75	0.25	168	200,0
99	-39.75	-0.25	168	200,0
99	-42.25	-0.25	168	200,0
197	-27.25	13.75	38	200,0
197	-27.25	14.25	38	200,0
197	-26.25	15.25	38	200,0
197	-25.75	15.25	38	200,0
197	-25.25	14.75	38	200,0
197	-24.25	14.75	38	200,0
197	-23.25	13.75	38	200,0
197	-22.75	13.75	38	200,0
197	-22.75	14.25	38	200,0
197	-23.25	14.75	38	200,0
197	-23.25	15.25	38	200,0
197	-22.75	15.75	38	200,0
197	-20.75	15.75	38	200,0
197	-20.25	16.25	38	200,0
197	-19.75	16.25	38	200,0
197	-18.75	15.25	38	200,0
197	-18.25	15.25	38	200,0
197	-17.25	16.25	38	200,0
197	-16.75	16.25	38	200,0
197	-16.75	15.75	38	200,0
197	-17.25	15.25	38	200,0
197	-17.25	14.25	38	200,0
197	-17.75	13.75	38	200,0
197	-17.75	13.25	38	200,0
197	-16.25	13.25	38	200,0
197	-15.75	13.75	38	200,0
197	-15.25	13.75	38	200,0
197	-14.25	12.75	38	200,0
197	-13.25	12.75	38	200,0
197	-11.75	11.25	38	200,0
197	-11.75	10.25	38	200,0
197	-11.25	9.75	38	200,0
197	-11.25	9.25	38	200,0
197	-11.75	8.75	38	200,0
197	-12.75	8.75	38	200,0
197	-13.75	7.75	38	200,0
197	-14.25	7.75	38	200,0
197	-14.25	8.25	38	200,0
197	-13.25	9.25	38	200,0
197	-13.25	9.75	38	200,0
197	-13.75	10.25	38	200,0
197	-13.75	11.25	38	200,0
197	-14.75	12.25	38	200,0
197	-17.25	12.25	38	200,0
197	-17.75	11.75	38	200,0
197	-17.75	10.75	38	200,0
197	-18.25	10.25	38	200,0
197	-18.25	9.25	38	200,0
197	-18.75	9.25	38	200,0
197	-19.25	9.75	38	200,0
197	-19.25	10.25	38	200,0
197	-18.75	10.75	38	200,0
197	-18.75	11.25	38	200,0
197	-19.75	12.25	38	200,0
197	-19.75	13.25	38	200,0
197	-20.25	13.75	38	200,0
197	-20.75	13.75	38	200,0
197	-20.75	12.75	38	200,0
197	-21.25	12.75	38	200,0
197	-21.75	13.25	38	200,0
197	-22.25	13.25	38	200,0
197	-22.25	12.25	38	200,0
197	-22.75	12.25	38	200,0
197	-23.75	13.25	38	200,0
197	-26.25	13.25	38	200,0
197	-26.75	12.75	38	200,0
197	-27.25	12.75	38	200,0
197	-27.25	13.75	38	200,0
106	-39.25	-0.25	174	200,0
106	-39.25	0.25	174	200,0
106	-38.75	0.75	174	200,0
106	-37.75	0.75	174	200,0
106	-37.25	1.25	174	200,0
106	-36.75	1.25	174	200,0
106	-36.25	0.75	174	200,0
106	-35.75	0.75	174	200,0
106	-35.25	1.25	174	200,0
106	-33.75	1.25	174	200,0
106	-32.75	0.25	174	200,0
106	-32.75	-0.25	174	200,0
106	-39.25	-0.25	174	200,0
262	-36.25	0.75	79	200,0
262	-36.25	1.25	79	200,0
262	-35.25	2.25	79	200,0
262	-33.75	2.25	79	200,0
262	-33.25	1.75	79	200,0
262	-31.75	1.75	79	200,0
262	-31.75	2.75	79	200,0
262	-31.25	3.25	79	200,0
262	-30.25	3.25	79	200,0
262	-30.25	4.25	79	200,0
262	-29.75	4.25	79	200,0
262	-29.25	3.75	79	200,0
262	-29.25	2.75	79	200,0
262	-28.75	2.25	79	200,0
262	-27.75	2.25	79	200,0
262	-27.25	1.75	79	200,0
262	-26.75	1.75	79	200,0
262	-26.75	2.25	79	200,0
262	-27.75	3.25	79	200,0
262	-27.75	3.75	79	200,0
262	-26.75	4.75	79	200,0
262	-25.75	4.75	79	200,0
262	-25.75	5.25	79	200,0
262	-26.25	5.75	79	200,0
262	-26.25	6.25	79	200,0
262	-25.75	6.75	79	200,0
262	-25.25	6.75	79	200,0
262	-24.75	6.25	79	200,0
262	-24.75	5.25	79	200,0
262	-24.25	4.75	79	200,0
262	-23.25	4.75	79	200,0
262	-22.75	4.25	79	200,0
262	-21.75	4.25	79	200,0
262	-20.75	3.25	79	200,0
262	-19.75	3.25	79	200,0
262	-19.75	2.25	79	200,0
262	-19.25	2.25	79	200,0
262	-18.75	2.75	79	200,0
262	-17.75	2.75	79	200,0
262	-17.75	4.25	79	200,0
262	-18.75	4.25	79	200,0
262	-19.75	5.25	79	200,0
262	-19.75	6.75	79	200,0
262	-16.75	6.75	79	200,0
262	-15.75	7.75	79	200,0
262	-15.25	7.75	79	200,0
262	-14.75	7.25	79	200,0
262	-14.75	5.75	79	200,0
262	-15.75	5.75	79	200,0
262	-16.25	5.25	79	200,0
262	-16.25	3.75	79	200,0
262	-15.75	3.25	79	200,0
262	-15.75	2.25	79	200,0
262	-14.75	1.25	79	200,0
262	-14.75	0.75	79	200,0
262	-20.75	0.75	79	200,0
262	-21.25	0.25	79	200,0
262	-21.75	0.25	79	200,0
262	-22.25	0.75	79	200,0
262	-23.25	0.75	79	200,0
262	-23.25	1.75	79	200,0
262	-23.75	1.75	79	200,0
262	-24.25	1.25	79	200,0
262	-26.25	1.25	79	200,0
262	-27.25	0.25	79	200,0
262	-27.75	0.25	79	200,0
262	-28.25	0.75	79	200,0
262	-28.75	0.75	79	200,0
262	-29.25	0.25	79	200,0
262	-29.75	0.25	79	200,0
262	-30.25	0.75	79	200,0
262	-31.75	0.75	79	200,0
262	-32.25	0.25	79	200,0
262	-32.75	0.25	79	200,0
262	-33.75	1.25	79	200,0
262	-35.25	1.25	79	200,0
262	-35.75	0.75	79	200,0
262	-36.25	0.75	79	200,0
33	-25.25	11.75	117	200,0
33	-25.25	12.25	117	200,0
33	-23.75	12.25	117	200,0
33	-22.75	11.25	117	200,0
33	-22.25	11.25	117	200,0
33	-21.25	12.25	117	200,0
33	-20.75	12.25	117	200,0
33	-20.25	11.75	117	200,0
33	-20.25	11.25	117	200,0
33	-21.25	11.25	117	200,0
33	-21.75	10.75	117	200,0
33	-21.75	9.75	117	200,0
33	-22.25	9.25	117	200,0
33	-22.25	8.75	117	200,0
33	-21.25	8.75	117	200,0
33	-20.25	7.75	117	200,0
33	-20.25	7.25	117	200,0
33	-22.25	7.25	117	200,0
33	-22.25	6.25	117	200,0
33	-22.75	6.25	117	200,0
33	-23.25	6.75	117	200,0
33	-23.25	7.25	117	200,0
33	-22.75	7.75	117	200,0
33	-22.75	8.25	117	200,0
33	-23.75	8.25	117	200,0
33	-23.75	8.75	117	200,0
33	-23.25	9.25	117	200,0
33	-23.25	9.75	117	200,0
33	-24.25	9.75	117	200,0
33	-25.25	10.75	117	200,0
33	-25.25	11.75	117	200,0
175	-20.75	13.25	30	200,0
175	-20.75	13.75	30	200,0
175	-20.25	13.75	30	200,0
175	-19.75	13.25	30	200,0
175	-19.75	12.25	30	200,0
175	-18.75	11.25	30	200,0
175	-18.75	10.75	30	200,0
175	-19.25	10.25	30	200,0
175	-19.25	9.75	30	200,0
175	-18.75	9.25	30	200,0
175	-15.75	9.25	30	200,0
175	-15.25	8.75	30	200,0
175	-15.25	8.25	30	200,0
175	-16.75	6.75	30	200,0
175	-19.75	6.75	30	200,0
175	-19.75	5.25	30	200,0
175	-18.75	4.25	30	200,0
175	-17.75	4.25	30	200,0
175	-17.75	2.75	30	200,0
175	-18.75	2.75	30	200,0
175	-19.25	2.25	30	200,0
175	-19.75	2.25	30	200,0
175	-19.75	3.25	30	200,0
175	-20.75	3.25	30	200,0
175	-21.75	4.25	30	200,0
175	-22.75	4.25	30	200,0
175	-23.25	4.75	30	200,0
175	-24.25	4.75	30	200,0
175	-24.25	5.25	30	200,0
175	-23.75	5.75	30	200,0
175	-22.75	5.75	30	200,0
175	-22.25	6.25	30	200,0
175	-22.25	7.25	30	200,0
175	-20.25	7.25	30	200,0
175	-20.25	7.75	30	200,0
175	-21.25	8.75	30	200,0
175	-22.25	8.75	30	200,0
175	-22.25	9.25	30	200,0
175	-21.75	9.75	30	200,0
175	-21.75	10.75	30	200,0
175	-21.25	10.75	30	200,0
175	-20.75	10.25	30	200,0
175	-20.25	10.25	30	200,0
175	-19.75	10.75	30	200,0
175	-19.75	11.25	30	200,0
175	-20.75	12.25	30	200,0
175	-20.75	13.25	30	200,0
68	-32.25	-0.25	143	200,0
68	-32.25	0.25	143	200,0
68	-31.75	0.75	143	200,0
68	-30.25	0.75	143	200,0
68	-29.75	0.25	143	200,0
68	-29.75	-0.25	143	200,0
68	-32.25	-0.25	143	200,0
222	-21.25	10.75	50	200,0
222	-21.25	11.25	50	200,0
222	-19.75	11.25	50	200,0
222	-19.75	10.75	50	200,0
222	-20.25	10.25	50	200,0
222	-20.75	10.25	50	200,0
222	-21.25	10.75	50	200,0
302	-17.25	14.75	97	200,0
302	-17.25	15.25	97	200,0
302	-16.75	15.75	97	200,0
302	-16.25	15.75	97	200,0
302	-13.75	13.25	97	200,0
302	-13.75	12.75	97	200,0
302	-14.25	12.75	97	200,0
302	-15.25	13.75	97	200,0
302	-15.75	13.75	97	200,0
302	-16.25	13.25	97	200,0
302	-17.75	13.25	97	200,0
302	-17.75	13.75	97	200,0
302	-17.25	14.25	97	200,0
302	-17.25	14.75	97	200,0
126	-29.25	-0.25	185	200,0
126	-29.25	0.25	185	200,0
126	-28.75	0.75	185	200,0
126	-28.25	0.75	185	200,0
126	-27.75	0.25	185	200,0
126	-27.75	-0.25	185	200,0
126	-29.25	-0.25	185	200,0
282	-17.75	11.25	88	200,0
282	-17.75	11.75	88	200,0
282	-17.25	12.25	88	200,0
282	-14.75	12.25	88	200,0
282	-13.75	11.25	88	200,0
282	-13.75	10.25	88	200,0
282	-13.25	9.75	88	200,0
282	-13.25	9.25	88	200,0
282	-14.25	8.25	88	200,0
282	-14.25	7.75	88	200,0
282	-13.75	7.75	88	200,0
282	-12.75	8.75	88	200,0
282	-11.75	8.75	88	200,0
282	-11.25	9.25	88	200,0
282	-11.25	9.75	88	200,0
282	-11.75	10.25	88	200,0
282	-11.75	10.75	88	200,0
282	-11.25	10.75	88	200,0
282	-7.25	6.75	88	200,0
282	-7.25	6.25	88	200,0
282	-7.75	6.25	88	200,0
282	-8.75	7.25	88	200,0
282	-9.25	7.25	88	200,0
282	-9.25	6.75	88	200,0
282	-8.75	6.25	88	200,0
282	-8.75	5.75	88	200,0
282	-10.25	5.75	88	200,0
282	-10.25	8.75	88	200,0
282	-10.75	8.75	88	200,0
282	-11.25	8.25	88	200,0
282	-11.25	7.25	88	200,0
282	-11.75	6.75	88	200,0
282	-12.25	6.75	88	200,0
282	-12.25	7.75	88	200,0
282	-12.75	7.75	88	200,0
282	-14.25	6.25	88	200,0
282	-14.75	6.25	88	200,0
282	-14.75	7.25	88	200,0
282	-15.25	7.75	88	200,0
282	-15.25	8.75	88	200,0
282	-15.75	9.25	88	200,0
282	-17.75	9.25	88	200,0
282	-18.25	9.75	88	200,0
282	-18.25	10.25	88	200,0
282	-17.75	10.75	88	200,0
282	-17.75	11.25	88	200,0
112	-27.25	-0.25	178	200,0
112	-27.25	0.25	178	200,0
112	-26.25	1.25	178	200,0
112	-24.25	1.25	178	200,0
112	-23.75	1.75	178	200,0
112	-23.25	1.75	178	200,0
112	-23.25	0.75	178	200,0
112	-22.25	0.75	178	200,0
112	-21.75	0.25	178	200,0
112	-21.75	-0.25	178	200,0
112	-27.25	-0.25	178	200,0
123	-21.25	-0.25	182	200,0
123	-21.25	0.25	182	200,0
123	-20.75	0.75	182	200,0
123	-14.25	0.75	182	200,0
123	-13.75	0.25	182	200,0
123	-13.75	-0.25	182	200,0
123	-21.25	-0.25	182	200,0
283	-16.25	4.75	89	200,0
283	-16.25	5.25	89	200,0
283	-15.75	5.75	89	200,0
283	-14.75	5.75	89	200,0
283	-12.75	7.75	89	200,0
283	-12.25	7.75	89	200,0
283	-12.25	6.75	89	200,0
283	-11.75	6.75	89	200,0
283	-11.25	7.25	89	200,0
283	-11.25	8.25	89	200,0
283	-10.75	8.75	89	200,0
283	-10.25	8.75	89	200,0
283	-10.25	5.75	89	200,0
283	-8.75	5.75	89	200,0
283	-8.75	6.25	89	200,0
283	-9.25	6.75	89	200,0
283	-9.25	7.25	89	200,0
283	-8.75	7.25	89	200,0
283	-7.75	6.25	89	200,0
283	-6.75	6.25	89	200,0
283	-4.25	3.75	89	200,0
283	-4.25	3.25	89	200,0
283	-4.75	2.75	89	200,0
283	-6.25	2.75	89	200,0
283	-6.75	3.25	89	200,0
283	-6.75	4.25	89	200,0
283	-7.25	4.25	89	200,0
283	-8.25	3.25	89	200,0
283	-8.25	2.75	89	200,0
283	-7.75	2.25	89	200,0
283	-7.75	1.75	89	200,0
283	-8.25	1.75	89	200,0
283	-9.25	2.75	89	200,0
283	-9.75	2.75	89	200,0
283	-10.25	2.25	89	200,0
283	-10.75	2.25	89	200,0
283	-11.25	2.75	89	200,0
283	-11.75	2.75	89	200,0
283	-13.25	1.25	89	200,0
283	-13.75	1.25	89	200,0
283	-16.25	3.75	89	200,0
283	-16.25	4.75	89	200,0
211	-15.75	2.25	47	200,0
211	-15.75	2.75	47	200,0
211	-15.25	2.75	47	200,0
211	-13.75	1.25	47	200,0
211	-13.25	1.25	47	200,0
211	-11.75	2.75	47	200,0
211	-11.25	2.75	47	200,0
211	-10.75	2.25	47	200,0
211	-10.25	2.25	47	200,0
211	-9.75	2.75	47	200,0
211	-9.25	2.75	47	200,0
211	-8.25	1.75	47	200,0
211	-7.75	1.75	47	200,0
211	-7.75	2.25	47	200,0
211	-8.25	2.75	47	200,0
211	-8.25	3.25	47	200,0
211	-7.25	4.25	47	200,0
211	-6.75	4.25	47	200,0
211	-6.75	3.25	47	200,0
211	-6.25	2.75	47	200,0
211	-4.75	2.75	47	200,0
211	-4.25	3.25	47	200,0
211	-3.75	3.25	47	200,0
211	-0.75	0.25	47	200,0
211	-0.75	-0.25	47	200,0
211	-2.25	-0.25	47	200,0
211	-3.25	0.75	47	200,0
211	-5.75	0.75	47	200,0
211	-6.25	0.25	47	200,0
211	-6.75	0.25	47	200,0
211	-7.25	0.75	47	200,0
211	-11.75	0.75	47	200,0
211	-12.75	-0.25	47	200,0
211	-13.25	-0.25	47	200,0
211	-15.75	2.25	47	200,0
124	-12.25	-0.25	183	200,0
124	-12.25	0.25	183	200,0
124	-11.75	0.75	183	200,0
124	-7.25	0.75	183	200,0
124	-6.75	0.25	183	200,0
124	-6.75	-0.25	183	200,0
124	-12.25	-0.25	183	200,0
301	-6.25	-0.25	96	200,0
301	-6.25	0.25	96	200,0
301	-5.75	0.75	96	200,0
301	-3.25	0.75	96	200,0
301	-2.75	0.25	96	200,0
301	-2.75	-0.25	96	200,0
301	-6.25	-0.25	96	200,0
